
Starbucks: Connection Opened: 10.194.48.167

Starbucks: Downloading Strings File From strings.lpdev: 31cd8f562e0ffc735cb64aedc2788c3e5dc2d874_Strings.txt

Starbucks: Download from strings.lpdev Complete: C:\StarbucksOpenJdk\strings\31cd8f562e0ffc735cb64aedc2788c3e5dc2d874_Strings.txt

Starbucks: Loading Strings File: '31cd8f562e0ffc735cb64aedc2788c3e5dc2d874_Strings.txt'

    0.000: POR reset the engine  

Lexmark Thick Engine Code v 20.1 -- (BD.262.E013-14-g433630a8bf-dirty)
engine_thread_init 66 Strings at 0x602eaef0 for length: 271306 
ENGRELEASE: LS.262.E014-jake1
init_glue_module completeNum threads 11
Thread IOThread stk 0x0002cb80 size 2048
kthread_create #5, IOThread xHandle 0x000113c4 stack 0x0002cb80 size 2048 pri 8

    0.016: utility_module_init

    0.016: hwCacheApbClock - setting CachedSysClockFreq to 196301800
    0.016: Git Engine Version: BD.262.E013-14-g433630a8bf-dirty
    0.016: hw_CardRevisionLevel(): 5
    0.017: HVPS ID: -1
    0.017: HVPS ID: -1
    0.017: IOThread Running
    0.017: IOThreadStateMachine created.  App space alive!
    0.017: INFO app: Node tree init
    0.017: EEPROM  initialized, found size==16384
    0.026: ADC_Chip_Project_init Jake delay 1
    0.026: Fusertype is BELT
    0.026: Num threads 11
    0.026: Thread eng_i2c stk 0x0002c700 size 1024
    0.026: kthread_create #4, eng_i2c xHandle 0x000112d0 stack 0x0002c700 size 1024 pri 2
    0.026: ASIC_i2c_init complete
    0.032: Num threads 11
    0.032: Thread eng_hw_wakeup stk 0x0002c280 size 1024
    0.032: kthread_create #3, eng_hw_wakeup xHandle 0x000111dc stack 0x0002c280 size 1024 pri 2
    0.032: Num threads 11
    0.032: Thread hw_RX stk 0x0002b200 size 2048
    0.032: kthread_create #10, hw_RX xHandle 0x00011888 stack 0x0002b200 size 2048 pri -8
    0.032: j1_hw_uart_sync
    0.051: J1: hw_uart_sync_complete
    0.051: Hardware driver installed ...
    0.051: exit hw
    0.051: MOTOR: Hooking up Motor Driver ...
    0.051: init_mtr_module complete
    0.051: FMECH: fuser_mech_module_init(): Hooking up fuser mech driver
    0.051: FMECH: fuser_mech_module_init(): Loaded FuserMech module
    0.051: init_fusermech_module complete
    0.051: FUSER: Hooking up belt driver ...
    0.051: init_fuser_module complete
    0.051: Hooking up ep driver ...
    0.051: init_ep_module complete
    0.051: init_options_module: init complete
    0.051: insmoding the Dual Diode printhead driver .....

    0.051: ph_module_init complete 
    0.051: Hooking up supply driver ...
    0.051: SU_SYS; Hooking up supply driver ...
    0.051: supply_module_init complete 
    0.051: TP_SYS4; Hooking up tps driver ... , 
    0.051: xxy: TpResetCirrcularQueue: 0, 
    0.051: xxy: TpResetCirrcularQueue: 1, 
    0.051: Num threads 11
    0.051: Thread TpReadThread stk 0x0002d400 size 2048
    0.051: kthread_create #6, TpReadThread xHandle 0x000114b8 stack 0x0002d400 size 2048 pri 9
    0.051: Num threads 11
    0.051: Thread TpAsyncThread stk 0x0002dc80 size 6144
    0.052: kthread_create #7, TpAsyncThread xHandle 0x000115ac stack 0x0002dc80 size 6144 pri 10
    0.052: tp_module_init complete 
    0.052: Enable WD
    0.052: FUSER: EngToFuserEvent() - Received event ENG_EVENT_EVERREADY_DISABLED                        (40) 
    0.052: FUSER: EngToFuserEvent() - NWM paper path flags will now be trusted.
    0.052: dws: TpReadThread: Starting
    0.036: utility_module_init

    0.036: hwCacheApbClock - setting CachedSysClockFreq to 196301800
    0.036: J2 Git Engine Version: BD.262.E013-14-g433630a8bf-dirty MPU
    0.062: ceh - sync at 1 loops

    0.062: Engine Config Override: 
    0.062: SetSensors State 4, Debug 37, Override 4 ReqPOn 0
    0.062: Num threads 11
    0.062: Thread weatherstation stk 0x0002f500 size 1536
    0.062: kthread_create #8, weatherstation xHandle 0x000116a0 stack 0x0002f500 size 1536 pri 2
TS, 0.000, Str, EV, E#, HSyCt, HSyCtDelta

    0.063, 0.000, 'LasrPwrK',                        0,         25, 0, 0
    0.063, 0.000, 'LasrPwrC',                        0,         26, 0, 0
    0.063, 0.000, 'LasrPwrM',                        0,         27, 0, 0
    0.063, 0.000, 'LasrPwrY',                        0,         28, 0, 0
    0.063: PH: Mirror Motor Stop.
    0.063, 0.000, 'Printhead_K',                     0,         33, 0, 0
    0.063: EP: Control status change: EP_CONTROL_LOCATION_MIRROR_MOTOR -> EP_CONTROL_STATUS_STOPPED
    0.063: EP: PH event, 7 = PH_EVENT_PRINTHEAD_STOPPED
    0.064: FUSER: Belt fsrdriverInit:
    0.064: Num threads 11
    0.064: Thread fuser_thread stk 0x0002fb80 size 768
    0.064: kthread_create #9, fuser_thread xHandle 0x00011794 stack 0x0002fb80 size 768 pri -8
    0.064: Fuser: fuser_init_for_zc() - Zero Cross Width Filter Setting = 12
    0.064: FUSER: Using NON_CONTACT_BUR_SENSOR for Backup Roll temperature.
    0.064: FUSER: ResetFuserRqstQueue() - Limit of Gate Time increasing to Nominal = 10000
    0.064: FUSER: FuserUpdatePrimaryLocationOfTemperatureControl(): TEMPERATURE_CONTROL_UNKNOWN -> TEMPERATURE_CONTROL_HEATER
    0.064, 0.000, 'TempControlLoc',                  1,         56, 0, 0
    0.064: FUSER: CheckForResetBURColdPageCount() - Resetting BURColdPageCount and BurOffsetParmsInitialized to 0 since current BUR temperature 0C is less than FsrGetColdBURThreshold() temperature 130C
    0.064: FUSER: FuserEWCStateMachine() - Fuser subtype updated to FUSER_SUB_TYPE_NOT_SET
    0.064: FUSER: Registering for Engine Events. 
    0.064: FUSER: FsrConChangeControlType() - Fuser changing control type for 0 from FUSER_CTRLTYPE_UNINITIALIZED to FUSER_CTRLTYPE_PID
    0.064: FUSER: InitController_LUT() / InitController_PID() - Fuser control gain mode for 0 is FUSER_CONTROL_GAINMODE_STANDBY, Uses Phase Control: 0
    0.064: FUSER: InitController_PID() - Fuser PID Control -- Gains: Kp=0,Kin=0,Kids=0,Kd=0,IIE=0
    0.064: FUSER: FsrConChangeControlType() - Fuser changing control type for 1 from FUSER_CTRLTYPE_UNINITIALIZED to FUSER_CTRLTYPE_PID
    0.064: FUSER: InitController_LUT() / InitController_PID() - Fuser control gain mode for 1 is FUSER_CONTROL_GAINMODE_STANDBY, Uses Phase Control: 0
    0.064: FUSER: InitController_PID() - Fuser PID Control -- Gains: Kp=0,Kin=0,Kids=0,Kd=0,IIE=0
    0.064: EP: epDriverInit: Registering for Events.
    0.064: HVPS ID: 0
    0.064: HVPS ID: 0
    0.064: EP: Servo trigger status change. color = BLACK, ServoTriggerReason = SERVO_TRIGGER_REASON_POR, ServoTriggerstate = SERVO_TRIGGER_STATE_REQUIRED
    0.064: EP: Servo trigger status change. color = CYAN, ServoTriggerReason = SERVO_TRIGGER_REASON_POR, ServoTriggerstate = SERVO_TRIGGER_STATE_REQUIRED
    0.065: EP: EP_SetPWM_Frequency at EP_CONTROL_LOCATION_CHARGE_DC_BLACK with frequency_in_hz = 40000
    0.065: EP: EP_SetPWM_Frequency at EP_CONTROL_LOCATION_CHARGE_DC_CMY with frequency_in_hz = 40000
    0.065: EP: EP_SetPWM_Frequency at EP_CONTROL_LOCATION_DEVELOPER_DC_CYAN with frequency_in_hz = 40000
    0.065: EP: EP_SetPWM_Frequency at EP_CONTROL_LOCATION_DEVELOPER_DC_MAGENTA with frequency_in_hz = 40000
    0.065: EP: EP_SetPWM_Frequency at EP_CONTROL_LOCATION_DEVELOPER_DC_YELLOW with frequency_in_hz = 40000
    0.065: EP: EP_SetPWM_Frequency at EP_CONTROL_LOCATION_DEVELOPER_DC_BLACK with frequency_in_hz = 40000
    0.065: EP: EP_SetPWM_Frequency at EP_CONTROL_LOCATION_ERASE_LAMP_BLACK with frequency_in_hz = 40000
    0.065: EP: EP_SetPWM_Frequency at EP_CONTROL_LOCATION_ERASE_LAMP_CMY with frequency_in_hz = 40000
    0.065: EP: EP_SetPWM_Frequency at EP_CONTROL_LOCATION_XFER1_BLACK with frequency_in_hz = 40000
    0.065: EP: EP_SetPWM_Frequency at EP_CONTROL_LOCATION_XFER1_CMY with frequency_in_hz = 40000
    0.065: EP: EP_SetPWM_Frequency at EP_CONTROL_LOCATION_XFER2 with frequency_in_hz = 40000
    0.065: phDriverRequest: PH_WRITE_BLOCK_LASER_SERVO_FLAG
    0.065: EP: Blocking laser servo
    0.065: EP: Initializing Cobra EP driver
    0.065: EP: HvpsMainVendorId  = 0, HvpsChargeVendorId = 0, Card level = 5
    0.065: Num threads 11
    0.065: Thread memmgr_rt_queue stk 0x0002ba80 size 2000
    0.065: kthread_create #2, memmgr_rt_queue xHandle 0x000110e8 stack 0x0002ba80 size 2000 pri 2
    0.065: Num threads 11
    0.065: Thread memmgr-wq stk 0x0002ae80 size 768
    0.065: kthread_create #1, memmgr-wq xHandle 0x00010ff4 stack 0x0002ae80 size 768 pri 2
    0.065: SUPPLIES: Supply Manager Initialization 
    0.065: SUPPLIES: SupplyMgrNewState: 0 --> 0 
    0.065: FMECH: FmDriverInit(): initializing for program PT_LANDSCAPE...
    0.065: FMECH: FmIsFuserMotorPresent(): Fuser motor is present!
    0.065: FMECH: FmDriverInit(): isFuserCamPresent = 1
    0.065: FMECH: FuserMechRaiseEvent(): FUSER_MECH_EVENT_MECH_IS_PRESENT
    0.065: FMECH: FmBubbleSensorNextState(): switching state from FM_BS_STATE_INACTIVE to FM_BS_STATE_INACTIVE
    0.065: FMECH: FmResetPageQueue(): Resetting page queue
    0.066: MOTOR: BLDC motorID K_ITM Motor Vendor: Nidec
    0.066: LaiuMotorDetect: Query returned 1 for CMY_PC. Using CMY_PC for color developer motor.
    0.068: TP: LED_ON = 0, 
    0.068: TP: TpSetSensorGain: TpsGain0 = 0.000000, 
    0.068: TP: TpSetSensorGain: TpsGain1 = 0.000000, 
    0.068: TP: TpSetSensorGain: TpsGain2 = 100.000000, 
    0.036: hw_CardRevisionLevel(): 0
    0.038: HVPS ID: -1
    0.038: HVPS ID: -1
    0.038: Fusertype is BELT
    0.039: Num threads 6
    0.039: Thread eng_i2c stk 0x0003a800 size 2016
    0.069:  J1 had stalled loading ring buffer for 1 calls
    0.069: TP: TpSetSensorGain: TpsGain3 = 100.000000, 
    0.069: engine_module_init complete 
    0.069: ceh - LVPS turn on attempt

    0.069: Num threads 11
    0.069: Thread EngineGlueHBThread stk 0x00029f00 size 3900
    0.070: kthread_create #0, EngineGlueHBThread xHandle 0x00010f00 stack 0x00029f00 size 3900 pri 2
    0.070: MOTOR: BLDC motorID CMY_PC, Behavior: BEHAVIOR_UNINIT State: BLDC_TRANSITION_TO_IDLE
    0.070: MOTOR: BLDC motorID K_ITM, Behavior: BEHAVIOR_UNINIT State: BLDC_TRANSITION_TO_IDLE
    0.070, 0.000, 'EP_CHARGE_DC_BLACK',              0,         88, 0, 0
    0.070, 0.000, 'EP_CHARGE_DC_CYAN',               0,         89, 0, 0
    0.070, 0.000, 'EP_CHARGE_DC_CYAN',               0,         89, 0, 0
    0.070, 0.000, 'EP_CHARGE_DC_CYAN',               0,         89, 0, 0
    0.070, 0.000, 'EP_DEV_DC_BLACK',                 0,         92, 0, 0
    0.070, 0.000, 'EP_DEV_DC_CYAN',                  0,         93, 0, 0
    0.070, 0.000, 'EP_DEV_DC_MAGENTA',               0,         94, 0, 0
    0.070, 0.000, 'EP_DEV_DC_YELLOW',                0,         95, 0, 0
    0.071: MOTOR: BLDC motorID CMY_PC, Behavior: BEHAVIOR_UNINIT State: BLDC_IDLE
    0.071, 0.000, 'T1LiftPlateIndex',                1,         74, 0, 0
    0.039: kthread_create #5, eng_i2c xHandle 0x0002a70c stack 0x0003a800 size 2016 pri 2
    0.073: MOTOR: BLDC motorID K_ITM, Behavior: BEHAVIOR_UNINIT State: BLDC_IDLE
    0.074: PickElevate State: PE_IDLE
    0.074: Lift Plate Position State: LP_W_F_POR_NV_IDLE
    0.074: SetSensors State 1, Debug 93, Override 4 ReqPOn 1
    0.074, 0.000, 'T1SizeSenseFingers',              2,        108, 0, 0
    0.074: Tray 1 Size Changed - Unfiltered New Size: 0x1
    0.074, 0.000, 'Enable24',                        1,         20, 0, 0
    0.039: Supplies security supervisor thread started
    0.074: +5V/+25V Pgood: 1
    0.076, 0.000, 'Analog_Bubble',                   1,         37, 0, 0
    0.076: FMECH: FmSwitchFuserNipPosition(): switching nip position from FM_NIP_POS_UNKNOWN to FM_NIP_POS_UNKNOWN
    0.076: FMECH: FuserMechRaiseEvent(): FUSER_MECH_EVENT_CAM_POS_UNKNOWN
    0.076: FMECH: FmSetOpTimer(): Op timer set to 0ms in state FM_MOTOR_STATE_POR
    0.076: FMECH: FmSwitchFuserCamState(): switching state from FM_MOTOR_STATE_POR to FM_MOTOR_STATE_WF_MACHINE_MODEL_DATA
    0.040: Supplies security user thread started
    0.079: EngineDriverRequest(): EXTEND_RUNOUT_MS                 
    0.079: TpSequencerState: NewState = (700B) = TP_SEQUENCER_STATE_IDLE                            , 
    0.079: ceh - LVPS up 1!
    0.040: Supplies security worker thread started
    0.045: Num threads 6
    0.045: Thread eng_hw_wakeup stk 0x00039800 size 2016
    0.045: kthread_create #3, eng_hw_wakeup xHandle 0x0002a4f4 stack 0x00039800 size 2016 pri 2
    0.086: FMECH: FmSwitchFuserCamState(): switching state from FM_MOTOR_STATE_WF_MACHINE_MODEL_DATA to FM_MOTOR_STATE_UNKNOWN
    0.045: Num threads 6
    0.045: Thread hw_RX stk 0x00036000 size 4064
    0.091: Old Pos Sensors State: 0000 New Pos Sensors State: 0002
    0.045: kthread_create #2, hw_RX xHandle 0x0002a3e8 stack 0x00036000 size 4064 pri -8
    1.259: J2: hw_uart_sync_complete
    1.259: Hardware driver installed ...
    1.259: exit hw
    1.259: MOTOR: Hooking up Motor Driver ...
    1.259: init_mtr_module complete
    1.259: Hooking up options driver ...
    1.259: options_module_init complete 
    1.259: ph_module_init complete 
    1.260: PhAssembleCharacterizationDataPor() - Jake = 1: StoredChecksum = 0x17f7c:CalculatedCheckSum = 0x17f7c: MisMatch = 0
    1.260: Jake = 1: FacetMapEnable = 0
    1.260: PhNvramLoadLinearityProfileData() - Reading Linearity From Memory Map of Characterized Data: Version = 14
    1.260: PH: PhCalculateShadingSlopeAndIntercept() - Ph: 0: Volt0 = 1352: Volt1 = 0: P0 = 392: P1 = 804 P0K0 = 8454144: P0K1 = 25690112: P1K0 = 30670848: P1K1 = 52690944.
    1.260: PH: PhCalculateShadingSlopeAndIntercept() - Ph: 0: Slope = -0.067093: Intercept = -73.293335.
    1.260: PH: PhCalculateLaserPowerToPwmSlopeAndIntercept() - Ph: 0: Power0AtPwm0L = 390: Power1AtPwm1L = 802: Pwm0L = 64: Pwm1L = 192: LowGearSlope = 0.310669: LowGearIntercept = -57.160889: Power0AtPwm0H = 390: Power1AtPwm1H = 802: Pwm0H = 64: Pwm1H = 192: HighGearSlope = 0.310669: HighGearIntercept = -57.160889
    1.260: PH: PhCalculatePwmToLaserPowerSlopeAndIntercept() - Ph: 0: Power0AtPwm0L = 390: Power1AtPwm1L = 802: Pwm0L = 64: Pwm1L = 192: LowGearSlope = 3.218750: LowGearIntercept = 184.000000:Power0AtPwm0H = 390: Power1AtPwm1H = 802: Pwm0H = 64: Pwm1H = 192:HighGearSlope = 3.218750: HighGearIntercept = 184.000000
    1.260: PH: PhCalculateShadingSlopeAndIntercept() - Ph: 1: Volt0 = 1352: Volt1 = 0: P0 = 390: P1 = 803 P0K0 = 7798784: P0K1 = 25559040: P1K0 = 31784960: P1K1 = 52625408.
    1.260: PH: PhCalculateShadingSlopeAndIntercept() - Ph: 1: Slope = -0.043091: Intercept = -85.819580.
    1.260: PH: PhCalculateLaserPowerToPwmSlopeAndIntercept() - Ph: 1: Power0AtPwm0L = 390: Power1AtPwm1L = 802: Pwm0L = 64: Pwm1L = 192: LowGearSlope = 0.310669: LowGearIntercept = -57.160889: Power0AtPwm0H = 390: Power1AtPwm1H = 802: Pwm0H = 64: Pwm1H = 192: HighGearSlope = 0.310669: HighGearIntercept = -57.160889
    1.260: PH: PhCalculatePwmToLaserPowerSlopeAndIntercept() - Ph: 1: Power0AtPwm0L = 390: Power1AtPwm1L = 802: Pwm0L = 64: Pwm1L = 192: LowGearSlope = 3.218750: LowGearIntercept = 184.000000:Power0AtPwm0H = 390: Power1AtPwm1H = 802: Pwm0H = 64: Pwm1H = 192:HighGearSlope = 3.218750: HighGearIntercept = 184.000000
    1.260: PH: PhCalculateShadingSlopeAndIntercept() - Ph: 2: Volt0 = 1352: Volt1 = 0: P0 = 392: P1 = 807 P0K0 = 7733248: P0K1 = 25690112: P1K0 = 32243712: P1K1 = 52887552.
    1.260: PH: PhCalculateShadingSlopeAndIntercept() - Ph: 2: Slope = -0.037415: Intercept = -89.091309.
    1.260: PH: PhCalculateLaserPowerToPwmSlopeAndIntercept() - Ph: 2: Power0AtPwm0L = 392: Power1AtPwm1L = 807: Pwm0L = 64: Pwm1L = 192: LowGearSlope = 0.308426: LowGearIntercept = -56.902954: Power0AtPwm0H = 392: Power1AtPwm1H = 807: Pwm0H = 64: Pwm1H = 192: HighGearSlope = 0.308426: HighGearIntercept = -56.902954
    1.260: PH: PhCalculatePwmToLaserPowerSlopeAndIntercept() - Ph: 2: Power0AtPwm0L = 392: Power1AtPwm1L = 807: Pwm0L = 64: Pwm1L = 192: LowGearSlope = 3.242188: LowGearIntercept = 184.500000:Power0AtPwm0H = 392: Power1AtPwm1H = 807: Pwm0H = 64: Pwm1H = 192:HighGearSlope = 3.242188: HighGearIntercept = 184.500000
    1.260: PH: PhCalculateShadingSlopeAndIntercept() - Ph: 3: Volt0 = 1352: Volt1 = 0: P0 = 391: P1 = 801 P0K0 = 9175040: P0K1 = 25624576: P1K0 = 32964608: P1K1 = 52494336.
    1.260: PH: PhCalculateShadingSlopeAndIntercept() - Ph: 3: Slope = -0.043411: Intercept = -78.073074.
    1.260: PH: PhCalculateLaserPowerToPwmSlopeAndIntercept() - Ph: 3: Power0AtPwm0L = 391: Power1AtPwm1L = 801: Pwm0L = 64: Pwm1L = 192: LowGearSlope = 0.312195: LowGearIntercept = -58.068176: Power0AtPwm0H = 391: Power1AtPwm1H = 801: Pwm0H = 64: Pwm1H = 192: HighGearSlope = 0.312195: HighGearIntercept = -58.068176
    1.260: PH: PhCalculatePwmToLaserPowerSlopeAndIntercept() - Ph: 3: Power0AtPwm0L = 391: Power1AtPwm1L = 801: Pwm0L = 64: Pwm1L = 192: LowGearSlope = 3.203125: LowGearIntercept = 186.000000:Power0AtPwm0H = 391: Power1AtPwm1H = 801: Pwm0H = 64: Pwm1H = 192:HighGearSlope = 3.203125: HighGearIntercept = 186.000000
TS, 0.000, Str, EV, E#, HSyCt, HSyCtDelta

    1.262, 0.000, 'LasrPwrK',                        0,         25, 0, 0
    1.262, 0.000, 'LasrPwrC',                        0,         26, 0, 0
    1.262, 0.000, 'LasrPwrM',                        0,         27, 0, 0
    1.262, 0.000, 'LasrPwrY',                        0,         28, 0, 0
    1.263: FAN: PHToFanEvent() - Event: PH_EVENT_PRINTHEAD_STOPPED
    1.263: Num threads 6
    1.263: Thread eng_wtb_wq stk 0x0003a000 size 2016
    1.263: kthread_create #4, eng_wtb_wq xHandle 0x0002a600 stack 0x0003a000 size 2016 pri 2
    1.263: FAN: J2 fandriverInit() called for program PT_LANDSCAPE
    1.263: MOTOR: BLDC motorID FUSER Motor Vendor: Nidec
    1.263: PTC Man: Reset
    1.263: Num threads 6
    1.264: Thread MemMgrJ2Thread stk 0x00039000 size 2016
    1.264: kthread_create #1, MemMgrJ2Thread xHandle 0x0002a2dc stack 0x00039000 size 2016 pri 7
    1.264: Su init complete
    1.264: engine_module_init complete
    0.051: J2: set timeoffset -1213 ms
    0.051: Num threads 6
    0.051: Thread EngineGlueHBThread stk 0x00035000 size 4064
    0.051: kthread_create #0, EngineGlueHBThread xHandle 0x0002a1d0 stack 0x00035000 size 4064 pri 2
    0.052: MOTOR: BLDC motorID FUSER, Behavior: BEHAVIOR_UNINIT State: BLDC_TRANSITION_TO_IDLE
    0.056: +5V_Switched: 0 ADC rail: 1
    0.056: +5V/+25V Pgood: 1
    0.056: +5V/+25V Pgood: 1
    0.056: MEB status change: 1
    0.060: MOTOR: BLDC motorID FUSER, Behavior: BEHAVIOR_UNINIT State: BLDC_IDLE
    0.062: optDriverRequest: INIT_FEEDTIMES_AND_PG_LENGTHS
    0.066: +5V_Switched: 1 ADC rail: 1
    0.074, 0.000, 'LasrPwrK',                        0,         25, 0, 0
    0.074, 0.000, 'LasrPwrC',                        0,         26, 0, 0
    0.074, 0.000, 'LasrPwrM',                        0,         27, 0, 0
    0.074, 0.000, 'LasrPwrY',                        0,         28, 0, 0
    0.074: FAN: PHToFanEvent() - Event: PH_EVENT_PRINTHEAD_STOPPED
    0.093: EM: J2 Engine Manager State: POR_STATE                                         -> W_F_POR_SEQUENCE_COMPLETE                        
    0.103: MOTOR: EngToMtrEvent: ENG_EVENT_CONFIGURATION_COMPLETE                   
    0.103: EM: J2 Engine Manager State: W_F_POR_SEQUENCE_COMPLETE                         -> STANDBY_STATE                                    
    0.641: INFO app: Node Tree: Engine Init complete
    0.641: IP: NODE_TREE_INTERFACE Command  Rcvd - Command Code: 0x08 Data: 0x05 
    0.641: IP: NODE_TREE_INTERFACE Response Sent - Command Code: 0x08 Data: 0x13 
    0.641: IP: NODE_TREE_INTERFACE Command  Rcvd - Command Code: 0x08 Data: 0x01 
    0.641: IP: NODE_TREE_INTERFACE Response Sent - Command Code: 0x08 Data: 0x01 
    0.641: INFO printengine_lxk::engine::init: Engine Type is Color
    0.641: IP: IP_COMMAND_ENG_IF_SUPPORT Command  Rcvd - Command Code: 0x2E Data: 0x001B 
    0.641: SUPPLIES: SupplyMgr External Request: SET_ENG_INTERFACE_COMMO 
    0.641: SUPPLIES: TESTNV: SET_ENG_INTERFACE_COMMO: 0x2e 0x00 0x1b
    0.642: IP: IP_COMMAND_ENG_IF_SUPPORT Response Sent - Command Code: 0x2E Data: None 
    0.642: IP: IP_COMMAND_SET_PRINTER_STATE Command  Rcvd - Command Code: 0x16 Data: 0x0000 
    0.642: SUPPLIES: Rx ENG_EVENT_SET_PRINTER_STATE, State: 0, IgnoreIRs: 0 
    0.642: FUSER: EngToFuserEvent() - Received event ENG_EVENT_EVERREADY_DISABLED                        (40) 
    0.642: FUSER: EngToFuserEvent() - NWM paper path flags will now be trusted.
    0.642: IP: IP_COMMAND_SET_PRINTER_STATE Response Sent - Command Code: 0x16 Data: None 
    0.645: IP: NODE_TREE_INTERFACE Command  Rcvd - Command Code: 0x08 Data: 0x0802FF02 0x00003200 0x01000000 0x00000000 0x01060000 0x00000000 0xFA000000 0x00000000 0x00000000 0x00000000 Remaining bytes:   3) 
    0.645: IP: NODE_TREE_INTERFACE Command  Rcvd - Command Code: 0x08 Data: 0x000000 
    0.645: TP ENG_EVENT_MODEL_UPDATE model type 2 model has changed 0
    0.645: EngineDriverRequest(): GET_ENGINE_DRIVER_MACHINE_INFO   
    0.645: SUPPLIES: ENG_EVENT_MODEL_UPDATE: ENGINE_DRIVER_INFO_MODEL = 1 
    0.645: TP ENG_EVENT_ALTERNATE_HALFTONE_SCREEN_UPDATE AltScreen type 0 AltScreen has changed 0
    0.645: IP: NODE_TREE_INTERFACE Response Sent - Command Code: 0x08 Data: None 
    0.645: IP: NODE_TREE_INTERFACE Command  Rcvd - Command Code: 0x08 Data: 0x0C 
    0.645: IP: NODE_TREE_INTERFACE Response Sent - Command Code: 0x08 Data: 0x37D0F6B3 0xBA00 
    0.646: IP: IP_COMMAND_SET_ENGINE_MARGIN_OFFSETS Command  Rcvd - Command Code: 0x05 Data: 0x00000000 0x00000000 0x00000000 0x00000000 0x00000000 0x00000000 0x00000000 0x00000000 0x00000000 0x00000000 Remaining bytes:  45) 
    0.646: IP: IP_COMMAND_SET_ENGINE_MARGIN_OFFSETS Command  Rcvd - Command Code: 0x05 Data: 0x00000000 0x00000000 0x00000000 0x00000000 0x00000000 0x00000000 0x00000000 0x00000000 0x00000000 0x00000000 Remaining bytes:   5) 
    0.646: IP: IP_COMMAND_SET_ENGINE_MARGIN_OFFSETS Command  Rcvd - Command Code: 0x05 Data: 0x00000000 0x00 
    0.646: phDriverRequest: PH_CONVERT_TOP_MARGIN_TO_FIX16_MM
    0.646: EP: Engine event: name = ENG_EVENT_SET_MARGIN_OFFSETS                       , num = 82
    0.646: MOTOR: EngToMtrEvent: ENG_EVENT_SET_MARGIN_OFFSETS                       
    0.646: MOTOR: MtrAdjCalculateMarginScalars() - BottomMarginOffset = 0x00 = 0, Scalar = 0x80000000 = 2147483648, ProcessMarginsTimeScalarFix16 = 0x00010000 = 1.000000
    0.646: MOTOR: MtrAdjCalculateMarginScalars() - BottomMarginOffset = 0x00 = 0, Scalar = 0x00008000 = 32768, ProcessMarginsFreqScalarFix16 = 0x00010000 = 1.000000
    0.646: User Margins - BottomK = 0: TopK=0:TopM=0:TopC=0:TopY=0:LeftK=0:LeftM=0:LeftC=0:LeftY=0:RightK=0:RightM=0:RightC=0:RightY=0:SkewK=0:SkewM=0:SkewC=0:SkewY=0:CopySkew=0:DuplexSkew=0:DuplexTop=0:DuplexLeft=0:BowM=0:BowC=0:BowY=0, 
    0.646: PH: PhLimitMarginValues() - DebugBitFlags1 = 0: DebugBitFlags2 = 0: DebugBitFlags3 = 0
    0.646: phDriverRequest: PH_CONVERT_TOP_MARGIN_TO_FIX16_MM
    0.645: FAN: EngToFanEvent() - Event: ENG_EVENT_MACHINE_TYPE                             
    0.647: IP: IP_COMMAND_SET_ENGINE_MARGIN_OFFSETS Response Sent - Command Code: 0x05 Data: None 
    0.648: IP: SET_SUPPLY_COMPATIBILITY_DATA_CMDCODE Command  Rcvd - Command Code: 0x73 Data: 0xFFFFFF02 0xFFFF0000 0xFFFF0000 0xFFFF0000 0x00000000 
    0.648: SUPPLIES: SupplyMgr External Request: SUPPLY_RQST_SET_COMPAT_DATA_COMMO 
    0.648: SUPPLIES: Delay handling Service Plan update until NV has finished por read
    0.648: IP: SET_SUPPLY_COMPATIBILITY_DATA_CMDCODE Response Sent - Command Code: 0x73 Data: None 
    0.648: IP: IP_COMMAND_SET_PRINTER_STATE Command  Rcvd - Command Code: 0x12 Data: 0x00 
    0.648: IP: IP_COMMAND_SET_PRINTER_STATE Response Sent - Command Code: 0x12 Data: None 
    0.649: IP: IP_COMMAND_COPY_NVRAM_BYTES Command  Rcvd - Command Code: 0x6E Data: 0x6398180C 0x0000008F 0x6600021D 0x009D0000 0x009D0000 0x00000000 0x01007226 0x463200AA 
    0.649: EngineDriverRequest(): SET_ENGINE_DRIVER_DEBUG_LEVEL    
    0.649: EP: Request = EP_SET_EP_DRIVER_DEBUG_LEVEL
    0.649: FAN: fanDriverRequest: FAN_SET_FAN_DRIVER_DEBUG_LEVEL
    0.649: FUSER: fsrDriverRequest: FUSER_SET_FUSER_DRIVER_DEBUG_LEVEL
    0.649: FMECH: FmDriverRequest(): Received request FUSER_MECH_SET_FM_DRIVER_DEBUG_LEVEL with arg = 0x3201 and callback = 0x0
    0.649: phDriverRequest: PH_SET_PH_DRIVER_DEBUG_LEVEL
    0.649: SUPPLIES: SupplyMgr External Request: SET_CART_DRIVER_DEBUG_LEVEL 
    0.649: Global debug level is NOMINAL
    0.649: FUSER: fsrDriverRequest: FUSER_SET_LLV_OFFSET
    0.649: FUSER: fsrDriverRequest(): The NVRAM value for LLV offset (0x8f) indicates that we have set the value (MSB is set) and the LLV offset 15 is <= the maximum legal offset bucket index (29)...using supplied NVRAM value for LLV_offset (15)
    0.649: FuserSetHalfCyclePeriodAdjustment() - Period Adjustment = 833
    0.649: FUSER: FuserSetVirtualZeroCrossFrequency() - Set Virtual Line Frequency to 60 Hertz
    0.649: FUSER: fsrDriverRequest: FUSER_SET_UNDER_TEMP_COUNT
    0.649: FUSER: fsrDriverRequest: FUSER_SET_LAST_EVENT_LOG_POWER_MONITOR_STATE
    0.649: FUSER: Oops!! Unhandled fuser request: 26489
    0.649: TP_SYS: TpDriverRequestHndlr: TP_REQUEST_SET_ENG_NVRAM, 
    0.649: WeatherThread: SEND_WS_NVRAM_DATA: Refseconds 843458162, Average RH 49.5
    0.649: EM: Thermal algorithm 0 - POR NV Read: RefSeconds_nv 843458162, Jseal 29.4 C, Cavity 24.4 C, Fan 1140 seconds, SlowdownTimer 0 seconds
    0.649: IP: IP_COMMAND_COPY_NVRAM_BYTES Response Sent - Command Code: 0x6E Data: None 
    0.649: FMECH: EngToFuserMechEventHandler(): Received event ENG_EVENT_SET_ENGINE_PARAMETER                      with arg 0xc638
    0.649: phDriverRequest: PH_FACET_MAP_ENGINE_SETTINGS
    0.649: FMECH: EngToFuserMechEventHandler(): Received event ENG_EVENT_SET_ENGINE_PARAMETER                      with arg 0xc638
    0.649: phDriverRequest: PH_FACET_MAP_ENGINE_SETTINGS
    0.650: FMECH: EngToFuserMechEventHandler(): Received event ENG_EVENT_SET_ENGINE_PARAMETER                      with arg 0xc638
    0.650: phDriverRequest: PH_FACET_MAP_ENGINE_SETTINGS
    0.650: FMECH: EngToFuserMechEventHandler(): Received event ENG_EVENT_SET_ENGINE_PARAMETER                      with arg 0xc638
    0.650: phDriverRequest: PH_FACET_MAP_ENGINE_SETTINGS
    0.650: FMECH: EngToFuserMechEventHandler(): Received event ENG_EVENT_SET_ENGINE_PARAMETER                      with arg 0xc638
    0.650: phDriverRequest: PH_FACET_MAP_ENGINE_SETTINGS
    0.650: FMECH: EngToFuserMechEventHandler(): Received event ENG_EVENT_SET_ENGINE_PARAMETER                      with arg 0xc638
    0.650: phDriverRequest: PH_FACET_MAP_ENGINE_SETTINGS
    0.650: FMECH: EngToFuserMechEventHandler(): Received event ENG_EVENT_SET_ENGINE_PARAMETER                      with arg 0xc638
    0.650: phDriverRequest: PH_FACET_MAP_ENGINE_SETTINGS
    0.650: FMECH: EngToFuserMechEventHandler(): Received event ENG_EVENT_SET_ENGINE_PARAMETER                      with arg 0xc638
    0.650: phDriverRequest: PH_FACET_MAP_ENGINE_SETTINGS
    0.650: FMECH: EngToFuserMechEventHandler(): Received event ENG_EVENT_SET_ENGINE_PARAMETER                      with arg 0xc638
    0.650: phDriverRequest: PH_FACET_MAP_ENGINE_SETTINGS
    0.650: FMECH: EngToFuserMechEventHandler(): Received event ENG_EVENT_SET_ENGINE_PARAMETER                      with arg 0xc638
    0.650: phDriverRequest: PH_FACET_MAP_ENGINE_SETTINGS
    0.650: FMECH: EngToFuserMechEventHandler(): Received event ENG_EVENT_SET_ENGINE_PARAMETER                      with arg 0xc638
    0.650: phDriverRequest: PH_FACET_MAP_ENGINE_SETTINGS
    0.650: ELAMP: EngineKnob12 = 0, EraseLampEnabled = 1
    0.650: FMECH: EngToFuserMechEventHandler(): Received event ENG_EVENT_SET_ENGINE_PARAMETER                      with arg 0xc638
    0.650: phDriverRequest: PH_FACET_MAP_ENGINE_SETTINGS
    0.650: FMECH: EngToFuserMechEventHandler(): Received event ENG_EVENT_SET_ENGINE_PARAMETER                      with arg 0xc638
    0.650: phDriverRequest: PH_FACET_MAP_ENGINE_SETTINGS
    0.650: FMECH: EngToFuserMechEventHandler(): Received event ENG_EVENT_SET_ENGINE_PARAMETER                      with arg 0xc638
    0.650: phDriverRequest: PH_FACET_MAP_ENGINE_SETTINGS
    0.650: FMECH: EngToFuserMechEventHandler(): Received event ENG_EVENT_SET_ENGINE_PARAMETER                      with arg 0xc638
    0.650: phDriverRequest: PH_FACET_MAP_ENGINE_SETTINGS
    0.650: FMECH: EngToFuserMechEventHandler(): Received event ENG_EVENT_SET_ENGINE_PARAMETER                      with arg 0xc638
    0.650: phDriverRequest: PH_FACET_MAP_ENGINE_SETTINGS
    0.650: EP: HvpsMainVendorId  = 0, HvpsChargeVendorId = 0, Card level = 5
    0.650: FMECH: EngToFuserMechEventHandler(): Received event ENG_EVENT_SET_ENGINE_PARAMETER                      with arg 0xc638
    0.650: HH-mode: TpTriggerEnableHighHumidityMode: EnableFlag = 0
    0.650: phDriverRequest: PH_FACET_MAP_ENGINE_SETTINGS
    0.650: FMECH: EngToFuserMechEventHandler(): Received event ENG_EVENT_SET_ENGINE_PARAMETER                      with arg 0xc638
    0.650: phDriverRequest: PH_FACET_MAP_ENGINE_SETTINGS
    0.650: FMECH: EngToFuserMechEventHandler(): Received event ENG_EVENT_SET_ENGINE_PARAMETER                      with arg 0xc638
    0.650: phDriverRequest: PH_FACET_MAP_ENGINE_SETTINGS
    0.650: FMECH: EngToFuserMechEventHandler(): Received event ENG_EVENT_SET_ENGINE_PARAMETER                      with arg 0xc638
    0.650: phDriverRequest: PH_FACET_MAP_ENGINE_SETTINGS
    0.650: FMECH: EngToFuserMechEventHandler(): Received event ENG_EVENT_SET_ENGINE_PARAMETER                      with arg 0xc638
    0.650: phDriverRequest: PH_FACET_MAP_ENGINE_SETTINGS
    0.650: FMECH: EngToFuserMechEventHandler(): Received event ENG_EVENT_SET_ENGINE_PARAMETER                      with arg 0xc638
    0.650: phDriverRequest: PH_FACET_MAP_ENGINE_SETTINGS
    0.650: FMECH: EngToFuserMechEventHandler(): Received event ENG_EVENT_SET_ENGINE_PARAMETER                      with arg 0xc638
    0.650: phDriverRequest: PH_FACET_MAP_ENGINE_SETTINGS
    0.650: FMECH: EngToFuserMechEventHandler(): Received event ENG_EVENT_SET_ENGINE_PARAMETER                      with arg 0xc638
    0.650: phDriverRequest: PH_FACET_MAP_ENGINE_SETTINGS
    0.650: FMECH: EngToFuserMechEventHandler(): Received event ENG_EVENT_SET_ENGINE_PARAMETER                      with arg 0xc638
    0.650: phDriverRequest: PH_FACET_MAP_ENGINE_SETTINGS
    0.650: FUSER: FuEngineSettingsHandler(): Parameter = 26: Value = 0
    0.650: FMECH: EngToFuserMechEventHandler(): Received event ENG_EVENT_SET_ENGINE_PARAMETER                      with arg 0xc638
    0.650: phDriverRequest: PH_FACET_MAP_ENGINE_SETTINGS
    0.650: EP: Request = EP_SET_ENGINE_SETTING
    0.650: EP: Engine Setting Selector = 26; Engine Setting Value = 0
    0.651: FMECH: EngToFuserMechEventHandler(): Received event ENG_EVENT_SET_ENGINE_PARAMETER                      with arg 0xc638
    0.651: phDriverRequest: PH_FACET_MAP_ENGINE_SETTINGS
    0.651: EP: Request = EP_SET_ENGINE_SETTING
    0.651: EP: Engine Setting Selector = 27; Engine Setting Value = 0
    0.651: FMECH: EngToFuserMechEventHandler(): Received event ENG_EVENT_SET_ENGINE_PARAMETER                      with arg 0xc638
    0.651: phDriverRequest: PH_FACET_MAP_ENGINE_SETTINGS
    0.651: EP: Request = EP_SET_ENGINE_SETTING
    0.651: EP: Engine Setting Selector = 28; Engine Setting Value = 0
    0.651: FMECH: EngToFuserMechEventHandler(): Received event ENG_EVENT_SET_ENGINE_PARAMETER                      with arg 0xc638
    0.651: phDriverRequest: PH_FACET_MAP_ENGINE_SETTINGS
    0.651: EP: Request = EP_SET_ENGINE_SETTING
    0.651: EP: Engine Setting Selector = 29; Engine Setting Value = 0
    0.651: FMECH: EngToFuserMechEventHandler(): Received event ENG_EVENT_SET_ENGINE_PARAMETER                      with arg 0xc638
    0.651: phDriverRequest: PH_FACET_MAP_ENGINE_SETTINGS
    0.651: EP: Request = EP_SET_ENGINE_SETTING
    0.651: EP: Engine Setting Selector = 30; Engine Setting Value = 0
    0.651: FUSER: FuserEnableA4HeaterInvokedByEngineSettings(): A4 Heater Length Specifier = 0: Length = 306
    0.651: FUSER: FuEngineSettingsHandler(): Parameter = 31: Value = 0
    0.651: FMECH: EngToFuserMechEventHandler(): Received event ENG_EVENT_SET_ENGINE_PARAMETER                      with arg 0xc638
    0.651: phDriverRequest: PH_FACET_MAP_ENGINE_SETTINGS
    0.651: FMECH: EngToFuserMechEventHandler(): Received event ENG_EVENT_SET_ENGINE_PARAMETER                      with arg 0xc638
    0.651: phDriverRequest: PH_FACET_MAP_ENGINE_SETTINGS
    0.651: IP: IP_COMMAND_SET_FUSER_MODE Command  Rcvd - Command Code: 0x11 Data: 0x00 
    0.651: FUSER: fsrDriverRequest: FUSER_SET_MODE
    0.651: FuserMode = FUSER_CE_MODE_NORMAL
    0.651: IP: IP_COMMAND_SET_FUSER_MODE Response Sent - Command Code: 0x11 Data: None 
    0.651: IP: IP_COMMAND_SET_IMAGE_HANDLING_FOR_A4_WIDTH_FUSERS Command  Rcvd - Command Code: 0x17 Data: 0x00 
    0.651: IP: IP_COMMAND_UNRECOGNIZED Response Sent - Command Code: 0xF0 Data: None 
    0.652: ERROR printengine_lxk::transport: Received 'Unsupported Command' response for cmd = 23
    0.652: INFO printengine_lxk::engine::init: SetA4FuserImagingMode not implemented
    0.652: IP: IP_COMMAND_FLUSHING_CONTROL Command  Rcvd - Command Code: 0xD9 Data: 0x01 
    0.652: IP: IP_COMMAND_FLUSHING_CONTROL Response Sent - Command Code: 0xD9 Data: None 
    0.652: IP: IP_COMMAND_SET_EP_ADJUSTMENTS Command  Rcvd - Command Code: 0xC8 Data: 0x00000000 0x00000000 0x00000000 0x00000000 0x0000 
    0.652: EP: Request = EP_SET_CE_OFFSETS
    0.652: EP: CE offset received. color = BLACK, charge = 0, developer = 0, xfer1 = 6
    0.652: EP: CE offset received. color = CYAN, charge = 0, developer = 0, xfer1 = 6
    0.652: EP: CE offset received. color = MAGENTA, charge = 0, developer = 0, xfer1 = 6
    0.652: EP: CE offset received. color = YELLOW, charge = 0, developer = 0, xfer1 = 6
    0.652: EP: CE offset received. xfer2 = 6
    0.652: TP_SYS: TpDriverRequestHndlr: TP_SET_CE_OFFSETS, 
    0.652: IP: IP_COMMAND_SET_EP_ADJUSTMENTS Response Sent - Command Code: 0xC8 Data: None 
    0.652: IP: IP_COMMAND_SET_TPS_CAL_REFERENCE Command  Rcvd - Command Code: 0x3D Data: 0x00000000 0x00 
    0.652: TP_SYS: TpDriverRequestHndlr: TP_SET_CAL_REFERENCE, 
    0.652: IP: IP_COMMAND_SET_TPS_CAL_REFERENCE Response Sent - Command Code: 0x3D Data: None 
    0.650: FAN: fanDriverRequest: FAN_SET_FAN_DRIVER_DEBUG_LEVEL
    0.653: EM: Thermal algorithm 0 - SpeedLimitPPM reset due to invalid ITU temperature
    0.653: IP: IP_COMMAND_SET_TPS_CAL_REFERENCE Command  Rcvd - Command Code: 0x3D Data: 0x01000000 0x00 
    0.653: TP_SYS: TpDriverRequestHndlr: TP_SET_CAL_REFERENCE, 
    0.653: IP: IP_COMMAND_SET_TPS_CAL_REFERENCE Response Sent - Command Code: 0x3D Data: None 
    0.653: IP: IP_COMMAND_SET_TPS_CAL_REFERENCE Command  Rcvd - Command Code: 0x3D Data: 0x02000000 0x00 
    0.653: TP_SYS: TpDriverRequestHndlr: TP_SET_CAL_REFERENCE, 
    0.653: IP: IP_COMMAND_SET_TPS_CAL_REFERENCE Response Sent - Command Code: 0x3D Data: None 
    0.653: IP: IP_COMMAND_SET_TPS_CAL_REFERENCE Command  Rcvd - Command Code: 0x3D Data: 0x03000000 0x00 
    0.653: TP_SYS: TpDriverRequestHndlr: TP_SET_CAL_REFERENCE, 
    0.653: IP: IP_COMMAND_SET_TPS_CAL_REFERENCE Response Sent - Command Code: 0x3D Data: None 
    0.653: IP: IP_COMMAND_SET_TPS_CAL_REFERENCE Command  Rcvd - Command Code: 0x3D Data: 0x04000000 0x00 
    0.653: TP_SYS: TpDriverRequestHndlr: TP_SET_CAL_REFERENCE, 
    0.653: IP: IP_COMMAND_SET_TPS_CAL_REFERENCE Response Sent - Command Code: 0x3D Data: None 
    0.653: IP: IP_COMMAND_SET_TPS_CAL_REFERENCE Command  Rcvd - Command Code: 0x3D Data: 0x05000000 0x00 
    0.653: TP_SYS: TpDriverRequestHndlr: TP_SET_CAL_REFERENCE, 
    0.650: optDriverRequest: SET_OPTION_DRIVER_DEBUG_LEVEL
    0.654: IP: IP_COMMAND_SET_TPS_CAL_REFERENCE Response Sent - Command Code: 0x3D Data: None 
    0.654: IP: IP_COMMAND_CURL_GAP_EXTENDER Command  Rcvd - Command Code: 0x9B Data: 0x00 
    0.654: IP: IP_COMMAND_CURL_GAP_EXTENDER Response Sent - Command Code: 0x9B Data: None 
    0.654: IP: IP_COMMAND_CONTROL_BEACONS Command  Rcvd - Command Code: 0xD8 Data: 0x0300001E 0x1E000000 0x00000000 0x00000000 0x00000000 0x00000000 0x000000 
    0.654: BeaconSetFlashingRate(): Configuring flashing rate to 600 on, 600 off.
    0.654: IP: IP_COMMAND_CONTROL_BEACONS Response Sent - Command Code: 0xD8 Data: None 
    0.654: IP: IP_COMMAND_POWER_SAVER_MODE Command  Rcvd - Command Code: 0x1C Data: 0x0F 
    0.654: IP: IP_COMMAND_POWER_SAVER_MODE Response Sent - Command Code: 0x1C Data: None 
    0.654: IP: IP_COMMAND_START_WARMUP Command  Rcvd - Command Code: 0x53 Data: 0x010400 
    0.654: IP: IP_COMMAND_START_WARMUP Response Sent - Command Code: 0x53 Data: None 
    0.654: IP: IP_COMMAND_NOW_QUERYING_NOTIFIES Command  Rcvd - Command Code: 0x06 Data: None 
    0.654: IP: IP_COMMAND_NOW_QUERYING_NOTIFIES Response Sent - Command Code: 0x06 Data: None 
    0.654: IP: IP_COMMAND_PERSONALITY_MODE Command  Rcvd - Command Code: 0x1E Data: 0x00 
    0.654: FAN: fanDriverRequest: FAN_REQUEST_SET_QUIET_MODE
    0.654: FUSER: fsrDriverRequest: FUSER_SET_READY_MODE
    0.654: IP: IP_COMMAND_PERSONALITY_MODE Response Sent - Command Code: 0x1E Data: None 
    0.650: optDriverRequest: UPDATE_PUNCH_BOX_COUNT
    0.655: INFO serial_transport::packet_reader: rx seq 0x00 CRC 0x4cc5 len 33 accept cur 0x00
    0.655: WARN serial_transport::packet_reader: rx seq 0x00 CRC 0x4cc5 len 33 drop (dup already consumed) cur 0x01
    0.655: WARN serial_transport::packet_reader: rx seq 0x00 CRC 0x4cc5 len 33 drop (dup already consumed) cur 0x01
    0.655: ENG_READY asserted 
    0.656: WARN serial_transport::packet_writer: Dropping packet with seq 0x00. Last sent ack: None
    0.656: WARN serial_transport::packet_writer: Dropping packet with seq 0x00. Last sent ack: None
    0.656: INFO printengine_lxk::engine: PM: Running task
    0.656: INFO printengine_lxk::engine: PM: Idle state in Awake
    0.656: INFO printengine_lxk::engine: PM: engine can sleep
    0.656: INFO printengine_lxk::engine: PM: no change in power state Awake
    0.656: INFO printengine_lxk::node_tree::engine::rpc: Notify MaxSpeedPPMUpdate(55)
    0.657: INFO printengine_lxk::node_tree::engine: Call: get("Status", "Version", "buildhash")
    0.655: PH: PhRemoteJakeLinearityAdjustmentReceived() - ColorPlane = 2: LinearityLeft = 0: : LinearityCenter = 0: LinearityRight = 0
    0.655: FAN: fanDriverRequest: FAN_REQUEST_SET_QUIET_MODE
    0.674: Nfy REQUEST_NV_OPERATION=0xE0 0x00 0x00 0x00
    0.674: NV_OPERATION_START; READ_NV_VAR; ID; 148f 
    0.674: INFO serial_transport::packet_reader: rx ack 0x00
    0.674: INFO serial_transport::packet_reader: rx seq 0x01 CRC 0xcaa9 len 34 accept cur 0x01
    0.675: INFO printengine_lxk::node_tree::engine: Call: get("Status", "persistentBootMode")
    0.682: IP: IP_COMMAND_NV_OPERATION_RESULT Command  Rcvd - Command Code: 0xD2 Data: 0x01010000 0x00000000 0x00 
    0.682: IP: IP_COMMAND_NV_OPERATION_RESULT Response Sent - Command Code: 0xD2 Data: None 
    0.684: NV_OPERATION_FINISH; READ_NV_VAR; ID; 148f; Op Time; 10ms 
    0.684: INFO serial_transport::packet_reader: rx ack 0x01
    0.684: INFO serial_transport::packet_reader: rx seq 0x02 CRC 0x0446 len 38 accept cur 0x02
    0.685: INFO printengine_lxk::node_tree::engine: Call: get("Settings", "optionalDevicesState")
    0.694: Nfy REQUEST_NV_OPERATION=0xE0 0x00 0x00 0x00
    0.694: NV_OPERATION_START; READ_NV_VAR; ID; 2028 
    0.701: INFO serial_transport::packet_reader: rx ack 0x02
    0.701: INFO serial_transport::packet_reader: rx seq 0x03 CRC 0xbd21 len 36 accept cur 0x03
    0.701: INFO serial_transport::packet_reader: rx seq 0x04 CRC 0x39ef len 33 accept cur 0x04
    0.701: INFO serial_transport::packet_reader: rx seq 0x05 CRC 0xb5d8 len 35 accept cur 0x05
    0.702: INFO printengine_lxk::node_tree::engine: Call: set("Status", "currentTime", 1790143081545)
    0.703: INFO printengine_lxk::node_tree::engine: Call: get("Status", "technologyIsColor")
    0.705: INFO printengine_lxk::node_tree::engine: Call: get("Status", "Version", "stringsHash")
    0.706: IP: IP_COMMAND_NV_OPERATION_RESULT Command  Rcvd - Command Code: 0xD2 Data: 0x01010000 0x00000000 0x00 
    0.706: IP: IP_COMMAND_NV_OPERATION_RESULT Response Sent - Command Code: 0xD2 Data: None 
    0.709: RealTime='2026-09-23 05:58' Count='1' Valid = '1' RealTime_EncodedHex='0x7EA9B97A' RealTime_RefSeconds='843458282'
    0.709: TP: ProcessCustomerCalibrationPreferenceData: gCustPrefFullCal_ExitingMonoMode = '0' gCustPrefGapCal_ExitingMonoMode = '0', gCustPrefAlignmentCal_ExitingMonoMode = '0' , 
    0.709: TP: TpSetCustomerCalibrationPreference = 0,  IpCustomerCalibrationPreference = 0, 
    0.709: TPS StringId='0' Comment='TP: TpDrv.c - Error' Prefix_Sensor='0' Prefix_Line='1146' Error='-1'
    0.711: INFO serial_transport::packet_reader: rx ack 0x03
    0.711: INFO serial_transport::packet_reader: rx ack 0x04
    0.714: NV_OPERATION_FINISH; READ_NV_VAR; ID; 2028; Op Time; 20ms 
    0.716: INFO serial_transport::packet_reader: rx ack 0x05
    0.717: WeatherThread: Avg RH history buffer initialized with 49.5
    0.717: WeatherThread: Elapsed time during sleep: 120 seconds
    0.724: Nfy REQUEST_NV_OPERATION=0xE0 0x00 0x00 0x00
    0.724: NV_OPERATION_START; READ_NV_VAR; ID; 3b30 
    0.732: IP: IP_COMMAND_NV_OPERATION_RESULT Command  Rcvd - Command Code: 0xD2 Data: 0x01010000 0x00820000 0x00 
    0.732: IP: IP_COMMAND_NV_OPERATION_RESULT Response Sent - Command Code: 0xD2 Data: None 
    0.734: NV_OPERATION_FINISH; READ_NV_VAR; ID; 3b30; Op Time; 10ms 
    0.744: Nfy REQUEST_NV_OPERATION=0xE0 0x00 0x00 0x00
    0.744: NV_OPERATION_START; READ_NV_VAR; ID; 3bf8 
    0.752: IP: IP_COMMAND_NV_OPERATION_RESULT Command  Rcvd - Command Code: 0xD2 Data: 0x01010000 0x00000000 0x00 
    0.752: IP: IP_COMMAND_NV_OPERATION_RESULT Response Sent - Command Code: 0xD2 Data: None 
    0.754: NV_OPERATION_FINISH; READ_NV_VAR; ID; 3bf8; Op Time; 10ms 
    0.764: Nfy REQUEST_NV_OPERATION=0xE0 0x00 0x00 0x00
    0.764: NV_OPERATION_START; READ_NV_VAR; ID; 3bf9 
    0.772: IP: IP_COMMAND_NV_OPERATION_RESULT Command  Rcvd - Command Code: 0xD2 Data: 0x01010000 0x00000000 0x00 
    0.772: IP: IP_COMMAND_NV_OPERATION_RESULT Response Sent - Command Code: 0xD2 Data: None 
    0.774: NV_OPERATION_FINISH; READ_NV_VAR; ID; 3bf9; Op Time; 10ms 
    0.784: Nfy REQUEST_NV_OPERATION=0xE0 0x00 0x00 0x00
    0.784: NV_OPERATION_START; READ_NV_VAR; ID; 3bfa 
    0.792: IP: IP_COMMAND_NV_OPERATION_RESULT Command  Rcvd - Command Code: 0xD2 Data: 0x01010000 0x00000000 0x00 
    0.792: IP: IP_COMMAND_NV_OPERATION_RESULT Response Sent - Command Code: 0xD2 Data: None 
    0.794: NV_OPERATION_FINISH; READ_NV_VAR; ID; 3bfa; Op Time; 10ms 
    0.804: Nfy REQUEST_NV_OPERATION=0xE0 0x00 0x00 0x00
    0.804: NV_OPERATION_START; READ_NV_VAR; ID; 3bfb 
    0.812: IP: IP_COMMAND_NV_OPERATION_RESULT Command  Rcvd - Command Code: 0xD2 Data: 0x01010000 0x00000000 0x00 
    0.812: IP: IP_COMMAND_NV_OPERATION_RESULT Response Sent - Command Code: 0xD2 Data: None 
    0.814: NV_OPERATION_FINISH; READ_NV_VAR; ID; 3bfb; Op Time; 10ms 
    0.824: Nfy REQUEST_NV_OPERATION=0xE0 0x00 0x00 0x00
    0.824: NV_OPERATION_START; READ_NV_VAR; ID; 3b31 
    0.831: Tray 1 Inserted, Size: 0x1, Zone: 0x7
    0.832: IP: IP_COMMAND_NV_OPERATION_RESULT Command  Rcvd - Command Code: 0xD2 Data: 0x01010000 0x00000000 0x00 
    0.832: IP: IP_COMMAND_NV_OPERATION_RESULT Response Sent - Command Code: 0xD2 Data: None 
    0.834: NV_OPERATION_FINISH; READ_NV_VAR; ID; 3b31; Op Time; 10ms 
    0.844: Nfy REQUEST_NV_OPERATION=0xE0 0x00 0x00 0x00
    0.844: NV_OPERATION_START; READ_NV_VAR; ID; 137b 
    0.852: IP: IP_COMMAND_NV_OPERATION_RESULT Command  Rcvd - Command Code: 0xD2 Data: 0x01010000 0x00000000 0x00 
    0.852: IP: IP_COMMAND_NV_OPERATION_RESULT Response Sent - Command Code: 0xD2 Data: None 
    0.854: NV_OPERATION_FINISH; READ_NV_VAR; ID; 137b; Op Time; 10ms 
    0.864: Nfy REQUEST_NV_OPERATION=0xE0 0x00 0x00 0x00
    0.864: NV_OPERATION_START; READ_NV_VAR; ID; 137c 
    0.872: IP: IP_COMMAND_NV_OPERATION_RESULT Command  Rcvd - Command Code: 0xD2 Data: 0x01010000 0x00000000 0x00 
    0.872: IP: IP_COMMAND_NV_OPERATION_RESULT Response Sent - Command Code: 0xD2 Data: None 
    0.874: NV_OPERATION_FINISH; READ_NV_VAR; ID; 137c; Op Time; 10ms 
    0.884: Nfy REQUEST_NV_OPERATION=0xE0 0x00 0x00 0x00
    0.884: NV_OPERATION_START; READ_NV_VAR; ID; 0174 
    0.892: IP: IP_COMMAND_NV_OPERATION_RESULT Command  Rcvd - Command Code: 0xD2 Data: 0x01010000 0x00000000 0x01 
    0.892: IP: IP_COMMAND_NV_OPERATION_RESULT Response Sent - Command Code: 0xD2 Data: None 
    0.894: NV_OPERATION_FINISH; READ_NV_VAR; ID; 0174; Op Time; 10ms 
    0.893: optDriverRequest: SEND_TTM_PAPER_SIZE
    0.904: Nfy REQUEST_NV_OPERATION=0xE0 0x00 0x00 0x00
    0.904: NV_OPERATION_START; READ_NV_VAR; ID; c556 
    0.912: IP: IP_COMMAND_NV_OPERATION_RESULT Command  Rcvd - Command Code: 0xD2 Data: 0x01010000 0x00000000 0x0F 
    0.912: IP: IP_COMMAND_NV_OPERATION_RESULT Response Sent - Command Code: 0xD2 Data: None 
    0.914: NV_OPERATION_FINISH; READ_NV_VAR; ID; c556; Op Time; 10ms 
    0.913: optDriverRequest: SEND_RICOH_PUNCH_ADJUSTMENT
    0.913: PPCMD OpCode: OC_OPCODE_SMC=0xFD Control: 0x02 Address: 0x70 Data: 0x0403000F 0x00000000 0x00
    0.919: PPCMD OpCode: OC_OPCODE_SMC=0xFD Control: 0x03 Address: 0x70 Data: 0x0403000F 0x00000000 0x00
    0.924: Nfy REQUEST_NV_OPERATION=0xE0 0x00 0x00 0x00
    0.924: NV_OPERATION_START; READ_NV_VAR; ID; c557 
    0.932: IP: IP_COMMAND_NV_OPERATION_RESULT Command  Rcvd - Command Code: 0xD2 Data: 0x01010000 0x00000000 0x05 
    0.932: IP: IP_COMMAND_NV_OPERATION_RESULT Response Sent - Command Code: 0xD2 Data: None 
    0.934: NV_OPERATION_FINISH; READ_NV_VAR; ID; c557; Op Time; 10ms 
    0.933: optDriverRequest: SEND_RICOH_PUNCH_ADJUSTMENT
    0.933: PPCMD OpCode: OC_OPCODE_SMC=0xFD Control: 0x02 Address: 0x70 Data: 0x04030105 0x00000000 0x00
    0.939: PPCMD OpCode: OC_OPCODE_SMC=0xFD Control: 0x03 Address: 0x70 Data: 0x04030105 0x00000000 0x00
    1.002: PH: PhUpdateRelativeHumidity()-*WARNING* Unsuccessful reading of humidity: rc = 2: TempDegC= 20.00: RelativeHumidity = 50.00 
    1.014: Nfy REQUEST_NV_OPERATION=0xE0 0x00 0x00 0x00
    1.014: NV_OPERATION_START; READ_NV_VAR; ID; 3b06 
    1.022: IP: IP_COMMAND_NV_OPERATION_RESULT Command  Rcvd - Command Code: 0xD2 Data: 0x01010000 0x00000000 0x00000000 0x00000000 0x00000000 0x00000000 0x00000000 0x00000000 0x00000000 0x00000000 Remaining bytes:  65) 
    1.022: IP: IP_COMMAND_NV_OPERATION_RESULT Command  Rcvd - Command Code: 0xD2 Data: 0x00000000 0x00000000 0x00000000 0x00000000 0x00000000 0x00000000 0x00000000 0x00000000 0x00000000 0x00000000 Remaining bytes:  25) 
    1.022: IP: IP_COMMAND_NV_OPERATION_RESULT Command  Rcvd - Command Code: 0xD2 Data: 0x00000000 0x00000000 0x00000000 0x00000000 0x00000000 0x00000000 0x00 
    1.022: IP: IP_COMMAND_NV_OPERATION_RESULT Response Sent - Command Code: 0xD2 Data: None 
    1.024: NV_OPERATION_FINISH; READ_NV_VAR; ID; 3b06; Op Time; 10ms 
    1.049: TpOpPointSetLinearizationData: Resolution = 600, Stochastic = 1, Color = 0, Valid = 1, pData? = 1, pBuffer? = 1, 
    1.054: Nfy REQUEST_NV_OPERATION=0xE0 0x00 0x00 0x00
    1.054: NV_OPERATION_START; READ_NV_VAR; ID; 3b07 
    1.062: IP: IP_COMMAND_NV_OPERATION_RESULT Command  Rcvd - Command Code: 0xD2 Data: 0x01010000 0x00000000 0x00000000 0x00000000 0x00000000 0x00000000 0x00000000 0x00000000 0x00000000 0x00000000 Remaining bytes:  65) 
    1.062: IP: IP_COMMAND_NV_OPERATION_RESULT Command  Rcvd - Command Code: 0xD2 Data: 0x00000000 0x00000000 0x00000000 0x00000000 0x00000000 0x00000000 0x00000000 0x00000000 0x00000000 0x00000000 Remaining bytes:  25) 
    1.062: IP: IP_COMMAND_NV_OPERATION_RESULT Command  Rcvd - Command Code: 0xD2 Data: 0x00000000 0x00000000 0x00000000 0x00000000 0x00000000 0x00000000 0x00 
    1.062: IP: IP_COMMAND_NV_OPERATION_RESULT Response Sent - Command Code: 0xD2 Data: None 
    1.064: NV_OPERATION_FINISH; READ_NV_VAR; ID; 3b07; Op Time; 10ms 
    1.089: TpOpPointSetLinearizationData: Resolution = 600, Stochastic = 1, Color = 1, Valid = 1, pData? = 1, pBuffer? = 1, 
    1.094: Nfy REQUEST_NV_OPERATION=0xE0 0x00 0x00 0x00
    1.094: NV_OPERATION_START; READ_NV_VAR; ID; 3b08 
    1.102: IP: IP_COMMAND_NV_OPERATION_RESULT Command  Rcvd - Command Code: 0xD2 Data: 0x01010000 0x00000000 0x00000000 0x00000000 0x00000000 0x00000000 0x00000000 0x00000000 0x00000000 0x00000000 Remaining bytes:  65) 
    1.102: IP: IP_COMMAND_NV_OPERATION_RESULT Command  Rcvd - Command Code: 0xD2 Data: 0x00000000 0x00000000 0x00000000 0x00000000 0x00000000 0x00000000 0x00000000 0x00000000 0x00000000 0x00000000 Remaining bytes:  25) 
    1.102: IP: IP_COMMAND_NV_OPERATION_RESULT Command  Rcvd - Command Code: 0xD2 Data: 0x00000000 0x00000000 0x00000000 0x00000000 0x00000000 0x00000000 0x00 
    1.102: IP: IP_COMMAND_NV_OPERATION_RESULT Response Sent - Command Code: 0xD2 Data: None 
    1.103: FAN: fanDriverRequest: FAN_REQUEST_SET_TIMER_VALUE
<JSEAL EngineTime='    1.103' StringId='42'  PrinterSideCount='157' RealTime='2026-09-23 05:58' WeatherStationTemp_degC='20.0' JSealTemp_degC='29.4' MotorTimeOn_JSeal='0' MotorTimeOff='121000' ItmTemp_degC='24.5' CavityTemp_degC='0.0' PrintheadTemp_degC='0' ProcessSpeed='0ppm' ThermalSpeedLimit='25ppm'  DuplexPrinting='0'/>
    1.103, 0.000, 'JSeal Temp C',                29.359,    34, 0, 0
    1.103: EM: Thermal algorithm 843458283 - Real Time valid, elapsed time 121 sec, TPSTemp 24.5 C, JSealTemperature_degCAtMotorOff 29 C, gItmMotorRunning 0, FanTimer_nv 251 seconds, TimerUpdate 16 minutes, SlowdownTimer 0 seconds, WS Temp 20.0 C
    1.103: EM: Thermal algorithm 843458283 - MotorRunningTimeUpdated: TempCooldownActive 0 gItmMotorRunning 0 JSealTemperature_degCAtMotorOff 29 JSealTemperature 29.4 C, WS Temp 20.0 C
    1.103: EM: Thermal algorithm 843458283 - override J-seal temp 29.4 C motor run time 0 ms motor off time ms 122103 PrintheadSlowdownActive 0 JsealSlowdownActive 0 CurrentFanThermalControlState 0 IsPrinterCoolEnoughToPrint() 1 - speed limit ppm 255
    1.103: Nfy STATUS_24V_POWER_NFY=0xE8 0x01 0x00 0x00
    1.103: Nfy STATUS_24V_POWER_NFY=0xE8 0x01 0x00 0x00
    1.103: XLATE: XlatePrintPage(OpPoint=01,MediaType=00,source=99,dest=90,BannerFlag,GeneralFlags1=00,Size=00,CustomWidth=0000,RunAtDefaultSpeed=00,PageHasMedia=01,PageIsInternal=00)
    1.103: XLATE: XlatePrintPage() - QueryThermalSpeedLimit(): 255 PPM
    1.103: XLATE: XlatePrintPage() - QueryThermalCycleSpeedLimit(): 255 PPM
    1.103: XLATE: Supports600DpiJobsRule
    1.103: XLATE: XlatePrintPage() - fastest_speed: 55 MachineInfo.Model: 1 TargetResolution: 1 ReturnVal: 0
    1.103: FUSER: fsrDriverRequest: FUSER_SET_OP_POINT
    1.103: FMECH: FmDriverRequest(): Received request FUSER_MECH_REQUEST_SET_OP_POINT with arg = 0x0 and callback = 0x0
    1.103: FMECH: FmRequestUpdateOpPoint(): Ignoring redundant update op point request (printModeIndex = 0 and compressionIndex = 0)
    1.103: FAN: fanDriverRequest: FAN_SET_OP_POINT
    1.103: SUPPLIES: SupplyMgr External Request: CART_SET_OP_POINT 
    1.103: phDriverRequest: PH_START_RELAY_CONTROL_SEQUENCE
    1.103: PhRelayControlChangeState() - 0->1
    1.103: PhStartSafeRelaySequence() - Sequence = 0
    1.103: EM: J1 Engine Manager State: POR_STATE                                         -> W_F_PH_RELAY_CLOSE                               
    1.104: NV_OPERATION_FINISH; READ_NV_VAR; ID; 3b08; Op Time; 10ms 
    1.103: FAN: fanDriverRequest: FAN_REQUEST_SET_TIMER_VALUE
    1.103: FAN: Fan Driver Request SetTimerValue - adjusting LVPSFan timer 0 to 960000 ms
    1.104: optDriverRequest: OPTION_SET_OP_POINT
    1.105: FAN: fanDriverRequest: FAN_SET_OP_POINT
    1.105: FAN: fanDriverRequest - gFanEnginePrintModeIndex: 0; gFanEngineCompressedPrintModeIndex: 0; gPrintModeIndex: 3
    1.107: +5V_Switched: 0 ADC rail: 1
    1.114: MPF Lift: CAM sensor 1
    1.129: TpOpPointSetLinearizationData: Resolution = 600, Stochastic = 1, Color = 2, Valid = 1, pData? = 1, pBuffer? = 1, 
    1.131: Old Pos Sensors State: 0002 New Pos Sensors State: 0003
    1.132: PhRelayControlChangeState() - 1->3
    1.134: Nfy REQUEST_NV_OPERATION=0xE0 0x00 0x00 0x00
    1.134: NV_OPERATION_START; READ_NV_VAR; ID; 3b09 
    1.142: PhRelayControlChangeState() - 3->0
    1.142: IP: IP_COMMAND_NV_OPERATION_RESULT Command  Rcvd - Command Code: 0xD2 Data: 0x01010000 0x00000000 0x00000000 0x00000000 0x00000000 0x00000000 0x00000000 0x00000000 0x00000000 0x00000000 Remaining bytes:  65) 
    1.142: IP: IP_COMMAND_NV_OPERATION_RESULT Command  Rcvd - Command Code: 0xD2 Data: 0x00000000 0x00000000 0x00000000 0x00000000 0x00000000 0x00000000 0x00000000 0x00000000 0x00000000 0x00000000 Remaining bytes:  25) 
    1.142: IP: IP_COMMAND_NV_OPERATION_RESULT Command  Rcvd - Command Code: 0xD2 Data: 0x00000000 0x00000000 0x00000000 0x00000000 0x00000000 0x00000000 0x00 
    1.142: IP: IP_COMMAND_NV_OPERATION_RESULT Response Sent - Command Code: 0xD2 Data: None 
    1.143: TASK: Message EM_MSG_EM_TO_ET_OPTIONS_INIT_SEQ sent to EmOptionTask()
    1.143: EM: J1 Engine Manager State: W_F_PH_RELAY_CLOSE                                -> W_F_DEVICES_ATTACHED                             
    1.143: SUPPLIES: SupplyMgr External Request: READ_SUPPLIES_MEMORY 
    1.143: EP: Control change: EP_CONTROL_LOCATION_CHARGE_DC_BLACK -> EP_CONTROL_LEVEL_OFF
    1.143: EP: Control change: EP_CONTROL_LOCATION_CHARGE_DC_CMY -> EP_CONTROL_LEVEL_OFF
    1.143: EP: Control change: EP_CONTROL_LOCATION_DEVELOPER_DC_BLACK -> EP_CONTROL_LEVEL_ZERO_VOLT
    1.143: EP: Control change: EP_CONTROL_LOCATION_DEVELOPER_DC_CYAN -> EP_CONTROL_LEVEL_ZERO_VOLT
    1.143: EP: Control change: EP_CONTROL_LOCATION_DEVELOPER_DC_MAGENTA -> EP_CONTROL_LEVEL_ZERO_VOLT
    1.143: EP: Control change: EP_CONTROL_LOCATION_DEVELOPER_DC_YELLOW -> EP_CONTROL_LEVEL_ZERO_VOLT
    1.143: ELAMP: ReportEraseLampCurrentSamplePwm: RequestType = 0, Pwm = 0.000000
    1.143: EP: Control change: EP_CONTROL_LOCATION_ERASE_LAMP_BLACK -> EP_CONTROL_LEVEL_OFF
    1.143: ELAMP: ReportEraseLampCurrentSamplePwm: RequestType = 0, Pwm = 0.000000
    1.143: EP: Control change: EP_CONTROL_LOCATION_ERASE_LAMP_CMY -> EP_CONTROL_LEVEL_OFF
    1.143, 0.000, 'EP_XFER1_BLACK',               -900,        100, 0, 0
    1.143: EP: Control change: EP_CONTROL_LOCATION_XFER1_BLACK -> EP_CONTROL_LEVEL_ZERO_VOLT
    1.143, 0.000, 'EP_XFER1_CYAN',                -900,        101, 0, 0
    1.143: EP: Control change: EP_CONTROL_LOCATION_XFER1_CMY -> EP_CONTROL_LEVEL_ZERO_VOLT
    1.143, 0.000, 'EP_XFER2_VOLTAGE',                0,        104, 0, 0
    1.143: EP: Control change: EP_CONTROL_LOCATION_XFER2 -> EP_CONTROL_LEVEL_ZERO_VOLT
    1.143: MOTOR: BLDC_ClientShutdownMotor motorID K_ITM CMD Distance: 0
    1.143: EP: Control change: EP_CONTROL_LOCATION_PC_MOTOR_K_ITM -> EP_CONTROL_LEVEL_OFF
    1.143: MOTOR: BLDC_ClientShutdownMotor motorID CMY_PC CMD Distance: 0
    1.143: EP: Control change: EP_CONTROL_LOCATION_PC_MOTOR_CMY -> EP_CONTROL_LEVEL_OFF
    1.143: phDriverRequest: PH_WRITE_BLOCK_LASER_SERVO_FLAG
    1.143: EP: Blocking laser servo
    1.143: EP: Engine event: name = ENG_EVENT_START_POR_OPERATIONS                     , num = 64
    1.143: FUSER: EngToFuserEvent() - Received event ENG_EVENT_START_POR_OPERATIONS                      (64) 
    1.143: FMECH: EngToFuserMechEventHandler(): Received event ENG_EVENT_START_POR_OPERATIONS                      with arg 0x0
    1.143: ceh - J1 wtb received event 64
    1.143: TASK: Message EM_MSG_EM_TO_ET_POST_START_POST sent to EmPostTask()
    1.144: NV_OPERATION_FINISH; READ_NV_VAR; ID; 3b09; Op Time; 10ms 
    1.145: BAD_PARAMETER
    1.145: SUPPLIES: SupplyMgrNewState: 0 --> 2 
    1.145: SUPPLIES: SupplyNvramMgrState update: 0 --> 100 
    1.145: SUPPLY_CONSUMPTION; Filter; ConsumptionNewState = SUPPLY_LVL_FIRST_INIT; 
    1.145: FUSER: FuserEventHdlr() - Raising event FUSER_EVENT_FUSER_IS_PRESENT
    1.145: TASK: Message EM_MSG_EM_TO_ET_POST_CHECK_FUSER_CABLES sent to EmPostTask()
    1.145: FMECH: FuserToFuserMechEventHandler(): Received event FUSER_EVENT_FUSER_IS_PRESENT with arg 0x0
    1.145: FUSER: FuserEWCStateMachine() - FuserCardType Changed from 255 to 1
    1.145, 0.000, 'MainTherm_AFT',                 102,         57, 0, 0
    1.145, 0.000, 'MainTherm2_AFT',                101,        222, 0, 0
    1.145, 0.000, 'EdgeTherm_AFT',                  77,         63, 0, 0
    1.145, 0.000, 'MiddleTherm_AFT',                85,         67, 0, 0
    1.145: FUSER: InitController_LUT() / InitController_PID() - Fuser control gain mode for 0 is FUSER_CONTROL_GAINMODE_STANDBY, Uses Phase Control: 0
    1.145: FUSER: InitController_PID() - Fuser PID Control -- Gains: Kp=0,Kin=0,Kids=0,Kd=0,IIE=0
    1.145: FUSER: Fuser Setting Power Delivery Type for 0 (IHC = 0, PHASE = 1, MCP = 2): 3 -> 0
    1.145: FUSER: Fuser Setting Power Delivery Type for 1 (IHC = 0, PHASE = 1, MCP = 2): 3 -> 0
    1.145: FUSER: SetHeatPipeState(): State change: FUSER_HEAT_PIPE_STATE_UNKNOWN -> FUSER_HEAT_PIPE_STATE_DISENGAGED
    1.145: FUSER: NonWideMediaStateMachine() - Incoming PMIndex has changed from 5 to 0
    1.145: FUSER: DisableFuser(): Fuser Power Disabled for FUSER_CONTROL_HEATER_SECONDARY with urgency level FUSER_DISABLE_URGENCY_NORMAL: HW_FuserIsOn() = 0
    1.145: FUSER: DisableFuser(): Fuser Power Disabled for FUSER_CONTROL_HEATER_SECONDARY with urgency level FUSER_DISABLE_URGENCY_NORMAL: HW_FuserIsOn() = 0
    1.145: FUSER: DisableFuserHeatSource(): HeatNum = FUSER_HEATER_BELT_SLAB_2
    1.145: FUSER: EnableFuserHeatSource(): HeatNum = FUSER_HEATER_BELT_SLAB_1
    1.145: FUSER: ChangeRequestedFuserControlState(): Changed FUSER_CTRLRQST_NONE -> FUSER_CTRLRQST_PRINTING
    1.145: FUSER: SetFuserHTCHeaterState(): FUSER_HTC_HEATER_CONTROL_POR -> FUSER_HTC_HEATER_CONTROL_STEADY_STATE; Edge Thermistor Actual Temperature: 77; Secondary Thermistor Actual Temperature: 101; Main Thermistor Target Temperature: 0
    1.145: FUSER: NonWideMediaStateMachine(): Thresholds have been updated - media width: NWM_DEFAULT, HeaterEdgeReduceSpeedThreshold: 0, HeaterEdgeBlowOutGapThreshold: 0, BackUpRollReduceSpeedThreshold: 280, BackUpRollBlowOutGapThreshold: 0
    1.145: FUSER: ChangeNWMState(): NWM_INIT -> NWM_WF_FIC
    1.144: ceh - wtb received event 64
    1.149: TP: TpTriggerSetItuTemp_C:  ItuTemp = 24.52, 
    1.144: ceh - read NV at POR
    1.150: FsrConSetSteadyStateGainMode() - Fuser changing steady state gain mode for 0 from FUSER_STEADY_STATE_GAINMODE_STANDBY to FUSER_STEADY_STATE_GAINMODE_PRINTING
    1.150: FUSER: EnableFuser(): Fuser Power Enabled for FUSER_CONTROL_HEATER_MAIN
    1.150: FUSER: HW_EnableDisableZCInterrupt() - Enable ZC Interrupt = 1
    1.150: FUSER: ChangeRequestedFuserControlState(): Changed FUSER_CTRLRQST_PRINTING -> FUSER_CTRLRQST_NONE
    1.144: ceh - submitting work 4
    1.152: PHSysNVMgr StateChange = 0->1
    1.147: +5V_Switched: 1 ADC rail: 1
    1.153: TASK: EmOptionTask() status 0x1.  Task NOT Removed.
    1.153: TASK: Message EM_MSG_ET_TO_ET_LOAD_TIMER sent to EmOptionTimerTask()
    1.153: EM: EmOptionChangeState() - EM_OPTION_STATE_IDLE -> EM_OPTION_STATE_INIT
    1.153: EM: EmOptionTask() status 0x1 message EM_MSG_EM_TO_ET_OPTIONS_INIT_SEQ
    1.153: TASK: EmOptionTask() status 0x1.  Task REMOVED.
    1.153: TASK: DumpTaskList() - pHead: 0x000357B4 @ 0x0001A134
    1.153: TASK: DumpTaskList() - Task: EmPostTask()  Priority: 0x00 @ 0x000357B4 pContext: 0x00000000 pKill: 0x60174F05 pTask: 0x60174F49 pNextTask: 0x00035914 pPrevTask: 0x00000000 pMessage: 0x0003551C ppHead: 0x0001A134
    1.153: TASK: DumpMsgQueue() - Message: EM_MSG_EM_TO_ET_POST_START_POST @ 0x0003551C pNextMsg: 0x000354F4
    1.153: TASK: DumpMsgQueue() - Message: EM_MSG_EM_TO_ET_POST_CHECK_FUSER_CABLES @ 0x000354F4 pNextMsg: 0x00000000
    1.153: TASK: DumpTaskList() - Task: EmOptionTimerTask()  Priority: 0x00 @ 0x00035914 pContext: 0x000353A4 pKill: 0x60154FE5 pTask: 0x60154FED pNextTask: 0x00000000 pPrevTask: 0x000357B4 pMessage: 0x000356CC ppHead: 0x0001A134
    1.153: TASK: DumpMsgQueue() - Message: EM_MSG_ET_TO_ET_LOAD_TIMER @ 0x000356CC pNextMsg: 0x00000000
    1.154: Nfy REQUEST_NV_OPERATION=0xE0 0x00 0x00 0x00
    1.154: NV_OPERATION_START; READ_NV_VAR; ID; 306b 
    1.154: MPF Lift: CAM sensor 0
    1.155: SUPPLIES: SupplyMgrNewState: 2 --> 3 
    1.155: SUPPLIES: SupplyNvramMgrState update: 100 --> 101 
    1.155: SUPPLIES: MemoryCommoKernelThread: POR_INIT_MEMORY: MemMgrState = 0 
    1.155: SUPPLIES: Memory: Disable_I2C_BusPower: Delay: 150mS 
    1.155: SUPPLIES: Memory: MemManSubmitWork(): work=POR_INIT_MEMORY  struct=2 rc=0 MemMgrState=MEM_MGR_IDLE  
    1.155: SUPPLIES: Memory: MemMgrNewState() MEM_MGR_IDLE  --> MEM_MGR_RD_W_F_INIT  
    1.153: optDriverRequest: START_OPTIONS_INIT
    1.162: PHNVMgr StateChange = 0->1
    1.163: TASK: EmPostTask() status 0x1.  Task NOT Removed.
    1.163, 0.000, 'MtrCMYPC_mmpsec',                   0.00,  132, 0, 0
    1.163: MOTOR: BLDC_StartMotor motorID CMY_PC Behavior: CMY_PC_RUN_FORWARD CMD Distance: 2 PMI: 0 CMP: 0 Commutation Mode: 0 CMD RPM: 850 NominalRadPerSec=    104.72
<BLDC_MONITOR EngineTime='    1.163'  StringId='52'  PrinterSideCount='157' RealTime='2026-09-23 05:58' MotorId='CMY_PC' Behavior='CMY_PC_RUN_FORWARD'  Event='Start'  DistanceEdges='0' Vendor_ID='0'/>
    1.163, 0.000, 'MtrKITM_mmpsec',                    0.00,  144, 0, 0
    1.163: MOTOR: BLDC_StartMotor motorID K_ITM Behavior: K_ITM_RUN_FORWARD CMD Distance: 2 PMI: 0 CMP: 0 Commutation Mode: 3 CMD RPM: 850 NominalRadPerSec=    104.72
<BLDC_MONITOR EngineTime='    1.163'  StringId='52'  PrinterSideCount='157' RealTime='2026-09-23 05:58' MotorId='K_ITM' Behavior='K_ITM_RUN_FORWARD'  Event='Start'  DistanceEdges='0' Vendor_ID='0'/>
    1.163: MOTOR: BMCOM_InitMotorForStart Called for motorID FEED_SEP Behavior: FEED_SEP_FORWARD Speed: 6862900
    1.163: EngineDriverRequest(): TURNON_SENSOR_POWER_IMMEDIATE    
    1.163: SetSensors State 3, Debug 15, Override 4 ReqPOn 1
    1.163: mtr_hw.c: line 2578 - Turnon Mtr FEED_SEP
    1.163: HB: J1 HbUpdateMotorRunningStatus() - FEED_SEP IsMotorRunning = 0x1 FilteredSensorIsMade = 0x0 IgnoreTimeout = 0x0 MotorRunningTimer = 0
    1.163, 0.000, 'MtrFeedSep_mmpsec',                89.13,  128, 0, 0
    1.163: TASK: Message EM_MSG_ET_TO_ET_LOAD_TIMER sent to EmPostTimerTask()
    1.163: EM: EmPostChangeState() - EM_POST_STATE_W_F_POST -> EM_POST_STATE_W_F_MOTOR_TEST_DONE
    1.163: EM: EmPostTask() status 0x1 message EM_MSG_EM_TO_ET_POST_START_POST
    1.163: TASK: EmPostTask() status 0x1.  Task NOT Removed.
    1.163: TASK: EmPostTask() status 0x1.  Task REMOVED.
    1.163: TASK: DumpTaskList() - pHead: 0x00035914 @ 0x0001A134
    1.163: TASK: DumpTaskList() - Task: EmOptionTimerTask()  Priority: 0x00 @ 0x00035914 pContext: 0x000353A4 pKill: 0x60154FE5 pTask: 0x60154FED pNextTask: 0x00035814 pPrevTask: 0x00000000 pMessage: 0x000356CC ppHead: 0x0001A134
    1.163: TASK: DumpMsgQueue() - Message: EM_MSG_ET_TO_ET_LOAD_TIMER @ 0x000356CC pNextMsg: 0x00000000
    1.163: TASK: DumpTaskList() - Task: EmPostTimerTask()  Priority: 0x00 @ 0x00035814 pContext: 0x00035A08 pKill: 0x60154FE5 pTask: 0x60154FED pNextTask: 0x00000000 pPrevTask: 0x00035914 pMessage: 0x000356CC ppHead: 0x0001A134
    1.163: TASK: DumpMsgQueue() - Message: EM_MSG_ET_TO_ET_LOAD_TIMER @ 0x000356CC pNextMsg: 0x00000000
    1.164, 0.000, 'MtrFeedSep_state',                5,        176, 0, 0
    1.164, 0.000, 'MtrFeedSep_position',               0.08,  185, 0, 0
    1.164: EngineDriverRequest(): TURNON_SENSOR_POWER_IMMEDIATE    
    1.164: mtr_hw.c: line 2578 - Turnon Mtr CMY_PC
    1.164, 0.000, 'MtrCMYPC_state',                  5,        192, 0, 0
    1.164, 0.000, 'MtrCMY_PC_Position',                0.00,  106, 0, 0
    1.164: MOTOR: BLDC motorID CMY_PC, Behavior: CMY_PC_RUN_FORWARD State: BLDC_WAIT_FOR_START_DELAY
    1.164: EngineDriverRequest(): TURNON_SENSOR_POWER_IMMEDIATE    
    1.164: mtr_hw.c: line 2578 - Turnon Mtr K_ITM
    1.164, 0.000, 'MtrKITM_state',                   5,        173, 0, 0
    1.164, 0.000, 'MtrKITM_position',                  0.00,  181, 0, 0
    1.164: MOTOR: BLDC motorID K_ITM, Behavior: K_ITM_RUN_FORWARD State: BLDC_WAIT_FOR_START_DELAY
    1.161: Option Manager State: OPT_MGR_ATTACH
    1.164: IP: IP_COMMAND_NV_OPERATION_RESULT Command  Rcvd - Command Code: 0xD2 Data: 0x01010000 0x008B0102 0xB0027502 0x01030103 0x01030103 0x01030101 0x0062 
    1.164: IP: IP_COMMAND_NV_OPERATION_RESULT Response Sent - Command Code: 0xD2 Data: None 
    1.165: SUPPLIES: Requesting Read NV: id=31f5H rc=-1 
    1.163: PPCMD OpCode: OC_OPCODE_CCND=0x05 Control: 0x02 Address: 0x7F Data: 0x00000000 0x00000000 0x00
    1.163: PPCMD Tx LinkReset
    1.165:   0x8b
    1.165:   0x01
    1.169: TpOpPointSetLinearizationData: Resolution = 600, Stochastic = 1, Color = 3, Valid = 1, pData? = 1, pBuffer? = 1, 
    1.169: TPS StringId='0' Comment='TP: TpDrv.c - Error' Prefix_Sensor='0' Prefix_Line='972' Error='-1'
    1.165:   0x02
    1.171, 0.000, 'MtrCMYPC_mmpsec',                  75.31,  132, 0, 0
    1.171: EngineDriverRequest(): TURNON_SENSOR_POWER_IMMEDIATE    
    1.171: mtr_hw.c: line 2578 - Turnon Mtr CMY_PC
    1.171: MOTOR: BLDC motorID CMY_PC, Behavior: CMY_PC_RUN_FORWARD State: BLDC_START_AFTER_ENABLED
    1.165:   0xb0
    1.165:   0x02
    1.171: Old Pos Sensors State: 0003 New Pos Sensors State: 0002
    1.165:   0x75
    1.172: PH: Jake = 0: PhChangeNvramStateMachineState() - 0 -> 1
    1.172: PHNVMgr StateChange = 1->2
    1.173, 0.000, 'MtrKITM_mmpsec',                   75.53,  144, 0, 0
    1.173: EngineDriverRequest(): TURNON_SENSOR_POWER_IMMEDIATE    
    1.173: mtr_hw.c: line 2578 - Turnon Mtr K_ITM
    1.173: MOTOR: BLDC motorID K_ITM, Behavior: K_ITM_RUN_FORWARD State: BLDC_START_AFTER_ENABLED
    1.165:   0x02
    1.173: TASK: EmOptionTimerTask() status 0x1.  Task NOT Removed.
    1.173: TASK: EmPostTimerTask() status 0x1.  Task NOT Removed.
    1.174: NV_OPERATION_FINISH; READ_NV_VAR; ID; 306b; Op Time; 20ms 
    1.165:   0x01
    1.175: SUPPLIES: SupplyNvramMgrState update: 101 --> 102 
    1.176: MOTOR: BMCOM_ResetMotorAndDriver motorID FEED_SEP Behavior FEED_SEP_FORWARD STOP_PENDING at 13 ms Encoder Count 2
    1.176, 0.000, 'MtrFeedSep_mmpsec',                 0.00,  128, 0, 0
    1.176: MOTOR: BMCOM motorID FEED_SEP Shutdown Condition Met: State STOP_PENDING EncCnt: 2 Desired: 2
    1.165:   0x03
    1.165:   0x01
    1.165:   0x03
    1.165:   0x01
    1.179: TpTriggerSetLsuTemp_C  LsuTemp_C = 32.00  PreviousLsuTemp_C =  0.00, 
    1.165:   0x03
    1.181: EngineDriverRequest(): TURNON_SENSOR_POWER_IMMEDIATE    
    1.181: mtr_hw.c: line 2289 - Turnon Mtr CMY_PC
    1.181: MOTOR: BLDC motorID CMY_PC, Behavior: CMY_PC_RUN_FORWARD State: BLDC_ENCODER_SIGNAL_STABILIZE
    1.181: MOTOR: BLDC motorID CMY_PC New MinHallPeriod = 0, RPM = 0
    1.165:   0x01
    1.165:   0x03
    1.165:   0x01
    1.183: EngineDriverRequest(): TURNON_SENSOR_POWER_IMMEDIATE    
    1.183: mtr_hw.c: line 2289 - Turnon Mtr K_ITM
    1.183: MOTOR: BLDC motorID K_ITM, Behavior: K_ITM_RUN_FORWARD State: BLDC_ENCODER_SIGNAL_STABILIZE
    1.183: MOTOR: BLDC motorID K_ITM New MinHallPeriod = 0, RPM = 0
    1.165:   0x03
    1.184: Nfy REQUEST_NV_OPERATION=0xE0 0x00 0x00 0x00
    1.184: NV_OPERATION_START; READ_NV_VAR; ID; 31f5 
    1.165:   0x01
    1.165:   0x01
    1.165:   0x00
    1.187: MOTOR: BMCOM motorID FEED_SEP STOP_DONE at 24 ms Stop Time Was 9 ms Stop Distance Was 4
<BDC_MONITOR EngineTime='    1.187'  RealTime='2026-09-23 05:58' StringId='50'  MotorId='FEED_SEP'  Behavior='FEED_SEP_FORWARD' PrinterSideCountStart='157'  PrinterSideCountStop='157'  SpeedCommandStartRadS='104.720'  SpeedCommandStopRadS='0'  SpeedCommandAvgRadS='104.719'  MoveDistanceCommandEdges='0'  MoveTime_ms='24'  MoveDistanceEdges='6'  EsmDebounceTime_ms='13'  EsmDebounceEdges='2'  SpeedMaxRadS='34.346'  SpeedMinRadS='0.000'  SpeedAvgRadS='2.641'  ControlPwmMax='967'  ControlPwmMin='0'  ControlPwmAvg='546'  MotorMaxAmps='0.000'  MotorMinAmps='-0.000'  MotorAvgAmps='0.000' UnderSpeedTime_ms='0'  StopTime_ms='11'  StopDistanceEdges='4'/>
<BDC_HEALTH_CHECK EngineTime='    1.187' StringId='54' PrinterSideCount='157' RealTime='2026-09-23 05:58' MotorId='FEED_SEP' Behavior='FEED_SEP_FORWARD' RampTime_ms='0' AvgControlVoltage='0.0' AvgSpeed_RadPerS='0.0' AvgLoad_mNm='0.0' SpeedErrorVarianceRadPerS2='0.0' WindingTemperature_degC='0.0' />
    1.187, 0.000, 'MtrFeedSep_state',                0,        176, 0, 0
    1.187: HB: J1 HbUpdateMotorRunningStatus() - FEED_SEP IsMotorRunning = 0x0 FilteredSensorIsMade = 0x0 IgnoreTimeout = 0x0 MotorRunningTimer = 2
    1.165:   0x62
    1.165: ceh - nv read data: get CalVoltage 0x000175b0, CountdownPages 0x0000
    1.166: PPCMD OpCode: OC_OPCODE_CCND=0x05 Control: 0x03 Address: 0x7F Data: 0x00000000 0x00000000 0x00
    1.192: HB: J1 HbHangBuster() - FEED_SEP IsMotorRunning = 0x0 FilteredSensorIsMade = 0x0 IgnoreTimeout = 0x0 MotorRunningTimer = 0
    1.167: PPCMD OpCode: OC_OPCODE_CCND=0x05 Control: 0x02 Address: 0x7F Data: 0x00000000 0x00000000 0x00
    1.167: PPCMD Tx LinkReset
    1.170: PPCMD OpCode: OC_OPCODE_CCND=0x05 Control: 0x03 Address: 0x7F Data: 0x00000000 0x00000000 0x00
    1.195: IP: IP_COMMAND_NV_OPERATION_RESULT Command  Rcvd - Command Code: 0xD2 Data: 0x01010000 0x008E5807 0x31000000 0x00000000 0x00145B04 0x31000000 0x00000000 0x00000000 0x00395709 0x31000000 Remaining bytes:  57) 
    1.195: IP: IP_COMMAND_NV_OPERATION_RESULT Command  Rcvd - Command Code: 0xD2 Data: 0x00000000 0x00E46714 0x31000000 0x00000000 0x00E65000 0xA05C0C90 0x32940293 0x32000000 0x00000000 0x00000000 Remaining bytes:  17) 
    1.195: IP: IP_COMMAND_NV_OPERATION_RESULT Command  Rcvd - Command Code: 0xD2 Data: 0x00000000 0x00000000 0x00000000 0x00000000 0x00 
    1.195: SUPPLIES: Read NV Callback Rx: id=31f5H 
    1.195:  NV Address: 0x00000000: 0x8e 0x58 0x07 0x31 0x00 0x00 0x00 0x00 0x00 0x00   
    1.195:  NV Address: 0x0000000a: 0x00 0x00 0x14 0x5b 0x04 0x31 0x00 0x00 0x00 0x00   
    1.195:  NV Address: 0x00000014: 0x00 0x00 0x00 0x00 0x00 0x00 0x00 0x00 0x39 0x57   
    1.195:  NV Address: 0x0000001e: 0x09 0x31 0x00 0x00 0x00 0x00 0x00 0x00 0x00 0x00   
    1.195:  NV Address: 0x00000028: 0xe4 0x67 0x14 0x31 0x00 0x00 0x00 0x00 0x00 0x00   
    1.195:  NV Address: 0x00000032: 0x00 0x00 0xe6 0x50 0x00 0xa0 0x5c 0x0c 0x90 0x32   
    1.195:  NV Address: 0x0000003c: 0x94 0x02 0x93 0x32 0x00 0x00 0x00 0x00 0x00 0x00   
    1.195:  NV Address: 0x00000046: 0x00 0x00 0x00 0x00 0x00 0x00 0x00 0x00 0x00 0x00   
    1.195:  NV Address: 0x00000050: 0x00 0x00 0x00 0x00 0x00 0x00 0x00 0x00 0x00 0x00   
    1.195: IP: IP_COMMAND_NV_OPERATION_RESULT Response Sent - Command Code: 0xD2 Data: None 
    1.171: PPCMD OpCode: OC_OPCODE_CCND=0x05 Control: 0x02 Address: 0x7F Data: 0x00000000 0x00000000 0x00
    1.171: PPCMD Tx LinkReset
    1.174: PPCMD OpCode: OC_OPCODE_CCND=0x05 Control: 0x03 Address: 0x7F Data: 0x00000000 0x00000000 0x00
    1.175: PPCMD OpCode: OC_OPCODE_CCND=0x05 Control: 0x02 Address: 0x7F Data: 0x00000000 0x00000000 0x00
    1.175: PPCMD Tx LinkReset
    1.175: ceh - NV read after 1 attempts
    1.178: PPCMD OpCode: OC_OPCODE_CCND=0x05 Control: 0x03 Address: 0x7F Data: 0x00000000 0x00000000 0x00
    1.179: PPCMD OpCode: OC_OPCODE_SCR=0x00 Control: 0x02 Address: 0x7F Data: 0x00000000 0x00000000 0x00
    1.204: NV_OPERATION_FINISH; READ_NV_VAR; ID; 31f5; Op Time; 20ms 
    1.179: PPCMD Tx LinkReset
    1.205: SUPPLIES: SupplyNvramMgrState update: 102 --> 103 
    1.182: PPCMD OpCode: OC_OPCODE_SCR=0x00 Control: 0x03 Address: 0x7F Data: 0x00000000 0x00000000 0x00
    1.183: PPCMD OpCode: OC_OPCODE_SMC=0xFD Control: 0x02 Address: 0x70 Data: 0x04000000 0x00000000 0x00
    1.194: PPCMD OpCode: OC_OPCODE_SMC=0xFD Control: 0x03 Address: 0x70 Data: 0x04023800 0xCC000000 0x00
    1.196: PPCMD OpCode: OC_OPCODE_SMC=0xFD Control: 0x02 Address: 0x70 Data: 0x04010400 0x00000000 0x00
    1.202: PPCMD OpCode: OC_OPCODE_SMC=0xFD Control: 0x03 Address: 0x70 Data: 0x04010400 0x00000000 0x00
    1.203: PPCMD OpCode: OC_OPCODE_SMC=0xFD Control: 0x02 Address: 0x70 Data: 0x0403000F 0x00000000 0x00
    1.209: PPCMD OpCode: OC_OPCODE_SMC=0xFD Control: 0x03 Address: 0x70 Data: 0x0403000F 0x00000000 0x00
    1.210: PPCMD OpCode: OC_OPCODE_SMC=0xFD Control: 0x02 Address: 0x70 Data: 0x04030105 0x00000000 0x00
    1.215: SUPPLIES: Requesting Read NV: id=322bH rc=0 
    1.215: SUPPLIES: SupplyNvramMgrState update: 103 --> 104 
    1.216: PPCMD OpCode: OC_OPCODE_SMC=0xFD Control: 0x03 Address: 0x70 Data: 0x04030105 0x00000000 0x00
    1.223: TASK: EmPostTimerTask() status 0x1.  Task REMOVED.
    1.223: TASK: DumpTaskList() - pHead: 0x00035914 @ 0x0001A134
    1.223: TASK: DumpTaskList() - Task: EmOptionTimerTask()  Priority: 0x00 @ 0x00035914 pContext: 0x000353A4 pKill: 0x60154FE5 pTask: 0x60154FED pNextTask: 0x00000000 pPrevTask: 0x00000000 pMessage: 0x00000000 ppHead: 0x0001A134
    1.223: TASK: Message EM_MSG_ET_TO_ET_POST_TIMED_OUT sent to EmPostTask()
    1.224: Nfy REQUEST_NV_OPERATION=0xE0 0x00 0x00 0x00
    1.224: NV_OPERATION_START; READ_NV_VAR; ID; 322b 
    1.231: MOTOR: BLDC motorID CMY_PC, Behavior: CMY_PC_RUN_FORWARD State: BLDC_WF_ENCODER_COUNT
    1.233: MOTOR: BLDC motorID K_ITM, Behavior: K_ITM_RUN_FORWARD State: BLDC_WF_ENCODER_COUNT
    1.233: TASK: EmPostTask() status 0x1.  Task NOT Removed.
    1.233: EP: Request = EP_REQUEST_HVPS_CHECK
    1.233: EP: Control change: EP_CONTROL_LOCATION_CHARGE_DC_BLACK -> EP_CONTROL_LEVEL_OFF
    1.233: EP: Control change: EP_CONTROL_LOCATION_CHARGE_DC_CMY -> EP_CONTROL_LEVEL_OFF
    1.233: EP: Control change: EP_CONTROL_LOCATION_DEVELOPER_DC_BLACK -> EP_CONTROL_LEVEL_OFF
    1.233: EP: Control change: EP_CONTROL_LOCATION_DEVELOPER_DC_CYAN -> EP_CONTROL_LEVEL_OFF
    1.233: EP: Control change: EP_CONTROL_LOCATION_DEVELOPER_DC_MAGENTA -> EP_CONTROL_LEVEL_OFF
    1.233: EP: Control change: EP_CONTROL_LOCATION_DEVELOPER_DC_YELLOW -> EP_CONTROL_LEVEL_OFF
    1.233: ELAMP: ReportEraseLampCurrentSamplePwm: RequestType = 0, Pwm = 0.000000
    1.233: EP: Control change: EP_CONTROL_LOCATION_ERASE_LAMP_BLACK -> EP_CONTROL_LEVEL_OFF
    1.233: ELAMP: ReportEraseLampCurrentSamplePwm: RequestType = 0, Pwm = 0.000000
    1.233: EP: Control change: EP_CONTROL_LOCATION_ERASE_LAMP_CMY -> EP_CONTROL_LEVEL_OFF
    1.233, 0.000, 'EP_XFER1_BLACK',               -900,        100, 0, 0
    1.233: EP: Control change: EP_CONTROL_LOCATION_XFER1_BLACK -> EP_CONTROL_LEVEL_ZERO_VOLT
    1.233, 0.000, 'EP_XFER1_CYAN',                -900,        101, 0, 0
    1.233: EP: Control change: EP_CONTROL_LOCATION_XFER1_CMY -> EP_CONTROL_LEVEL_ZERO_VOLT
    1.233, 0.000, 'EP_XFER2_VOLTAGE',                0,        104, 0, 0
    1.233: EP: Control change: EP_CONTROL_LOCATION_XFER2 -> EP_CONTROL_LEVEL_ZERO_VOLT
    1.233: MOTOR: BLDC_ClientShutdownMotor motorID K_ITM CMD Distance: 0
    1.233: EP: Control change: EP_CONTROL_LOCATION_PC_MOTOR_K_ITM -> EP_CONTROL_LEVEL_OFF
    1.233: MOTOR: BLDC_ClientShutdownMotor motorID CMY_PC CMD Distance: 0
    1.233: EP: Control change: EP_CONTROL_LOCATION_PC_MOTOR_CMY -> EP_CONTROL_LEVEL_OFF
    1.233: phDriverRequest: PH_WRITE_BLOCK_LASER_SERVO_FLAG
    1.233: EP: Blocking laser servo
    1.233: TASK: Message EM_MSG_ET_TO_ET_LOAD_TIMER sent to EmPostTimerTask()
    1.233: EM: EmPostChangeState() - EM_POST_STATE_W_F_MOTOR_TEST_DONE -> EM_POST_STATE_W_F_HVPS_TEST_DONE
    1.233: TASK: EmPostTask() status 0x1.  Task REMOVED.
    1.233: TASK: DumpTaskList() - pHead: 0x00035914 @ 0x0001A134
    1.233: TASK: DumpTaskList() - Task: EmOptionTimerTask()  Priority: 0x00 @ 0x00035914 pContext: 0x000353A4 pKill: 0x60154FE5 pTask: 0x60154FED pNextTask: 0x00035814 pPrevTask: 0x00000000 pMessage: 0x00000000 ppHead: 0x0001A134
    1.233: TASK: DumpTaskList() - Task: EmPostTimerTask()  Priority: 0x00 @ 0x00035814 pContext: 0x00035A08 pKill: 0x60154FE5 pTask: 0x60154FED pNextTask: 0x00000000 pPrevTask: 0x00035914 pMessage: 0x000356CC ppHead: 0x0001A134
    1.233: TASK: DumpMsgQueue() - Message: EM_MSG_ET_TO_ET_LOAD_TIMER @ 0x000356CC pNextMsg: 0x00000000
    1.235: IP: IP_COMMAND_NV_OPERATION_RESULT Command  Rcvd - Command Code: 0xD2 Data: 0x01010000 0x00000000 0x00000000 0x00000000 0x00000000 0x00000000 0x00000000 0x00000000 0x00000000 0x00000000 Remaining bytes:  57) 
    1.235: IP: IP_COMMAND_NV_OPERATION_RESULT Command  Rcvd - Command Code: 0xD2 Data: 0x00000000 0x00000000 0x00000000 0x00000000 0x00000000 0x00000000 0x00000000 0x00000000 0x00000000 0x000000E6 Remaining bytes:  17) 
    1.235: IP: IP_COMMAND_NV_OPERATION_RESULT Command  Rcvd - Command Code: 0xD2 Data: 0x5000A05C 0x0C903294 0x02933200 0x00000000 0x00 
    1.235: SUPPLIES: Read NV Callback Rx: id=322bH 
    1.235: IP: IP_COMMAND_NV_OPERATION_RESULT Response Sent - Command Code: 0xD2 Data: None 
    1.243: TASK: EmPostTimerTask() status 0x1.  Task NOT Removed.
    1.244: NV_OPERATION_FINISH; READ_NV_VAR; ID; 322b; Op Time; 20ms 
    1.245: SUPPLIES: SupplyNvramMgrState update: 104 --> 105 
    1.253: MOTOR: BLDC motorID K_ITM EncoderCount: 5
    1.253: MOTOR: BLDC motorID K_ITM, Behavior: K_ITM_RUN_FORWARD State: BLDC_TEST_SPEED_USING_ENCODER
    1.253, 0.000, 'EP_XFER1_BLACK',                  0,        100, 0, 0
    1.253: EP: Control change: EP_CONTROL_LOCATION_XFER1_BLACK -> EP_CONTROL_LEVEL_HVPS_ON
    1.253, 0.000, 'EP_XFER1_CYAN',                   0,        101, 0, 0
    1.253: EP: Control change: EP_CONTROL_LOCATION_XFER1_CMY -> EP_CONTROL_LEVEL_HVPS_ON
    1.255: SUPPLIES: Requesting Read NV: id=322cH rc=0 
    1.255: SUPPLIES: SupplyNvramMgrState update: 105 --> 106 
    1.263: MOTOR: BLDC motorID K_ITM Hall_Period: 249804 ValidCLEntry: 116707 RPM: 392 ValidCLRPM: 841
    1.264: MOTOR: BLDC motorID CMY_PC, Shutdown Condition Met HallCnt: 2 Desired 2
    1.264: Nfy REQUEST_NV_OPERATION=0xE0 0x00 0x00 0x00
    1.264: NV_OPERATION_START; READ_NV_VAR; ID; 322c 
    1.271: MOTOR: BLDC motorID CMY_PC Motor Vendor: Nidec
    1.271, 0.000, 'MtrCMYPC_mmpsec',                   0.00,  132, 0, 0
    1.271: EP: Control status change: EP_CONTROL_LOCATION_PC_MOTOR_CMY -> EP_CONTROL_STATUS_LOCK_LOST
    1.271: MOTOR: BLDC motorID CMY_PC, Behavior: CMY_PC_RUN_FORWARD State: BLDC_STOPPING
    1.273: MOTOR: BLDC motorID K_ITM Hall_Period: 222147 ValidCLEntry: 116707 RPM: 441 ValidCLRPM: 841
    1.275: IP: IP_COMMAND_NV_OPERATION_RESULT Command  Rcvd - Command Code: 0xD2 Data: 0x01010000 0x00000000 0x00000000 0x00000000 0x00000000 0x00000000 0x00008000 0x00005000 0x00008AC2 0x00000000 Remaining bytes:  57) 
    1.275: IP: IP_COMMAND_NV_OPERATION_RESULT Command  Rcvd - Command Code: 0xD2 Data: 0x00008E58 0x0731145B 0x04313957 0x0931E467 0x14310000 0x00000000 0x00000000 0x00000000 0x00000000 0x00000000 Remaining bytes:  17) 
    1.275: IP: IP_COMMAND_NV_OPERATION_RESULT Command  Rcvd - Command Code: 0xD2 Data: 0x00000000 0x00000000 0x00000000 0x00000000 0x00 
    1.275: SUPPLIES: Read NV Callback Rx: id=322cH 
    1.275: IP: IP_COMMAND_NV_OPERATION_RESULT Response Sent - Command Code: 0xD2 Data: None 
<BLDC_HEALTH_CHECK EngineTime='    1.281' StringId='55' PrinterSideCount='157' RealTime='2026-09-23 05:58' MotorId='CMY_PC' Behavior='CMY_PC_RUN_FORWARD' RampTime_ms='0' AvgIntegratorValue='0.0' MaxRampIntegratorValue='0.0' MaxIntegratorValue='0.0' AvgSpeed_RadPerS='22.6' PhaseAdvance='28' RailV='24.6' Vendor_ID='0' />
    1.283: MOTOR: BLDC motorID K_ITM, Shutdown Condition Met HallCnt: 2 Desired 2
    1.283, 0.000, 'MtrKITM_mmpsec',                    0.00,  144, 0, 0
    1.283: EP: Control status change: EP_CONTROL_LOCATION_PC_MOTOR_K_ITM -> EP_CONTROL_STATUS_LOCK_LOST
    1.283: MOTOR: BLDC motorID K_ITM, Behavior: K_ITM_RUN_FORWARD State: BLDC_STOPPING
    1.284: NV_OPERATION_FINISH; READ_NV_VAR; ID; 322c; Op Time; 20ms 
    1.285: SUPPLIES: SupplyNvramMgrState update: 106 --> 107 
<BLDC_HEALTH_CHECK EngineTime='    1.293' StringId='55' PrinterSideCount='157' RealTime='2026-09-23 05:58' MotorId='K_ITM' Behavior='K_ITM_RUN_FORWARD' RampTime_ms='0' AvgIntegratorValue='0.0' MaxRampIntegratorValue='0.0' MaxIntegratorValue='0.0' AvgSpeed_RadPerS='13.0' PhaseAdvance='0' RailV='24.6' Vendor_ID='0' />
    1.295: SUPPLIES: Requesting Read NV: id=14d1H rc=0 
    1.295: SUPPLIES: SupplyNvramMgrState update: 107 --> 108 
    1.304: Nfy REQUEST_NV_OPERATION=0xE0 0x00 0x00 0x00
    1.304: NV_OPERATION_START; READ_NV_VAR; ID; 14d1 
    1.305: SUPPLIES: Memory: Disable_I2C_BusPower delay complete 
    1.305: SUPPLIES: Memory: Enable_I2C_BusPower: Delay: 500mS 
    1.312: IP: IP_COMMAND_NV_OPERATION_RESULT Command  Rcvd - Command Code: 0xD2 Data: 0x01010000 0x00000000 0x00 
    1.312: SUPPLIES: Read NV Callback Rx: id=14d1H 
    1.312: IP: IP_COMMAND_NV_OPERATION_RESULT Response Sent - Command Code: 0xD2 Data: None 
    1.313: mtr_hw.c: line 2686 - Turnoff Mtr K_ITM MtrActive 1
    1.313: MOTOR: BLDC motorID K_ITM, Behavior: K_ITM_RUN_FORWARD State: BLDC_WAIT_TO_REPORT_STOP
    1.314: NV_OPERATION_FINISH; READ_NV_VAR; ID; 14d1; Op Time; 10ms 
    1.315: SUPPLIES: SupplyNvramMgrState update: 108 --> 109 
    1.325: SUPPLIES: Requesting Read NV: id=14d2H rc=0 
    1.325: SUPPLIES: SupplyNvramMgrState update: 109 --> 110 
    1.334: Nfy REQUEST_NV_OPERATION=0xE0 0x00 0x00 0x00
    1.334: NV_OPERATION_START; READ_NV_VAR; ID; 14d2 
    1.342: IP: IP_COMMAND_NV_OPERATION_RESULT Command  Rcvd - Command Code: 0xD2 Data: 0x01010000 0x00000000 0x00 
    1.342: SUPPLIES: Read NV Callback Rx: id=14d2H 
    1.342: IP: IP_COMMAND_NV_OPERATION_RESULT Response Sent - Command Code: 0xD2 Data: None 
    1.344: NV_OPERATION_FINISH; READ_NV_VAR; ID; 14d2; Op Time; 10ms 
    1.345: SUPPLIES: SupplyNvramMgrState update: 110 --> 125 
    1.355: SUPPLIES: Requesting Read NV: id=15aH rc=0 
    1.355: SUPPLIES: SupplyNvramMgrState update: 125 --> 126 
    1.361: mtr_hw.c: line 2686 - Turnoff Mtr CMY_PC MtrActive 0
    1.361: MOTOR: BLDC motorID CMY_PC, Behavior: CMY_PC_RUN_FORWARD State: BLDC_WAIT_TO_REPORT_STOP
    1.364: Nfy REQUEST_NV_OPERATION=0xE0 0x00 0x00 0x00
    1.364: NV_OPERATION_START; READ_NV_VAR; ID; 015a 
    1.372: IP: IP_COMMAND_NV_OPERATION_RESULT Command  Rcvd - Command Code: 0xD2 Data: 0x01010000 0x00000000 0x00000000 0x00000000 0x00000000 0x00000000 0x00000000 0x00000000 0x00000000 0x0000 
    1.372: SUPPLIES: Read NV Callback Rx: id=15aH 
    1.372: IP: IP_COMMAND_NV_OPERATION_RESULT Response Sent - Command Code: 0xD2 Data: None 
    1.374: NV_OPERATION_FINISH; READ_NV_VAR; ID; 015a; Op Time; 10ms 
    1.375: SUPPLIES: SupplyNvramMgrState update: 126 --> 111 
    1.385: SUPPLIES: Requesting Read NV: id=14d3H rc=0 
    1.385: SUPPLIES: SupplyNvramMgrState update: 111 --> 112 
    1.394: Nfy REQUEST_NV_OPERATION=0xE0 0x00 0x00 0x00
    1.394: NV_OPERATION_START; READ_NV_VAR; ID; 14d3 
    1.402: IP: IP_COMMAND_NV_OPERATION_RESULT Command  Rcvd - Command Code: 0xD2 Data: 0x01010000 0x00000000 0x00 
    1.402: SUPPLIES: Read NV Callback Rx: id=14d3H 
    1.402: IP: IP_COMMAND_NV_OPERATION_RESULT Response Sent - Command Code: 0xD2 Data: None 
    1.404: NV_OPERATION_FINISH; READ_NV_VAR; ID; 14d3; Op Time; 10ms 
    1.405: SUPPLIES: SupplyNvramMgrState update: 112 --> 121 
    1.415: SUPPLIES: Requesting Read NV: id=3226H rc=0 
    1.415: SUPPLIES: SupplyNvramMgrState update: 121 --> 122 
    1.424: Nfy REQUEST_NV_OPERATION=0xE0 0x00 0x00 0x00
    1.424: NV_OPERATION_START; READ_NV_VAR; ID; 3226 
    1.433: IP: IP_COMMAND_NV_OPERATION_RESULT Command  Rcvd - Command Code: 0xD2 Data: 0x01010000 0x00230000 0x00000000 0x000E0000 0x000D0000 0x001709EA 0x07060500 0x00000000 0x00 
    1.433: SUPPLIES: NV: Nv received NPA_ArwenLatchedData id=0x3226 
    1.433: IP: IP_COMMAND_NV_OPERATION_RESULT Response Sent - Command Code: 0xD2 Data: None 
    1.434: NV_OPERATION_FINISH; READ_NV_VAR; ID; 3226; Op Time; 10ms 
    1.435: SUPPLIES: SupplyNvramMgrState update: 122 --> 127 
    1.445: SUPPLIES: Requesting Read NV: id=3334H rc=0 
    1.445: SUPPLIES: SupplyNvramMgrState update: 127 --> 128 
    1.453: TASK: EmPostTimerTask() status 0x1.  Task REMOVED.
    1.453: TASK: DumpTaskList() - pHead: 0x00035914 @ 0x0001A134
    1.453: TASK: DumpTaskList() - Task: EmOptionTimerTask()  Priority: 0x00 @ 0x00035914 pContext: 0x000353A4 pKill: 0x60154FE5 pTask: 0x60154FED pNextTask: 0x00000000 pPrevTask: 0x00000000 pMessage: 0x00000000 ppHead: 0x0001A134
    1.453: TASK: Message EM_MSG_ET_TO_ET_POST_TIMED_OUT sent to EmPostTask()
    1.454: Nfy REQUEST_NV_OPERATION=0xE0 0x00 0x00 0x00
    1.454: NV_OPERATION_START; READ_NV_VAR; ID; 3334 
    1.462: IP: IP_COMMAND_NV_OPERATION_RESULT Command  Rcvd - Command Code: 0xD2 Data: 0x01010000 0x00000000 0x00000000 0x00000000 0x00000000 0x00000000 0x00000000 0x00000000 0x00000000 0x00000000 Remaining bytes:   5) 
    1.462: IP: IP_COMMAND_NV_OPERATION_RESULT Command  Rcvd - Command Code: 0xD2 Data: 0x00000000 0x00 
    1.462: SUPPLIES: Read NV Callback Rx: id=3334H 
    1.462: IP: IP_COMMAND_NV_OPERATION_RESULT Response Sent - Command Code: 0xD2 Data: None 
    1.463: TASK: EmPostTask() status 0x1.  Task NOT Removed.
    1.463: EP: Request = EP_REQUEST_HVPS_ENABLE_ON
    1.463: PhSetThermalBlackTopMarginAdjustment() - TopMarginAdjustMm = -0.003357: MmPerHsyncs = 0.042328
    1.463: EP: Control change: EP_CONTROL_LOCATION_CHARGE_DC_BLACK -> EP_CONTROL_LEVEL_HVPS_ON
    1.463: EP: Control change: EP_CONTROL_LOCATION_CHARGE_DC_CMY -> EP_CONTROL_LEVEL_HVPS_ON
    1.463: EP: Control change: EP_CONTROL_LOCATION_DEVELOPER_DC_BLACK -> EP_CONTROL_LEVEL_HVPS_ON
    1.463: EP: Control change: EP_CONTROL_LOCATION_DEVELOPER_DC_CYAN -> EP_CONTROL_LEVEL_HVPS_ON
    1.463: EP: Control change: EP_CONTROL_LOCATION_DEVELOPER_DC_MAGENTA -> EP_CONTROL_LEVEL_HVPS_ON
    1.463: EP: Control change: EP_CONTROL_LOCATION_DEVELOPER_DC_YELLOW -> EP_CONTROL_LEVEL_HVPS_ON
    1.463, 0.000, 'EP_XFER2_VOLTAGE',             -400,        104, 0, 0
    1.463: EP: Control change: EP_CONTROL_LOCATION_XFER2 -> EP_CONTROL_LEVEL_HVPS_ON
    1.463: EP: Control change: EP_CONTROL_LOCATION_ENABLE_HVPS -> EP_CONTROL_LEVEL_ON
    1.463: EP: Request = EP_REQUEST_SECOND_TRANSFER_ROLL_CHECK
    1.463: EM: EmPostChangeState() - EM_POST_STATE_W_F_HVPS_TEST_DONE -> EM_POST_STATE_W_F_PROJ_SPECIFIC_TESTS
    1.464, 0.000, 'EP_XFER2_VOLTAGE',             4000,        104, 0, 0
    1.464: EP: Control change: EP_CONTROL_LOCATION_XFER2 -> EP_CONTROL_LEVEL_ROLL_DETECT
    1.464: EP: Control change: EP_CONTROL_LOCATION_ENABLE_XFER2 -> EP_CONTROL_LEVEL_ON
    1.464: EP: SecondXferRollDetectGoToNextState() - EP_SECOND_XFER_ROLL_DETECT_STATE_IDLE -> EP_SECOND_XFER_ROLL_DETECT_STATE_W_F_VOLTAGE
    1.464: NV_OPERATION_FINISH; READ_NV_VAR; ID; 3334; Op Time; 10ms 
    1.465: SUPPLIES: SupplyNvramMgrState update: 128 --> 129 
    1.474: Nfy REQUEST_NV_OPERATION=0xE0 0x00 0x00 0x00
    1.474: NV_OPERATION_START; READ_NV_VAR; ID; 3b0e 
    1.475: SUPPLIES: Requesting Read NV: id=3335H rc=-1 
    1.482: IP: IP_COMMAND_NV_OPERATION_RESULT Command  Rcvd - Command Code: 0xD2 Data: 0x01010000 0x00000000 0x00 
    1.482: IP: IP_COMMAND_NV_OPERATION_RESULT Response Sent - Command Code: 0xD2 Data: None 
    1.484: NV_OPERATION_FINISH; READ_NV_VAR; ID; 3b0e; Op Time; 10ms 
    1.485: SUPPLIES: SupplyNvramMgrState update: 129 --> 130 
    1.494: Nfy REQUEST_NV_OPERATION=0xE0 0x00 0x00 0x00
    1.494: NV_OPERATION_START; READ_NV_VAR; ID; 3335 
    1.502: IP: IP_COMMAND_NV_OPERATION_RESULT Command  Rcvd - Command Code: 0xD2 Data: 0x01010000 0x00000000 0x00000000 0x00000000 0x00000000 0x00000000 0x00000000 0x00000000 0x00000000 0x00000000 Remaining bytes:   5) 
    1.502: IP: IP_COMMAND_NV_OPERATION_RESULT Command  Rcvd - Command Code: 0xD2 Data: 0x00000000 0x00 
    1.502: SUPPLIES: Read NV Callback Rx: id=3335H 
    1.502: IP: IP_COMMAND_NV_OPERATION_RESULT Response Sent - Command Code: 0xD2 Data: None 
    1.504: NV_OPERATION_FINISH; READ_NV_VAR; ID; 3335; Op Time; 10ms 
    1.505: SUPPLIES: SupplyNvramMgrState update: 130 --> 131 
    1.514: Nfy REQUEST_NV_OPERATION=0xE0 0x00 0x00 0x00
    1.514: NV_OPERATION_START; READ_NV_VAR; ID; 3b14 
    1.515: SUPPLIES: Requesting Read NV: id=3336H rc=-1 
    1.522: IP: IP_COMMAND_NV_OPERATION_RESULT Command  Rcvd - Command Code: 0xD2 Data: 0x01010000 0x00000000 0x00 
    1.522: IP: IP_COMMAND_NV_OPERATION_RESULT Response Sent - Command Code: 0xD2 Data: None 
    1.524: NV_OPERATION_FINISH; READ_NV_VAR; ID; 3b14; Op Time; 10ms 
    1.525: SUPPLIES: SupplyNvramMgrState update: 131 --> 132 
    1.534: Nfy REQUEST_NV_OPERATION=0xE0 0x00 0x00 0x00
    1.534: NV_OPERATION_START; READ_NV_VAR; ID; 3336 
    1.543: IP: IP_COMMAND_NV_OPERATION_RESULT Command  Rcvd - Command Code: 0xD2 Data: 0x01010000 0x00000000 0x00000000 0x00000000 0x00000000 0x83000000 0x00000000 0x00000000 0x00000000 0x00000000 Remaining bytes:   5) 
    1.543: IP: IP_COMMAND_NV_OPERATION_RESULT Command  Rcvd - Command Code: 0xD2 Data: 0x00000000 0x00 
    1.543: SUPPLIES: Read NV Callback Rx: id=3336H 
    1.543: IP: IP_COMMAND_NV_OPERATION_RESULT Response Sent - Command Code: 0xD2 Data: None 
    1.544: NV_OPERATION_FINISH; READ_NV_VAR; ID; 3336; Op Time; 10ms 
    1.545: SUPPLIES: SupplyNvramMgrState update: 132 --> 133 
    1.554: Nfy REQUEST_NV_OPERATION=0xE0 0x00 0x00 0x00
    1.554: NV_OPERATION_START; READ_NV_VAR; ID; 3b12 
    1.555: SUPPLIES: Requesting Read NV: id=3337H rc=-1 
    1.562: IP: IP_COMMAND_NV_OPERATION_RESULT Command  Rcvd - Command Code: 0xD2 Data: 0x01010000 0x00000000 0x00 
    1.562: IP: IP_COMMAND_NV_OPERATION_RESULT Response Sent - Command Code: 0xD2 Data: None 
    1.564: EP: SecondXferRollDetectGoToNextState() - EP_SECOND_XFER_ROLL_DETECT_STATE_W_F_VOLTAGE -> EP_SECOND_XFER_ROLL_DETECT_STATE_START_SAMPLE
    1.564: NV_OPERATION_FINISH; READ_NV_VAR; ID; 3b12; Op Time; 10ms 
    1.565: SUPPLIES: SupplyNvramMgrState update: 133 --> 134 
    1.573: EP: Control status change: EP_CONTROL_LOCATION_PC_MOTOR_K_ITM -> EP_CONTROL_STATUS_STOPPED
    1.573: SUPPLIES: Black_DevMotorRunning false 
    1.573: HB: J1 HbUpdateMotorRunningStatus() - K_ITM IsMotorRunning = 0x0 FilteredSensorIsMade = 0x0 IgnoreTimeout = 0x0 MotorRunningTimer = 0
<BLDC_MONITOR EngineTime='    1.573'  StringId='52'  PrinterSideCount='157' RealTime='2026-09-23 05:58' MotorId='K_ITM' Behavior='K_ITM_RUN_FORWARD'  Event='Stop'   DistanceEdges='2' Vendor_ID='0'/>
    1.573: MOTOR: BLDC motorID K_ITM STOPPED: Running Hall Counts 2
    1.573, 0.000, 'MtrKITM_state',                   0,        173, 0, 0
    1.573, 0.000, 'MtrKITM_position',                  2.73,  181, 0, 0
    1.573: MOTOR: BLDC motorID K_ITM, Behavior: K_ITM_RUN_FORWARD State: BLDC_TRANSITION_TO_IDLE
    1.574: EP: InitiateXferCurrentCollection() - Current collection initiated; key: 0xb4..., Samples = 10, SampleDelay = 10, Status = 0
    1.574: EP: SecondXferRollDetectGoToNextState() - EP_SECOND_XFER_ROLL_DETECT_STATE_START_SAMPLE -> EP_SECOND_XFER_ROLL_DETECT_STATE_SAMPLE
    1.574: Nfy REQUEST_NV_OPERATION=0xE0 0x00 0x00 0x00
    1.574: NV_OPERATION_START; READ_NV_VAR; ID; 3337 
    1.582: IP: IP_COMMAND_NV_OPERATION_RESULT Command  Rcvd - Command Code: 0xD2 Data: 0x01010000 0x00000000 0x00000000 0x00000000 0x00000000 0x00000000 0x00000000 0x00000000 0x00000000 0x00000000 Remaining bytes:   5) 
    1.582: IP: IP_COMMAND_NV_OPERATION_RESULT Command  Rcvd - Command Code: 0xD2 Data: 0x00000000 0x00 
    1.582: SUPPLIES: Read NV Callback Rx: id=3337H 
    1.582: IP: IP_COMMAND_NV_OPERATION_RESULT Response Sent - Command Code: 0xD2 Data: None 
    1.583: MOTOR: BLDC motorID K_ITM, Behavior: K_ITM_RUN_FORWARD State: BLDC_IDLE
    1.584: NV_OPERATION_FINISH; READ_NV_VAR; ID; 3337; Op Time; 10ms 
    1.585: SUPPLIES: SupplyNvramMgrState update: 134 --> 135 
    1.594: Nfy REQUEST_NV_OPERATION=0xE0 0x00 0x00 0x00
    1.594: NV_OPERATION_START; READ_NV_VAR; ID; 3b10 
    1.595: SUPPLIES: Requesting Read NV: id=3338H rc=-1 
    1.602: IP: IP_COMMAND_NV_OPERATION_RESULT Command  Rcvd - Command Code: 0xD2 Data: 0x01010000 0x00000000 0x00 
    1.602: IP: IP_COMMAND_NV_OPERATION_RESULT Response Sent - Command Code: 0xD2 Data: None 
    1.604: NV_OPERATION_FINISH; READ_NV_VAR; ID; 3b10; Op Time; 10ms 
    1.605: SUPPLIES: SupplyNvramMgrState update: 135 --> 136 
    1.614: Nfy REQUEST_NV_OPERATION=0xE0 0x00 0x00 0x00
    1.614: NV_OPERATION_START; READ_NV_VAR; ID; 3338 
    1.621: EP: Control status change: EP_CONTROL_LOCATION_PC_MOTOR_CMY -> EP_CONTROL_STATUS_STOPPED
    1.621: SUPPLIES: Color_DevMotorRunning false 
    1.621: HB: J1 HbUpdateMotorRunningStatus() - CMY_PC IsMotorRunning = 0x0 FilteredSensorIsMade = 0x0 IgnoreTimeout = 0x0 MotorRunningTimer = 0
<BLDC_MONITOR EngineTime='    1.621'  StringId='52'  PrinterSideCount='157' RealTime='2026-09-23 05:58' MotorId='CMY_PC' Behavior='CMY_PC_RUN_FORWARD'  Event='Stop'   DistanceEdges='3' Vendor_ID='0'/>
    1.621: MOTOR: BLDC motorID CMY_PC STOPPED: Running Hall Counts 3
    1.621, 0.000, 'MtrCMYPC_state',                  0,        192, 0, 0
    1.621, 0.000, 'MtrCMY_PC_Position',                2.60,  106, 0, 0
    1.621: MOTOR: BLDC motorID CMY_PC, Behavior: CMY_PC_RUN_FORWARD State: BLDC_TRANSITION_TO_IDLE
    1.622: IP: IP_COMMAND_NV_OPERATION_RESULT Command  Rcvd - Command Code: 0xD2 Data: 0x01010000 0x00000000 0x00000000 0x00000000 0x00000000 0x00000000 0x00000000 0x00000000 0x00000000 0x00000000 Remaining bytes:   5) 
    1.622: IP: IP_COMMAND_NV_OPERATION_RESULT Command  Rcvd - Command Code: 0xD2 Data: 0x00000000 0x00 
    1.622: SUPPLIES: Read NV Callback Rx: id=3338H 
    1.622: IP: IP_COMMAND_NV_OPERATION_RESULT Response Sent - Command Code: 0xD2 Data: None 
    1.624: NV_OPERATION_FINISH; READ_NV_VAR; ID; 3338; Op Time; 10ms 
    1.625: SUPPLIES: SupplyNvramMgrState update: 136 --> 137 
    1.631: MOTOR: BLDC motorID CMY_PC, Behavior: CMY_PC_RUN_FORWARD State: BLDC_IDLE
    1.634: Nfy REQUEST_NV_OPERATION=0xE0 0x00 0x00 0x00
    1.634: NV_OPERATION_START; READ_NV_VAR; ID; 3b11 
    1.635: SUPPLIES: Requesting Read NV: id=3339H rc=-1 
    1.637: NON_CON: TMPThreadFunction: State 0 --> 1
    1.642: IP: IP_COMMAND_NV_OPERATION_RESULT Command  Rcvd - Command Code: 0xD2 Data: 0x01010000 0x00000000 0x00 
    1.642: IP: IP_COMMAND_NV_OPERATION_RESULT Response Sent - Command Code: 0xD2 Data: None 
    1.644: NV_OPERATION_FINISH; READ_NV_VAR; ID; 3b11; Op Time; 10ms 
    1.645: SUPPLIES: SupplyNvramMgrState update: 137 --> 138 
    1.647: NON_CON: TMPThreadFunction: State 1 --> 2
    1.654: Nfy REQUEST_NV_OPERATION=0xE0 0x00 0x00 0x00
    1.654: NV_OPERATION_START; READ_NV_VAR; ID; 3339 
    1.662: IP: IP_COMMAND_NV_OPERATION_RESULT Command  Rcvd - Command Code: 0xD2 Data: 0x01010000 0x00000000 0x00000000 0x00000000 0x00000000 0x00000000 0x00000000 0x00000000 0x00000000 0x00000000 Remaining bytes:   5) 
    1.662: IP: IP_COMMAND_NV_OPERATION_RESULT Command  Rcvd - Command Code: 0xD2 Data: 0x00000000 0x00 
    1.662: SUPPLIES: Read NV Callback Rx: id=3339H 
    1.662: IP: IP_COMMAND_NV_OPERATION_RESULT Response Sent - Command Code: 0xD2 Data: None 
    1.664: NV_OPERATION_FINISH; READ_NV_VAR; ID; 3339; Op Time; 10ms 
    1.665: SUPPLIES: SupplyNvramMgrState update: 138 --> 139 
    1.674: EP: EpHwReadServoCurrentCollectionCB() Key: 0xb4; Value: 216.686371
    1.674: Nfy REQUEST_NV_OPERATION=0xE0 0x00 0x00 0x00
    1.674: NV_OPERATION_START; READ_NV_VAR; ID; 3b13 
    1.675: EP: FetchXferCurrentCollectionSample(): Key 0xb4 released
    1.675, 0.000, 'EP_XFER2_VOLTAGE',             -600,        104, 0, 0
    1.675: EP: Control change: EP_CONTROL_LOCATION_XFER2 -> EP_CONTROL_LEVEL_OFF
    1.675: EP: SecondXferRollDetectGoToNextState() - EP_SECOND_XFER_ROLL_DETECT_STATE_SAMPLE -> EP_SECOND_XFER_ROLL_DETECT_STATE_FINISH
    1.675: SUPPLIES: Requesting Read NV: id=3b59H rc=-1 
    1.676: TASK: Message EM_MSG_EM_TO_ET_POST_2XFER_CHECK_DONE sent to EmPostTask()
    1.682: IP: IP_COMMAND_NV_OPERATION_RESULT Command  Rcvd - Command Code: 0xD2 Data: 0x01010000 0x00000000 0x00 
    1.682: IP: IP_COMMAND_NV_OPERATION_RESULT Response Sent - Command Code: 0xD2 Data: None 
    1.683: EP: Request = EP_REQUEST_HVPS_ENABLE_OFF
    1.683: EP: Control change: EP_CONTROL_LOCATION_CHARGE_DC_BLACK -> EP_CONTROL_LEVEL_OFF
    1.683: EP: Control change: EP_CONTROL_LOCATION_CHARGE_DC_CMY -> EP_CONTROL_LEVEL_OFF
    1.683: EP: Control change: EP_CONTROL_LOCATION_DEVELOPER_DC_BLACK -> EP_CONTROL_LEVEL_ZERO_VOLT
    1.683: EP: Control change: EP_CONTROL_LOCATION_DEVELOPER_DC_CYAN -> EP_CONTROL_LEVEL_ZERO_VOLT
    1.683: EP: Control change: EP_CONTROL_LOCATION_DEVELOPER_DC_MAGENTA -> EP_CONTROL_LEVEL_ZERO_VOLT
    1.683: EP: Control change: EP_CONTROL_LOCATION_DEVELOPER_DC_YELLOW -> EP_CONTROL_LEVEL_ZERO_VOLT
    1.683: ELAMP: ReportEraseLampCurrentSamplePwm: RequestType = 0, Pwm = 0.000000
    1.683: EP: Control change: EP_CONTROL_LOCATION_ERASE_LAMP_BLACK -> EP_CONTROL_LEVEL_OFF
    1.683: ELAMP: ReportEraseLampCurrentSamplePwm: RequestType = 0, Pwm = 0.000000
    1.683: EP: Control change: EP_CONTROL_LOCATION_ERASE_LAMP_CMY -> EP_CONTROL_LEVEL_OFF
    1.683, 0.000, 'EP_XFER1_BLACK',               -900,        100, 0, 0
    1.683: EP: Control change: EP_CONTROL_LOCATION_XFER1_BLACK -> EP_CONTROL_LEVEL_ZERO_VOLT
    1.683, 0.000, 'EP_XFER1_CYAN',                -900,        101, 0, 0
    1.683: EP: Control change: EP_CONTROL_LOCATION_XFER1_CMY -> EP_CONTROL_LEVEL_ZERO_VOLT
    1.683, 0.000, 'EP_XFER2_VOLTAGE',                0,        104, 0, 0
    1.683: EP: Control change: EP_CONTROL_LOCATION_XFER2 -> EP_CONTROL_LEVEL_ZERO_VOLT
    1.683: MOTOR: BLDC_ClientShutdownMotor motorID K_ITM CMD Distance: 0
    1.683: EP: Control change: EP_CONTROL_LOCATION_PC_MOTOR_K_ITM -> EP_CONTROL_LEVEL_OFF
    1.683: MOTOR: BLDC_ClientShutdownMotor motorID CMY_PC CMD Distance: 0
    1.683: EP: Control change: EP_CONTROL_LOCATION_PC_MOTOR_CMY -> EP_CONTROL_LEVEL_OFF
    1.683: phDriverRequest: PH_WRITE_BLOCK_LASER_SERVO_FLAG
    1.683: EP: Blocking laser servo
    1.683: EP: Control change: EP_CONTROL_LOCATION_ENABLE_HVPS -> EP_CONTROL_LEVEL_OFF
    1.683: TASK: Message EM_MSG_ET_TO_EM_POST_TEST_COMPLETE sent to TASK: Unknown Task
    1.683: EM: EmPostChangeState() - EM_POST_STATE_W_F_PROJ_SPECIFIC_TESTS -> EM_POST_STATE_POST_COMPLETE
    1.683: TASK: EmPostTask() status 0x1.  Task REMOVED.
    1.683: TASK: DumpTaskList() - pHead: 0x00035914 @ 0x0001A134
    1.683: TASK: DumpTaskList() - Task: EmOptionTimerTask()  Priority: 0x00 @ 0x00035914 pContext: 0x000353A4 pKill: 0x60154FE5 pTask: 0x60154FED pNextTask: 0x00000000 pPrevTask: 0x00000000 pMessage: 0x00000000 ppHead: 0x0001A134
    1.684: NV_OPERATION_FINISH; READ_NV_VAR; ID; 3b13; Op Time; 10ms 
    1.685: SUPPLIES: SupplyNvramMgrState update: 139 --> 140 
    1.694: Nfy REQUEST_NV_OPERATION=0xE0 0x00 0x00 0x00
    1.694: NV_OPERATION_START; READ_NV_VAR; ID; 3b59 
    1.702: IP: IP_COMMAND_NV_OPERATION_RESULT Command  Rcvd - Command Code: 0xD2 Data: 0x01010000 0x00000000 0x00000000 0x00000000 0x00000000 0x00000000 0x00000000 0x00000000 0x00000000 0x00000000 Remaining bytes:  75) 
    1.702: IP: IP_COMMAND_NV_OPERATION_RESULT Command  Rcvd - Command Code: 0xD2 Data: 0x00000000 0x00000000 0x00000000 0x00000000 0x00000000 0x00000000 0x00000000 0x00000000 0x00000000 0x00000000 Remaining bytes:  35) 
    1.702: IP: IP_COMMAND_NV_OPERATION_RESULT Command  Rcvd - Command Code: 0xD2 Data: 0x00000000 0x00000000 0x00000000 0x00000000 0x00000000 0x00000000 0x00000000 0x00000000 0x000000 
    1.702: SUPPLIES: Read NV Callback Rx: id=3b59H 
    1.702: IP: IP_COMMAND_NV_OPERATION_RESULT Response Sent - Command Code: 0xD2 Data: None 
    1.704: NV_OPERATION_FINISH; READ_NV_VAR; ID; 3b59; Op Time; 10ms 
    1.705: SUPPLIES: SupplyNvramMgrState update: 140 --> 141 
    1.707: tmp00x ID: 185 using S0 of 3520000
    1.714: Nfy REQUEST_NV_OPERATION=0xE0 0x00 0x00 0x00
    1.714: NV_OPERATION_START; READ_NV_VAR; ID; 229a 
    1.715: SUPPLIES: Requesting Read NV: id=c498H rc=-1 
    1.722: IP: IP_COMMAND_NV_OPERATION_RESULT Command  Rcvd - Command Code: 0xD2 Data: 0x01010000 0x00000000 0x00 
    1.722: IP: IP_COMMAND_NV_OPERATION_RESULT Response Sent - Command Code: 0xD2 Data: None 
    1.724: NV_OPERATION_FINISH; READ_NV_VAR; ID; 229a; Op Time; 10ms 
    1.725: SUPPLIES: SupplyNvramMgrState update: 141 --> 142 
    1.723: PPCMD OpCode: OC_OPCODE_ADA=0x80 Control: 0x02 Address: 0x00 Data: 0x02800000 0x00000000 0x00
    1.727: PPCMD OpCode: OC_OPCODE_ADA=0x80 Control: 0x03 Address: 0x00 Data: 0x00800000 0x00000000 0x00
    1.729: PPCMD OpCode: OC_OPCODE_QDBSR=0x2D Control: 0x02 Address: 0x80 Data: 0x00000000 0x00000000 0x00
    1.734: Nfy REQUEST_NV_OPERATION=0xE0 0x00 0x00 0x00
    1.734: NV_OPERATION_START; READ_NV_VAR; ID; c498 
    1.742: IP: IP_COMMAND_NV_OPERATION_RESULT Command  Rcvd - Command Code: 0xD2 Data: 0x01010000 0x00000000 0x00 
    1.742: SUPPLIES: Read NV Callback Rx: id=c498H 
    1.742: IP: IP_COMMAND_NV_OPERATION_RESULT Response Sent - Command Code: 0xD2 Data: None 
    1.740: PPCMD OpCode: OC_OPCODE_QDBSR=0x2D Control: 0x03 Address: 0x80 Data: 0x08FFFFFF 0xFFFFFFFF 0xCC
    1.741: TopTrunk_Array[0x00]
	MajorBootSWVer=0xFF
	MinorBootSWVer=0xFF
	BootCompatibility=0xFF
	BootCodeExtendedVerA=0xFF
	BootCodeExtendedVerB=0xFF
	BootCodeExtendedVerC=0xFF
    1.744: NV_OPERATION_FINISH; READ_NV_VAR; ID; c498; Op Time; 10ms 
    1.745: SUPPLIES: SupplyNvramMgrState update: 142 --> 143 
    1.742: PPCMD OpCode: OC_OPCODE_QDSR=0x0A Control: 0x02 Address: 0x80 Data: 0x00000000 0x000000FF 0xCC
    1.754: Nfy REQUEST_NV_OPERATION=0xE0 0x00 0x00 0x00
    1.754: NV_OPERATION_START; READ_NV_VAR; ID; 3b0f 
    1.755: SUPPLIES: Requesting Read NV: id=17cfH rc=-1 
    1.753: PPCMD OpCode: OC_OPCODE_QDSR=0x0A Control: 0x03 Address: 0x80 Data: 0x08FFFFFF 0xFFFFFFFF 0xCC
    1.755: PPCMD OpCode: OC_OPCODE_QDT=0x06 Control: 0x02 Address: 0x80 Data: 0x00000000 0x000000FF 0xCC
    1.759: PPCMD OpCode: OC_OPCODE_QDT=0x06 Control: 0x03 Address: 0x80 Data: 0xFFCC0000 0x000000FF 0xCC
    1.762: IP: IP_COMMAND_NV_OPERATION_RESULT Command  Rcvd - Command Code: 0xD2 Data: 0x01010000 0x00000000 0x00 
    1.762: IP: IP_COMMAND_NV_OPERATION_RESULT Response Sent - Command Code: 0xD2 Data: None 
    1.764: NV_OPERATION_FINISH; READ_NV_VAR; ID; 3b0f; Op Time; 10ms 
    1.762: PPCMD OpCode: OC_OPCODE_ADA=0x80 Control: 0x02 Address: 0x00 Data: 0x02810000 0x000000FF 0xCC
    1.765: SUPPLIES: SupplyNvramMgrState update: 143 --> 144 
    1.774: Nfy REQUEST_NV_OPERATION=0xE0 0x00 0x00 0x00
    1.774: NV_OPERATION_START; READ_NV_VAR; ID; 17cf 
    1.782: IP: IP_COMMAND_NV_OPERATION_RESULT Command  Rcvd - Command Code: 0xD2 Data: 0x01010000 0x00000000 0x00 
    1.782: SUPPLIES: Read NV Callback Rx: id=17cfH 
    1.782: IP: IP_COMMAND_NV_OPERATION_RESULT Response Sent - Command Code: 0xD2 Data: None 
    1.784: NV_OPERATION_FINISH; READ_NV_VAR; ID; 17cf; Op Time; 10ms 
    1.785: SUPPLIES: SupplyNvramMgrState update: 144 --> 145 
    1.783: PPCMD OpCode: OC_OPCODE_ADA=0x80 Control: 0x03 Address: 0x00 Data: 0xFF810000 0x000000FF 0xCC
    1.785: PPCMD OpCode: OC_OPCODE_ADA=0x80 Control: 0x02 Address: 0x01 Data: 0x02910000 0x000000FF 0xCC
    1.789: PPCMD OpCode: OC_OPCODE_ADA=0x80 Control: 0x03 Address: 0x01 Data: 0x00910000 0x000000FF 0xCC
    1.791: PPCMD OpCode: OC_OPCODE_QDBSR=0x2D Control: 0x02 Address: 0x91 Data: 0x00000000 0x000000FF 0xCC
    1.794: Nfy REQUEST_NV_OPERATION=0xE0 0x00 0x00 0x00
    1.794: NV_OPERATION_START; READ_NV_VAR; ID; 3b16 
    1.795: SUPPLIES: Requesting Read NV: id=306bH rc=-1 
    1.802: IP: IP_COMMAND_NV_OPERATION_RESULT Command  Rcvd - Command Code: 0xD2 Data: 0x01010000 0x00000000 0x00 
    1.802: IP: IP_COMMAND_NV_OPERATION_RESULT Response Sent - Command Code: 0xD2 Data: None 
    1.804: NV_OPERATION_FINISH; READ_NV_VAR; ID; 3b16; Op Time; 10ms 
    1.802: PPCMD OpCode: OC_OPCODE_QDBSR=0x2D Control: 0x03 Address: 0x91 Data: 0x0805001B 0x52303041 0xCC
    1.805: SUPPLIES: SupplyNvramMgrState update: 145 --> 146 
    1.805: SUPPLIES: Memory: Enable_I2C_BusPower delay complete 
    1.805: SUPPLIES: Memory: Begin I2C bus setup config 
    1.805: SUPPLIES: Memory: i2c bus setup config pass 
    1.805: SUPPLIES: Memory: begin Supplies Security Get Version 
    1.803: BottomTrunk_Array[0x00]
	DeviceMajorBootSWVer=0x05
	DeviceMinorBootSWVer=0x00
	BootCompatibility=0x1B
    1.804: PPCMD OpCode: OC_OPCODE_QDSR=0x0A Control: 0x02 Address: 0x91 Data: 0x00000000 0x00000041 0xCC
    1.807: NON_CON: TMPThreadFunction: State 2 --> 3
    1.806: ssec: pd: _numSds=8
    1.806: ssec: pd: _numEeproms=0
    1.812: SUPPLIES: Memory: GetSuppliesSecurityVersion() rc=0, Major=1, Minor=17, HeaderMajor=1, HeaderMinor=17 
    1.812: SUPPLIES: Memory: begin SendSsSecurityInit. MachClass: 65535, Printhead: 0 
    1.810: ssec: _platformId=0x328
    1.814: Nfy REQUEST_NV_OPERATION=0xE0 0x00 0x00 0x00
    1.814: NV_OPERATION_START; READ_NV_VAR; ID; 306b 
    1.810: ssec: _enableSecurity=true
    1.810: ssec: cmd=19, devNum=255, rc=0
    1.815: PPCMD OpCode: OC_OPCODE_QDSR=0x0A Control: 0x03 Address: 0x91 Data: 0x0801021B 0x52303041 0xCC
    1.817: PPCMD OpCode: OC_OPCODE_QDT=0x06 Control: 0x02 Address: 0x91 Data: 0x00000000 0x00000041 0xCC
    1.823: IP: IP_COMMAND_NV_OPERATION_RESULT Command  Rcvd - Command Code: 0xD2 Data: 0x01010000 0x008B0102 0xB0027502 0x01030103 0x01030103 0x01030101 0x0062 
    1.823: SUPPLIES: Read NV Callback Rx: id=306bH 
    1.823: IP: IP_COMMAND_NV_OPERATION_RESULT Response Sent - Command Code: 0xD2 Data: None 
    1.821: PPCMD OpCode: OC_OPCODE_QDT=0x06 Control: 0x03 Address: 0x91 Data: 0x41CC0000 0x00000041 0xCC
    1.824: OC: LocateTrunk_Logical: Bad device, LogicalDevice=0x81.
    1.824: NV_OPERATION_FINISH; READ_NV_VAR; ID; 306b; Op Time; 10ms 
    1.822: OC: LocateTrunk_Logical: Bad device, LogicalDevice=0x81.
    1.825: SUPPLIES: SupplyNvramMgrState update: 146 --> 147 
    1.823: PPCMD OpCode: OC_OPCODE_CCND=0x05 Control: 0x02 Address: 0x91 Data: 0x00000000 0x00000041 0xCC
    1.826: SUPPLIES: Memory: SendSsSecurityInit Pass -- Security Enabled; rc = 0 
    1.826: SUPPLIES: Memory: Device Presence Check begin Init Session 
    1.824: ssec: cmd=11, devNum=255, rc=0
    1.825: PPCMD OpCode: OC_OPCODE_CCND=0x05 Control: 0x03 Address: 0x91 Data: 0x00000000 0x00000041 0xCC
    1.827: PPCMD OpCode: OC_OPCODE_ADA=0x80 Control: 0x02 Address: 0x01 Data: 0x02920000 0x00000041 0xCC
    1.827: ssec: fwv: devNum=0, encrypt=false
    1.831: PPCMD OpCode: OC_OPCODE_ADA=0x80 Control: 0x03 Address: 0x01 Data: 0x00920000 0x00000041 0xCC
    1.834: Nfy REQUEST_NV_OPERATION=0xE0 0x00 0x00 0x00
    1.834: NV_OPERATION_START; READ_NV_VAR; ID; 3b17 
    1.835: SUPPLIES: SupplyNvramMgrState update: 147 --> 149 
    1.833: PPCMD OpCode: OC_OPCODE_QDBSR=0x2D Control: 0x02 Address: 0x92 Data: 0x00000000 0x00000041 0xCC
    1.842: IP: IP_COMMAND_NV_OPERATION_RESULT Command  Rcvd - Command Code: 0xD2 Data: 0x01010000 0x00000000 0x00 
    1.842: IP: IP_COMMAND_NV_OPERATION_RESULT Response Sent - Command Code: 0xD2 Data: None 
    1.844: NV_OPERATION_FINISH; READ_NV_VAR; ID; 3b17; Op Time; 10ms 
    1.845: SUPPLIES: SupplyNvramMgrState update: 149 --> 180 
    1.844: PPCMD OpCode: OC_OPCODE_QDBSR=0x2D Control: 0x03 Address: 0x92 Data: 0x08050017 0x52303041 0xCC
    1.845: BottomTrunk_Array[0x01]
	DeviceMajorBootSWVer=0x05
	DeviceMinorBootSWVer=0x00
	BootCompatibility=0x17
    1.846: PPCMD OpCode: OC_OPCODE_QDSR=0x0A Control: 0x02 Address: 0x92 Data: 0x00000000 0x00000041 0xCC
    1.855: SUPPLIES: Requesting Watch NV: id=c498H rc=0 
    1.855: SUPPLIES: SupplyNvramMgrState update: 180 --> 181 
    1.857: PPCMD OpCode: OC_OPCODE_QDSR=0x0A Control: 0x03 Address: 0x92 Data: 0x0802011B 0x52303041 0xCC
    1.859: PPCMD OpCode: OC_OPCODE_QDT=0x06 Control: 0x02 Address: 0x92 Data: 0x00000000 0x00000041 0xCC
    1.864: Nfy REQUEST_NV_OPERATION=0xE0 0x00 0x00 0x00
    1.864: NV_OPERATION_START; WATCH_NV_VAR; ID; c498 
    1.863: PPCMD OpCode: OC_OPCODE_QDT=0x06 Control: 0x03 Address: 0x92 Data: 0x41CC0000 0x00000041 0xCC
    1.866: OC: LocateTrunk_Logical: Bad device, LogicalDevice=0x82.
    1.864: OC: LocateTrunk_Logical: Bad device, LogicalDevice=0x82.
    1.865: PPCMD OpCode: OC_OPCODE_CCND=0x05 Control: 0x02 Address: 0x92 Data: 0x00000000 0x00000041 0xCC
    1.867: PPCMD OpCode: OC_OPCODE_CCND=0x05 Control: 0x03 Address: 0x92 Data: 0x00000000 0x00000041 0xCC
    1.869: PPCMD OpCode: OC_OPCODE_ADA=0x80 Control: 0x02 Address: 0x01 Data: 0x02930000 0x00000041 0xCC
    1.872: IP: IP_COMMAND_NV_OPERATION_RESULT Command  Rcvd - Command Code: 0xD2 Data: 0x06060000 0x00 
    1.872: SUPPLIES: Watch NV Callback Rx: id=c498H 
    1.872: IP: IP_COMMAND_NV_OPERATION_RESULT Response Sent - Command Code: 0xD2 Data: None 
    1.874: NV_OPERATION_FINISH; WATCH_NV_VAR; ID; c498; Op Time; 10ms 
    1.875: SUPPLIES: SupplyNvramMgrState update: 181 --> 182 
    1.873: PPCMD OpCode: OC_OPCODE_ADA=0x80 Control: 0x03 Address: 0x01 Data: 0x00930000 0x00000041 0xCC
    1.875: PPCMD OpCode: OC_OPCODE_QDBSR=0x2D Control: 0x02 Address: 0x93 Data: 0x00000000 0x00000041 0xCC
    1.884: Nfy REQUEST_NV_OPERATION=0xE0 0x00 0x00 0x00
    1.884: NV_OPERATION_START; READ_NV_VAR; ID; 3b15 
    1.885: SUPPLIES: Requesting Watch NV: id=17cfH rc=0 
    1.885: SUPPLIES: SupplyNvramMgrState update: 182 --> 183 
    1.886: PPCMD OpCode: OC_OPCODE_QDBSR=0x2D Control: 0x03 Address: 0x93 Data: 0x0805001B 0x52303041 0xCC
    1.887: BottomTrunk_Array[0x02]
	DeviceMajorBootSWVer=0x05
	DeviceMinorBootSWVer=0x00
	BootCompatibility=0x1B
    1.888: PPCMD OpCode: OC_OPCODE_QDSR=0x0A Control: 0x02 Address: 0x93 Data: 0x00000000 0x00000041 0xCC
    1.892: IP: IP_COMMAND_NV_OPERATION_RESULT Command  Rcvd - Command Code: 0xD2 Data: 0x01010000 0x00000000 0x00 
    1.892: IP: IP_COMMAND_NV_OPERATION_RESULT Response Sent - Command Code: 0xD2 Data: None 
    1.894: NV_OPERATION_FINISH; READ_NV_VAR; ID; 3b15; Op Time; 10ms 
    1.899: PPCMD OpCode: OC_OPCODE_QDSR=0x0A Control: 0x03 Address: 0x93 Data: 0x0802021B 0x52303041 0xCC
    1.901: PPCMD OpCode: OC_OPCODE_QDT=0x06 Control: 0x02 Address: 0x93 Data: 0x00000000 0x00000041 0xCC
    1.904: Nfy REQUEST_NV_OPERATION=0xE0 0x00 0x00 0x00
    1.904: NV_OPERATION_START; WATCH_NV_VAR; ID; 17cf 
    1.907: NON_CON: TMPThreadFunction: State 3 --> 4
    1.905: PPCMD OpCode: OC_OPCODE_QDT=0x06 Control: 0x03 Address: 0x93 Data: 0x41CC0000 0x00000041 0xCC
    1.908: OC: LocateTrunk_Logical: Bad device, LogicalDevice=0x83.
    1.906: OC: LocateTrunk_Logical: Bad device, LogicalDevice=0x83.
    1.907: PPCMD OpCode: OC_OPCODE_CCND=0x05 Control: 0x02 Address: 0x93 Data: 0x00000000 0x00000041 0xCC
    1.909: PPCMD OpCode: OC_OPCODE_CCND=0x05 Control: 0x03 Address: 0x93 Data: 0x00000000 0x00000041 0xCC
    1.912: IP: IP_COMMAND_NV_OPERATION_RESULT Command  Rcvd - Command Code: 0xD2 Data: 0x06060000 0x00 
    1.912: SUPPLIES: Watch NV Callback Rx: id=17cfH 
    1.912: IP: IP_COMMAND_NV_OPERATION_RESULT Response Sent - Command Code: 0xD2 Data: None 
    1.911: PPCMD OpCode: OC_OPCODE_ADA=0x80 Control: 0x02 Address: 0x01 Data: 0x02940000 0x00000041 0xCC
    1.914: NV_OPERATION_FINISH; WATCH_NV_VAR; ID; 17cf; Op Time; 10ms 
    1.915: SUPPLIES: SupplyNvramMgrState update: 183 --> 184 
    1.917: NON_CON: TMPThreadFunction: State 4 --> 11
    1.924: Nfy REQUEST_NV_OPERATION=0xE0 0x00 0x00 0x00
    1.924: NV_OPERATION_START; READ_NV_VAR; ID; 31ec 
    1.925: SUPPLIES: Requesting Watch NV: id=306bH rc=0 
    1.925: SUPPLIES: SupplyNvramMgrState update: 184 --> 185 
    1.927: NON_CON: TMPThreadFunction: State 11 --> 12
    1.932: IP: IP_COMMAND_NV_OPERATION_RESULT Command  Rcvd - Command Code: 0xD2 Data: 0x01010000 0x00000000 0x00 
    1.932: IP: IP_COMMAND_NV_OPERATION_RESULT Response Sent - Command Code: 0xD2 Data: None 
    1.934: NV_OPERATION_FINISH; READ_NV_VAR; ID; 31ec; Op Time; 10ms 
    1.932: PPCMD OpCode: OC_OPCODE_ADA=0x80 Control: 0x03 Address: 0x01 Data: 0xFF940000 0x00000041 0xCC
    1.935: PPCMD OpCode: OC_OPCODE_EAE=0xA0 Control: 0x02 Address: 0x91 Data: 0x00000000 0x00000041 0xCC
    1.939: PPCMD OpCode: OC_OPCODE_EAE=0xA0 Control: 0x03 Address: 0x91 Data: 0x00CC0000 0x00000041 0xCC
    1.941: PPCMD OpCode: OC_OPCODE_EAE=0xA0 Control: 0x02 Address: 0x92 Data: 0x00000000 0x00000041 0xCC
    1.944: Nfy REQUEST_NV_OPERATION=0xE0 0x00 0x00 0x00
    1.944: NV_OPERATION_START; WATCH_NV_VAR; ID; 306b 
    1.945: PPCMD OpCode: OC_OPCODE_EAE=0xA0 Control: 0x03 Address: 0x92 Data: 0x00CC0000 0x00000041 0xCC
    1.947: PPCMD OpCode: OC_OPCODE_EAE=0xA0 Control: 0x02 Address: 0x93 Data: 0x00000000 0x00000041 0xCC
    1.952: IP: IP_COMMAND_NV_OPERATION_RESULT Command  Rcvd - Command Code: 0xD2 Data: 0x06060000 0x00 
    1.952: SUPPLIES: Watch NV Callback Rx: id=306bH 
    1.952: IP: IP_COMMAND_NV_OPERATION_RESULT Response Sent - Command Code: 0xD2 Data: None 
    1.951: PPCMD OpCode: OC_OPCODE_EAE=0xA0 Control: 0x03 Address: 0x93 Data: 0x00CC0000 0x00000041 0xCC
    1.954: NV_OPERATION_FINISH; WATCH_NV_VAR; ID; 306b; Op Time; 10ms 
    1.955: SUPPLIES: SupplyNvramMgrState update: 185 --> 199 
    1.964: Nfy REQUEST_NV_OPERATION=0xE0 0x00 0x00 0x00
    1.964: NV_OPERATION_START; READ_NV_VAR; ID; 333d 
    1.965: SUPPLIES: SupplyNvramMgrState update: 199 --> 200 
    1.965: @@@@    Handle Delayed Service Plan update now...
    1.965: SUPPLIES: @@@@ ServicePlan Rip Event: OrigState: 0, PrinterServicePlan: 2, NewState: 0, PrinterRegion: 0xffff 
    1.972: IP: IP_COMMAND_NV_OPERATION_RESULT Command  Rcvd - Command Code: 0xD2 Data: 0x01010000 0x00000000 0x00 
    1.972: IP: IP_COMMAND_NV_OPERATION_RESULT Response Sent - Command Code: 0xD2 Data: None 
    1.974: NV_OPERATION_FINISH; READ_NV_VAR; ID; 333d; Op Time; 10ms 
    2.004: Nfy REQUEST_NV_OPERATION=0xE0 0x00 0x00 0x00
    2.004: NV_OPERATION_START; READ_NV_VAR; ID; 3c1c 
    2.009: ssec: gsv: encrypt=false
    2.012: IP: IP_COMMAND_NV_OPERATION_RESULT Command  Rcvd - Command Code: 0xD2 Data: 0x01010000 0x00000000 0x00 
    2.012: IP: IP_COMMAND_NV_OPERATION_RESULT Response Sent - Command Code: 0xD2 Data: None 
    2.014: NV_OPERATION_FINISH; READ_NV_VAR; ID; 3c1c; Op Time; 10ms 
    2.044: Nfy REQUEST_NV_OPERATION=0xE0 0x00 0x00 0x00
    2.044: NV_OPERATION_START; READ_NV_VAR; ID; 3c1d 
    2.052: IP: IP_COMMAND_NV_OPERATION_RESULT Command  Rcvd - Command Code: 0xD2 Data: 0x01010000 0x00000000 0x00 
    2.052: IP: IP_COMMAND_NV_OPERATION_RESULT Response Sent - Command Code: 0xD2 Data: None 
    2.054: NV_OPERATION_FINISH; READ_NV_VAR; ID; 3c1d; Op Time; 10ms 
    2.084: Nfy REQUEST_NV_OPERATION=0xE0 0x00 0x00 0x00
    2.084: NV_OPERATION_START; READ_NV_VAR; ID; 3c1e 
    2.092: IP: IP_COMMAND_NV_OPERATION_RESULT Command  Rcvd - Command Code: 0xD2 Data: 0x01010000 0x00000000 0x00 
    2.092: IP: IP_COMMAND_NV_OPERATION_RESULT Response Sent - Command Code: 0xD2 Data: None 
    2.094: NV_OPERATION_FINISH; READ_NV_VAR; ID; 3c1e; Op Time; 10ms 
    2.103: FAN: fanDriverRequest: FAN_REQUEST_SET_TIMER_VALUE
    2.104: FAN: fanDriverRequest: FAN_REQUEST_SET_TIMER_VALUE
    2.104: FAN: Fan Driver Request SetTimerValue - adjusting LVPSFan timer 0 to 1200000 ms
    2.124: Nfy REQUEST_NV_OPERATION=0xE0 0x00 0x00 0x00
    2.124: NV_OPERATION_START; READ_NV_VAR; ID; 3c1f 
    2.121: ssec: gsv: status not ok, sys=0x6c, sup=0x00
    2.132: IP: IP_COMMAND_NV_OPERATION_RESULT Command  Rcvd - Command Code: 0xD2 Data: 0x01010000 0x00000000 0x00 
    2.132: IP: IP_COMMAND_NV_OPERATION_RESULT Response Sent - Command Code: 0xD2 Data: None 
    2.134: NV_OPERATION_FINISH; READ_NV_VAR; ID; 3c1f; Op Time; 10ms 
    2.159: TP: TpTriggerSetRippingBlockedFlag: Resolution = 1200    Mask = 0x02 BlockRipping = 1 StatusChange = 0 RippingIsBlocked_updated = 0x06 RippingIsBlocked_original = 0x04 ClearPending = 0x00, 
    2.159: TP: TpTriggerSetMostlyMono: NewState = 0, CurrentState = 0, FirstTimeSincePOR = 1 , 
    2.159: TPS StringId='84' Comment='TP:' 7 FullCalSideCountAtLastCal='0' FullCalTimestampAtLastCal='0' FullCalAmbientTemperatureAtLastCal=' 0.00' FullCalRelHumidityAtLastCal=' 0.00' GapCalSideCountAtLastCal='0' GapCalTimestampAtLastCal='0' AlignSideCountAtLastCal='0' AlignTimestampAtLastCal='0' AlignAmbientTemperatureAtLastCal=' 0.00' AlignLsuTemperatureAtLastCal=' 0.00' AlignItuTemperatureAtLastCal=' 0.00' FullCalIsMostlyMonoAtLastCal='0' GapCalIsMostlyMonoAtLastCal='0' AlignIsMostlyMonoAtLastCal='0' Hla1200IsMostlyMonoAtLastCal='0' Hla1200DataValid = '0' DataValid = '1' gPendingCalSeqFlagsInNvram = '0x00' gPendingCalSeqFlagsInNvramAtPor = '0x00' MostlyMono = '0' IsMostlyMono = '0' gFullCal.PrinterCalibrationCounts = '0' gAlignmentCal.PrinterAutoAlignmentCounts = '0'
    2.159: HH-mode: TpProcessAdditionalDataRequests
    2.164: Nfy REQUEST_NV_OPERATION=0xE0 0x00 0x00 0x00
    2.164: NV_OPERATION_START; READ_NV_VAR; ID; 3c27 
    2.172: PH: Jake = 0: PhChangeNvramStateMachineState() - 1 -> 3
    2.172: IP: IP_COMMAND_NV_OPERATION_RESULT Command  Rcvd - Command Code: 0xD2 Data: 0x01010000 0x00000000 0x00000000 0x00000000 0x00000000 0x00 
    2.172: IP: IP_COMMAND_NV_OPERATION_RESULT Response Sent - Command Code: 0xD2 Data: None 
    2.174: NV_OPERATION_FINISH; READ_NV_VAR; ID; 3c27; Op Time; 10ms 
    2.175: SUPPLY_CONSUMPTION; WTB; ConsumptionNewState=SUPPLY_W_F_USAGE_DATA_RDY SupplyID=8 CurrentLevel=100 XY=0x00 EW=0 NearLow=0 Low=0 NearEOL=0 EOL=0 HardStopSetting=0 PgsRemaining=0
    2.199: TpUpdateAdditionalTpsCalData(2):, TransitionPointPatchIndex = 0, TotalLaserOpPointChange = 0.000, PackedData[] = 0x00,00,00,00
    2.199: EngineDriverRequest(): ENG_RQST_SECONDS_SINCE_DEEP_SLEEP
    2.199: Nfy CALIBRATION_DATA_READY_NFY=0x76 0x01 0x01 0x00
    2.199: TP: TpTriggerSetRippingBlockedFlag: Resolution = 600_STO Mask = 0x04 BlockRipping = 0 StatusChange = 1 RippingIsBlocked_updated = 0x00 RippingIsBlocked_original = 0x04 ClearPending = 0x00, 
    2.199: TpTriggerProcessFastPorInit: TpReadThread:  In deepsleep for 122 seconds, RefSeconds = 843458284, RefSeconds_ds = 843458162, gPendingCalSeqFlagsInNvramAtPor = 0x00, OtherFullCalRequired = 0x0, StickyFullCalRequired = 0x00, ExecutedFastPor = 1, OtherFlags(cal_pref,valid) = 0x01
    2.202: INFO printengine_lxk::node_tree::engine::rpc: Notify CalibrationValidUpdate(Calibration600DpiStochastic, true)
    2.211: INFO serial_transport::packet_reader: rx ack 0x06
    2.220: ceh - submitting work 3
    2.238: SUPPLIES: Memory: Device Presence Check Init Session Complete. rc=0 
    2.238: SUPPLIES: Memory: Device Presence Check begin QDI, SupplyID=4 devnum=1 
    2.235: ssec: is: pc: devNum=0, s=1, fwv= F35.3.1.1
    2.236: ssec: is: pc: devNum=1, s=1, fwv= F35.1.17.1
    2.242: SUPPLIES: Memory: Device Presence Check QDI complete. devnum=1, rc=0, stat=1, Present=1 
    2.242: SUPPLIES: Memory: Device Presence Check begin QDI, SupplyID=3 devnum=2 
    2.236: ssec: is: pc: devNum=2, s=1, fwv= F35.1.17.1
    2.236: ssec: is: pc: devNum=3, s=1, fwv= F35.1.17.1
    2.236: ssec: is: pc: devNum=4, s=1, fwv= F35.1.17.1
    2.247: SUPPLIES: Memory: Device Presence Check QDI complete. devnum=2, rc=0, stat=1, Present=1 
    2.247: SUPPLIES: Memory: Device Presence Check begin QDI, SupplyID=2 devnum=3 
    2.236: ssec: is: pc: devNum=5, s=1, fwv= F35.3.17.1
    2.236: ssec: is: pc: devNum=6, s=1, fwv= F35.3.17.1
    2.251: SUPPLIES: Memory: Device Presence Check QDI complete. devnum=3, rc=0, stat=1, Present=1 
    2.251: SUPPLIES: Memory: Device Presence Check begin QDI, SupplyID=1 devnum=4 
    2.236: ssec: is: pc: devNum=7, s=1, fwv= F35.3.17.1
    2.236: ssec: cmd=1, devNum=255, rc=0
    2.257: SUPPLIES: Memory: Device Presence Check QDI complete. devnum=4, rc=0, stat=1, Present=1 
    2.257: SUPPLIES: Memory: Device Presence Check begin QDI, SupplyID=15 devnum=5 
    2.238: ssec: di: dn=1, st=1, iq=0x0000, qr=0x0000, en=false, ch=false
    2.238: ssec: cmd=13, devNum=1, rc=0
    2.262: SUPPLIES: Memory: Device Presence Check QDI complete. devnum=5, rc=0, stat=1, Present=1 
    2.262: SUPPLIES: Memory: Device Presence Check begin QDI, SupplyID=25 devnum=6 
    2.242: ssec: di: dn=2, st=1, iq=0x0000, qr=0x0000, en=false, ch=false
    2.242: ssec: cmd=13, devNum=2, rc=0
    2.267: SUPPLIES: Memory: Device Presence Check QDI complete. devnum=6, rc=0, stat=1, Present=1 
    2.267: SUPPLIES: Memory: Device Presence Check begin QDI, SupplyID=6 devnum=7 
    2.247: ssec: di: dn=3, st=1, iq=0x0000, qr=0x0000, en=false, ch=false
    2.247: ssec: cmd=13, devNum=3, rc=0
    2.272: SUPPLIES: Memory: Device Presence Check QDI complete. devnum=7, rc=0, stat=1, Present=1 
    2.272: SUPPLIES: Memory: begin InitSession() device=0 
    2.252: ssec: di: dn=4, st=1, iq=0x0000, qr=0x0000, en=false, ch=false
    2.252: ssec: cmd=13, devNum=4, rc=0
    2.254: OCNV: NVRAM_IDLE_STATE -> NVRAM_READ_STATE
    2.255: OCNV: NVRAM_READ_STATE -> NVRAM_W_F_READ_STATE
    2.255: PPCMD OpCode: OC_OPCODE_RDN=0x93 Control: 0x02 Address: 0x91 Data: 0x04000004 0x00000000 0x00
    2.257: ssec: di: dn=5, st=1, iq=0x0000, qr=0x0000, en=false, ch=false
    2.257: ssec: cmd=13, devNum=5, rc=0
    2.260: ceh - read level 581
    2.260: ceh - not near full
    2.261: PPCMD OpCode: OC_OPCODE_RDN=0x93 Control: 0x03 Address: 0x91 Data: 0x04000004 0x00000000 0x00
    2.262: OCNV: NVRAM_W_F_READ_STATE -> NVRAM_CONFIRM_READ_STATE
    2.262: ssec: di: dn=6, st=1, iq=0x0000, qr=0x0000, en=false, ch=false
    2.262: ssec: cmd=13, devNum=6, rc=0
    2.263: OCNV: NVRAM_CONFIRM_READ_STATE -> NVRAM_W_F_CONFIRM_READ_STATE
    2.263: PPCMD OpCode: OC_OPCODE_QNRWC=0x0F Control: 0x02 Address: 0x91 Data: 0x00000000 0x00000000 0x00
    2.267: PPCMD OpCode: OC_OPCODE_QNRWC=0x0F Control: 0x03 Address: 0x91 Data: 0x00CC0000 0x00000000 0x00
    2.267: ssec: di: dn=7, st=1, iq=0x0000, qr=0x0000, en=false, ch=false
    2.267: ssec: cmd=13, devNum=7, rc=0
    2.268: OCNV: NVRAM_W_F_CONFIRM_READ_STATE -> NVRAM_TRANSMIT_REQUESTED_READ_DATA_STATE
    2.269: OCNV: NVRAM_TRANSMIT_REQUESTED_READ_DATA_STATE -> NVRAM_W_F_TRANSMIT_REQUESTED_READ_DATA_STATE
    2.269: PPCMD OpCode: OC_OPCODE_TRRD=0x12 Control: 0x02 Address: 0x91 Data: 0x00000000 0x00000000 0x00
    2.272: ssec: fwv: devNum=0, encrypt=false
    2.277: PPCMD OpCode: OC_OPCODE_TRRD=0x12 Control: 0x03 Address: 0x91 Data: 0x05000000 0x00CC0000 0x00
    2.278: OCNV: NVRAM_W_F_TRANSMIT_REQUESTED_READ_DATA_STATE -> NVRAM_READ_STATE
    2.279: OCNV: NVRAM_READ_STATE -> NVRAM_W_F_READ_STATE
    2.279: PPCMD OpCode: OC_OPCODE_RDN=0x93 Control: 0x02 Address: 0x91 Data: 0x04000404 0x00000000 0x00
    2.285: PPCMD OpCode: OC_OPCODE_RDN=0x93 Control: 0x03 Address: 0x91 Data: 0x04000404 0x00000000 0x00
    2.286: OCNV: NVRAM_W_F_READ_STATE -> NVRAM_CONFIRM_READ_STATE
    2.287: OCNV: NVRAM_CONFIRM_READ_STATE -> NVRAM_W_F_CONFIRM_READ_STATE
    2.287: PPCMD OpCode: OC_OPCODE_QNRWC=0x0F Control: 0x02 Address: 0x91 Data: 0x00000000 0x00000000 0x00
    2.291: PPCMD OpCode: OC_OPCODE_QNRWC=0x0F Control: 0x03 Address: 0x91 Data: 0x00CC0000 0x00000000 0x00
    2.292: OCNV: NVRAM_W_F_CONFIRM_READ_STATE -> NVRAM_TRANSMIT_REQUESTED_READ_DATA_STATE
    2.293: OCNV: NVRAM_TRANSMIT_REQUESTED_READ_DATA_STATE -> NVRAM_W_F_TRANSMIT_REQUESTED_READ_DATA_STATE
    2.293: PPCMD OpCode: OC_OPCODE_TRRD=0x12 Control: 0x02 Address: 0x91 Data: 0x00000000 0x00000000 0x00
    2.301: PPCMD OpCode: OC_OPCODE_TRRD=0x12 Control: 0x03 Address: 0x91 Data: 0x05000000 0x00CC0000 0x00
    2.302: OCNV: NVRAM_W_F_TRANSMIT_REQUESTED_READ_DATA_STATE -> NVRAM_READ_STATE
    2.303: OCNV: NVRAM_READ_STATE -> NVRAM_W_F_READ_STATE
    2.303: PPCMD OpCode: OC_OPCODE_RDN=0x93 Control: 0x02 Address: 0x91 Data: 0x04000804 0x00000000 0x00
    2.307: ssec: is: devNum=0
    2.307: ssec: isa: 
    2.309: PPCMD OpCode: OC_OPCODE_RDN=0x93 Control: 0x03 Address: 0x91 Data: 0x04000804 0x00000000 0x00
    2.310: OCNV: NVRAM_W_F_READ_STATE -> NVRAM_CONFIRM_READ_STATE
    2.311: OCNV: NVRAM_CONFIRM_READ_STATE -> NVRAM_W_F_CONFIRM_READ_STATE
    2.311: PPCMD OpCode: OC_OPCODE_QNRWC=0x0F Control: 0x02 Address: 0x91 Data: 0x00000000 0x00000000 0x00
    2.315: PPCMD OpCode: OC_OPCODE_QNRWC=0x0F Control: 0x03 Address: 0x91 Data: 0x00CC0000 0x00000000 0x00
    2.316: OCNV: NVRAM_W_F_CONFIRM_READ_STATE -> NVRAM_TRANSMIT_REQUESTED_READ_DATA_STATE
    2.317: OCNV: NVRAM_TRANSMIT_REQUESTED_READ_DATA_STATE -> NVRAM_W_F_TRANSMIT_REQUESTED_READ_DATA_STATE
    2.317: PPCMD OpCode: OC_OPCODE_TRRD=0x12 Control: 0x02 Address: 0x91 Data: 0x00000000 0x00000000 0x00
    2.325: PPCMD OpCode: OC_OPCODE_TRRD=0x12 Control: 0x03 Address: 0x91 Data: 0x05000000 0x00CC0000 0x00
    2.326: OCNV: NVRAM_W_F_TRANSMIT_REQUESTED_READ_DATA_STATE -> NVRAM_READ_STATE
    2.327: OCNV: NVRAM_READ_STATE -> NVRAM_W_F_READ_STATE
    2.337: NON_CON: TMPThreadFunction: State 12 --> 13
    2.327: PPCMD OpCode: OC_OPCODE_RDN=0x93 Control: 0x02 Address: 0x91 Data: 0x04000C04 0x00000000 0x00
    2.333: PPCMD OpCode: OC_OPCODE_RDN=0x93 Control: 0x03 Address: 0x91 Data: 0x04000C04 0x00000000 0x00
    2.334: OCNV: NVRAM_W_F_READ_STATE -> NVRAM_CONFIRM_READ_STATE
    2.335: OCNV: NVRAM_CONFIRM_READ_STATE -> NVRAM_W_F_CONFIRM_READ_STATE
    2.335: PPCMD OpCode: OC_OPCODE_QNRWC=0x0F Control: 0x02 Address: 0x91 Data: 0x00000000 0x00000000 0x00
    2.339: PPCMD OpCode: OC_OPCODE_QNRWC=0x0F Control: 0x03 Address: 0x91 Data: 0x00CC0000 0x00000000 0x00
    2.340: OCNV: NVRAM_W_F_CONFIRM_READ_STATE -> NVRAM_TRANSMIT_REQUESTED_READ_DATA_STATE
    2.341: OCNV: NVRAM_TRANSMIT_REQUESTED_READ_DATA_STATE -> NVRAM_W_F_TRANSMIT_REQUESTED_READ_DATA_STATE
    2.341: PPCMD OpCode: OC_OPCODE_TRRD=0x12 Control: 0x02 Address: 0x91 Data: 0x00000000 0x00000000 0x00
    2.347: NON_CON: TMPThreadFunction: State 13 --> 14
    2.349: PPCMD OpCode: OC_OPCODE_TRRD=0x12 Control: 0x03 Address: 0x91 Data: 0x05000000 0x00CC0000 0x00
    2.350: OCNV: NVRAM_W_F_TRANSMIT_REQUESTED_READ_DATA_STATE -> NVRAM_READ_STATE
    2.351: OCNV: NVRAM_READ_STATE -> NVRAM_W_F_READ_STATE
    2.351: PPCMD OpCode: OC_OPCODE_RDN=0x93 Control: 0x02 Address: 0x91 Data: 0x04001004 0x00000000 0x00
    2.357: PPCMD OpCode: OC_OPCODE_RDN=0x93 Control: 0x03 Address: 0x91 Data: 0x04001004 0x00000000 0x00
    2.358: OCNV: NVRAM_W_F_READ_STATE -> NVRAM_CONFIRM_READ_STATE
    2.359: OCNV: NVRAM_CONFIRM_READ_STATE -> NVRAM_W_F_CONFIRM_READ_STATE
    2.359: PPCMD OpCode: OC_OPCODE_QNRWC=0x0F Control: 0x02 Address: 0x91 Data: 0x00000000 0x00000000 0x00
    2.363: PPCMD OpCode: OC_OPCODE_QNRWC=0x0F Control: 0x03 Address: 0x91 Data: 0x00CC0000 0x00000000 0x00
    2.364: OCNV: NVRAM_W_F_CONFIRM_READ_STATE -> NVRAM_TRANSMIT_REQUESTED_READ_DATA_STATE
    2.365: OCNV: NVRAM_TRANSMIT_REQUESTED_READ_DATA_STATE -> NVRAM_W_F_TRANSMIT_REQUESTED_READ_DATA_STATE
    2.365: PPCMD OpCode: OC_OPCODE_TRRD=0x12 Control: 0x02 Address: 0x91 Data: 0x00000000 0x00000000 0x00
    2.373: PPCMD OpCode: OC_OPCODE_TRRD=0x12 Control: 0x03 Address: 0x91 Data: 0x05000000 0x00CC0000 0x00
    2.374: OCNV: NVRAM_W_F_TRANSMIT_REQUESTED_READ_DATA_STATE -> NVRAM_OPERATION_COMPLETE_STATE
    2.375: OCNV: NVRAM_OPERATION_COMPLETE_STATE -> NVRAM_IDLE_STATE
    2.376: PPCMD OpCode: OC_OPCODE_QDSR=0x0A Control: 0x02 Address: 0x91 Data: 0x00000000 0x00000041 0xCC
    2.387: PPCMD OpCode: OC_OPCODE_QDSR=0x0A Control: 0x03 Address: 0x91 Data: 0x0801021B 0x52303041 0xCC
    2.389: PPCMD OpCode: OC_OPCODE_QDSMAX=0x2B Control: 0x02 Address: 0x91 Data: 0x00000000 0x00000041 0xCC
    2.395: PPCMD OpCode: OC_OPCODE_QDSMAX=0x2B Control: 0x03 Address: 0x91 Data: 0x031636CC 0x00000041 0xCC
    2.397: PPCMD OpCode: OC_OPCODE_QPPC=0x8D Control: 0x02 Address: 0x91 Data: 0x02000000 0x00000041 0xCC
    2.405: PPCMD OpCode: OC_OPCODE_QPPC=0x8D Control: 0x03 Address: 0x91 Data: 0x030078CC 0x00000041 0xCC
    2.407: PPCMD OpCode: OC_OPCODE_QPPC=0x8D Control: 0x02 Address: 0x91 Data: 0x02010000 0x00000041 0xCC
    2.415: PPCMD OpCode: OC_OPCODE_QPPC=0x8D Control: 0x03 Address: 0x91 Data: 0x030017CC 0x00000041 0xCC
    2.417: PPCMD OpCode: OC_OPCODE_QPPC=0x8D Control: 0x02 Address: 0x91 Data: 0x02410000 0x00000041 0xCC
    2.425: PPCMD OpCode: OC_OPCODE_QPPC=0x8D Control: 0x03 Address: 0x91 Data: 0x030017CC 0x00000041 0xCC
    2.427: PPCMD OpCode: OC_OPCODE_QPPC=0x8D Control: 0x02 Address: 0x91 Data: 0x02FD0000 0x00000041 0xCC
    2.435: PPCMD OpCode: OC_OPCODE_QPPC=0x8D Control: 0x03 Address: 0x91 Data: 0x030610CC 0x00000041 0xCC
    2.437: PPCMD OpCode: OC_OPCODE_QDSMIN=0x2A Control: 0x02 Address: 0x91 Data: 0x00000000 0x00000041 0xCC
    2.443: PPCMD OpCode: OC_OPCODE_QDSMIN=0x2A Control: 0x03 Address: 0x91 Data: 0x03023ECC 0x00000041 0xCC
    2.445: PPCMD OpCode: OC_OPCODE_QDT=0x06 Control: 0x02 Address: 0x91 Data: 0x00000000 0x00000041 0xCC
    2.449: PPCMD OpCode: OC_OPCODE_QDT=0x06 Control: 0x03 Address: 0x91 Data: 0x41CC0000 0x00000041 0xCC
    2.452: PH: Jake = 0: PhChangeNvramStateMachineState() - 3 -> 5
    2.451: PPCMD OpCode: OC_OPCODE_QNC=0xBC Control: 0x02 Address: 0x91 Data: 0x02000000 0x00000041 0xCC
    2.456: PPCMD OpCode: OC_OPCODE_QNC=0xBC Control: 0x03 Address: 0x91 Data: 0x0280CC00 0x00000041 0xCC
    2.458: PPCMD OpCode: OC_OPCODE_QNT=0x11 Control: 0x02 Address: 0x91 Data: 0x00000000 0x00000041 0xCC
    2.463: PPCMD OpCode: OC_OPCODE_QNT=0x11 Control: 0x03 Address: 0x91 Data: 0x0201CC00 0x00000041 0xCC
    2.465: PPCMD OpCode: OC_OPCODE_QDC=0x8A Control: 0x02 Address: 0x91 Data: 0x02010000 0x00000041 0xCC
    2.476: PPCMD OpCode: OC_OPCODE_QDC=0x8A Control: 0x03 Address: 0x91 Data: 0x062B030C 0x0226CC41 0xCC
    2.478: PPCMD OpCode: OC_OPCODE_QDC=0x8A Control: 0x02 Address: 0x91 Data: 0x02900000 0x00000041 0xCC
    2.486: PPCMD OpCode: OC_OPCODE_QDC=0x8A Control: 0x03 Address: 0x91 Data: 0x030003CC 0x00000041 0xCC
    2.488: PPCMD OpCode: OC_OPCODE_QDC=0x8A Control: 0x02 Address: 0x91 Data: 0x03930000 0x00000041 0xCC
    2.496: PPCMD OpCode: OC_OPCODE_QDC=0x8A Control: 0x03 Address: 0x91 Data: 0x020ACC00 0x00000041 0xCC
    2.498: PPCMD OpCode: OC_OPCODE_QDC=0x8A Control: 0x02 Address: 0x91 Data: 0x03930100 0x00000041 0xCC
    2.513: PPCMD OpCode: OC_OPCODE_QDC=0x8A Control: 0x03 Address: 0x91 Data: 0x098A00B5 0x006900D8 0x00
    2.515: PPCMD OpCode: OC_OPCODE_QDC=0x8A Control: 0x02 Address: 0x91 Data: 0x03930200 0x000000D8 0x00
    2.526: ssec: isb: 
    2.530: PPCMD OpCode: OC_OPCODE_QDC=0x8A Control: 0x03 Address: 0x91 Data: 0x09B500D1 0x00000112 0x01
    2.532: PPCMD OpCode: OC_OPCODE_QDC=0x8A Control: 0x02 Address: 0x91 Data: 0x03930300 0x00000012 0x01
    2.547: PPCMD OpCode: OC_OPCODE_QDC=0x8A Control: 0x03 Address: 0x91 Data: 0x09D100F9 0x0062002A 0x01
    2.549: PPCMD OpCode: OC_OPCODE_QDC=0x8A Control: 0x02 Address: 0x91 Data: 0x03930400 0x0000002A 0x01
    2.564: PPCMD OpCode: OC_OPCODE_QDC=0x8A Control: 0x03 Address: 0x91 Data: 0x09F90016 0x01B000C6 0x00
    2.566: PPCMD OpCode: OC_OPCODE_QDC=0x8A Control: 0x02 Address: 0x91 Data: 0x03930500 0x000000C6 0x00
    2.581: PPCMD OpCode: OC_OPCODE_QDC=0x8A Control: 0x03 Address: 0x91 Data: 0x09160128 0x01D600D8 0x00
    2.583: PPCMD OpCode: OC_OPCODE_QDC=0x8A Control: 0x02 Address: 0x91 Data: 0x03930600 0x000000D8 0x00
    2.598: PPCMD OpCode: OC_OPCODE_QDC=0x8A Control: 0x03 Address: 0x91 Data: 0x09280131 0x01D100D3 0x00
    2.600: PPCMD OpCode: OC_OPCODE_QDC=0x8A Control: 0x02 Address: 0x91 Data: 0x03930700 0x000000D3 0x00
    2.603: ssec: isc: 
    2.615: PPCMD OpCode: OC_OPCODE_QDC=0x8A Control: 0x03 Address: 0x91 Data: 0x0931014B 0x01CB00D9 0x00
    2.617: PPCMD OpCode: OC_OPCODE_QDC=0x8A Control: 0x02 Address: 0x91 Data: 0x03930800 0x000000D9 0x00
    2.632: PPCMD OpCode: OC_OPCODE_QDC=0x8A Control: 0x03 Address: 0x91 Data: 0x094B017C 0x01D60002 0x01
    2.634: PPCMD OpCode: OC_OPCODE_QDC=0x8A Control: 0x02 Address: 0x91 Data: 0x03930900 0x00000002 0x01
    2.649: PPCMD OpCode: OC_OPCODE_QDC=0x8A Control: 0x03 Address: 0x91 Data: 0x097C01CA 0x01D60041 0x01
    2.651: PPCMD OpCode: OC_OPCODE_QDC=0x8A Control: 0x02 Address: 0x91 Data: 0x03930A00 0x00000041 0x01
    2.666: PPCMD OpCode: OC_OPCODE_QDC=0x8A Control: 0x03 Address: 0x91 Data: 0x098A00CA 0x01620041 0x01
    2.668: PPCMD OpCode: OC_OPCODE_QTPL=0x27 Control: 0x02 Address: 0x91 Data: 0x00000000 0x00000041 0x01
    2.673: PPCMD OpCode: OC_OPCODE_QTPL=0x27 Control: 0x03 Address: 0x91 Data: 0x0200CC00 0x00000041 0x01
    2.675: PPCMD OpCode: OC_OPCODE_QDI=0x8B Control: 0x02 Address: 0x91 Data: 0x02010000 0x00000041 0x01
    2.689: PPCMD OpCode: OC_OPCODE_QDI=0x8B Control: 0x03 Address: 0x91 Data: 0x09640E00 0x00000000 0x00
    2.691: PPCMD OpCode: OC_OPCODE_QDI=0x8B Control: 0x02 Address: 0x91 Data: 0x02930000 0x00000000 0x00
    2.698: PPCMD OpCode: OC_OPCODE_QDI=0x8B Control: 0x03 Address: 0x91 Data: 0x0206CC00 0x00000000 0x00
    2.701: Nfy TRAY_INSERTED_NFY=0xAB 0x12 0x00 0x00
    2.701: FLUSHING: Warmup Flush Rule Satisfied = 0x0000000000040000.  Complete Set = 0x0000000000040000
    2.700: PPCMD OpCode: OC_OPCODE_CCND=0x05 Control: 0x02 Address: 0x91 Data: 0x00000000 0x00000000 0x00
    2.701: OCNV: NVRAM_IDLE_STATE -> NVRAM_READ_STATE
    2.702: OCNV: NVRAM_READ_STATE -> NVRAM_W_F_READ_STATE
    2.702: PPCMD OpCode: OC_OPCODE_CCND=0x05 Control: 0x03 Address: 0x91 Data: 0x00000000 0x00000000 0x00
    2.703: PPCMD OpCode: OC_OPCODE_RDN=0x93 Control: 0x02 Address: 0x92 Data: 0x04000004 0x00000000 0x00
    2.709: PPCMD OpCode: OC_OPCODE_RDN=0x93 Control: 0x03 Address: 0x92 Data: 0x04000004 0x00000000 0x00
    2.710: OCNV: NVRAM_W_F_READ_STATE -> NVRAM_CONFIRM_READ_STATE
    2.711: OCNV: NVRAM_CONFIRM_READ_STATE -> NVRAM_W_F_CONFIRM_READ_STATE
    2.711: PPCMD OpCode: OC_OPCODE_QNRWC=0x0F Control: 0x02 Address: 0x92 Data: 0x00000000 0x00000000 0x00
    2.715: PPCMD OpCode: OC_OPCODE_QNRWC=0x0F Control: 0x03 Address: 0x92 Data: 0x00CC0000 0x00000000 0x00
    2.716: OCNV: NVRAM_W_F_CONFIRM_READ_STATE -> NVRAM_TRANSMIT_REQUESTED_READ_DATA_STATE
    2.717: OCNV: NVRAM_TRANSMIT_REQUESTED_READ_DATA_STATE -> NVRAM_W_F_TRANSMIT_REQUESTED_READ_DATA_STATE
    2.717: PPCMD OpCode: OC_OPCODE_TRRD=0x12 Control: 0x02 Address: 0x92 Data: 0x00000000 0x00000000 0x00
    2.725: PPCMD OpCode: OC_OPCODE_TRRD=0x12 Control: 0x03 Address: 0x92 Data: 0x05000000 0x00CC0000 0x00
    2.726: OCNV: NVRAM_W_F_TRANSMIT_REQUESTED_READ_DATA_STATE -> NVRAM_READ_STATE
    2.727: OCNV: NVRAM_READ_STATE -> NVRAM_W_F_READ_STATE
    2.727: PPCMD OpCode: OC_OPCODE_RDN=0x93 Control: 0x02 Address: 0x92 Data: 0x04000404 0x00000000 0x00
    2.733: PPCMD OpCode: OC_OPCODE_RDN=0x93 Control: 0x03 Address: 0x92 Data: 0x04000404 0x00000000 0x00
    2.734: OCNV: NVRAM_W_F_READ_STATE -> NVRAM_CONFIRM_READ_STATE
    2.735: OCNV: NVRAM_CONFIRM_READ_STATE -> NVRAM_W_F_CONFIRM_READ_STATE
    2.735: PPCMD OpCode: OC_OPCODE_QNRWC=0x0F Control: 0x02 Address: 0x92 Data: 0x00000000 0x00000000 0x00
    2.739: PPCMD OpCode: OC_OPCODE_QNRWC=0x0F Control: 0x03 Address: 0x92 Data: 0x00CC0000 0x00000000 0x00
    2.740: OCNV: NVRAM_W_F_CONFIRM_READ_STATE -> NVRAM_TRANSMIT_REQUESTED_READ_DATA_STATE
    2.741: OCNV: NVRAM_TRANSMIT_REQUESTED_READ_DATA_STATE -> NVRAM_W_F_TRANSMIT_REQUESTED_READ_DATA_STATE
    2.741: PPCMD OpCode: OC_OPCODE_TRRD=0x12 Control: 0x02 Address: 0x92 Data: 0x00000000 0x00000000 0x00
    2.747: BUR sensor EEPROM: PTAT25 13449, M_100 17200, U0-32768 31770, Uout1/2 35646, Tobj1 100
    2.749: PPCMD OpCode: OC_OPCODE_TRRD=0x12 Control: 0x03 Address: 0x92 Data: 0x05000000 0x00CC0000 0x00
    2.750: OCNV: NVRAM_W_F_TRANSMIT_REQUESTED_READ_DATA_STATE -> NVRAM_READ_STATE
    2.751: OCNV: NVRAM_READ_STATE -> NVRAM_W_F_READ_STATE
    2.751: PPCMD OpCode: OC_OPCODE_RDN=0x93 Control: 0x02 Address: 0x92 Data: 0x04000804 0x00000000 0x00
    2.757: NON_CON: TMPThreadFunction: State 14 --> 15
    2.757: PPCMD OpCode: OC_OPCODE_RDN=0x93 Control: 0x03 Address: 0x92 Data: 0x04000804 0x00000000 0x00
    2.758: OCNV: NVRAM_W_F_READ_STATE -> NVRAM_CONFIRM_READ_STATE
    2.759: OCNV: NVRAM_CONFIRM_READ_STATE -> NVRAM_W_F_CONFIRM_READ_STATE
    2.759: PPCMD OpCode: OC_OPCODE_QNRWC=0x0F Control: 0x02 Address: 0x92 Data: 0x00000000 0x00000000 0x00
    2.763: PPCMD OpCode: OC_OPCODE_QNRWC=0x0F Control: 0x03 Address: 0x92 Data: 0x00CC0000 0x00000000 0x00
    2.764: OCNV: NVRAM_W_F_CONFIRM_READ_STATE -> NVRAM_TRANSMIT_REQUESTED_READ_DATA_STATE
    2.765: OCNV: NVRAM_TRANSMIT_REQUESTED_READ_DATA_STATE -> NVRAM_W_F_TRANSMIT_REQUESTED_READ_DATA_STATE
    2.765: PPCMD OpCode: OC_OPCODE_TRRD=0x12 Control: 0x02 Address: 0x92 Data: 0x00000000 0x00000000 0x00
    2.773: PPCMD OpCode: OC_OPCODE_TRRD=0x12 Control: 0x03 Address: 0x92 Data: 0x05000000 0x00CC0000 0x00
    2.774: OCNV: NVRAM_W_F_TRANSMIT_REQUESTED_READ_DATA_STATE -> NVRAM_READ_STATE
    2.775: OCNV: NVRAM_READ_STATE -> NVRAM_W_F_READ_STATE
    2.775: PPCMD OpCode: OC_OPCODE_RDN=0x93 Control: 0x02 Address: 0x92 Data: 0x04000C04 0x00000000 0x00
    2.781: PPCMD OpCode: OC_OPCODE_RDN=0x93 Control: 0x03 Address: 0x92 Data: 0x04000C04 0x00000000 0x00
    2.782: OCNV: NVRAM_W_F_READ_STATE -> NVRAM_CONFIRM_READ_STATE
    2.783: OCNV: NVRAM_CONFIRM_READ_STATE -> NVRAM_W_F_CONFIRM_READ_STATE
    2.783: PPCMD OpCode: OC_OPCODE_QNRWC=0x0F Control: 0x02 Address: 0x92 Data: 0x00000000 0x00000000 0x00
    2.787: PPCMD OpCode: OC_OPCODE_QNRWC=0x0F Control: 0x03 Address: 0x92 Data: 0x00CC0000 0x00000000 0x00
    2.788: OCNV: NVRAM_W_F_CONFIRM_READ_STATE -> NVRAM_TRANSMIT_REQUESTED_READ_DATA_STATE
    2.789: OCNV: NVRAM_TRANSMIT_REQUESTED_READ_DATA_STATE -> NVRAM_W_F_TRANSMIT_REQUESTED_READ_DATA_STATE
    2.789: PPCMD OpCode: OC_OPCODE_TRRD=0x12 Control: 0x02 Address: 0x92 Data: 0x00000000 0x00000000 0x00
    2.797: PPCMD OpCode: OC_OPCODE_TRRD=0x12 Control: 0x03 Address: 0x92 Data: 0x05000000 0x00CC0000 0x00
    2.798: OCNV: NVRAM_W_F_TRANSMIT_REQUESTED_READ_DATA_STATE -> NVRAM_READ_STATE
    2.799: OCNV: NVRAM_READ_STATE -> NVRAM_W_F_READ_STATE
    2.799: PPCMD OpCode: OC_OPCODE_RDN=0x93 Control: 0x02 Address: 0x92 Data: 0x04001004 0x00000000 0x00
    2.805: PPCMD OpCode: OC_OPCODE_RDN=0x93 Control: 0x03 Address: 0x92 Data: 0x04001004 0x00000000 0x00
    2.806: OCNV: NVRAM_W_F_READ_STATE -> NVRAM_CONFIRM_READ_STATE
    2.807: OCNV: NVRAM_CONFIRM_READ_STATE -> NVRAM_W_F_CONFIRM_READ_STATE
    2.807: PPCMD OpCode: OC_OPCODE_QNRWC=0x0F Control: 0x02 Address: 0x92 Data: 0x00000000 0x00000000 0x00
    2.811: PPCMD OpCode: OC_OPCODE_QNRWC=0x0F Control: 0x03 Address: 0x92 Data: 0x00CC0000 0x00000000 0x00
    2.812: OCNV: NVRAM_W_F_CONFIRM_READ_STATE -> NVRAM_TRANSMIT_REQUESTED_READ_DATA_STATE
    2.813: OCNV: NVRAM_TRANSMIT_REQUESTED_READ_DATA_STATE -> NVRAM_W_F_TRANSMIT_REQUESTED_READ_DATA_STATE
    2.813: PPCMD OpCode: OC_OPCODE_TRRD=0x12 Control: 0x02 Address: 0x92 Data: 0x00000000 0x00000000 0x00
    2.821: PPCMD OpCode: OC_OPCODE_TRRD=0x12 Control: 0x03 Address: 0x92 Data: 0x05000000 0x00CC0000 0x00
    2.822: OCNV: NVRAM_W_F_TRANSMIT_REQUESTED_READ_DATA_STATE -> NVRAM_OPERATION_COMPLETE_STATE
    2.823: OCNV: NVRAM_OPERATION_COMPLETE_STATE -> NVRAM_IDLE_STATE
    2.824: PPCMD OpCode: OC_OPCODE_QDSR=0x0A Control: 0x02 Address: 0x92 Data: 0x00000000 0x00000000 0x00
    2.835: PPCMD OpCode: OC_OPCODE_QDSR=0x0A Control: 0x03 Address: 0x92 Data: 0x0802011B 0x52303041 0xCC
    2.837: PPCMD OpCode: OC_OPCODE_QDSMAX=0x2B Control: 0x02 Address: 0x92 Data: 0x00000000 0x00000041 0xCC
    2.843: PPCMD OpCode: OC_OPCODE_QDSMAX=0x2B Control: 0x03 Address: 0x92 Data: 0x031636CC 0x00000041 0xCC
    2.845: PPCMD OpCode: OC_OPCODE_QPPC=0x8D Control: 0x02 Address: 0x92 Data: 0x02000000 0x00000041 0xCC
    2.853: PPCMD OpCode: OC_OPCODE_QPPC=0x8D Control: 0x03 Address: 0x92 Data: 0x030041CC 0x00000041 0xCC
    2.857: NON_CON: TMPThreadFunction: State 15 --> 16
    2.855: PPCMD OpCode: OC_OPCODE_QPPC=0x8D Control: 0x02 Address: 0x92 Data: 0x02010000 0x00000041 0xCC
    2.863: PPCMD OpCode: OC_OPCODE_QPPC=0x8D Control: 0x03 Address: 0x92 Data: 0x030017CC 0x00000041 0xCC
    2.865: PPCMD OpCode: OC_OPCODE_QPPC=0x8D Control: 0x02 Address: 0x92 Data: 0x02410000 0x00000041 0xCC
    2.873: PPCMD OpCode: OC_OPCODE_QPPC=0x8D Control: 0x03 Address: 0x92 Data: 0x030017CC 0x00000041 0xCC
    2.875: PPCMD OpCode: OC_OPCODE_QPPC=0x8D Control: 0x02 Address: 0x92 Data: 0x02FD0000 0x00000041 0xCC
    2.883: PPCMD OpCode: OC_OPCODE_QPPC=0x8D Control: 0x03 Address: 0x92 Data: 0x0302A0CC 0x00000041 0xCC
    2.885: PPCMD OpCode: OC_OPCODE_QDSMIN=0x2A Control: 0x02 Address: 0x92 Data: 0x00000000 0x00000041 0xCC
    2.891: PPCMD OpCode: OC_OPCODE_QDSMIN=0x2A Control: 0x03 Address: 0x92 Data: 0x03023ECC 0x00000041 0xCC
    2.893: PPCMD OpCode: OC_OPCODE_QDT=0x06 Control: 0x02 Address: 0x92 Data: 0x00000000 0x00000041 0xCC
    2.897: PPCMD OpCode: OC_OPCODE_QDT=0x06 Control: 0x03 Address: 0x92 Data: 0x41CC0000 0x00000041 0xCC
    2.899: PPCMD OpCode: OC_OPCODE_QNC=0xBC Control: 0x02 Address: 0x92 Data: 0x02000000 0x00000041 0xCC
    2.904: PPCMD OpCode: OC_OPCODE_QNC=0xBC Control: 0x03 Address: 0x92 Data: 0x0280CC00 0x00000041 0xCC
    2.906: PPCMD OpCode: OC_OPCODE_QNT=0x11 Control: 0x02 Address: 0x92 Data: 0x00000000 0x00000041 0xCC
    2.911: PPCMD OpCode: OC_OPCODE_QNT=0x11 Control: 0x03 Address: 0x92 Data: 0x0201CC00 0x00000041 0xCC
    2.913: PPCMD OpCode: OC_OPCODE_QDC=0x8A Control: 0x02 Address: 0x92 Data: 0x02010000 0x00000041 0xCC
    2.924: PPCMD OpCode: OC_OPCODE_QDC=0x8A Control: 0x03 Address: 0x92 Data: 0x0623030C 0x07D0CC41 0xCC
    2.926: PPCMD OpCode: OC_OPCODE_QDC=0x8A Control: 0x02 Address: 0x92 Data: 0x02900000 0x00000041 0xCC
    2.934: PPCMD OpCode: OC_OPCODE_QDC=0x8A Control: 0x03 Address: 0x92 Data: 0x030003CC 0x00000041 0xCC
    2.936: PPCMD OpCode: OC_OPCODE_QDC=0x8A Control: 0x02 Address: 0x92 Data: 0x03930000 0x00000041 0xCC
    2.944: PPCMD OpCode: OC_OPCODE_QDC=0x8A Control: 0x03 Address: 0x92 Data: 0x020ACC00 0x00000041 0xCC
    2.946: PPCMD OpCode: OC_OPCODE_QDC=0x8A Control: 0x02 Address: 0x92 Data: 0x03930100 0x00000041 0xCC
    2.961: PPCMD OpCode: OC_OPCODE_QDC=0x8A Control: 0x03 Address: 0x92 Data: 0x098A00B5 0x006900D8 0x00
    2.963: PPCMD OpCode: OC_OPCODE_QDC=0x8A Control: 0x02 Address: 0x92 Data: 0x03930200 0x000000D8 0x00
    2.978: PPCMD OpCode: OC_OPCODE_QDC=0x8A Control: 0x03 Address: 0x92 Data: 0x09B500D1 0x00000112 0x01
    2.978: ssec: i2cm: mode=3
    2.980: PPCMD OpCode: OC_OPCODE_QDC=0x8A Control: 0x02 Address: 0x92 Data: 0x03930300 0x00000012 0x01
    2.980: ssec: gsv: encrypt=true
    2.983: ssec: rm: devNum=0, encrypt=true, dataSize=0x1, offset=0x64
    2.995: PPCMD OpCode: OC_OPCODE_QDC=0x8A Control: 0x03 Address: 0x92 Data: 0x09D100F9 0x0062002A 0x01
    2.997: PPCMD OpCode: OC_OPCODE_QDC=0x8A Control: 0x02 Address: 0x92 Data: 0x03930400 0x0000002A 0x01
    3.003: ssec: is: mc=0xffff, cv=0x06, mv=0x01
    3.003: ssec: rm: devNum=0, encrypt=true, dataSize=0x1, offset=0x82
    3.012: PPCMD OpCode: OC_OPCODE_QDC=0x8A Control: 0x03 Address: 0x92 Data: 0x09F90016 0x01B000C6 0x00
    3.014: PPCMD OpCode: OC_OPCODE_QDC=0x8A Control: 0x02 Address: 0x92 Data: 0x03930500 0x000000C6 0x00
    3.022: ssec: rm: devNum=0, encrypt=true, dataSize=0x8, offset=0x65
    3.029: PPCMD OpCode: OC_OPCODE_QDC=0x8A Control: 0x03 Address: 0x92 Data: 0x09160128 0x01D600D8 0x00
    3.031: PPCMD OpCode: OC_OPCODE_QDC=0x8A Control: 0x02 Address: 0x92 Data: 0x03930600 0x000000D8 0x00
    3.037: BUR sensor iterations 5, Object temp 75, Body temp 42
    3.037: Invalid BUR sensor read

    3.037: FUSER: FuserUpdateNonContactBackupRollTemperature(): *NOTICE* - hw_ReadFuserNonContact() returned an unexpected value: 0x0
    3.042: ssec: rm: devNum=0, encrypt=true, dataSize=0x4, offset=0x83
    3.046: PPCMD OpCode: OC_OPCODE_QDC=0x8A Control: 0x03 Address: 0x92 Data: 0x09280131 0x01D100D3 0x00
    3.048: PPCMD OpCode: OC_OPCODE_QDC=0x8A Control: 0x02 Address: 0x92 Data: 0x03930700 0x000000D3 0x00
    3.061: ssec: rm: devNum=0, encrypt=true, dataSize=0x4, offset=0x87
    3.063: PPCMD OpCode: OC_OPCODE_QDC=0x8A Control: 0x03 Address: 0x92 Data: 0x0931014B 0x01CB00D9 0x00
    3.065: PPCMD OpCode: OC_OPCODE_QDC=0x8A Control: 0x02 Address: 0x92 Data: 0x03930800 0x000000D9 0x00
    3.080: PPCMD OpCode: OC_OPCODE_QDC=0x8A Control: 0x03 Address: 0x92 Data: 0x094B017C 0x01D60002 0x01
    3.081: ssec: is: fb=false, cv=6, lcv=6, lst=0x18f767f4, ft=0x0, fet=0x0
    3.081: ssec: rsc: devNum=0
    3.081: ssec: rm: devNum=0, encrypt=true, dataSize=0xaa, offset=0x2000
    3.082: PPCMD OpCode: OC_OPCODE_QDC=0x8A Control: 0x02 Address: 0x92 Data: 0x03930900 0x00000002 0x01
    3.097: PPCMD OpCode: OC_OPCODE_QDC=0x8A Control: 0x03 Address: 0x92 Data: 0x097C01CA 0x01D60041 0x01
    3.099: PPCMD OpCode: OC_OPCODE_QDC=0x8A Control: 0x02 Address: 0x92 Data: 0x03930A00 0x00000041 0x01
    3.114: PPCMD OpCode: OC_OPCODE_QDC=0x8A Control: 0x03 Address: 0x92 Data: 0x098A00CA 0x01620041 0x01
    3.116: PPCMD OpCode: OC_OPCODE_QTPL=0x27 Control: 0x02 Address: 0x92 Data: 0x00000000 0x00000041 0x01
    3.121: PPCMD OpCode: OC_OPCODE_QTPL=0x27 Control: 0x03 Address: 0x92 Data: 0x0200CC00 0x00000041 0x01
    3.123: PPCMD OpCode: OC_OPCODE_QDI=0x8B Control: 0x02 Address: 0x92 Data: 0x02010000 0x00000041 0x01
    3.137: PPCMD OpCode: OC_OPCODE_QDI=0x8B Control: 0x03 Address: 0x92 Data: 0x090C0E00 0x00000000 0x00
    3.139: PPCMD OpCode: OC_OPCODE_QDI=0x8B Control: 0x02 Address: 0x92 Data: 0x02930000 0x00000000 0x00
    3.146: PPCMD OpCode: OC_OPCODE_QDI=0x8B Control: 0x03 Address: 0x92 Data: 0x0200CC00 0x00000000 0x00
    3.150: Nfy TRAY_INSERTED_NFY=0xAB 0x13 0x00 0x00
    3.150: FLUSHING: Warmup Flush Rule Satisfied = 0x0000000000080000.  Complete Set = 0x00000000000c0000
    3.148: PPCMD OpCode: OC_OPCODE_CCND=0x05 Control: 0x02 Address: 0x92 Data: 0x00000000 0x00000000 0x00
    3.149: OCNV: NVRAM_IDLE_STATE -> NVRAM_READ_STATE
    3.150: OCNV: NVRAM_READ_STATE -> NVRAM_W_F_READ_STATE
    3.150: PPCMD OpCode: OC_OPCODE_CCND=0x05 Control: 0x03 Address: 0x92 Data: 0x00000000 0x00000000 0x00
    3.151: PPCMD OpCode: OC_OPCODE_RDN=0x93 Control: 0x02 Address: 0x93 Data: 0x04000004 0x00000000 0x00
    3.157: PPCMD OpCode: OC_OPCODE_RDN=0x93 Control: 0x03 Address: 0x93 Data: 0x04000004 0x00000000 0x00
    3.158: OCNV: NVRAM_W_F_READ_STATE -> NVRAM_CONFIRM_READ_STATE
    3.159: OCNV: NVRAM_CONFIRM_READ_STATE -> NVRAM_W_F_CONFIRM_READ_STATE
    3.159: PPCMD OpCode: OC_OPCODE_QNRWC=0x0F Control: 0x02 Address: 0x93 Data: 0x00000000 0x00000000 0x00
    3.163: PPCMD OpCode: OC_OPCODE_QNRWC=0x0F Control: 0x03 Address: 0x93 Data: 0x00CC0000 0x00000000 0x00
    3.164: OCNV: NVRAM_W_F_CONFIRM_READ_STATE -> NVRAM_TRANSMIT_REQUESTED_READ_DATA_STATE
    3.165: OCNV: NVRAM_TRANSMIT_REQUESTED_READ_DATA_STATE -> NVRAM_W_F_TRANSMIT_REQUESTED_READ_DATA_STATE
    3.165: PPCMD OpCode: OC_OPCODE_TRRD=0x12 Control: 0x02 Address: 0x93 Data: 0x00000000 0x00000000 0x00
    3.173: PPCMD OpCode: OC_OPCODE_TRRD=0x12 Control: 0x03 Address: 0x93 Data: 0x05000000 0x00CC0000 0x00
    3.174: OCNV: NVRAM_W_F_TRANSMIT_REQUESTED_READ_DATA_STATE -> NVRAM_READ_STATE
    3.175: OCNV: NVRAM_READ_STATE -> NVRAM_W_F_READ_STATE
    3.175: PPCMD OpCode: OC_OPCODE_RDN=0x93 Control: 0x02 Address: 0x93 Data: 0x04000404 0x00000000 0x00
    3.181: PPCMD OpCode: OC_OPCODE_RDN=0x93 Control: 0x03 Address: 0x93 Data: 0x04000404 0x00000000 0x00
    3.182: OCNV: NVRAM_W_F_READ_STATE -> NVRAM_CONFIRM_READ_STATE
    3.183: OCNV: NVRAM_CONFIRM_READ_STATE -> NVRAM_W_F_CONFIRM_READ_STATE
    3.183: PPCMD OpCode: OC_OPCODE_QNRWC=0x0F Control: 0x02 Address: 0x93 Data: 0x00000000 0x00000000 0x00
    3.187: PPCMD OpCode: OC_OPCODE_QNRWC=0x0F Control: 0x03 Address: 0x93 Data: 0x00CC0000 0x00000000 0x00
    3.188: OCNV: NVRAM_W_F_CONFIRM_READ_STATE -> NVRAM_TRANSMIT_REQUESTED_READ_DATA_STATE
    3.189: OCNV: NVRAM_TRANSMIT_REQUESTED_READ_DATA_STATE -> NVRAM_W_F_TRANSMIT_REQUESTED_READ_DATA_STATE
    3.189: PPCMD OpCode: OC_OPCODE_TRRD=0x12 Control: 0x02 Address: 0x93 Data: 0x00000000 0x00000000 0x00
    3.197: PPCMD OpCode: OC_OPCODE_TRRD=0x12 Control: 0x03 Address: 0x93 Data: 0x05000000 0x00CC0000 0x00
    3.198: OCNV: NVRAM_W_F_TRANSMIT_REQUESTED_READ_DATA_STATE -> NVRAM_READ_STATE
    3.199: OCNV: NVRAM_READ_STATE -> NVRAM_W_F_READ_STATE
    3.199: PPCMD OpCode: OC_OPCODE_RDN=0x93 Control: 0x02 Address: 0x93 Data: 0x04000804 0x00000000 0x00
    3.205: PPCMD OpCode: OC_OPCODE_RDN=0x93 Control: 0x03 Address: 0x93 Data: 0x04000804 0x00000000 0x00
    3.206: OCNV: NVRAM_W_F_READ_STATE -> NVRAM_CONFIRM_READ_STATE
    3.207: OCNV: NVRAM_CONFIRM_READ_STATE -> NVRAM_W_F_CONFIRM_READ_STATE
    3.207: PPCMD OpCode: OC_OPCODE_QNRWC=0x0F Control: 0x02 Address: 0x93 Data: 0x00000000 0x00000000 0x00
    3.211: PPCMD OpCode: OC_OPCODE_QNRWC=0x0F Control: 0x03 Address: 0x93 Data: 0x00CC0000 0x00000000 0x00
    3.212: OCNV: NVRAM_W_F_CONFIRM_READ_STATE -> NVRAM_TRANSMIT_REQUESTED_READ_DATA_STATE
    3.213: OCNV: NVRAM_TRANSMIT_REQUESTED_READ_DATA_STATE -> NVRAM_W_F_TRANSMIT_REQUESTED_READ_DATA_STATE
    3.213: PPCMD OpCode: OC_OPCODE_TRRD=0x12 Control: 0x02 Address: 0x93 Data: 0x00000000 0x00000000 0x00
    3.221: PPCMD OpCode: OC_OPCODE_TRRD=0x12 Control: 0x03 Address: 0x93 Data: 0x05000000 0x00CC0000 0x00
    3.222: OCNV: NVRAM_W_F_TRANSMIT_REQUESTED_READ_DATA_STATE -> NVRAM_READ_STATE
    3.223: OCNV: NVRAM_READ_STATE -> NVRAM_W_F_READ_STATE
    3.223: PPCMD OpCode: OC_OPCODE_RDN=0x93 Control: 0x02 Address: 0x93 Data: 0x04000C04 0x00000000 0x00
    3.229: PPCMD OpCode: OC_OPCODE_RDN=0x93 Control: 0x03 Address: 0x93 Data: 0x04000C04 0x00000000 0x00
    3.230: OCNV: NVRAM_W_F_READ_STATE -> NVRAM_CONFIRM_READ_STATE
    3.231: OCNV: NVRAM_CONFIRM_READ_STATE -> NVRAM_W_F_CONFIRM_READ_STATE
    3.231: PPCMD OpCode: OC_OPCODE_QNRWC=0x0F Control: 0x02 Address: 0x93 Data: 0x00000000 0x00000000 0x00
    3.235: PPCMD OpCode: OC_OPCODE_QNRWC=0x0F Control: 0x03 Address: 0x93 Data: 0x00CC0000 0x00000000 0x00
    3.236: OCNV: NVRAM_W_F_CONFIRM_READ_STATE -> NVRAM_TRANSMIT_REQUESTED_READ_DATA_STATE
    3.237: OCNV: NVRAM_TRANSMIT_REQUESTED_READ_DATA_STATE -> NVRAM_W_F_TRANSMIT_REQUESTED_READ_DATA_STATE
    3.237: PPCMD OpCode: OC_OPCODE_TRRD=0x12 Control: 0x02 Address: 0x93 Data: 0x00000000 0x00000000 0x00
    3.245: PPCMD OpCode: OC_OPCODE_TRRD=0x12 Control: 0x03 Address: 0x93 Data: 0x05000000 0x00CC0000 0x00
    3.246: OCNV: NVRAM_W_F_TRANSMIT_REQUESTED_READ_DATA_STATE -> NVRAM_READ_STATE
    3.247: OCNV: NVRAM_READ_STATE -> NVRAM_W_F_READ_STATE
    3.247: PPCMD OpCode: OC_OPCODE_RDN=0x93 Control: 0x02 Address: 0x93 Data: 0x04001004 0x00000000 0x00
    3.253: PPCMD OpCode: OC_OPCODE_RDN=0x93 Control: 0x03 Address: 0x93 Data: 0x04001004 0x00000000 0x00
    3.254: OCNV: NVRAM_W_F_READ_STATE -> NVRAM_CONFIRM_READ_STATE
    3.255: OCNV: NVRAM_CONFIRM_READ_STATE -> NVRAM_W_F_CONFIRM_READ_STATE
    3.255: PPCMD OpCode: OC_OPCODE_QNRWC=0x0F Control: 0x02 Address: 0x93 Data: 0x00000000 0x00000000 0x00
    3.256: ssec: amp: lh=1942, l=1219
    3.256: ssec: rsp: 
    3.259: PPCMD OpCode: OC_OPCODE_QNRWC=0x0F Control: 0x03 Address: 0x93 Data: 0x00CC0000 0x00000000 0x00
    3.260: OCNV: NVRAM_W_F_CONFIRM_READ_STATE -> NVRAM_TRANSMIT_REQUESTED_READ_DATA_STATE
    3.260: ssec: is: devNum=0, s=1, fwv= F35.3.1.1
    3.266: SUPPLIES: Memory: System InitSession() rc=0 
    3.266: SUPPLIES: Memory: begin QuerySsDeviceInformation() Supply=System Secure Memory, DevId=0 
    3.260: ssec: is: devNum=1, s=1, fwv= F35.1.17.1
    3.260: ssec: is: devNum=2, s=1, fwv= F35.1.17.1
    3.260: ssec: is: devNum=3, s=1, fwv= F35.1.17.1
    3.273: SUPPLIES: Memory: QuerySsDeviceInformation() Supply=System Secure Memory DevId=0 rc=0 stat=1 deviceid=0x0 init_quanta=0 quanta=0 enforced=0 changed=0 SmartChipFw= F35.3.1.1 SCRMData=0xffffffff 0xffffffff 0xffffffff 
    3.273: SUPPLIES: Memory: begin InitSession() device=1 
    3.260: ssec: is: devNum=4, s=1, fwv= F35.1.17.1
    3.260: ssec: is: devNum=5, s=1, fwv= F35.3.17.1
    3.260: ssec: is: devNum=6, s=1, fwv= F35.3.17.1
    3.260: ssec: is: devNum=7, s=1, fwv= F35.3.17.1
    3.260: ssec: lmc: 
    3.261: OCNV: NVRAM_TRANSMIT_REQUESTED_READ_DATA_STATE -> NVRAM_W_F_TRANSMIT_REQUESTED_READ_DATA_STATE
    3.261: PPCMD OpCode: OC_OPCODE_TRRD=0x12 Control: 0x02 Address: 0x93 Data: 0x00000000 0x00000000 0x00
    3.264: ssec: cmd=1, devNum=0, rc=0
    3.267: ssec: di: dn=0, st=1, iq=0x0000, qr=0x0000, en=false, ch=false
    3.267: ssec: cmd=13, devNum=0, rc=0
    3.269: PPCMD OpCode: OC_OPCODE_TRRD=0x12 Control: 0x03 Address: 0x93 Data: 0x05000000 0x00CC0000 0x00
    3.270: OCNV: NVRAM_W_F_TRANSMIT_REQUESTED_READ_DATA_STATE -> NVRAM_OPERATION_COMPLETE_STATE
    3.271: OCNV: NVRAM_OPERATION_COMPLETE_STATE -> NVRAM_IDLE_STATE
    3.272: PPCMD OpCode: OC_OPCODE_QDSR=0x0A Control: 0x02 Address: 0x93 Data: 0x00000000 0x00000000 0x00
    3.273: ssec: gcid: devNum=1, encrypt=true
    3.283: PPCMD OpCode: OC_OPCODE_QDSR=0x0A Control: 0x03 Address: 0x93 Data: 0x0802021B 0x52303041 0xCC
    3.285: PPCMD OpCode: OC_OPCODE_QDSMAX=0x2B Control: 0x02 Address: 0x93 Data: 0x00000000 0x00000041 0xCC
    3.286: ssec: rm: devNum=0, encrypt=true, dataSize=0xa, offset=0x0
    3.291: PPCMD OpCode: OC_OPCODE_QDSMAX=0x2B Control: 0x03 Address: 0x93 Data: 0x031636CC 0x00000041 0xCC
    3.293: PPCMD OpCode: OC_OPCODE_QPPC=0x8D Control: 0x02 Address: 0x93 Data: 0x02000000 0x00000041 0xCC
    3.301: PPCMD OpCode: OC_OPCODE_QPPC=0x8D Control: 0x03 Address: 0x93 Data: 0x0300FACC 0x00000041 0xCC
    3.303: PPCMD OpCode: OC_OPCODE_QPPC=0x8D Control: 0x02 Address: 0x93 Data: 0x02010000 0x00000041 0xCC
    3.309: SUPPLIES: Memory: InitSession() Supply=Bottle - Black, rc=0, SsDeviceNumber=1 
    3.309: SUPPLIES: Memory: begin InitSession() device=2 
    3.307: ssec: is: devNum=1, s=1, d=0x00000000
    3.307: ssec: cmd=1, devNum=1, rc=0
    3.309: ssec: gcid: devNum=2, encrypt=true
    3.311: PPCMD OpCode: OC_OPCODE_QPPC=0x8D Control: 0x03 Address: 0x93 Data: 0x030059CC 0x00000041 0xCC
    3.313: PPCMD OpCode: OC_OPCODE_QPPC=0x8D Control: 0x02 Address: 0x93 Data: 0x02410000 0x00000041 0xCC
    3.321: PPCMD OpCode: OC_OPCODE_QPPC=0x8D Control: 0x03 Address: 0x93 Data: 0x030059CC 0x00000041 0xCC
    3.322: ssec: rm: devNum=0, encrypt=true, dataSize=0xa, offset=0xa
    3.323: PPCMD OpCode: OC_OPCODE_QPPC=0x8D Control: 0x02 Address: 0x93 Data: 0x02FD0000 0x00000041 0xCC
    3.331: PPCMD OpCode: OC_OPCODE_QPPC=0x8D Control: 0x03 Address: 0x93 Data: 0x030A80CC 0x00000041 0xCC
    3.333: PPCMD OpCode: OC_OPCODE_QDSMIN=0x2A Control: 0x02 Address: 0x93 Data: 0x00000000 0x00000041 0xCC
    3.339: PPCMD OpCode: OC_OPCODE_QDSMIN=0x2A Control: 0x03 Address: 0x93 Data: 0x03023ECC 0x00000041 0xCC
    3.341: PPCMD OpCode: OC_OPCODE_QDT=0x06 Control: 0x02 Address: 0x93 Data: 0x00000000 0x00000041 0xCC
    3.345: SUPPLIES: Memory: InitSession() Supply=Bottle - Cyan, rc=0, SsDeviceNumber=2 
    3.345: SUPPLIES: Memory: begin InitSession() device=3 
    3.343: ssec: is: devNum=2, s=1, d=0x00000000
    3.343: ssec: cmd=1, devNum=2, rc=0
    3.345: PPCMD OpCode: OC_OPCODE_QDT=0x06 Control: 0x03 Address: 0x93 Data: 0x41CC0000 0x00000041 0xCC
    3.345: ssec: gcid: devNum=3, encrypt=true
    3.347: PPCMD OpCode: OC_OPCODE_QNC=0xBC Control: 0x02 Address: 0x93 Data: 0x02000000 0x00000041 0xCC
    3.352: PPCMD OpCode: OC_OPCODE_QNC=0xBC Control: 0x03 Address: 0x93 Data: 0x02C0CC00 0x00000041 0xCC
    3.354: PPCMD OpCode: OC_OPCODE_QNT=0x11 Control: 0x02 Address: 0x93 Data: 0x00000000 0x00000041 0xCC
    3.358: ssec: rm: devNum=0, encrypt=true, dataSize=0xa, offset=0x14
    3.359: PPCMD OpCode: OC_OPCODE_QNT=0x11 Control: 0x03 Address: 0x93 Data: 0x0201CC00 0x00000041 0xCC
    3.361: PPCMD OpCode: OC_OPCODE_QDC=0x8A Control: 0x02 Address: 0x93 Data: 0x02010000 0x00000041 0xCC
    3.372: PPCMD OpCode: OC_OPCODE_QDC=0x8A Control: 0x03 Address: 0x93 Data: 0x0623030C 0x05DCCC41 0xCC
    3.374: PPCMD OpCode: OC_OPCODE_QDC=0x8A Control: 0x02 Address: 0x93 Data: 0x02900000 0x00000041 0xCC
    3.381: SUPPLIES: Memory: InitSession() Supply=Bottle - Magenta, rc=0, SsDeviceNumber=3 
    3.381: SUPPLIES: Memory: begin InitSession() device=4 
    3.379: ssec: is: devNum=3, s=1, d=0x00000000
    3.379: ssec: cmd=1, devNum=3, rc=0
    3.382: PPCMD OpCode: OC_OPCODE_QDC=0x8A Control: 0x03 Address: 0x93 Data: 0x030003CC 0x00000041 0xCC
    3.382: ssec: gcid: devNum=4, encrypt=true
    3.384: PPCMD OpCode: OC_OPCODE_QDC=0x8A Control: 0x02 Address: 0x93 Data: 0x03930000 0x00000041 0xCC
    3.392: PPCMD OpCode: OC_OPCODE_QDC=0x8A Control: 0x03 Address: 0x93 Data: 0x020ACC00 0x00000041 0xCC
    3.394: PPCMD OpCode: OC_OPCODE_QDC=0x8A Control: 0x02 Address: 0x93 Data: 0x03930100 0x00000041 0xCC
    3.395: ssec: rm: devNum=0, encrypt=true, dataSize=0xa, offset=0x1e
    3.409: PPCMD OpCode: OC_OPCODE_QDC=0x8A Control: 0x03 Address: 0x93 Data: 0x098A00B5 0x006900D8 0x00
    3.411: PPCMD OpCode: OC_OPCODE_QDC=0x8A Control: 0x02 Address: 0x93 Data: 0x03930200 0x000000D8 0x00
    3.418: SUPPLIES: Memory: InitSession() Supply=Bottle - Yellow, rc=0, SsDeviceNumber=4 
    3.418: SUPPLIES: Memory: begin InitSession() device=5 
    3.416: ssec: is: devNum=4, s=1, d=0x00000000
    3.416: ssec: cmd=1, devNum=4, rc=0
    3.418: ssec: gcid: devNum=5, encrypt=true
    3.426: PPCMD OpCode: OC_OPCODE_QDC=0x8A Control: 0x03 Address: 0x93 Data: 0x09B500D1 0x00000112 0x01
    3.428: PPCMD OpCode: OC_OPCODE_QDC=0x8A Control: 0x02 Address: 0x93 Data: 0x03930300 0x00000012 0x01
    3.431: ssec: rm: devNum=0, encrypt=true, dataSize=0xa, offset=0x28
    3.443: PPCMD OpCode: OC_OPCODE_QDC=0x8A Control: 0x03 Address: 0x93 Data: 0x09D100F9 0x0062002A 0x01
    3.445: PPCMD OpCode: OC_OPCODE_QDC=0x8A Control: 0x02 Address: 0x93 Data: 0x03930400 0x0000002A 0x01
    3.454: SUPPLIES: Memory: InitSession() Supply=Image Kit - Black, rc=0, SsDeviceNumber=5 
    3.454: SUPPLIES: Memory: begin InitSession() device=6 
    3.452: ssec: is: devNum=5, s=1, d=0x00000000
    3.452: ssec: cmd=1, devNum=5, rc=0
    3.455: ssec: gcid: devNum=6, encrypt=true
    3.460: PPCMD OpCode: OC_OPCODE_QDC=0x8A Control: 0x03 Address: 0x93 Data: 0x09F90016 0x01B000C6 0x00
    3.462: PPCMD OpCode: OC_OPCODE_QDC=0x8A Control: 0x02 Address: 0x93 Data: 0x03930500 0x000000C6 0x00
    3.468: ssec: rm: devNum=0, encrypt=true, dataSize=0xa, offset=0x32
    3.477: PPCMD OpCode: OC_OPCODE_QDC=0x8A Control: 0x03 Address: 0x93 Data: 0x09160128 0x01D600D8 0x00
    3.479: PPCMD OpCode: OC_OPCODE_QDC=0x8A Control: 0x02 Address: 0x93 Data: 0x03930600 0x000000D8 0x00
    3.491: SUPPLIES: Memory: InitSession() Supply=Image Kit - Color, rc=0, SsDeviceNumber=6 
    3.491: SUPPLIES: Memory: begin InitSession() device=7 
    3.489: ssec: is: devNum=6, s=1, d=0x00000000
    3.489: ssec: cmd=1, devNum=6, rc=0
    3.492: ssec: gcid: devNum=7, encrypt=true
    3.494: PPCMD OpCode: OC_OPCODE_QDC=0x8A Control: 0x03 Address: 0x93 Data: 0x09280131 0x01D100D3 0x00
    3.496: PPCMD OpCode: OC_OPCODE_QDC=0x8A Control: 0x02 Address: 0x93 Data: 0x03930700 0x000000D3 0x00
    3.505: ssec: rm: devNum=0, encrypt=true, dataSize=0xa, offset=0x3c
    3.511: PPCMD OpCode: OC_OPCODE_QDC=0x8A Control: 0x03 Address: 0x93 Data: 0x0931014B 0x01CB00D9 0x00
    3.513: PPCMD OpCode: OC_OPCODE_QDC=0x8A Control: 0x02 Address: 0x93 Data: 0x03930800 0x000000D9 0x00
    3.526: ssec: is: devNum=7, s=1, d=0x00000000
    3.526: ssec: ci2c: devNum=1
    3.528: PPCMD OpCode: OC_OPCODE_QDC=0x8A Control: 0x03 Address: 0x93 Data: 0x094B017C 0x01D60002 0x01
    3.530: PPCMD OpCode: OC_OPCODE_QDC=0x8A Control: 0x02 Address: 0x93 Data: 0x03930900 0x00000002 0x01
    3.538: ssec: ci2c: devNum=2
    3.547: WeatherThread: State Change 0 --> 2
    3.545: PPCMD OpCode: OC_OPCODE_QDC=0x8A Control: 0x03 Address: 0x93 Data: 0x097C01CA 0x01D60041 0x01
    3.547: PPCMD OpCode: OC_OPCODE_QDC=0x8A Control: 0x02 Address: 0x93 Data: 0x03930A00 0x00000041 0x01
    3.550, 0.000, 'NonContactBUR_AFT',              75,         66, 0, 0
    3.551: ssec: ci2c: devNum=3
    3.557: WeatherThread: State Change 2 --> 4
    3.562: PPCMD OpCode: OC_OPCODE_QDC=0x8A Control: 0x03 Address: 0x93 Data: 0x098A00CA 0x01620041 0x01
    3.563: ssec: ci2c: devNum=4
    3.564: PPCMD OpCode: OC_OPCODE_QTPL=0x27 Control: 0x02 Address: 0x93 Data: 0x00000000 0x00000041 0x01
    3.569: PPCMD OpCode: OC_OPCODE_QTPL=0x27 Control: 0x03 Address: 0x93 Data: 0x0200CC00 0x00000041 0x01
    3.571: PPCMD OpCode: OC_OPCODE_QDI=0x8B Control: 0x02 Address: 0x93 Data: 0x02010000 0x00000041 0x01
    3.576: ssec: ci2c: devNum=5
    3.587: WeatherThread: State Change 4 --> 5
    3.585: PPCMD OpCode: OC_OPCODE_QDI=0x8B Control: 0x03 Address: 0x93 Data: 0x090C1000 0x000AE605 0xB4
    3.587: PPCMD OpCode: OC_OPCODE_QDI=0x8B Control: 0x02 Address: 0x93 Data: 0x02930000 0x00000005 0xB4
    3.588: ssec: ci2c: devNum=6
    3.594: PPCMD OpCode: OC_OPCODE_QDI=0x8B Control: 0x03 Address: 0x93 Data: 0x02FFCC00 0x00000005 0xB4
    3.598: Nfy TRAY_INSERTED_NFY=0xAB 0x14 0x00 0x00
    3.598: FLUSHING: Warmup Flush Rule Satisfied = 0x0000000000100000.  Complete Set = 0x00000000001c0000
    3.596: PPCMD OpCode: OC_OPCODE_CCND=0x05 Control: 0x02 Address: 0x93 Data: 0x00000000 0x00000005 0xB4
    3.598: PPCMD OpCode: OC_OPCODE_CCND=0x05 Control: 0x03 Address: 0x93 Data: 0x00000000 0x00000005 0xB4
    3.599: PPCMD OpCode: OC_OPCODE_BCME=0x8F Control: 0x02 Address: 0x93 Data: 0x02010000 0x00000005 0xB4
    3.601: ssec: ci2c: devNum=7
    3.603: PPCMD OpCode: OC_OPCODE_BCME=0x8F Control: 0x03 Address: 0x93 Data: 0x02010000 0x00000005 0xB4
    3.604: PPCMD OpCode: OC_OPCODE_SDC=0xFE Control: 0x02 Address: 0x70 Data: 0x03600000 0x00000000 0x00
    3.615: SUPPLIES: Memory: InitSession() Supply=Fuser, rc=0, SsDeviceNumber=7 
    3.615: SUPPLIES: Memory: begin QuerySuppliesSecurityInformation 
    3.613: ssec: cmd=1, devNum=7, rc=0
    3.616: SUPPLIES: Memory; QuerySuppliesSecurityInformation() rc=0 security_init=1 enabled=1 
    3.616: SUPPLIES: Memory: begin SecurityDeviceChangeCommand() for Supply=Bottle - Black, DevId=1 
    3.615: ssec: si: securityInitialized=true, enabled=true, enforcing=true, secureTime=159
    3.615: ssec: cmd=12, devNum=255, rc=0
    3.617: PPCMD OpCode: OC_OPCODE_SDC=0xFE Control: 0x03 Address: 0x70 Data: 0x07000000 0x000000CC 0x00
    3.617: ssec: rm: devNum=1, encrypt=true, dataSize=0x400, offset=0x2380
    3.619: PPCMD OpCode: OC_OPCODE_SDC=0xFE Control: 0x02 Address: 0x70 Data: 0x03600100 0x000000CC 0x00
    3.632: PPCMD OpCode: OC_OPCODE_SDC=0xFE Control: 0x03 Address: 0x70 Data: 0x07010000 0x000000CC 0x00
    3.634: PPCMD OpCode: OC_OPCODE_SDC=0xFE Control: 0x02 Address: 0x70 Data: 0x03600200 0x000000CC 0x00
    3.647: PPCMD OpCode: OC_OPCODE_SDC=0xFE Control: 0x03 Address: 0x70 Data: 0x07020000 0x000000CC 0x00
    3.649: PPCMD OpCode: OC_OPCODE_SDC=0xFE Control: 0x02 Address: 0x70 Data: 0x03600300 0x000000CC 0x00
    3.662: PPCMD OpCode: OC_OPCODE_SDC=0xFE Control: 0x03 Address: 0x70 Data: 0x07030000 0x000000CC 0x00
    3.664: PPCMD OpCode: OC_OPCODE_SDC=0xFE Control: 0x02 Address: 0x70 Data: 0x03600400 0x000000CC 0x00
    3.677: WeatherThread: Detected Legacy Sensirion by accepted user register read - reg is 0x3a
    3.677: PPCMD OpCode: OC_OPCODE_SDC=0xFE Control: 0x03 Address: 0x70 Data: 0x07040000 0x000000CC 0x00
    3.679: PPCMD OpCode: OC_OPCODE_SDC=0xFE Control: 0x02 Address: 0x70 Data: 0x03600500 0x000000CC 0x00
    3.692: PPCMD OpCode: OC_OPCODE_SDC=0xFE Control: 0x03 Address: 0x70 Data: 0x07050000 0x000000CC 0x00
    3.694: PPCMD OpCode: OC_OPCODE_SDC=0xFE Control: 0x02 Address: 0x70 Data: 0x03600600 0x000000CC 0x00
    3.707: PPCMD OpCode: OC_OPCODE_SDC=0xFE Control: 0x03 Address: 0x70 Data: 0x07060000 0x000000CC 0x00
    3.709: PPCMD OpCode: OC_OPCODE_SDC=0xFE Control: 0x02 Address: 0x70 Data: 0x03600700 0x000000CC 0x00
    3.711: ssec: rm: devNum=1, encrypt=true, dataSize=0x48, offset=0x2300
    3.722: PPCMD OpCode: OC_OPCODE_SDC=0xFE Control: 0x03 Address: 0x70 Data: 0x07070000 0x000000CC 0x00
    3.726: TASK: Message EM_MSG_OC_TO_ET_OPTIONS_INIT_COMPLETE sent to EmOptionTask()
    3.725: LS AOC:2.56 IN:13, OUT:0
    3.725: Option Manager State: OPT_MGR_W_F_WARMUP
    3.733: TASK: EmOptionTask() status 0x1.  Task NOT Removed.
    3.733: TASK: Message EM_MSG_ET_TO_EM_OPTIONS_DEVICES_ATTACHED sent to TASK: Unknown Task
    3.733: EM: EmOptionChangeState() - EM_OPTION_STATE_INIT -> EM_OPTION_STATE_IDLE
    3.733: TASK: EmOptionTask() status 0x1.  Task REMOVED.
    3.733: TASK: DumpTaskList() - pHead: 0x00000000 @ 0x0001A134
    3.733: EM: J1 Engine Manager State: W_F_DEVICES_ATTACHED                              -> W_F_POST_TEST_COMPLETE                           
    3.732: ssec: dc: devNum=1
    3.735: PhAssembleCharacterizationDataPor() - Jake = 1: StoredChecksum = 0x1b23b:CalculatedCheckSum = 0x1b23b: MisMatch = 0
    3.735: Jake = 1: FacetMapEnable = 1
    3.735: PhNvramLoadLinearityProfileData() - Reading Linearity From Memory Map of Characterized Data: Version = 14
    3.735: PH: PhCalculateShadingSlopeAndIntercept() - Ph: 0: Volt0 = 844: Volt1 = 1689: P0 = 468: P1 = 962 P0K0 = 11206656: P0K1 = 30670848: P1K0 = 37748736: P1K1 = 63045632.
    3.742: PH: Jake = 0: PhChangeNvramStateMachineState() - 5 -> 6
    3.735: PH: PhCalculateShadingSlopeAndIntercept() - Ph: 0: Slope = 0.109161: Intercept = 128.865601.
    3.743: EM: J1 Engine Manager State: W_F_POST_TEST_COMPLETE                            -> CONFIGURATION_KNOWN                              
    3.735: PH: PhCalculateLaserPowerToPwmSlopeAndIntercept() - Ph: 0: Power0AtPwm0L = 468: Power1AtPwm1L = 962: Pwm0L = 64: Pwm1L = 192: LowGearSlope = 0.259094: LowGearIntercept = -57.256104: Power0AtPwm0H = 468: Power1AtPwm1H = 962: Pwm0H = 64: Pwm1H = 192: HighGearSlope = 0.259094: HighGearIntercept = -57.256104
    3.735: PH: PhCalculatePwmToLaserPowerSlopeAndIntercept() - Ph: 0: Power0AtPwm0L = 468: Power1AtPwm1L = 962: Pwm0L = 64: Pwm1L = 192: LowGearSlope = 3.859375: LowGearIntercept = 221.000000:Power0AtPwm0H = 468: Power1AtPwm1H = 962: Pwm0H = 64: Pwm1H = 192:HighGearSlope = 3.859375: HighGearIntercept = 221.000000
    3.735: PH: PhCalculateShadingSlopeAndIntercept() - Ph: 1: Volt0 = 844: Volt1 = 1689: P0 = 500: P1 = 1027 P0K0 = 13631488: P0K1 = 32768000: P1K0 = 41811968: P1K1 = 67305472.
    3.735: PH: PhCalculateShadingSlopeAndIntercept() - Ph: 1: Slope = 0.111511: Intercept = 121.166260.
    3.752: PhAssembleCharacterizationDataPor() - Jake = 0: StoredChecksum = 0x1b23b:CalculatedCheckSum = 0x1b23b: MisMatch = 0
    3.752: Jake = 0: FacetMapEnable = 1
    3.752: XOrgin,YOrgin,NominalLeadingMarginBeamAngle = 1000,1000,11346

    3.752: Point,Angle,X,Y = 0,14033,22164,14081
    3.752: Point,Angle,X,Y = 1,14033,22164,14066
    3.752: Point,Angle,X,Y = 2,14033,22198,14053
    3.752: Point,Angle,X,Y = 3,14033,22561,14041
    3.752: Point,Angle,X,Y = 4,14033,23039,14030
    3.752: Point,Angle,X,Y = 5,14033,23470,14021
    3.752: Point,Angle,X,Y = 6,14033,23744,14014
    3.752: Point,Angle,X,Y = 7,14033,23803,14008
    3.752: Point,Angle,X,Y = 8,14033,23636,14004
    3.752: Point,Angle,X,Y = 9,14033,23289,14001
    3.752: Point,Angle,X,Y = 10,14033,22853,14000
    3.752: Point,Angle,X,Y = 11,14033,22475,14001
    3.752: Point,Angle,X,Y = 12,14033,22351,14003
    3.752: Point,Angle,X,Y = 13,14033,22728,14006
    3.752: Point,Angle,X,Y = 14,14033,23906,14011
    3.752: XOrgin,YOrgin,NominalLeadingMarginBeamAngle = 1000,161000,11046

    3.752: Point,Angle,X,Y = 0,14063,22154,14026
    3.752: Point,Angle,X,Y = 1,14063,22154,14014
    3.752: Point,Angle,X,Y = 2,14063,22143,14005
    3.752: Point,Angle,X,Y = 3,14063,22500,14000
    3.752: Point,Angle,X,Y = 4,14063,22995,14000
    3.752: Point,Angle,X,Y = 5,14063,23456,14004
    3.752: Point,Angle,X,Y = 6,14063,23762,14012
    3.752: Point,Angle,X,Y = 7,14063,23845,14024
    3.752: Point,Angle,X,Y = 8,14063,23692,14039
    3.752: Point,Angle,X,Y = 9,14063,23343,14060
    3.752: Point,Angle,X,Y = 10,14063,22889,14085
    3.752: Point,Angle,X,Y = 11,14063,22478,14113
    3.752: Point,Angle,X,Y = 12,14063,22309,14147
    3.752: Point,Angle,X,Y = 13,14063,22636,14184
    3.752: Point,Angle,X,Y = 14,14063,23764,14225
    3.752: XOrgin,YOrgin,NominalLeadingMarginBeamAngle = 1000,81000,10904

    3.752: Point,Angle,X,Y = 0,14078,22157,14026
    3.752: Point,Angle,X,Y = 1,14078,22157,14043
    3.752: Point,Angle,X,Y = 2,14078,22136,14058
    3.752: Point,Angle,X,Y = 3,14078,22487,14070
    3.752: Point,Angle,X,Y = 4,14078,22981,14078
    3.752: Point,Angle,X,Y = 5,14078,23443,14084
    3.752: Point,Angle,X,Y = 6,14078,23753,14087
    3.752: Point,Angle,X,Y = 7,14078,23840,14086
    3.752: Point,Angle,X,Y = 8,14078,23692,14083
    3.752: Point,Angle,X,Y = 9,14078,23347,14076
    3.752: Point,Angle,X,Y = 10,14078,22897,14067
    3.752: Point,Angle,X,Y = 11,14078,22487,14055
    3.752: Point,Angle,X,Y = 12,14078,22316,14039
    3.752: Point,Angle,X,Y = 13,14078,22637,14022
    3.752: Point,Angle,X,Y = 14,14078,23756,14000
    3.752: XOrgin,YOrgin,NominalLeadingMarginBeamAngle = 1000,241000,10101

    3.752: Point,Angle,X,Y = 0,14008,21949,14273
    3.752: Point,Angle,X,Y = 1,14008,21949,14206
    3.752: Point,Angle,X,Y = 2,14008,21929,14147
    3.752: Point,Angle,X,Y = 3,14008,22274,14099
    3.752: Point,Angle,X,Y = 4,14008,22763,14060
    3.752: Point,Angle,X,Y = 5,14008,23228,14031
    3.752: Point,Angle,X,Y = 6,14008,23549,14011
    3.752: Point,Angle,X,Y = 7,14008,23659,14001
    3.752: Point,Angle,X,Y = 8,14008,23540,14000
    3.752: Point,Angle,X,Y = 9,14008,23227,14010
    3.752: Point,Angle,X,Y = 10,14008,22803,14029
    3.752: Point,Angle,X,Y = 11,14008,22406,14057
    3.752: Point,Angle,X,Y = 12,14008,22221,14095
    3.752: Point,Angle,X,Y = 13,14008,22485,14143
    3.752: Point,Angle,X,Y = 14,14008,23488,14200
    3.752: Image Origin X = 5000: Image Origin Y = 14000
    3.752: Beam,Det2AdjOn,Det2AdjOff = 0,7936,8355

    3.752: Beam,Det2AdjOn,Det2AdjOff = 1,8384,8704

    3.752: Beam,Det2AdjOn,Det2AdjOff = 2,7936,8355

    3.752: Beam,Det2AdjOn,Det2AdjOff = 3,8384,8704

    3.752: Det2Hsync = 8985

    3.752: PhNvramLoadLinearityProfileData() - Reading Linearity From Memory Map of Characterized Data: Version = 14
    3.752: FwdLookingAngleScalingFactor = 16, FwdLookingDerivScalingFactor = 1, FwdLookingOutputDivider = 8036, FwdLookingOutputMultiplier = 8192
    3.752: Plane = 0:FwdLookingAngle[0] = 31416
    3.752: Plane = 0:FwdLookingAngle[1] = 73517
    3.752: Plane = 0:FwdLookingAngle[2] = 115619
    3.752: Plane = 0:FwdLookingAngle[3] = 157720
    3.752: Plane = 0:FwdLookingAngle[4] = 199821
    3.752: Plane = 0:FwdLookingDerivative[0] = 12233
    3.752: Plane = 0:FwdLookingDerivative[1] = 12663
    3.752: Plane = 0:FwdLookingDerivative[2] = 13139
    3.752: Plane = 0:FwdLookingDerivative[3] = 12738
    3.752: Plane = 0:FwdLookingDerivative[4] = 12362
    3.752: Plane = 1:FwdLookingAngle[0] = 27430
    3.752: Plane = 1:FwdLookingAngle[1] = 69620
    3.752: Plane = 1:FwdLookingAngle[2] = 111809
    3.752: Plane = 1:FwdLookingAngle[3] = 153999
    3.752: Plane = 1:FwdLookingAngle[4] = 196188
    3.752: Plane = 1:FwdLookingDerivative[0] = 12222
    3.752: Plane = 1:FwdLookingDerivative[1] = 12631
    3.752: Plane = 1:FwdLookingDerivative[2] = 13152
    3.752: Plane = 1:FwdLookingDerivative[3] = 12754
    3.752: Plane = 1:FwdLookingDerivative[4] = 12326
    3.752: Plane = 2:FwdLookingAngle[0] = 27288
    3.752: Plane = 2:FwdLookingAngle[1] = 69524
    3.752: Plane = 2:FwdLookingAngle[2] = 111760
    3.752: Plane = 2:FwdLookingAngle[3] = 153996
    3.752: Plane = 2:FwdLookingAngle[4] = 196233
    3.752: Plane = 2:FwdLookingDerivative[0] = 12219
    3.752: Plane = 2:FwdLookingDerivative[1] = 12620
    3.752: Plane = 2:FwdLookingDerivative[2] = 13143
    3.752: Plane = 2:FwdLookingDerivative[3] = 12751
    3.752: Plane = 2:FwdLookingDerivative[4] = 12325
    3.752: Plane = 3:FwdLookingAngle[0] = 30172
    3.752: Plane = 3:FwdLookingAngle[1] = 72198
    3.752: Plane = 3:FwdLookingAngle[2] = 114225
    3.752: Plane = 3:FwdLookingAngle[3] = 156251
    3.752: Plane = 3:FwdLookingAngle[4] = 198278
    3.752: Plane = 3:FwdLookingDerivative[0] = 12209
    3.752: Plane = 3:FwdLookingDerivative[1] = 12611
    3.752: Plane = 3:FwdLookingDerivative[2] = 13152
    3.752: Plane = 3:FwdLookingDerivative[3] = 12795
    3.752: Plane = 3:FwdLookingDerivative[4] = 12375
    3.752: PH: PhCalculateShadingSlopeAndIntercept() - Ph: 0: Volt0 = 844: Volt1 = 1689: P0 = 468: P1 = 962 P0K0 = 11206656: P0K1 = 30670848: P1K0 = 37748736: P1K1 = 63045632.
<LSU_ROLLOFF_MEMORY EngineTime='    3.752' RealTime='2026-09-23 05:58' StringId='1008' PrinterSideCount='157' Color='0' RN0='170' RN1='179' RN2='186' RN3='190' RN4='193' RN5='195' RN6='196' RN7='197' RN8='197' RN9='196' RN10='196' RN11='196' RN12='195' RN13='195' RN14='195' RN15='195' RN16='196' RN17='196' RN18='197' RN19='198' RN20='199' RN21='199' RN22='200' RN23='199' RN24='198' RN25='195' RN26='191' RN27='186' RN28='178' RN29='170' RN30='170' RN31='170' />
<LSU_SHADE_MEMORY EngineTime='    3.752' RealTime='2026-09-23 05:58' StringId='1007' PrinterSideCount='157' Color='0' Power0AtPwm0L='468' Power1AtPwm1L='962' Pwm0L='64' Pwm1L='192' LowGearSlope='3.859375' LowGearIntercept='221.000000' Power0AtPwm0H='468' Power1AtPwm1H='962' Pwm0H='64' Pwm1H='192' HighGearSlope='3.859375' HighGearIntercept='221.000000' Volt0='844' Volt1='1689' P0='468' P1='962' P0K0='171' P0K1='468' P1K0='576' P1K1='962' Slope='0.109161' Intercept='128.865601' />
    3.752: PH: PhCalculateShadingSlopeAndIntercept() - Ph: 1: Volt0 = 844: Volt1 = 1689: P0 = 500: P1 = 1027 P0K0 = 13631488: P0K1 = 32768000: P1K0 = 41811968: P1K1 = 67305472.
<LSU_ROLLOFF_MEMORY EngineTime='    3.752' RealTime='2026-09-23 05:58' StringId='1008' PrinterSideCount='157' Color='1' RN0='158' RN1='167' RN2='173' RN3='178' RN4='182' RN5='184' RN6='185' RN7='185' RN8='186' RN9='185' RN10='185' RN11='185' RN12='185' RN13='186' RN14='186' RN15='187' RN16='189' RN17='190' RN18='192' RN19='194' RN20='196' RN21='198' RN22='199' RN23='200' RN24='199' RN25='198' RN26='195' RN27='190' RN28='183' RN29='158' RN30='158' RN31='158' />
<LSU_SHADE_MEMORY EngineTime='    3.752' RealTime='2026-09-23 05:58' StringId='1007' PrinterSideCount='157' Color='1' Power0AtPwm0L='500' Power1AtPwm1L='1027' Pwm0L='64' Pwm1L='192' LowGearSlope='4.117188' LowGearIntercept='236.500000' Power0AtPwm0H='500' Power1AtPwm1H='1027' Pwm0H='64' Pwm1H='192' HighGearSlope='4.117188' HighGearIntercept='236.500000' Volt0='844' Volt1='1689' P0='500' P1='1027' P0K0='208' P0K1='500' P1K0='638' P1K1='1027' Slope='0.111511' Intercept='121.166260' />
    3.752: PH: PhCalculateShadingSlopeAndIntercept() - Ph: 2: Volt0 = 844: Volt1 = 1689: P0 = 510: P1 = 1051 P0K0 = 11796480: P0K1 = 33423360: P1K0 = 40370176: P1K1 = 68878336.
<LSU_ROLLOFF_MEMORY EngineTime='    3.752' RealTime='2026-09-23 05:58' StringId='1008' PrinterSideCount='157' Color='2' RN0='162' RN1='171' RN2='178' RN3='182' RN4='186' RN5='188' RN6='190' RN7='191' RN8='191' RN9='191' RN10='191' RN11='191' RN12='191' RN13='192' RN14='192' RN15='193' RN16='194' RN17='195' RN18='196' RN19='197' RN20='198' RN21='199' RN22='200' RN23='199' RN24='198' RN25='196' RN26='192' RN27='186' RN28='179' RN29='162' RN30='162' RN31='162' />
<LSU_SHADE_MEMORY EngineTime='    3.752' RealTime='2026-09-23 05:58' StringId='1007' PrinterSideCount='157' Color='2' Power0AtPwm0L='510' Power1AtPwm1L='1050' Pwm0L='64' Pwm1L='192' LowGearSlope='4.218750' LowGearIntercept='240.000000' Power0AtPwm0H='510' Power1AtPwm1H='1050' Pwm0H='64' Pwm1H='192' HighGearSlope='4.218750' HighGearIntercept='240.000000' Volt0='844' Volt1='1689' P0='510' P1='1051' P0K0='180' P0K1='510' P1K0='616' P1K1='1051' Slope='0.117599' Intercept='139.969574' />
    3.752: PH: PhCalculateShadingSlopeAndIntercept() - Ph: 3: Volt0 = 844: Volt1 = 1689: P0 = 516: P1 = 1069 P0K0 = 11796480: P0K1 = 33816576: P1K0 = 42139648: P1K1 = 70057984.
<LSU_ROLLOFF_MEMORY EngineTime='    3.752' RealTime='2026-09-23 05:58' StringId='1008' PrinterSideCount='157' Color='3' RN0='180' RN1='188' RN2='193' RN3='197' RN4='199' RN5='200' RN6='199' RN7='198' RN8='196' RN9='194' RN10='192' RN11='190' RN12='188' RN13='187' RN14='186' RN15='185' RN16='184' RN17='184' RN18='184' RN19='184' RN20='184' RN21='184' RN22='184' RN23='183' RN24='182' RN25='179' RN26='175' RN27='170' RN28='162' RN29='162' RN30='162' RN31='162' />
<LSU_SHADE_MEMORY EngineTime='    3.752' RealTime='2026-09-23 05:58' StringId='1007' PrinterSideCount='157' Color='3' Power0AtPwm0L='517' Power1AtPwm1L='1069' Pwm0L='64' Pwm1L='192' LowGearSlope='4.312500' LowGearIntercept='241.000000' Power0AtPwm0H='517' Power1AtPwm1H='1069' Pwm0H='64' Pwm1H='192' HighGearSlope='4.312500' HighGearIntercept='241.000000' Volt0='844' Volt1='1689' P0='516' P1='1069' P0K0='180' P0K1='516' P1K0='643' P1K1='1069' Slope='0.098602' Intercept='152.707153' />
    3.752: PH: PhBuildDefaultBeamProfileAllPlanes() - Bow Profile Color = 0: {23164,6000}
    3.752: PH: PhBuildDefaultBeamProfileAllPlanes() - Bow Profile Color = 0: {45328,6000}
    3.752: PH: PhBuildDefaultBeamProfileAllPlanes() - Bow Profile Color = 0: {67526,6000}
    3.752: PH: PhBuildDefaultBeamProfileAllPlanes() - Bow Profile Color = 0: {90087,6000}
    3.752: PH: PhBuildDefaultBeamProfileAllPlanes() - Bow Profile Color = 0: {113126,6000}
    3.752: PH: PhBuildDefaultBeamProfileAllPlanes() - Bow Profile Color = 0: {136596,6000}
    3.752: PH: PhBuildDefaultBeamProfileAllPlanes() - Bow Profile Color = 0: {160340,6000}
    3.752: PH: PhBuildDefaultBeamProfileAllPlanes() - Bow Profile Color = 0: {184143,6000}
    3.752: PH: PhBuildDefaultBeamProfileAllPlanes() - Bow Profile Color = 0: {207779,6000}
    3.752: PH: PhBuildDefaultBeamProfileAllPlanes() - Bow Profile Color = 0: {231068,6000}
    3.752: PH: PhBuildDefaultBeamProfileAllPlanes() - Bow Profile Color = 0: {253921,6000}
    3.752: PH: PhBuildDefaultBeamProfileAllPlanes() - Bow Profile Color = 0: {276396,6000}
    3.752: PH: PhBuildDefaultBeamProfileAllPlanes() - Bow Profile Color = 0: {298747,6000}
    3.752: PH: PhBuildDefaultBeamProfileAllPlanes() - Bow Profile Color = 0: {321475,6000}
    3.752: PH: PhBuildDefaultBeamProfileAllPlanes() - Bow Profile Color = 0: {345381,6000}
    3.752: PH: PhBuildDefaultBeamProfileAllPlanes() - Bow Profile Color = 1: {23154,170945}
    3.752: PH: PhBuildDefaultBeamProfileAllPlanes() - Bow Profile Color = 1: {45308,170948}
    3.752: PH: PhBuildDefaultBeamProfileAllPlanes() - Bow Profile Color = 1: {67451,170952}
    3.752: PH: PhBuildDefaultBeamProfileAllPlanes() - Bow Profile Color = 1: {89951,170959}
    3.752: PH: PhBuildDefaultBeamProfileAllPlanes() - Bow Profile Color = 1: {112946,170970}
    3.752: PH: PhBuildDefaultBeamProfileAllPlanes() - Bow Profile Color = 1: {136402,170983}
    3.752: PH: PhBuildDefaultBeamProfileAllPlanes() - Bow Profile Color = 1: {160164,170998}
    3.752: PH: PhBuildDefaultBeamProfileAllPlanes() - Bow Profile Color = 1: {184009,171016}
    3.752: PH: PhBuildDefaultBeamProfileAllPlanes() - Bow Profile Color = 1: {207701,171035}
    3.752: PH: PhBuildDefaultBeamProfileAllPlanes() - Bow Profile Color = 1: {231044,171059}
    3.752: PH: PhBuildDefaultBeamProfileAllPlanes() - Bow Profile Color = 1: {253933,171085}
    3.752: PH: PhBuildDefaultBeamProfileAllPlanes() - Bow Profile Color = 1: {276411,171112}
    3.752: PH: PhBuildDefaultBeamProfileAllPlanes() - Bow Profile Color = 1: {298720,171144}
    3.752: PH: PhBuildDefaultBeamProfileAllPlanes() - Bow Profile Color = 1: {321356,171178}
    3.752: PH: PhBuildDefaultBeamProfileAllPlanes() - Bow Profile Color = 1: {345120,171214}
    3.752: PH: PhBuildDefaultBeamProfileAllPlanes() - Bow Profile Color = 2: {23157,90945}
    3.752: PH: PhBuildDefaultBeamProfileAllPlanes() - Bow Profile Color = 2: {45314,90977}
    3.752: PH: PhBuildDefaultBeamProfileAllPlanes() - Bow Profile Color = 2: {67450,91005}
    3.752: PH: PhBuildDefaultBeamProfileAllPlanes() - Bow Profile Color = 2: {89937,91029}
    3.752: PH: PhBuildDefaultBeamProfileAllPlanes() - Bow Profile Color = 2: {112918,91048}
    3.752: PH: PhBuildDefaultBeamProfileAllPlanes() - Bow Profile Color = 2: {136361,91063}
    3.752: PH: PhBuildDefaultBeamProfileAllPlanes() - Bow Profile Color = 2: {160114,91073}
    3.752: PH: PhBuildDefaultBeamProfileAllPlanes() - Bow Profile Color = 2: {183954,91078}
    3.752: PH: PhBuildDefaultBeamProfileAllPlanes() - Bow Profile Color = 2: {207646,91079}
    3.752: PH: PhBuildDefaultBeamProfileAllPlanes() - Bow Profile Color = 2: {230993,91075}
    3.752: PH: PhBuildDefaultBeamProfileAllPlanes() - Bow Profile Color = 2: {253890,91067}
    3.752: PH: PhBuildDefaultBeamProfileAllPlanes() - Bow Profile Color = 2: {276377,91054}
    3.752: PH: PhBuildDefaultBeamProfileAllPlanes() - Bow Profile Color = 2: {298693,91036}
    3.752: PH: PhBuildDefaultBeamProfileAllPlanes() - Bow Profile Color = 2: {321330,91016}
    3.752: PH: PhBuildDefaultBeamProfileAllPlanes() - Bow Profile Color = 2: {345086,90989}
    3.752: PH: PhBuildDefaultBeamProfileAllPlanes() - Bow Profile Color = 3: {22949,251192}
    3.752: PH: PhBuildDefaultBeamProfileAllPlanes() - Bow Profile Color = 3: {44898,251140}
    3.752: PH: PhBuildDefaultBeamProfileAllPlanes() - Bow Profile Color = 3: {66827,251094}
    3.752: PH: PhBuildDefaultBeamProfileAllPlanes() - Bow Profile Color = 3: {89101,251058}
    3.752: PH: PhBuildDefaultBeamProfileAllPlanes() - Bow Profile Color = 3: {111864,251030}
    3.752: PH: PhBuildDefaultBeamProfileAllPlanes() - Bow Profile Color = 3: {135092,251010}
    3.752: PH: PhBuildDefaultBeamProfileAllPlanes() - Bow Profile Color = 3: {158641,250997}
    3.752: PH: PhBuildDefaultBeamProfileAllPlanes() - Bow Profile Color = 3: {182300,250993}
    3.752: PH: PhBuildDefaultBeamProfileAllPlanes() - Bow Profile Color = 3: {205840,250996}
    3.752: PH: PhBuildDefaultBeamProfileAllPlanes() - Bow Profile Color = 3: {229067,251009}
    3.752: PH: PhBuildDefaultBeamProfileAllPlanes() - Bow Profile Color = 3: {251870,251029}
    3.752: PH: PhBuildDefaultBeamProfileAllPlanes() - Bow Profile Color = 3: {274276,251056}
    3.752: PH: PhBuildDefaultBeamProfileAllPlanes() - Bow Profile Color = 3: {296497,251092}
    3.752: PH: PhBuildDefaultBeamProfileAllPlanes() - Bow Profile Color = 3: {318982,251137}
    3.752: PH: PhBuildDefaultBeamProfileAllPlanes() - Bow Profile Color = 3: {342470,251189}
    3.752: EngineDriverRequest(): ENG_RQST_SEND_NOTIFY             
    3.752: Nfy NODE_TREE_NFY=0x08 0x01 0x00 0x00
    3.752: PH: Jake = 0: PhChangeNvramStateMachineState() - 6 -> 2
    3.752: PH: PrintheadManager() - NvramType = 0: NvramMaxDiodes = 1: NumFacets = 10: Id = 111
    3.752: Nfy PRINT_HEAD_TYPE_NFY=0xDA 0x0A 0x00 0x00
    3.735: PH: PhCalculateLaserPowerToPwmSlopeAndIntercept() - Ph: 1: Power0AtPwm0L = 500: Power1AtPwm1L = 1027: Pwm0L = 64: Pwm1L = 192: LowGearSlope = 0.242874: LowGearIntercept = -57.437073: Power0AtPwm0H = 500: Power1AtPwm1H = 1027: Pwm0H = 64: Pwm1H = 192: HighGearSlope = 0.242874: HighGearIntercept = -57.437073
    3.753: Nfy ENGINE_CONFIG_KNOWN_NFY=0x01 0x00 0x00 0x00
    3.753: Nfy PRINT_HEAD_TYPE_NFY=0xDA 0x0A 0x00 0x00
    3.753: EM: J1 Engine Manager State: CONFIGURATION_KNOWN                               -> W_F_NVRAM_READ_COMPLETE                          
    3.753: TPS StringId='88' Comment='TP: TpAsyncThreadReq()' TpAsyncReqId='20'
    3.735: PH: PhCalculatePwmToLaserPowerSlopeAndIntercept() - Ph: 1: Power0AtPwm0L = 500: Power1AtPwm1L = 1027: Pwm0L = 64: Pwm1L = 192: LowGearSlope = 4.117188: LowGearIntercept = 236.500000:Power0AtPwm0H = 500: Power1AtPwm1H = 1027: Pwm0H = 64: Pwm1H = 192:HighGearSlope = 4.117188: HighGearIntercept = 236.500000
    3.735: PH: PhCalculateShadingSlopeAndIntercept() - Ph: 2: Volt0 = 844: Volt1 = 1689: P0 = 510: P1 = 1051 P0K0 = 11796480: P0K1 = 33423360: P1K0 = 40370176: P1K1 = 68878336.
    3.735: PH: PhCalculateShadingSlopeAndIntercept() - Ph: 2: Slope = 0.117599: Intercept = 139.969574.
    3.735: PH: PhCalculateLaserPowerToPwmSlopeAndIntercept() - Ph: 2: Power0AtPwm0L = 510: Power1AtPwm1L = 1050: Pwm0L = 64: Pwm1L = 192: LowGearSlope = 0.237030: LowGearIntercept = -56.885315: Power0AtPwm0H = 510: Power1AtPwm1H = 1050: Pwm0H = 64: Pwm1H = 192: HighGearSlope = 0.237030: HighGearIntercept = -56.885315
    3.762: PHNVMgr StateChange = 2->3
    3.762: INFO printengine_lxk::node_tree::engine::rpc: Notify BowProfilesUpdated(false)
    3.763: EM: J1 Engine Manager State: W_F_NVRAM_READ_COMPLETE                           -> W_F_POR_SEQUENCE_COMPLETE                        
    3.735: PH: PhCalculatePwmToLaserPowerSlopeAndIntercept() - Ph: 2: Power0AtPwm0L = 510: Power1AtPwm1L = 1050: Pwm0L = 64: Pwm1L = 192: LowGearSlope = 4.218750: LowGearIntercept = 240.000000:Power0AtPwm0H = 510: Power1AtPwm1H = 1050: Pwm0H = 64: Pwm1H = 192:HighGearSlope = 4.218750: HighGearIntercept = 240.000000
    3.735: PH: PhCalculateShadingSlopeAndIntercept() - Ph: 3: Volt0 = 844: Volt1 = 1689: P0 = 516: P1 = 1069 P0K0 = 11796480: P0K1 = 33816576: P1K0 = 42139648: P1K1 = 70057984.
    3.735: PH: PhCalculateShadingSlopeAndIntercept() - Ph: 3: Slope = 0.098602: Intercept = 152.707153.
    3.735: PH: PhCalculateLaserPowerToPwmSlopeAndIntercept() - Ph: 3: Power0AtPwm0L = 517: Power1AtPwm1L = 1069: Pwm0L = 64: Pwm1L = 192: LowGearSlope = 0.231873: LowGearIntercept = -55.878113: Power0AtPwm0H = 517: Power1AtPwm1H = 1069: Pwm0H = 64: Pwm1H = 192: HighGearSlope = 0.231873: HighGearIntercept = -55.878113
    3.769: INFO serial_transport::packet_reader: rx ack 0x07
    3.735: PH: PhCalculatePwmToLaserPowerSlopeAndIntercept() - Ph: 3: Power0AtPwm0L = 517: Power1AtPwm1L = 1069: Pwm0L = 64: Pwm1L = 192: LowGearSlope = 4.312500: LowGearIntercept = 241.000000:Power0AtPwm0H = 517: Power1AtPwm1H = 1069: Pwm0H = 64: Pwm1H = 192:HighGearSlope = 4.312500: HighGearIntercept = 241.000000
    3.772: PHNVMgr StateChange = 3->0
    3.735: PH: PrintheadManager() - NvramType = 0: NvramMaxDiodes = 1: NumFacets = 10: Id = 111
    3.777: WeatherThread: State Change 5 --> 2
    3.782: IP: IP_COMMAND_QUERY_NUM_DEVICES Command  Rcvd - Command Code: 0x56 Data: None 
    3.782: IP: IP_COMMAND_QUERY_NUM_DEVICES Response Sent - Command Code: 0x56 Data: 0x04010001 0x01000000 0x000009 
    3.782: IP: IP_COMMAND_QUERY_LOGICAL_DEV_INFO Command  Rcvd - Command Code: 0x59 Data: 0x1100 
    3.782: IP: IP_COMMAND_QUERY_LOGICAL_DEV_INFO Response Sent - Command Code: 0x59 Data: 0x00022610 0x020CFB0F 0x00820090 0x0090009A 0x009A00B1 0x00B100BF 0x00BE00CE 0x00CE00D6 0x00D100DF 0x00DF00FA Remaining bytes:  88) 
    3.782: IP: IP_COMMAND_QUERY_LOGICAL_DEV_INFO Response Sent - Command Code: 0x59 Data: 0x00FA0109 0x0109011E 0x011E0130 0x01300145 0x01450150 0x0150015D 0x015D016D 0x00000000 0x00000000 0x00000000 Remaining bytes:  48) 
    3.782: IP: IP_COMMAND_QUERY_LOGICAL_DEV_INFO Response Sent - Command Code: 0x59 Data: 0x00000000 0x00000000 0x00000000 0x00000000 0x00000000 0x00000000 0x00000000 0x00000000 0x00000000 0x00000000 Remaining bytes:   8) 
    3.782: IP: IP_COMMAND_QUERY_LOGICAL_DEV_INFO Response Sent - Command Code: 0x59 Data: 0x00000000 0x00000000 
    3.782: IP: IP_COMMAND_QUERY_LOGICAL_DEV_INVENTORY Command  Rcvd - Command Code: 0x5B Data: 0x11 
<INTERVENTION_NOTIFICATION EngineTime='    3.782' StringId='34' PrinterSideCount='157' RealTime='2026-09-23 05:58' System='Engine' Message='Tray1 Full' />
    3.782: IP: IP_COMMAND_QUERY_LOGICAL_DEV_INVENTORY Response Sent - Command Code: 0x5B Data: 0x01886407 0x00000000 
    3.782: IP: IP_COMMAND_QUERY_LOGICAL_TRAY_STAT Command  Rcvd - Command Code: 0x6B Data: 0x11 
    3.782: IP: IP_COMMAND_QUERY_LOGICAL_TRAY_STAT Response Sent - Command Code: 0x6B Data: 0x00 
    3.783: IP: IP_COMMAND_QUERY_LOGICAL_DEV_INFO Command  Rcvd - Command Code: 0x59 Data: 0x1200 
    3.783: IP: IP_COMMAND_QUERY_LOGICAL_DEV_INFO Response Sent - Command Code: 0x59 Data: 0x00022610 0x030C910A 0x008A00B5 0x00B500D1 0x00D100F9 0x00F90116 0x01160128 0x01280131 0x0131014B 0x014B017C Remaining bytes:  88) 
    3.783: IP: IP_COMMAND_QUERY_LOGICAL_DEV_INFO Response Sent - Command Code: 0x59 Data: 0x017C01CA 0x008A01CA 0x006900D8 0x01000112 0x0062012A 0x00B000C6 0x00D600D8 0x00D100D3 0x00CB00D9 0x00D60102 Remaining bytes:  48) 
    3.783: IP: IP_COMMAND_QUERY_LOGICAL_DEV_INFO Response Sent - Command Code: 0x59 Data: 0x00D60141 0x00620141 0x00000000 0x00000000 0x00000000 0x00000000 0x00000000 0x00000000 0x00000000 0x00000000 Remaining bytes:   8) 
    3.783: IP: IP_COMMAND_QUERY_LOGICAL_DEV_INFO Response Sent - Command Code: 0x59 Data: 0x00000000 0x00000000 
    3.783: IP: IP_COMMAND_QUERY_LOGICAL_DEV_INVENTORY Command  Rcvd - Command Code: 0x5B Data: 0x12 
<INTERVENTION_NOTIFICATION EngineTime='    3.783' StringId='34' PrinterSideCount='157' RealTime='2026-09-23 05:58' System='Options' Message='Tray2 Full' />
    3.783: IP: IP_COMMAND_QUERY_LOGICAL_DEV_INVENTORY Response Sent - Command Code: 0x5B Data: 0x07886406 0x00000000 
    3.783: IP: IP_COMMAND_QUERY_LOGICAL_TRAY_STAT Command  Rcvd - Command Code: 0x6B Data: 0x12 
    3.783: IP: IP_COMMAND_QUERY_LOGICAL_TRAY_STAT Response Sent - Command Code: 0x6B Data: 0x00 
    3.783: IP: IP_COMMAND_QUERY_LOGICAL_DEV_INFO Command  Rcvd - Command Code: 0x59 Data: 0x1300 
    3.783: IP: IP_COMMAND_QUERY_LOGICAL_DEV_INFO Response Sent - Command Code: 0x59 Data: 0x0007D000 0x030C920A 0x008A00B5 0x00B500D1 0x00D100F9 0x00F90116 0x01160128 0x01280131 0x0131014B 0x014B017C Remaining bytes:  88) 
    3.783: IP: IP_COMMAND_QUERY_LOGICAL_DEV_INFO Response Sent - Command Code: 0x59 Data: 0x017C01CA 0x008A01CA 0x006900D8 0x01000112 0x0062012A 0x00B000C6 0x00D600D8 0x00D100D3 0x00CB00D9 0x00D60102 Remaining bytes:  48) 
    3.783: IP: IP_COMMAND_QUERY_LOGICAL_DEV_INFO Response Sent - Command Code: 0x59 Data: 0x00D60141 0x00620141 0x00000000 0x00000000 0x00000000 0x00000000 0x00000000 0x00000000 0x00000000 0x00000000 Remaining bytes:   8) 
    3.783: IP: IP_COMMAND_QUERY_LOGICAL_DEV_INFO Response Sent - Command Code: 0x59 Data: 0x00000000 0x00000000 
    3.783: IP: IP_COMMAND_QUERY_LOGICAL_DEV_INVENTORY Command  Rcvd - Command Code: 0x5B Data: 0x13 
<INTERVENTION_NOTIFICATION EngineTime='    3.783' StringId='34' PrinterSideCount='157' RealTime='2026-09-23 05:58' System='Options' Message='Tray3 Low' />
    3.783: IP: IP_COMMAND_QUERY_LOGICAL_DEV_INVENTORY Response Sent - Command Code: 0x5B Data: 0x07880C00 0x00000000 
    3.783: IP: IP_COMMAND_QUERY_LOGICAL_TRAY_STAT Command  Rcvd - Command Code: 0x6B Data: 0x13 
    3.783: IP: IP_COMMAND_QUERY_LOGICAL_TRAY_STAT Response Sent - Command Code: 0x6B Data: 0x00 
    3.783: IP: IP_COMMAND_QUERY_LOGICAL_DEV_INFO Command  Rcvd - Command Code: 0x59 Data: 0x1400 
    3.784: IP: IP_COMMAND_QUERY_LOGICAL_DEV_INFO Response Sent - Command Code: 0x59 Data: 0x0005DC00 0x030C930A 0x008A00B5 0x00B500D1 0x00D100F9 0x00F90116 0x01160128 0x01280131 0x0131014B 0x014B017C Remaining bytes:  88) 
    3.784: IP: IP_COMMAND_QUERY_LOGICAL_DEV_INFO Response Sent - Command Code: 0x59 Data: 0x017C01CA 0x008A01CA 0x006900D8 0x01000112 0x0062012A 0x00B000C6 0x00D600D8 0x00D100D3 0x00CB00D9 0x00D60102 Remaining bytes:  48) 
    3.784: IP: IP_COMMAND_QUERY_LOGICAL_DEV_INFO Response Sent - Command Code: 0x59 Data: 0x00D60141 0x00620141 0x00000000 0x00000000 0x00000000 0x00000000 0x00000000 0x00000000 0x00000000 0x00000000 Remaining bytes:   8) 
    3.784: IP: IP_COMMAND_QUERY_LOGICAL_DEV_INFO Response Sent - Command Code: 0x59 Data: 0x00000000 0x00000000 
    3.784: IP: IP_COMMAND_QUERY_LOGICAL_DEV_INVENTORY Command  Rcvd - Command Code: 0x5B Data: 0x14 
<INTERVENTION_NOTIFICATION EngineTime='    3.784' StringId='34' PrinterSideCount='157' RealTime='2026-09-23 05:58' System='Options' Message='Tray4 Low' />
    3.784: IP: IP_COMMAND_QUERY_LOGICAL_DEV_INVENTORY Response Sent - Command Code: 0x5B Data: 0x13880CFF 0x01170092 
    3.784: IP: IP_COMMAND_QUERY_LOGICAL_TRAY_STAT Command  Rcvd - Command Code: 0x6B Data: 0x14 
    3.784: IP: IP_COMMAND_QUERY_LOGICAL_TRAY_STAT Response Sent - Command Code: 0x6B Data: 0x00 
    3.784: IP: IP_COMMAND_QUERY_LOGICAL_DEV_INFO Command  Rcvd - Command Code: 0x59 Data: 0x1000 
    3.784: IP: IP_COMMAND_QUERY_LOGICAL_DEV_INFO Response Sent - Command Code: 0x59 Data: 0x00009600 0x0200FC00 0x008A00B5 0x00B500D1 0x00D100F9 0x00F90116 0x01160128 0x01280131 0x0131014B 0x014B017C Remaining bytes:  88) 
    3.784: IP: IP_COMMAND_QUERY_LOGICAL_DEV_INFO Response Sent - Command Code: 0x59 Data: 0x017C01CA 0x008A01CA 0x006900D8 0x01000112 0x0062012A 0x00B000C6 0x00D600D8 0x00D100D3 0x00CB00D9 0x00D60102 Remaining bytes:  48) 
    3.784: IP: IP_COMMAND_QUERY_LOGICAL_DEV_INFO Response Sent - Command Code: 0x59 Data: 0x00D60141 0x00620141 0x00000000 0x00000000 0x00000000 0x00000000 0x00000000 0x00000000 0x00000000 0x00000000 Remaining bytes:   8) 
    3.784: IP: IP_COMMAND_QUERY_LOGICAL_DEV_INFO Response Sent - Command Code: 0x59 Data: 0x00000000 0x00000000 
    3.784: IP: IP_COMMAND_QUERY_LOGICAL_DEV_INVENTORY Command  Rcvd - Command Code: 0x5B Data: 0x10 
<INTERVENTION_NOTIFICATION EngineTime='    3.784' StringId='34' PrinterSideCount='157' RealTime='2026-09-23 05:58' System='Engine' Message='MPF Empty' />
    3.785: IP: IP_COMMAND_QUERY_LOGICAL_DEV_INVENTORY Response Sent - Command Code: 0x5B Data: 0x08880000 0x0200FC00 
    3.785: IP: IP_COMMAND_QUERY_LOGICAL_TRAY_STAT Command  Rcvd - Command Code: 0x6B Data: 0x10 
    3.785: IP: IP_COMMAND_QUERY_LOGICAL_TRAY_STAT Response Sent - Command Code: 0x6B Data: 0x00 
    3.785: IP: IP_COMMAND_QUERY_LOGICAL_DEV_INFO Command  Rcvd - Command Code: 0x59 Data: 0x4000 
    3.785: IP: IP_COMMAND_QUERY_LOGICAL_DEV_INFO Response Sent - Command Code: 0x59 Data: 0x00000000 0x00000000 0x008A00B5 0x00B500D1 0x00D100F9 0x00F90116 0x01160128 0x01280131 0x0131014B 0x014B017C Remaining bytes:  88) 
    3.785: IP: IP_COMMAND_QUERY_LOGICAL_DEV_INFO Response Sent - Command Code: 0x59 Data: 0x017C01CA 0x008A01CA 0x006900D8 0x01000112 0x0062012A 0x00B000C6 0x00D600D8 0x00D100D3 0x00CB00D9 0x00D60102 Remaining bytes:  48) 
    3.785: IP: IP_COMMAND_QUERY_LOGICAL_DEV_INFO Response Sent - Command Code: 0x59 Data: 0x00D60141 0x00620141 0x00000000 0x00000000 0x00000000 0x00000000 0x00000000 0x00000000 0x00000000 0x00000000 Remaining bytes:   8) 
    3.785: IP: IP_COMMAND_QUERY_LOGICAL_DEV_INFO Response Sent - Command Code: 0x59 Data: 0x00000000 0x00000000 
    3.785: IP: IP_COMMAND_QUERY_LOGICAL_DEV_INVENTORY Command  Rcvd - Command Code: 0x5B Data: 0x40 
<INTERVENTION_NOTIFICATION EngineTime='    3.785' StringId='34' PrinterSideCount='157' RealTime='2026-09-23 05:58' System='Engine' Message='Manual Empty' />
    3.785: IP: IP_COMMAND_QUERY_LOGICAL_DEV_INVENTORY Response Sent - Command Code: 0x5B Data: 0x08880000 0x00000000 
    3.785: IP: IP_COMMAND_QUERY_LOGICAL_TRAY_STAT Command  Rcvd - Command Code: 0x6B Data: 0x40 
    3.785: IP: IP_COMMAND_QUERY_LOGICAL_TRAY_STAT Response Sent - Command Code: 0x6B Data: 0x00 
    3.785: IP: IP_COMMAND_QUERY_PHYSICAL_DEVICE Command  Rcvd - Command Code: 0x5F Data: 0x00 
    3.785: IP: IP_COMMAND_QUERY_PHYSICAL_DEVICE Response Sent - Command Code: 0x5F Data: 0x70FD 
    3.785: IP: IP_COMMAND_QUERY_DEVICE_SW_VER Command  Rcvd - Command Code: 0x9C Data: 0xFD 
    3.786: IP: IP_COMMAND_QUERY_DEVICE_SW_VER Response Sent - Command Code: 0x9C Data: 0x5A000000 0x8100F200 0x00000000 0x00000000 0x00000000 0x00000000 0x00000000 0x00000000 0x00000000 0x00000000 Remaining bytes:  20) 
    3.786: IP: IP_COMMAND_QUERY_DEVICE_SW_VER Response Sent - Command Code: 0x9C Data: 0x00000000 0x00000000 0x00000000 0x00000000 0x00000000 
    3.786: IP: IP_COMMAND_QUERY_PHYSICAL_DEVICE Command  Rcvd - Command Code: 0x5F Data: 0x01 
    3.786: IP: IP_COMMAND_QUERY_PHYSICAL_DEVICE Response Sent - Command Code: 0x5F Data: 0x00FC 
    3.786: IP: IP_COMMAND_QUERY_DEVICE_SW_VER Command  Rcvd - Command Code: 0x9C Data: 0xFC 
    3.786: IP: IP_COMMAND_QUERY_DEVICE_SW_VER Response Sent - Command Code: 0x9C Data: 0x00000000 0x1000F200 0x00000000 0x00000000 0x00000000 0x00000000 0x00000000 0x00000000 0x00000000 0x00000000 Remaining bytes:  20) 
    3.786: IP: IP_COMMAND_QUERY_DEVICE_SW_VER Response Sent - Command Code: 0x9C Data: 0x00000000 0x00000000 0x00000000 0x00000000 0x00000000 
    3.786: IP: IP_COMMAND_QUERY_PHYSICAL_DEVICE Command  Rcvd - Command Code: 0x5F Data: 0x02 
    3.787: IP: IP_COMMAND_QUERY_PHYSICAL_DEVICE Response Sent - Command Code: 0x5F Data: 0x01FB 
    3.787: IP: IP_COMMAND_QUERY_DEVICE_SW_VER Command  Rcvd - Command Code: 0x9C Data: 0xFB 
    3.787: IP: IP_COMMAND_QUERY_DEVICE_SW_VER Response Sent - Command Code: 0x9C Data: 0x00000000 0x1100F200 0x00000000 0x00000000 0x00000000 0x00000000 0x00000000 0x00000000 0x00000000 0x00000000 Remaining bytes:  20) 
    3.787: IP: IP_COMMAND_QUERY_DEVICE_SW_VER Response Sent - Command Code: 0x9C Data: 0x00000000 0x00000000 0x00000000 0x00000000 0x00000000 
    3.787: IP: IP_COMMAND_QUERY_PHYSICAL_DEVICE Command  Rcvd - Command Code: 0x5F Data: 0x03 
    3.787: IP: IP_COMMAND_QUERY_PHYSICAL_DEVICE Response Sent - Command Code: 0x5F Data: 0xB0FA 
    3.787: IP: IP_COMMAND_QUERY_DEVICE_SW_VER Command  Rcvd - Command Code: 0x9C Data: 0xFA 
    3.787: IP: IP_COMMAND_QUERY_DEVICE_SW_VER Response Sent - Command Code: 0x9C Data: 0x00000000 0x9000F200 0x00000000 0x00000000 0x00000000 0x00000000 0x00000000 0x00000000 0x00000000 0x00000000 Remaining bytes:  20) 
    3.787: IP: IP_COMMAND_QUERY_DEVICE_SW_VER Response Sent - Command Code: 0x9C Data: 0x00000000 0x00000000 0x00000000 0x00000000 0x00000000 
    3.787: IP: IP_COMMAND_QUERY_PHYSICAL_DEVICE Command  Rcvd - Command Code: 0x5F Data: 0x04 
    3.787: IP: IP_COMMAND_QUERY_PHYSICAL_DEVICE Response Sent - Command Code: 0x5F Data: 0x20FE 
    3.787: IP: IP_COMMAND_QUERY_DEVICE_SW_VER Command  Rcvd - Command Code: 0x9C Data: 0xFE 
    3.787: IP: IP_COMMAND_QUERY_DEVICE_SW_VER Response Sent - Command Code: 0x9C Data: 0x00000000 0x8000F200 0x00000000 0x00000000 0x00000000 0x00000000 0x00000000 0x00000000 0x00000000 0x00000000 Remaining bytes:  20) 
    3.787: IP: IP_COMMAND_QUERY_DEVICE_SW_VER Response Sent - Command Code: 0x9C Data: 0x00000000 0x00000000 0x00000000 0x00000000 0x00000000 
    3.787: IP: IP_COMMAND_QUERY_PHYSICAL_DEVICE Command  Rcvd - Command Code: 0x5F Data: 0x05 
    3.787: IP: IP_COMMAND_QUERY_PHYSICAL_DEVICE Response Sent - Command Code: 0x5F Data: 0x0291 
    3.787: IP: IP_COMMAND_QUERY_DEVICE_SW_VER Command  Rcvd - Command Code: 0x9C Data: 0x91 
    3.787: IP: IP_COMMAND_QUERY_DEVICE_SW_VER Response Sent - Command Code: 0x9C Data: 0x01021B00 0x12004131 0x2E325F42 0x352E3000 0x00000000 0x00000000 0x00000000 0x00000000 0x00000000 0x00000000 Remaining bytes:  20) 
    3.787: IP: IP_COMMAND_QUERY_DEVICE_SW_VER Response Sent - Command Code: 0x9C Data: 0x00000000 0x00000000 0x00000000 0x00000000 0x00000000 
    3.787: IP: IP_COMMAND_QUERY_PHYSICAL_DEVICE Command  Rcvd - Command Code: 0x5F Data: 0x06 
    3.787: IP: IP_COMMAND_QUERY_PHYSICAL_DEVICE Response Sent - Command Code: 0x5F Data: 0x0292 
    3.787: IP: IP_COMMAND_QUERY_DEVICE_SW_VER Command  Rcvd - Command Code: 0x9C Data: 0x92 
    3.787: WeatherThread: State Change 2 --> 3
    3.788: IP: IP_COMMAND_QUERY_DEVICE_SW_VER Response Sent - Command Code: 0x9C Data: 0x02011B00 0x13004132 0x2E315F42 0x352E3000 0x00000000 0x00000000 0x00000000 0x00000000 0x00000000 0x00000000 Remaining bytes:  20) 
    3.788: IP: IP_COMMAND_QUERY_DEVICE_SW_VER Response Sent - Command Code: 0x9C Data: 0x00000000 0x00000000 0x00000000 0x00000000 0x00000000 
    3.788: IP: IP_COMMAND_QUERY_PHYSICAL_DEVICE Command  Rcvd - Command Code: 0x5F Data: 0x07 
    3.788: IP: IP_COMMAND_QUERY_PHYSICAL_DEVICE Response Sent - Command Code: 0x5F Data: 0x0293 
    3.788: IP: IP_COMMAND_QUERY_DEVICE_SW_VER Command  Rcvd - Command Code: 0x9C Data: 0x93 
    3.788: IP: IP_COMMAND_QUERY_DEVICE_SW_VER Response Sent - Command Code: 0x9C Data: 0x02021B00 0x14004132 0x2E325F42 0x352E3000 0x00000000 0x00000000 0x00000000 0x00000000 0x00000000 0x00000000 Remaining bytes:  20) 
    3.788: IP: IP_COMMAND_QUERY_DEVICE_SW_VER Response Sent - Command Code: 0x9C Data: 0x00000000 0x00000000 0x00000000 0x00000000 0x00000000 
    3.788: IP: IP_COMMAND_QUERY_PHYSICAL_DEVICE Command  Rcvd - Command Code: 0x5F Data: 0x08 
    3.788: IP: IP_COMMAND_QUERY_PHYSICAL_DEVICE Response Sent - Command Code: 0x5F Data: 0x8080 
    3.788: IP: IP_COMMAND_QUERY_DEVICE_SW_VER Command  Rcvd - Command Code: 0x9C Data: 0x80 
    3.788: IP: IP_COMMAND_QUERY_DEVICE_SW_VER Response Sent - Command Code: 0x9C Data: 0xFFFF7F00 0x91014132 0x35352E32 0x35355F42 0x3235352E 0x32353500 0x00000000 0x00000000 0x00000000 0x00000000 Remaining bytes:  20) 
    3.788: IP: IP_COMMAND_QUERY_DEVICE_SW_VER Response Sent - Command Code: 0x9C Data: 0x00000000 0x00000000 0x00000000 0x00000000 0x00000000 
    3.789: IP: NODE_TREE_INTERFACE Command  Rcvd - Command Code: 0x08 Data: 0x11FD 
    3.789: IP: NODE_TREE_INTERFACE Response Sent - Command Code: 0x08 Data: 0xC0 
    3.789: IP: NODE_TREE_INTERFACE Command  Rcvd - Command Code: 0x08 Data: 0x11FC 
    3.789: IP: NODE_TREE_INTERFACE Response Sent - Command Code: 0x08 Data: 0x00 
    3.789: IP: NODE_TREE_INTERFACE Command  Rcvd - Command Code: 0x08 Data: 0x11FB 
    3.789: IP: NODE_TREE_INTERFACE Response Sent - Command Code: 0x08 Data: 0x00 
    3.789: IP: NODE_TREE_INTERFACE Command  Rcvd - Command Code: 0x08 Data: 0x11FA 
    3.789: IP: NODE_TREE_INTERFACE Response Sent - Command Code: 0x08 Data: 0x00 
    3.789: IP: NODE_TREE_INTERFACE Command  Rcvd - Command Code: 0x08 Data: 0x11FE 
    3.789: IP: NODE_TREE_INTERFACE Response Sent - Command Code: 0x08 Data: 0x00 
    3.789: IP: NODE_TREE_INTERFACE Command  Rcvd - Command Code: 0x08 Data: 0x1191 
    3.789: IP: NODE_TREE_INTERFACE Response Sent - Command Code: 0x08 Data: 0x80 
    3.789: IP: NODE_TREE_INTERFACE Command  Rcvd - Command Code: 0x08 Data: 0x1192 
    3.789: IP: NODE_TREE_INTERFACE Response Sent - Command Code: 0x08 Data: 0x80 
    3.789: IP: NODE_TREE_INTERFACE Command  Rcvd - Command Code: 0x08 Data: 0x1193 
    3.789: IP: NODE_TREE_INTERFACE Response Sent - Command Code: 0x08 Data: 0xC0 
    3.789: IP: NODE_TREE_INTERFACE Command  Rcvd - Command Code: 0x08 Data: 0x1180 
    3.789: IP: NODE_TREE_INTERFACE Response Sent - Command Code: 0x08 Data: 0x00 
    3.789: IP: IP_COMMAND_CONFIG_SEQ_COMPLETE Command  Rcvd - Command Code: 0x5E Data: None 
<CODE_VERSION StringId='6' Engine='LS.262.E014' PrinterSideCount='157' RealTime='2026-09-23 05:58' PageStart='True'/>
<CODE_VERSION StringId='6' PrinterSideCount='157' Tray2='A1.02_B5.00' Tray3='A2.01_B5.00' Tray4='A02.2_B5.00' Tray5='A0.00_B0.00' OutputPosition1DeviceType='' OutputPosition1Version='A255.255_B255.255__Dev2_A0.00' OutputPosition2DeviceType='' OutputPosition2Version='A0.00_B0.00__Dev2_A0.00' OutputPosition3DeviceType='' OutputPosition3Version='A0.00_B0.00__Dev2_A0.00' Tray2SerialNumber='0' Tray3SerialNumber='0' Tray4SerialNumber='0' Tray5SerialNumber='0' OutputPosition1SerialNumber='0' OutputPosition2SerialNumber='0' OutputPosition3SerialNumber='0'/>
<CODE_VERSION EngineTime='    3.789' StringId='6' PrinterSideCount='157' EngSetting1='0' EngSetting2='0' EngSetting3='0' EngSetting4='0' EngSetting5='0' EngSetting6='0' EngSetting7='0' EngSetting8='0' EngSetting9='0' EngSetting10='0' EngSetting11='0' EngSetting12='0' EngSetting13='0' EngSetting14='0' EngSetting15='0' EngSetting16='0' EngSetting17='0' EngSetting18='0' EngSetting19='0' EngSetting20='0' EngSetting21='0' EngSetting22='0' EngSetting23='0' EngSetting24='0' EngSetting25='0' EngSetting26='0' EngSetting27='0' EngSetting28='0' EngSetting29='0' EngSetting30='0' EngSetting31='0' EngSetting32='0' PageEnd='True'/>
    3.789: IP: IP_COMMAND_CONFIG_SEQ_COMPLETE Response Sent - Command Code: 0x5E Data: None 
    3.790: IP: NODE_TREE_INTERFACE Command  Rcvd - Command Code: 0x08 Data: 0x0F0000 
    3.790: IP: NODE_TREE_INTERFACE Response Sent - Command Code: 0x08 Data: None 
    3.790: INFO printengine_lxk::node_tree::engine::rpc: Notify ErrorPending(EngineError { error_id: 0, error_type: Configuration(Configura
    3.790: tionError { physical_device: OutputStacker1, state: InvalidFirmware }), debug_data: DebugData([]) })
    3.792: INFO printengine_lxk::node_tree::engine::rpc: Notify TrayInsertionStateChange(Tray1, true)
    3.793: TASK: Message EM_MSG_EM_TO_ET_THERMAL_NVRAM_COMMO_READY sent to EmThermalTask()
    3.793: FUSER: EngToFuserEvent() - Received event ENG_EVENT_CONFIGURATION_COMPLETE                    (28) 
    3.793: MOTOR: EngToMtrEvent: ENG_EVENT_CONFIGURATION_COMPLETE                   
    3.793: TP: TpTriggerEvent: Event = FIRMWARE_UPDATE, Parm1 = 0, PrintToPaper = 0,
    3.793: EP: HvpsMainVendorId  = 0, HvpsChargeVendorId = 0, Card level = 5
    3.793: EP: Engine event: name = ENG_EVENT_CONFIGURATION_COMPLETE                   , num = 28
    3.793: ceh - J1 wtb received event 28
    3.793: EP: Engine event: name = ENG_EVENT_ENGINE_HOME_BOR                          , num = 54
    3.793: SUPPLIES: SupplyMgr External Request: CART_SET_POR_PARMS 
    3.793: MPF Lift State Machine state transition MPF_LIFT_WF_START_HOME_RQST -> MPF_LIFT_INIT
    3.793: EM: J1 Engine Manager State: W_F_POR_SEQUENCE_COMPLETE                         -> W_F_WEATHER_STATION_FEEDBACK                     
    3.793: INFO printengine_lxk::node_tree::engine::rpc: Notify TrayInsertionStateChange(Tray2, true)
    3.793: INFO printengine_lxk::node_tree::engine::rpc: Notify TrayInsertionStateChange(Tray3, true)
    3.794: Nfy REQUEST_NV_OPERATION=0xE0 0x00 0x00 0x00
    3.794: NV_OPERATION_START; WATCH_NV_VAR; ID; 3b30 
    3.794: Nfy TRAY_INSERTED_NFY=0xAB 0x11 0x00 0x00
    3.794: FLUSHING: Warmup Flush Rule Satisfied = 0x0000000000020000.  Complete Set = 0x00000000001e0000
    3.794: MPF Lift State Machine state transition MPF_LIFT_INIT -> MPF_LIFT_LOCKED_RETRACTED
    3.794: INFO printengine_lxk::engine: PM: Running task
    3.794: INFO printengine_lxk::engine: PM: Idle state in Awake
    3.794: INFO printengine_lxk::engine: PM: engine cannot sleep
    3.795: INFO printengine_lxk::engine: PM: no change in power state Awake
    3.794: ceh - wtb received event 28
    3.801: EP: NV state changed from EP_NV_STATE_POR to EP_NV_STATE_READ
    3.802: PhEnQueueSystemNvramReadAccess() - TotalSystemNvramValues = 14:Head = 0:Tail = 0
    3.802: ThermCoeffs:Plane=0-ProcessShift=-1:LineLength=-1:ScanShift=-1:SkewShift=0:BowShift=0:UseNvramValues=1
    3.802: ThermCoeffs:Plane=1-ProcessShift=-1:LineLength=-1:ScanShift=-1:SkewShift=0:BowShift=0:UseNvramValues=1
    3.802: ThermCoeffs:Plane=2-ProcessShift=-1:LineLength=-1:ScanShift=-1:SkewShift=0:BowShift=0:UseNvramValues=1
    3.802: ThermCoeffs:Plane=3-ProcessShift=-1:LineLength=-1:ScanShift=-1:SkewShift=0:BowShift=0:UseNvramValues=1
    3.803: TASK: EmThermalTask() status 0x1.  Task NOT Removed.
    3.803: EM: EmThermalChangeState() - EM_THERMAL_STATE_WF_POR_SEQ_COMPLETE -> EM_THERMAL_STATE_WF_NVRAM_VALUE
    3.803: EM: EmThermalTask() status 0x1 message EM_MSG_EM_TO_ET_THERMAL_NVRAM_COMMO_READY
    3.803: TASK: EmThermalTask() status 0x1.  Task REMOVED.
    3.803: TASK: DumpTaskList() - pHead: 0x00000000 @ 0x0001A134
    3.801: PTC Man State: PTC_INIT -> PTC_IDLE
    3.804: MOTOR: BMCOM_ClientShutdownMotor motorID FEED_SEP Conditions: MotorState STOP_DONE CurBehav FEED_SEP_FORWARD PrevBehav BEHAVIOR_UNINIT Desired Distance 0
    3.804: MPF Lift State Machine state transition MPF_LIFT_LOCKED_RETRACTED -> MPF_LIFT_STOP_FEED_SEP_MOTOR
    3.804: PPCMD OpCode: OC_OPCODE_QDS1=0x0B Control: 0x03 Address: 0x91 Data: 0x05000000 0x00000000 0x00
    3.807: NON_CON: TMPThreadFunction: State 1 --> 2
    3.808: INFO serial_transport::packet_reader: rx ack 0x08
    3.810: INFO serial_transport::packet_reader: rx ack 0x09
    3.812: PHSysNVMgr StateChange = 1->2
    3.812: INFO printengine_lxk::node_tree::engine::rpc: Notify TrayInsertionStateChange(Tray4, true)
    3.812: INFO printengine_lxk::node_tree::engine::rpc: Notify TrayInsertionStateChange(MPFeeder, true)
    3.813: INFO serial_transport::packet_reader: rx ack 0x0a
    3.814: MOTOR: BMCOM_InitMotorForStart Called for motorID FEED_SEP Behavior: FEED_SEP_FORWARD Speed: 10626115
    3.814: EngineDriverRequest(): TURNON_SENSOR_POWER_IMMEDIATE    
    3.814: mtr_hw.c: line 2578 - Turnon Mtr FEED_SEP
    3.814: HB: J1 HbUpdateMotorRunningStatus() - FEED_SEP IsMotorRunning = 0x1 FilteredSensorIsMade = 0x0 IgnoreTimeout = 0x0 MotorRunningTimer = 0
    3.814, 0.000, 'MtrFeedSep_mmpsec',               138.00,  128, 0, 0
    3.814: MPF Lift State Machine state transition MPF_LIFT_STOP_FEED_SEP_MOTOR -> MPF_LIFT_REMOVE_BACKLASH
    3.815, 0.000, 'MtrFeedSep_state',                5,        176, 0, 0
    3.815, 0.000, 'MtrFeedSep_position',               0.08,  185, 0, 0
    3.814: PPCMD OpCode: OC_OPCODE_QDS1=0x0B Control: 0x03 Address: 0x92 Data: 0x0D000000 0x00000000 0x00
    3.817: INFO serial_transport::packet_reader: rx ack 0x0b
    3.819: INFO printengine_lxk::node_tree::engine::rpc: Notify TrayInsertionStateChange(Manual, true)
    3.820: INFO printengine_lxk::node_tree::engine::rpc: Notify DestinationBranchAdded
    3.822: INFO serial_transport::packet_reader: rx ack 0x0c
    3.825: INFO serial_transport::packet_reader: rx ack 0x0d
    3.824: PPCMD OpCode: OC_OPCODE_QDS1=0x0B Control: 0x03 Address: 0x93 Data: 0x0D000000 0x00000000 0x00
    3.827: INFO printengine_lxk::node_tree::engine::rpc: Notify SourceBranchAdded
    3.827: INFO printengine_lxk::node_tree::engine::rpc: Notify PhysicalDeviceBranchAdded
    3.830: INFO serial_transport::packet_reader: rx ack 0x0e
    3.833: INFO serial_transport::packet_reader: rx ack 0x0f
    3.837: INFO serial_transport::packet_reader: rx ack 0x00
    3.839: INFO serial_transport::packet_reader: rx ack 0x01
    3.841: INFO serial_transport::packet_reader: rx ack 0x02
    3.842: IP: IP_COMMAND_NV_OPERATION_RESULT Command  Rcvd - Command Code: 0xD2 Data: 0x06060000 0x00 
    3.842: IP: IP_COMMAND_NV_OPERATION_RESULT Response Sent - Command Code: 0xD2 Data: None 
    3.844: NV_OPERATION_FINISH; WATCH_NV_VAR; ID; 3b30; Op Time; 50ms 
    3.842: PPCMD OpCode: OC_OPCODE_QIRAIS=0x0E Control: 0x02 Address: 0x91 Data: 0x00000000 0x00000000 0x00
    3.847: PPCMD OpCode: OC_OPCODE_QIRAIS=0x0E Control: 0x03 Address: 0x91 Data: 0x0211CC00 0x00000000 0x00
    3.854: Nfy REQUEST_NV_OPERATION=0xE0 0x00 0x00 0x00
    3.854: NV_OPERATION_START; READ_NV_VAR; ID; 1789 
    3.852: PPCMD OpCode: OC_OPCODE_QCOL=0x13 Control: 0x02 Address: 0x91 Data: 0x00000000 0x00000000 0x00
    3.857: PPCMD OpCode: OC_OPCODE_QCOL=0x13 Control: 0x03 Address: 0x91 Data: 0x0200CC00 0x00000000 0x00
    3.862: IP: IP_COMMAND_NV_OPERATION_RESULT Command  Rcvd - Command Code: 0xD2 Data: 0x01010000 0x000000 
    3.862: NVRdHumidityCallback() - Humidity = 0
    3.862: TASK: Message EM_MSG_ET_TO_ET_THERMAL_NV_HUMIDITY_READY sent to EmThermalTask()
    3.862: IP: IP_COMMAND_NV_OPERATION_RESULT Response Sent - Command Code: 0xD2 Data: None 
    3.863: MOTOR: BMCOM_ResetMotorAndDriver motorID FEED_SEP Behavior FEED_SEP_FORWARD STOP_PENDING at 49 ms Encoder Count 51
    3.863, 0.000, 'MtrFeedSep_mmpsec',                 0.00,  128, 0, 0
    3.863: MOTOR: BMCOM motorID FEED_SEP Shutdown Condition Met: State STOP_PENDING EncCnt: 51 Desired: 50
    3.863: TASK: EmThermalTask() status 0x1.  Task NOT Removed.
    3.863: TASK: Message EM_MSG_ET_TO_ET_LOAD_TIMER sent to EmThermalTimerTask()
    3.863: EM: EmThermalChangeState() - EM_THERMAL_STATE_WF_NVRAM_VALUE -> EM_THERMAL_STATE_INIT
    3.863: TASK: EmThermalTask() status 0x1.  Task REMOVED.
    3.863: TASK: DumpTaskList() - pHead: 0x00035734 @ 0x0001A134
    3.863: TASK: DumpTaskList() - Task: EmThermalTimerTask()  Priority: 0x00 @ 0x00035734 pContext: 0x000359D8 pKill: 0x60154FE5 pTask: 0x60154FED pNextTask: 0x00000000 pPrevTask: 0x00000000 pMessage: 0x000356CC ppHead: 0x0001A134
    3.863: TASK: DumpMsgQueue() - Message: EM_MSG_ET_TO_ET_LOAD_TIMER @ 0x000356CC pNextMsg: 0x00000000
    3.864: NV_OPERATION_FINISH; READ_NV_VAR; ID; 1789; Op Time; 10ms 
    3.871: EP: Read belt clean state request accepted
    3.873: TASK: EmThermalTimerTask() status 0x1.  Task NOT Removed.
    3.874: Nfy REQUEST_NV_OPERATION=0xE0 0x00 0x00 0x00
    3.874: NV_OPERATION_START; READ_NV_VAR; ID; 22f7 
    3.872: PPCMD OpCode: OC_OPCODE_QDI=0x8B Control: 0x02 Address: 0x91 Data: 0x02010000 0x00000000 0x00
    3.881: MOTOR: BMCOM motorID FEED_SEP STOP_DONE at 67 ms Stop Time Was 16 ms Stop Distance Was 12
<BDC_MONITOR EngineTime='    3.881'  RealTime='2026-09-23 05:58' StringId='50'  MotorId='FEED_SEP'  Behavior='FEED_SEP_FORWARD' PrinterSideCountStart='157'  PrinterSideCountStop='157'  SpeedCommandStartRadS='162.142'  SpeedCommandStopRadS='0'  SpeedCommandAvgRadS='162.141'  MoveDistanceCommandEdges='0'  MoveTime_ms='67'  MoveDistanceEdges='63'  EsmDebounceTime_ms='12'  EsmDebounceEdges='2'  SpeedMaxRadS='155.861'  SpeedMinRadS='0.000'  SpeedAvgRadS='98.676'  ControlPwmMax='1388'  ControlPwmMin='0'  ControlPwmAvg='1021'  MotorMaxAmps='0.000'  MotorMinAmps='-0.000'  MotorAvgAmps='0.000' UnderSpeedTime_ms='0'  StopTime_ms='18'  StopDistanceEdges='12'/>
<BDC_HEALTH_CHECK EngineTime='    3.881' StringId='54' PrinterSideCount='157' RealTime='2026-09-23 05:58' MotorId='FEED_SEP' Behavior='FEED_SEP_FORWARD' RampTime_ms='0' AvgControlVoltage='0.0' AvgSpeed_RadPerS='0.0' AvgLoad_mNm='0.0' SpeedErrorVarianceRadPerS2='0.0' WindingTemperature_degC='0.0' />
    3.881, 0.000, 'MtrFeedSep_state',                0,        176, 0, 0
    3.881: HB: J1 HbUpdateMotorRunningStatus() - FEED_SEP IsMotorRunning = 0x0 FilteredSensorIsMade = 0x0 IgnoreTimeout = 0x0 MotorRunningTimer = 6
    3.882: HB: J1 HbHangBuster() - FEED_SEP IsMotorRunning = 0x0 FilteredSensorIsMade = 0x0 IgnoreTimeout = 0x0 MotorRunningTimer = 0
    3.882: IP: IP_COMMAND_NV_OPERATION_RESULT Command  Rcvd - Command Code: 0xD2 Data: 0x01010000 0x0001 
    3.882: EP: Belt clean status = 1
    3.882: IP: IP_COMMAND_NV_OPERATION_RESULT Response Sent - Command Code: 0xD2 Data: None 
    3.884: NV_OPERATION_FINISH; READ_NV_VAR; ID; 22f7; Op Time; 10ms 
    3.884: MPF Lift: Cam Solenoid on
    3.884: MPF Lift State Machine state transition MPF_LIFT_REMOVE_BACKLASH -> MPF_LIFT_LIFTING_FEED_SEP_DELAY
    3.886: PPCMD OpCode: OC_OPCODE_QDI=0x8B Control: 0x03 Address: 0x91 Data: 0x09000E00 0x00000000 0x00
    3.891: EP: NPA_NV2EP_CHARGE_COLD_START_ADDER_INDEX_BLACK - Read request accepted
    3.893: TASK: EmThermalTimerTask() status 0x1.  Task REMOVED.
    3.893: TASK: DumpTaskList() - pHead: 0x00000000 @ 0x0001A134
    3.893: TASK: Message EM_MSG_ET_TO_ET_THERMAL_TIMED_OUT sent to EmThermalTask()
    3.894: Nfy REQUEST_NV_OPERATION=0xE0 0x00 0x00 0x00
    3.894: NV_OPERATION_START; READ_NV_VAR; ID; 2248 
    3.902: IP: IP_COMMAND_NV_OPERATION_RESULT Command  Rcvd - Command Code: 0xD2 Data: 0x01010000 0x0000 
    3.902: EP: NPA_NV2EP_CHARGE_COLD_START_ADDER_INDEX_BLACK - Read value = 0
    3.902: TP_SYS: TpDriverRequestHndlr: TP_SET_FULL_CAL_WHITE_VECTOR_REF_VALUE, 
    3.902: Oops!! Unhandled tp driver request: TP_SET_FULL_CAL_WHITE_VECTOR_REF_VALUE, 
    3.902: IP: IP_COMMAND_NV_OPERATION_RESULT Response Sent - Command Code: 0xD2 Data: None 
    3.903: TASK: EmThermalTask() status 0x1.  Task NOT Removed.
    3.903: TASK: Message EM_MSG_ET_TO_ET_LOAD_TIMER sent to EmThermalTimerTask()
    3.903: TASK: EmThermalTask() status 0x1.  Task REMOVED.
    3.903: TASK: DumpTaskList() - pHead: 0x00035734 @ 0x0001A134
    3.903: TASK: DumpTaskList() - Task: EmThermalTimerTask()  Priority: 0x00 @ 0x00035734 pContext: 0x000359D8 pKill: 0x60154FE5 pTask: 0x60154FED pNextTask: 0x00000000 pPrevTask: 0x00000000 pMessage: 0x000356CC ppHead: 0x0001A134
    3.903: TASK: DumpMsgQueue() - Message: EM_MSG_ET_TO_ET_LOAD_TIMER @ 0x000356CC pNextMsg: 0x00000000
    3.904: NV_OPERATION_FINISH; READ_NV_VAR; ID; 2248; Op Time; 10ms 
    3.904: MOTOR: BMCOM_InitMotorForStart Called for motorID FEED_SEP Behavior: FEED_SEP_REVERSE Speed: 10626115
    3.904: EngineDriverRequest(): TURNON_SENSOR_POWER_IMMEDIATE    
    3.904: mtr_hw.c: line 2578 - Turnon Mtr FEED_SEP
    3.904: HB: J1 HbUpdateMotorRunningStatus() - FEED_SEP IsMotorRunning = 0x1 FilteredSensorIsMade = 0x0 IgnoreTimeout = 0x0 MotorRunningTimer = 0
    3.904, 0.000, 'MtrFeedSep_mmpsec',              -138.00,  128, 0, 0
    3.904: MPF Lift State Machine state transition MPF_LIFT_LIFTING_FEED_SEP_DELAY -> MPF_LIFT_LIFTED_SENSOR_STATE
    3.905, 0.000, 'MtrFeedSep_state',                5,        176, 0, 0
    3.905, 0.000, 'MtrFeedSep_position',               0.08,  185, 0, 0
    3.902: PPCMD OpCode: OC_OPCODE_QDI=0x8B Control: 0x02 Address: 0x91 Data: 0x02930000 0x00000000 0x00
    3.909: PPCMD OpCode: OC_OPCODE_QDI=0x8B Control: 0x03 Address: 0x91 Data: 0x0206CC00 0x00000000 0x00
    3.911: EP: NPA_NV2EP_CHARGE_COLD_START_ADDER_INDEX_CYAN - Read request accepted
<ASYNCEVENTS EngineTime='    3.913' PrinterSideCount='157' RealTime='2026-09-23 05:58' Tray2PaperOutSensorMakeTimestamp='    3.913' />
    3.913: Nfy LOGICAL_DEV_INVENTORY_CHANGE_NFY=0xAA 0x12 0x00 0x00
    3.913: TASK: EmThermalTimerTask() status 0x1.  Task NOT Removed.
    3.914: Nfy REQUEST_NV_OPERATION=0xE0 0x00 0x00 0x00
    3.914: NV_OPERATION_START; READ_NV_VAR; ID; 2249 
    3.914: MPF Lift State Machine state transition MPF_LIFT_LIFTED_SENSOR_STATE -> MPF_LIFT_LIFTING
    3.922: IP: IP_COMMAND_QUERY_LOGICAL_DEV_INVENTORY Command  Rcvd - Command Code: 0x5B Data: 0x12 
<INTERVENTION_NOTIFICATION EngineTime='    3.922' StringId='34' PrinterSideCount='157' RealTime='2026-09-23 05:58' System='Options' Message='Tray2 Empty' />
    3.922: IP: IP_COMMAND_QUERY_LOGICAL_DEV_INVENTORY Response Sent - Command Code: 0x5B Data: 0x07880006 0x00000000 
    3.922: INFO printengine_lxk::node_tree::engine::rpc: Notify TrayMediaSizeAdded(Tray2)
    3.923: INFO printengine_lxk::node_tree::engine::rpc: Notify TrayInventoryLevel(Tray2, Empty)
    3.924: SUPPLIES: Memory: SecurityDeviceChangeCommand() Supply=Bottle - Black, rc=0, DevId=1 
    3.924: SUPPLIES: Memory: begin SecurityDeviceChangeCommand() for Supply=Bottle - Cyan, DevId=2 
    3.922: ssec: cmd=14, devNum=1, rc=0
    3.925: ssec: rm: devNum=2, encrypt=true, dataSize=0x400, offset=0x2380
    3.931: INFO serial_transport::packet_reader: rx ack 0x03
    3.932: IP: IP_COMMAND_NV_OPERATION_RESULT Command  Rcvd - Command Code: 0xD2 Data: 0x01010000 0x0000 
    3.932: EP: NPA_NV2EP_CHARGE_COLD_START_ADDER_INDEX_CYAN - Read value = 0
    3.932: TP_SYS: TpDriverRequestHndlr: TP_SET_FULL_CAL_WHITE_VECTOR_REF_VALUE, 
    3.932: Oops!! Unhandled tp driver request: TP_SET_FULL_CAL_WHITE_VECTOR_REF_VALUE, 
    3.932: IP: IP_COMMAND_NV_OPERATION_RESULT Response Sent - Command Code: 0xD2 Data: None 
    3.934: NV_OPERATION_FINISH; READ_NV_VAR; ID; 2249; Op Time; 20ms 
    3.934: INFO serial_transport::packet_reader: rx ack 0x04
    3.937: tmp00x ID: 185 using S0 of 3520000
    3.941: EP: NPA_NV2EP_CHARGE_COLD_START_ADDER_INDEX_MAGENTA - Read request accepted
    3.944: Nfy REQUEST_NV_OPERATION=0xE0 0x00 0x00 0x00
    3.944: NV_OPERATION_START; READ_NV_VAR; ID; 224a 
    3.944: PPCMD OpCode: OC_OPCODE_QDS1=0x0B Control: 0x03 Address: 0x91 Data: 0x04000000 0x00000000 0x00
    3.952: IP: IP_COMMAND_NV_OPERATION_RESULT Command  Rcvd - Command Code: 0xD2 Data: 0x01010000 0x0000 
    3.952: EP: NPA_NV2EP_CHARGE_COLD_START_ADDER_INDEX_MAGENTA - Read value = 0
    3.952: TP_SYS: TpDriverRequestHndlr: TP_SET_FULL_CAL_WHITE_VECTOR_REF_VALUE, 
    3.952: Oops!! Unhandled tp driver request: TP_SET_FULL_CAL_WHITE_VECTOR_REF_VALUE, 
    3.952: IP: IP_COMMAND_NV_OPERATION_RESULT Response Sent - Command Code: 0xD2 Data: None 
    3.954: NV_OPERATION_FINISH; READ_NV_VAR; ID; 224a; Op Time; 10ms 
    3.961: EP: NPA_NV2EP_CHARGE_COLD_START_ADDER_INDEX_YELLOW - Read request accepted
    3.964: Nfy REQUEST_NV_OPERATION=0xE0 0x00 0x00 0x00
    3.964: NV_OPERATION_START; READ_NV_VAR; ID; 224b 
    3.967, 0.000, 'MtrFeedSep_state',               10,        176, 0, 0
    3.972: IP: IP_COMMAND_NV_OPERATION_RESULT Command  Rcvd - Command Code: 0xD2 Data: 0x01010000 0x0000 
    3.972: EP: NPA_NV2EP_CHARGE_COLD_START_ADDER_INDEX_YELLOW - Read value = 0
    3.972: TP_SYS: TpDriverRequestHndlr: TP_SET_FULL_CAL_WHITE_VECTOR_REF_VALUE, 
    3.972: Oops!! Unhandled tp driver request: TP_SET_FULL_CAL_WHITE_VECTOR_REF_VALUE, 
    3.972: IP: IP_COMMAND_NV_OPERATION_RESULT Response Sent - Command Code: 0xD2 Data: None 
    3.974: NV_OPERATION_FINISH; READ_NV_VAR; ID; 224b; Op Time; 10ms 
    3.981: EP: NPA_ENG_RUNOUT_COUNT_K - Read request accepted
    3.984: Nfy REQUEST_NV_OPERATION=0xE0 0x00 0x00 0x00
    3.984: NV_OPERATION_START; READ_NV_VAR; ID; 3c09 
    3.982: PPCMD OpCode: OC_OPCODE_QNCSC=0x0C Control: 0x02 Address: 0x91 Data: 0x00000000 0x00000000 0x00
    3.988: PPCMD OpCode: OC_OPCODE_QNCSC=0x0C Control: 0x03 Address: 0x91 Data: 0x030101CC 0x00000000 0x00
    3.992: IP: IP_COMMAND_NV_OPERATION_RESULT Command  Rcvd - Command Code: 0xD2 Data: 0x01010000 0x00000000 0x00 
    3.992: EP: NPA_ENG_RUNOUT_COUNT_K - Read value = 0
    3.993: IP: IP_COMMAND_NV_OPERATION_RESULT Response Sent - Command Code: 0xD2 Data: None 
    3.994: NV_OPERATION_FINISH; READ_NV_VAR; ID; 3c09; Op Time; 10ms 
    3.992: PPCMD OpCode: OC_OPCODE_QDI=0x8B Control: 0x02 Address: 0x91 Data: 0x02010000 0x00000000 0x00
    4.001: EP: NPA_ENG_RUNOUT_COUNT_CMY - Read request accepted
    4.004: Nfy REQUEST_NV_OPERATION=0xE0 0x00 0x00 0x00
    4.004: NV_OPERATION_START; READ_NV_VAR; ID; 3c0a 
    4.006: PPCMD OpCode: OC_OPCODE_QDI=0x8B Control: 0x03 Address: 0x91 Data: 0x09000E00 0x00000000 0x00
    4.009: TpSetAltScreenUsage: gAltScreenUsage: 0x00, Was 0x00
    4.010: TpSetAltScreenUsage_PsDebug: gAltScreenUsage_PsDebug: 0x00, Was 0x00, gAltScreenUsage = 0x00
    4.010: TPS StringId='0' Comment='TP: TpDrv.c - Error' Prefix_Sensor='0' Prefix_Line='740' Error='-2'
    4.011: TPS StringId='0' Comment='TP: TpDrv.c - Error' Prefix_Sensor='0' Prefix_Line='972' Error='-1'
    4.012: IP: IP_COMMAND_NV_OPERATION_RESULT Command  Rcvd - Command Code: 0xD2 Data: 0x01010000 0x00000000 0x00 
    4.012: EP: NPA_ENG_RUNOUT_COUNT_CMY - Read value = 0
    4.012: IP: IP_COMMAND_NV_OPERATION_RESULT Response Sent - Command Code: 0xD2 Data: None 
    4.014: NV_OPERATION_FINISH; READ_NV_VAR; ID; 3c0a; Op Time; 10ms 
    4.017: ssec: rm: devNum=2, encrypt=true, dataSize=0x48, offset=0x2300
    4.021: EP: NPA_ERASE_LAMP_REF_VALUE_PC_REV_K - Read request accepted
    4.024: Nfy REQUEST_NV_OPERATION=0xE0 0x00 0x00 0x00
    4.024: NV_OPERATION_START; READ_NV_VAR; ID; 3c20 
    4.022: PPCMD OpCode: OC_OPCODE_QDI=0x8B Control: 0x02 Address: 0x91 Data: 0x02930000 0x00000000 0x00
    4.029: PPCMD OpCode: OC_OPCODE_QDI=0x8B Control: 0x03 Address: 0x91 Data: 0x0206CC00 0x00000000 0x00
    4.033: Nfy LOGICAL_DEV_INVENTORY_CHANGE_NFY=0xAA 0x12 0x00 0x00
    4.033: IP: IP_COMMAND_NV_OPERATION_RESULT Command  Rcvd - Command Code: 0xD2 Data: 0x01010000 0x00144704 0x00 
    4.033: EP: NPA_ERASE_LAMP_REF_VALUE_PC_REV_K - Read value = 280340
    4.033: IP: IP_COMMAND_NV_OPERATION_RESULT Response Sent - Command Code: 0xD2 Data: None 
    4.034: NV_OPERATION_FINISH; READ_NV_VAR; ID; 3c20; Op Time; 10ms 
    4.037: NON_CON: TMPThreadFunction: State 2 --> 3
    4.038: ssec: dc: devNum=2
    4.041: EP: NPA_ERASE_LAMP_REF_VALUE_PC_REV_C - Read request accepted
    4.042: IP: IP_COMMAND_QUERY_LOGICAL_DEV_INVENTORY Command  Rcvd - Command Code: 0x5B Data: 0x12 
<INTERVENTION_NOTIFICATION EngineTime='    4.042' StringId='34' PrinterSideCount='157' RealTime='2026-09-23 05:58' System='Options' Message='Tray2 Empty' />
    4.042: IP: IP_COMMAND_QUERY_LOGICAL_DEV_INVENTORY Response Sent - Command Code: 0x5B Data: 0x07880006 0x00000000 
    4.044: Nfy REQUEST_NV_OPERATION=0xE0 0x00 0x00 0x00
    4.044: NV_OPERATION_START; READ_NV_VAR; ID; 3c21 
    4.052: IP: IP_COMMAND_NV_OPERATION_RESULT Command  Rcvd - Command Code: 0xD2 Data: 0x01010000 0x009D8601 0x00 
    4.052: EP: NPA_ERASE_LAMP_REF_VALUE_PC_REV_C - Read value = 99997
    4.052: IP: IP_COMMAND_NV_OPERATION_RESULT Response Sent - Command Code: 0xD2 Data: None 
    4.054: NV_OPERATION_FINISH; READ_NV_VAR; ID; 3c21; Op Time; 10ms 
    4.061: EP: NPA_ERASE_LAMP_REF_VALUE_HUMIDITY - Read request accepted
    4.064: Nfy REQUEST_NV_OPERATION=0xE0 0x00 0x00 0x00
    4.064: NV_OPERATION_START; READ_NV_VAR; ID; 3c22 
    4.064: PPCMD OpCode: OC_OPCODE_QDS1=0x0B Control: 0x03 Address: 0x91 Data: 0x00000000 0x00000000 0x00
    4.072: IP: IP_COMMAND_NV_OPERATION_RESULT Command  Rcvd - Command Code: 0xD2 Data: 0x01010000 0x00A83E 
    4.072: EP: NPA_ERASE_LAMP_REF_VALUE_HUMIDITY - Read value = 62.656250
    4.072: IP: IP_COMMAND_NV_OPERATION_RESULT Response Sent - Command Code: 0xD2 Data: None 
    4.074: NV_OPERATION_FINISH; READ_NV_VAR; ID; 3c22; Op Time; 10ms 
    4.081: EP: NV state changed from EP_NV_STATE_READ to EP_NV_STATE_IDLE
    4.082: PhSwitchAutoAlignmentNvramState() - 0->1:Size = 14
    4.084: Nfy REQUEST_NV_OPERATION=0xE0 0x00 0x00 0x00
    4.084: NV_OPERATION_START; READ_NV_VAR; ID; 3066 
    4.082: PPCMD OpCode: OC_OPCODE_QIRAIS=0x0E Control: 0x02 Address: 0x92 Data: 0x00000000 0x00000000 0x00
    4.087: PPCMD OpCode: OC_OPCODE_QIRAIS=0x0E Control: 0x03 Address: 0x92 Data: 0x0211CC00 0x00000000 0x00
    4.091: EP: NV state changed from EP_NV_STATE_IDLE to EP_NV_STATE_WF_WRITE_BELT_CLEAN_STATE_REQUEST_ACCEPTED
    4.092: IP: IP_COMMAND_NV_OPERATION_RESULT Command  Rcvd - Command Code: 0xD2 Data: 0x01010000 0x0000 
    4.092: PhReadSystemNvRamCallback() - napId = 12390:CurrentByte = 0: Offset = 12390
    4.092: IP: IP_COMMAND_NV_OPERATION_RESULT Response Sent - Command Code: 0xD2 Data: None 
    4.094: NV_OPERATION_FINISH; READ_NV_VAR; ID; 3066; Op Time; 10ms 
    4.092: PPCMD OpCode: OC_OPCODE_QCOL=0x13 Control: 0x02 Address: 0x92 Data: 0x00000000 0x00000000 0x00
    4.097: PPCMD OpCode: OC_OPCODE_QCOL=0x13 Control: 0x03 Address: 0x92 Data: 0x0200CC00 0x00000000 0x00
    4.101: EP: EP_NV_Write, type = 2, npa_id = 8951, size = 1
    4.101: EP: EP_NV_Write, i = 0, data = 1
    4.104: Nfy REQUEST_NV_OPERATION=0xE0 0x00 0x00 0x00
    4.104: NV_OPERATION_START; READ_NV_VAR; ID; 3065 
    4.111: EP: EP_NV_Write, type = 2, npa_id = 8951, size = 1
    4.111: EP: EP_NV_Write, i = 0, data = 1
    4.112: IP: IP_COMMAND_NV_OPERATION_RESULT Command  Rcvd - Command Code: 0xD2 Data: 0x01010000 0x0000 
    4.112: PhReadSystemNvRamCallback() - napId = 12389:CurrentByte = 1: Offset = 12389
    4.112: IP: IP_COMMAND_NV_OPERATION_RESULT Response Sent - Command Code: 0xD2 Data: None 
    4.114: NV_OPERATION_FINISH; READ_NV_VAR; ID; 3065; Op Time; 10ms 
    4.121: EP: EP_NV_Write, type = 2, npa_id = 8951, size = 1
    4.121: EP: EP_NV_Write, i = 0, data = 1
    4.123: TASK: EmThermalTimerTask() status 0x1.  Task REMOVED.
    4.123: TASK: DumpTaskList() - pHead: 0x00000000 @ 0x0001A134
    4.123: TASK: Message EM_MSG_ET_TO_ET_THERMAL_TIMED_OUT sent to EmThermalTask()
    4.124: Nfy REQUEST_NV_OPERATION=0xE0 0x00 0x00 0x00
    4.124: NV_OPERATION_START; READ_NV_VAR; ID; 3067 
    4.124: PPCMD OpCode: OC_OPCODE_QDS1=0x0B Control: 0x03 Address: 0x92 Data: 0x0C000000 0x00000000 0x00
    4.131: EP: EP_NV_Write, type = 2, npa_id = 8951, size = 1
    4.131: EP: EP_NV_Write, i = 0, data = 1
    4.132: IP: IP_COMMAND_NV_OPERATION_RESULT Command  Rcvd - Command Code: 0xD2 Data: 0x01010000 0x0000 
    4.132: PhReadSystemNvRamCallback() - napId = 12391:CurrentByte = 2: Offset = 12391
    4.132: IP: IP_COMMAND_NV_OPERATION_RESULT Response Sent - Command Code: 0xD2 Data: None 
    4.133: TASK: EmThermalTask() status 0x1.  Task NOT Removed.
    4.133: TASK: Message EM_MSG_ET_TO_ET_LOAD_TIMER sent to EmThermalTimerTask()
    4.133: TASK: EmThermalTask() status 0x1.  Task REMOVED.
    4.133: TASK: DumpTaskList() - pHead: 0x00035734 @ 0x0001A134
    4.133: TASK: DumpTaskList() - Task: EmThermalTimerTask()  Priority: 0x00 @ 0x00035734 pContext: 0x000359D8 pKill: 0x60154FE5 pTask: 0x60154FED pNextTask: 0x00000000 pPrevTask: 0x00000000 pMessage: 0x000356CC ppHead: 0x0001A134
    4.133: TASK: DumpMsgQueue() - Message: EM_MSG_ET_TO_ET_LOAD_TIMER @ 0x000356CC pNextMsg: 0x00000000
    4.134: NV_OPERATION_FINISH; READ_NV_VAR; ID; 3067; Op Time; 10ms 
    4.137: NON_CON: TMPThreadFunction: State 3 --> 4
    4.141: EP: EP_NV_Write, type = 2, npa_id = 8951, size = 1
    4.141: EP: EP_NV_Write, i = 0, data = 1
    4.143: TASK: EmThermalTimerTask() status 0x1.  Task NOT Removed.
    4.144: Nfy REQUEST_NV_OPERATION=0xE0 0x00 0x00 0x00
    4.144: NV_OPERATION_START; READ_NV_VAR; ID; 229e 
    4.147: NON_CON: TMPThreadFunction: State 4 --> 11
    4.151: EP: EP_NV_Write, type = 2, npa_id = 8951, size = 1
    4.151: EP: EP_NV_Write, i = 0, data = 1
    4.152: IP: IP_COMMAND_NV_OPERATION_RESULT Command  Rcvd - Command Code: 0xD2 Data: 0x01010000 0x0000 
    4.152: PhReadSystemNvRamCallback() - napId = 8862:CurrentByte = 3: Offset = 8862
    4.152: IP: IP_COMMAND_NV_OPERATION_RESULT Response Sent - Command Code: 0xD2 Data: None 
    4.154: NV_OPERATION_FINISH; READ_NV_VAR; ID; 229e; Op Time; 10ms 
    4.157: NON_CON: TMPThreadFunction: State 11 --> 12
    4.161: EP: EP_NV_Write, type = 2, npa_id = 8951, size = 1
    4.161: EP: EP_NV_Write, i = 0, data = 1
    4.164: Nfy REQUEST_NV_OPERATION=0xE0 0x00 0x00 0x00
    4.164: NV_OPERATION_START; READ_NV_VAR; ID; 229b 
    4.162: PPCMD OpCode: OC_OPCODE_QNCSC=0x0C Control: 0x02 Address: 0x92 Data: 0x00000000 0x00000000 0x00
    4.168: PPCMD OpCode: OC_OPCODE_QNCSC=0x0C Control: 0x03 Address: 0x92 Data: 0x030101CC 0x00000000 0x00
    4.171: EP: EP_NV_Write, type = 2, npa_id = 8951, size = 1
    4.171: EP: EP_NV_Write, i = 0, data = 1
    4.172: IP: IP_COMMAND_NV_OPERATION_RESULT Command  Rcvd - Command Code: 0xD2 Data: 0x01010000 0x0000 
    4.172: PhReadSystemNvRamCallback() - napId = 8859:CurrentByte = 4: Offset = 8859
    4.172: IP: IP_COMMAND_NV_OPERATION_RESULT Response Sent - Command Code: 0xD2 Data: None 
    4.174: NV_OPERATION_FINISH; READ_NV_VAR; ID; 229b; Op Time; 10ms 
    4.172: PPCMD OpCode: OC_OPCODE_QDI=0x8B Control: 0x02 Address: 0x92 Data: 0x02010000 0x00000000 0x00
    4.181: EP: EP_NV_Write, type = 2, npa_id = 8951, size = 1
    4.181: EP: EP_NV_Write, i = 0, data = 1
    4.184: Nfy REQUEST_NV_OPERATION=0xE0 0x00 0x00 0x00
    4.184: NV_OPERATION_START; READ_NV_VAR; ID; 22a1 
    4.186: PPCMD OpCode: OC_OPCODE_QDI=0x8B Control: 0x03 Address: 0x92 Data: 0x090C0E00 0x00000000 0x00
    4.191: EP: EP_NV_Write, type = 2, npa_id = 8951, size = 1
    4.191: EP: EP_NV_Write, i = 0, data = 1
    4.192: IP: IP_COMMAND_NV_OPERATION_RESULT Command  Rcvd - Command Code: 0xD2 Data: 0x01010000 0x0000 
    4.192: PhReadSystemNvRamCallback() - napId = 8865:CurrentByte = 5: Offset = 8865
    4.192: IP: IP_COMMAND_NV_OPERATION_RESULT Response Sent - Command Code: 0xD2 Data: None 
    4.194: NV_OPERATION_FINISH; READ_NV_VAR; ID; 22a1; Op Time; 10ms 
    4.201: EP: EP_NV_Write, type = 2, npa_id = 8951, size = 1
    4.201: EP: EP_NV_Write, i = 0, data = 1
    4.204: Nfy REQUEST_NV_OPERATION=0xE0 0x00 0x00 0x00
    4.204: NV_OPERATION_START; READ_NV_VAR; ID; 229f 
    4.202: PPCMD OpCode: OC_OPCODE_QDI=0x8B Control: 0x02 Address: 0x92 Data: 0x02930000 0x00000000 0x00
    4.209: PPCMD OpCode: OC_OPCODE_QDI=0x8B Control: 0x03 Address: 0x92 Data: 0x0200CC00 0x00000000 0x00
    4.211: EP: EP_NV_Write, type = 2, npa_id = 8951, size = 1
    4.211: EP: EP_NV_Write, i = 0, data = 1
    4.212: IP: IP_COMMAND_NV_OPERATION_RESULT Command  Rcvd - Command Code: 0xD2 Data: 0x01010000 0x000000 
    4.212: PhReadSystemNvRamCallback() - napId = 8863:CurrentByte = 6: Offset = 8863
    4.212: IP: IP_COMMAND_NV_OPERATION_RESULT Response Sent - Command Code: 0xD2 Data: None 
    4.213: Nfy LOGICAL_DEV_INVENTORY_CHANGE_NFY=0xAA 0x13 0x00 0x00
    4.214: NV_OPERATION_FINISH; READ_NV_VAR; ID; 229f; Op Time; 10ms 
    4.221: EP: EP_NV_Write, type = 2, npa_id = 8951, size = 1
    4.221: EP: EP_NV_Write, i = 0, data = 1
    4.222: IP: IP_COMMAND_QUERY_LOGICAL_DEV_INVENTORY Command  Rcvd - Command Code: 0x5B Data: 0x13 
<INTERVENTION_NOTIFICATION EngineTime='    4.222' StringId='34' PrinterSideCount='157' RealTime='2026-09-23 05:58' System='Options' Message='Tray3 Low' />
    4.222: IP: IP_COMMAND_QUERY_LOGICAL_DEV_INVENTORY Response Sent - Command Code: 0x5B Data: 0x07880C00 0x00000000 
    4.224: Nfy REQUEST_NV_OPERATION=0xE0 0x00 0x00 0x00
    4.224: NV_OPERATION_START; READ_NV_VAR; ID; 229c 
    4.229: SUPPLIES: Memory: SecurityDeviceChangeCommand() Supply=Bottle - Cyan, rc=0, DevId=2 
    4.229: SUPPLIES: Memory: begin SecurityDeviceChangeCommand() for Supply=Bottle - Magenta, DevId=3 
    4.227: ssec: cmd=14, devNum=2, rc=0
    4.231: EP: EP_NV_Write, type = 2, npa_id = 8951, size = 1
    4.231: EP: EP_NV_Write, i = 0, data = 1
    4.232: IP: IP_COMMAND_NV_OPERATION_RESULT Command  Rcvd - Command Code: 0xD2 Data: 0x01010000 0x000000 
    4.232: PhReadSystemNvRamCallback() - napId = 8860:CurrentByte = 7: Offset = 8860
    4.232: IP: IP_COMMAND_NV_OPERATION_RESULT Response Sent - Command Code: 0xD2 Data: None 
    4.229: ssec: rm: devNum=3, encrypt=true, dataSize=0x400, offset=0x2380
    4.234: NV_OPERATION_FINISH; READ_NV_VAR; ID; 229c; Op Time; 10ms 
    4.241: EP: EP_NV_Write, type = 2, npa_id = 8951, size = 1
    4.241: EP: EP_NV_Write, i = 0, data = 1
    4.244: Nfy REQUEST_NV_OPERATION=0xE0 0x00 0x00 0x00
    4.244: NV_OPERATION_START; READ_NV_VAR; ID; 22a2 
    4.244: PPCMD OpCode: OC_OPCODE_QDS1=0x0B Control: 0x03 Address: 0x92 Data: 0x08000000 0x00000000 0x00
    4.251: EP: EP_NV_Write, type = 2, npa_id = 8951, size = 1
    4.251: EP: EP_NV_Write, i = 0, data = 1
    4.252: IP: IP_COMMAND_NV_OPERATION_RESULT Command  Rcvd - Command Code: 0xD2 Data: 0x01010000 0x000000 
    4.252: PhReadSystemNvRamCallback() - napId = 8866:CurrentByte = 8: Offset = 8866
    4.252: IP: IP_COMMAND_NV_OPERATION_RESULT Response Sent - Command Code: 0xD2 Data: None 
    4.254: NV_OPERATION_FINISH; READ_NV_VAR; ID; 22a2; Op Time; 10ms 
    4.261: EP: EP_NV_Write, type = 2, npa_id = 8951, size = 1
    4.261: EP: EP_NV_Write, i = 0, data = 1
    4.264: Nfy REQUEST_NV_OPERATION=0xE0 0x00 0x00 0x00
    4.264: NV_OPERATION_START; READ_NV_VAR; ID; 22a0 
    4.262: PPCMD OpCode: OC_OPCODE_QIRAIS=0x0E Control: 0x02 Address: 0x93 Data: 0x00000000 0x00000000 0x00
    4.267: PPCMD OpCode: OC_OPCODE_QIRAIS=0x0E Control: 0x03 Address: 0x93 Data: 0x0211CC00 0x00000000 0x00
    4.271: EP: EP_NV_Write, type = 2, npa_id = 8951, size = 1
    4.271: EP: EP_NV_Write, i = 0, data = 1
    4.272: IP: IP_COMMAND_NV_OPERATION_RESULT Command  Rcvd - Command Code: 0xD2 Data: 0x01010000 0x000000 
    4.272: PhReadSystemNvRamCallback() - napId = 8864:CurrentByte = 9: Offset = 8864
    4.272: IP: IP_COMMAND_NV_OPERATION_RESULT Response Sent - Command Code: 0xD2 Data: None 
    4.274: NV_OPERATION_FINISH; READ_NV_VAR; ID; 22a0; Op Time; 10ms 
    4.274: MPF Lift: CAM sensor 1
    4.274: MPF Lift: Cam Solenoid off
    4.272: PPCMD OpCode: OC_OPCODE_QCOL=0x13 Control: 0x02 Address: 0x93 Data: 0x00000000 0x00000000 0x00
    4.277: PPCMD OpCode: OC_OPCODE_QCOL=0x13 Control: 0x03 Address: 0x93 Data: 0x0200CC00 0x00000000 0x00
    4.281: EP: EP_NV_Write, type = 2, npa_id = 8951, size = 1
    4.281: EP: EP_NV_Write, i = 0, data = 1
    4.284: Nfy REQUEST_NV_OPERATION=0xE0 0x00 0x00 0x00
    4.284: NV_OPERATION_START; READ_NV_VAR; ID; 229d 
    4.291: EP: EP_NV_Write, type = 2, npa_id = 8951, size = 1
    4.291: EP: EP_NV_Write, i = 0, data = 1
    4.292: IP: IP_COMMAND_NV_OPERATION_RESULT Command  Rcvd - Command Code: 0xD2 Data: 0x01010000 0x000000 
    4.292: PhReadSystemNvRamCallback() - napId = 8861:CurrentByte = 10: Offset = 8861
    4.292: IP: IP_COMMAND_NV_OPERATION_RESULT Response Sent - Command Code: 0xD2 Data: None 
    4.294: NV_OPERATION_FINISH; READ_NV_VAR; ID; 229d; Op Time; 10ms 
    4.301: EP: EP_NV_Write, type = 2, npa_id = 8951, size = 1
    4.301: EP: EP_NV_Write, i = 0, data = 1
    4.304: Nfy REQUEST_NV_OPERATION=0xE0 0x00 0x00 0x00
    4.304: NV_OPERATION_START; READ_NV_VAR; ID; 22a3 
    4.304: PPCMD OpCode: OC_OPCODE_QDS1=0x0B Control: 0x03 Address: 0x93 Data: 0x0C000000 0x00000000 0x00
    4.311: EP: EP_NV_Write, type = 2, npa_id = 8951, size = 1
    4.311: EP: EP_NV_Write, i = 0, data = 1
    4.312: IP: IP_COMMAND_NV_OPERATION_RESULT Command  Rcvd - Command Code: 0xD2 Data: 0x01010000 0x000000 
    4.312: PhReadSystemNvRamCallback() - napId = 8867:CurrentByte = 11: Offset = 8867
    4.312: IP: IP_COMMAND_NV_OPERATION_RESULT Response Sent - Command Code: 0xD2 Data: None 
    4.314: NV_OPERATION_FINISH; READ_NV_VAR; ID; 22a3; Op Time; 10ms 
    4.321: EP: EP_NV_Write, type = 2, npa_id = 8951, size = 1
    4.321: EP: EP_NV_Write, i = 0, data = 1
    4.324: Nfy REQUEST_NV_OPERATION=0xE0 0x00 0x00 0x00
    4.324: NV_OPERATION_START; READ_NV_VAR; ID; 2296 
    4.325: ssec: rm: devNum=3, encrypt=true, dataSize=0x48, offset=0x2300
    4.331: EP: EP_NV_Write, type = 2, npa_id = 8951, size = 1
    4.331: EP: EP_NV_Write, i = 0, data = 1
    4.332: IP: IP_COMMAND_NV_OPERATION_RESULT Command  Rcvd - Command Code: 0xD2 Data: 0x01010000 0x000000 
    4.332: PhReadSystemNvRamCallback() - napId = 8854:CurrentByte = 12: Offset = 8854
    4.332: IP: IP_COMMAND_NV_OPERATION_RESULT Response Sent - Command Code: 0xD2 Data: None 
    4.334: NV_OPERATION_FINISH; READ_NV_VAR; ID; 2296; Op Time; 10ms 
    4.341: EP: EP_NV_Write, type = 2, npa_id = 8951, size = 1
    4.341: EP: EP_NV_Write, i = 0, data = 1
    4.344: Nfy REQUEST_NV_OPERATION=0xE0 0x00 0x00 0x00
    4.344: NV_OPERATION_START; READ_NV_VAR; ID; 1789 
    4.344: MOTOR: BMCOM_ClientShutdownMotor motorID FEED_SEP Conditions: MotorState ON CurBehav FEED_SEP_REVERSE PrevBehav FEED_SEP_FORWARD Desired Distance 0
    4.344: MOTOR: BMCOM_ResetMotorAndDriver motorID FEED_SEP Behavior FEED_SEP_REVERSE STOP_PENDING at 440 ms Encoder Count 696
    4.344, 0.000, 'MtrFeedSep_mmpsec',                 0.00,  128, 0, 0
    4.344: MPF Lift State Machine state transition MPF_LIFT_LIFTING -> MPF_LIFT_LOCKED_LIFTED
    4.342: PPCMD OpCode: OC_OPCODE_QNCSC=0x0C Control: 0x02 Address: 0x93 Data: 0x00000000 0x00000000 0x00
    4.345: ssec: dc: devNum=3
    4.348: PPCMD OpCode: OC_OPCODE_QNCSC=0x0C Control: 0x03 Address: 0x93 Data: 0x030101CC 0x00000000 0x00
    4.351: EP: EP_NV_Write, type = 2, npa_id = 8951, size = 1
    4.351: EP: EP_NV_Write, i = 0, data = 1
    4.352: IP: IP_COMMAND_NV_OPERATION_RESULT Command  Rcvd - Command Code: 0xD2 Data: 0x01010000 0x000000 
    4.352: PhReadSystemNvRamCallback() - napId = 6025:CurrentByte = 13: Offset = 6025
    4.352: IP: IP_COMMAND_NV_OPERATION_RESULT Response Sent - Command Code: 0xD2 Data: None 
    4.353: TASK: EmThermalTimerTask() status 0x1.  Task REMOVED.
    4.353: TASK: DumpTaskList() - pHead: 0x00000000 @ 0x0001A134
    4.353: TASK: Message EM_MSG_ET_TO_ET_THERMAL_TIMED_OUT sent to EmThermalTask()
    4.354: NV_OPERATION_FINISH; READ_NV_VAR; ID; 1789; Op Time; 10ms 
    4.354: MOTOR: BMCOM_ClientShutdownMotor motorID FEED_SEP Conditions: MotorState STOP_PENDING CurBehav FEED_SEP_REVERSE PrevBehav FEED_SEP_FORWARD Desired Distance 0
    4.354: MOTOR: BMCOM_ResetMotorAndDriver motorID FEED_SEP Behavior FEED_SEP_REVERSE STOP_PENDING at 450 ms Encoder Count 705
    4.354: MPF Lift State Machine state transition MPF_LIFT_LOCKED_LIFTED -> MPF_LIFT_STOP_FEED_SEP_MOTOR
    4.352: PPCMD OpCode: OC_OPCODE_QDI=0x8B Control: 0x02 Address: 0x93 Data: 0x02010000 0x00000000 0x00
    4.357: MOTOR: BMCOM motorID FEED_SEP STOP_DONE at 453 ms Stop Time Was 1 ms Stop Distance Was 0
<BDC_MONITOR EngineTime='    4.357'  RealTime='2026-09-23 05:58' StringId='50'  MotorId='FEED_SEP'  Behavior='FEED_SEP_REVERSE' PrinterSideCountStart='157'  PrinterSideCountStop='157'  SpeedCommandStartRadS='162.142'  SpeedCommandStopRadS='0'  SpeedCommandAvgRadS='162.141'  MoveDistanceCommandEdges='0'  MoveTime_ms='453'  MoveDistanceEdges='705'  EsmDebounceTime_ms='10'  EsmDebounceEdges='2'  SpeedMaxRadS='165.191'  SpeedMinRadS='0.000'  SpeedAvgRadS='154.840'  ControlPwmMax='1227'  ControlPwmMin='0'  ControlPwmAvg='1161'  MotorMaxAmps='0.290'  MotorMinAmps='0.214'  MotorAvgAmps='0.253' UnderSpeedTime_ms='0'  StopTime_ms='3'  StopDistanceEdges='0'/>
<BDC_HEALTH_CHECK EngineTime='    4.357' StringId='54' PrinterSideCount='157' RealTime='2026-09-23 05:58' MotorId='FEED_SEP' Behavior='FEED_SEP_REVERSE' RampTime_ms='0' AvgControlVoltage='7.0' AvgSpeed_RadPerS='159.0' AvgLoad_mNm='8.2' SpeedErrorVarianceRadPerS2='270.7' WindingTemperature_degC='0.0' />
    4.357, 0.000, 'MtrFeedSep_state',                0,        176, 0, 0
    4.357: HB: J1 HbUpdateMotorRunningStatus() - FEED_SEP IsMotorRunning = 0x0 FilteredSensorIsMade = 0x0 IgnoreTimeout = 0x0 MotorRunningTimer = 45
    4.361: EP: EP_NV_Write, type = 2, npa_id = 8951, size = 1
    4.361: EP: EP_NV_Write, i = 0, data = 1
    4.362: HB: J1 HbHangBuster() - FEED_SEP IsMotorRunning = 0x0 FilteredSensorIsMade = 0x0 IgnoreTimeout = 0x0 MotorRunningTimer = 0
    4.362: PhAutoAlignmentNvramStateMachine() - Total Auto Alignment Values - LeftMarginM = 0:LeftMarginC = 0:LeftMarginY = 0:RightMarginM = 0: RightMarginC = 0: RightMarginY = 0: TopMarginM: = 0:TopMarginC = 0: TopMarginY = 0: SkewM = 0: SkewC = 0: SkewY = 0
    4.362: PhSwitchAutoAlignmentNvramState() - 1->0:Size = 14
    4.362: PhDeQueueSystemNvramAccess() - Head = 0:Tail = 1
    4.362: TpSequencerSetBeamProfileXlocRefs: Zero[KCMY]: -23164, -23154, -23157, -22949,  Left: 99000,  Right: 261000
    4.362: PrintheadManager() - PH_EVENT_POR_COMPLETE_SENT
    4.363: TASK: EmThermalTask() status 0x1.  Task NOT Removed.
    4.363: TASK: Message EM_MSG_ET_TO_ET_LOAD_TIMER sent to EmThermalTimerTask()
    4.363: TASK: EmThermalTask() status 0x1.  Task REMOVED.
    4.363: TASK: DumpTaskList() - pHead: 0x00035734 @ 0x0001A134
    4.363: TASK: DumpTaskList() - Task: EmThermalTimerTask()  Priority: 0x00 @ 0x00035734 pContext: 0x000359D8 pKill: 0x60154FE5 pTask: 0x60154FED pNextTask: 0x00000000 pPrevTask: 0x00000000 pMessage: 0x000356CC ppHead: 0x0001A134
    4.363: TASK: DumpMsgQueue() - Message: EM_MSG_ET_TO_ET_LOAD_TIMER @ 0x000356CC pNextMsg: 0x00000000
    4.364: Nfy REQUEST_NV_OPERATION=0xE0 0x00 0x00 0x00
    4.364: NV_OPERATION_START; WATCH_NV_VAR; ID; 3bf8 
    4.364: MOTOR: BMCOM_InitMotorForStart Called for motorID FEED_SEP Behavior: FEED_SEP_FORWARD Speed: 10626115
    4.364: EngineDriverRequest(): TURNON_SENSOR_POWER_IMMEDIATE    
    4.364: mtr_hw.c: line 2578 - Turnon Mtr FEED_SEP
    4.364: HB: J1 HbUpdateMotorRunningStatus() - FEED_SEP IsMotorRunning = 0x1 FilteredSensorIsMade = 0x0 IgnoreTimeout = 0x0 MotorRunningTimer = 0
    4.364, 0.000, 'MtrFeedSep_mmpsec',               138.00,  128, 0, 0
    4.364: MPF Lift State Machine state transition MPF_LIFT_STOP_FEED_SEP_MOTOR -> MPF_LIFT_REMOVE_BACKLASH
    4.365, 0.000, 'MtrFeedSep_state',                5,        176, 0, 0
    4.365, 0.000, 'MtrFeedSep_position',               0.08,  185, 0, 0
    4.366: PPCMD OpCode: OC_OPCODE_QDI=0x8B Control: 0x03 Address: 0x93 Data: 0x090C1000 0x000AE605 0xB4
    4.371: EP: EP_NV_Write, type = 2, npa_id = 8951, size = 1
    4.371: EP: EP_NV_Write, i = 0, data = 1
    4.372: PHSysNVMgr StateChange = 2->0
    4.372: IP: IP_COMMAND_NV_OPERATION_RESULT Command  Rcvd - Command Code: 0xD2 Data: 0x06060000 0x00 
    4.372: IP: IP_COMMAND_NV_OPERATION_RESULT Response Sent - Command Code: 0xD2 Data: None 
    4.373: TASK: EmThermalTimerTask() status 0x1.  Task NOT Removed.
    4.374: NV_OPERATION_FINISH; WATCH_NV_VAR; ID; 3bf8; Op Time; 10ms 
    4.381: EP: EP_NV_Write, type = 2, npa_id = 8951, size = 1
    4.381: EP: EP_NV_Write, i = 0, data = 1
    4.384: Nfy REQUEST_NV_OPERATION=0xE0 0x00 0x00 0x00
    4.384: NV_OPERATION_START; WATCH_NV_VAR; ID; 3bf9 
    4.382: PPCMD OpCode: OC_OPCODE_QDI=0x8B Control: 0x02 Address: 0x93 Data: 0x02930000 0x00000005 0xB4
    4.389: PPCMD OpCode: OC_OPCODE_QDI=0x8B Control: 0x03 Address: 0x93 Data: 0x02FFCC00 0x00000005 0xB4
    4.391: EP: EP_NV_Write, type = 2, npa_id = 8951, size = 1
    4.391: EP: EP_NV_Write, i = 0, data = 1
    4.392: IP: IP_COMMAND_NV_OPERATION_RESULT Command  Rcvd - Command Code: 0xD2 Data: 0x06060000 0x00 
    4.392: IP: IP_COMMAND_NV_OPERATION_RESULT Response Sent - Command Code: 0xD2 Data: None 
    4.393: Nfy LOGICAL_DEV_INVENTORY_CHANGE_NFY=0xAA 0x14 0x00 0x00
    4.394: NV_OPERATION_FINISH; WATCH_NV_VAR; ID; 3bf9; Op Time; 10ms 
    4.401: EP: EP_NV_Write, type = 2, npa_id = 8951, size = 1
    4.401: EP: EP_NV_Write, i = 0, data = 1
    4.402: IP: IP_COMMAND_QUERY_LOGICAL_DEV_INVENTORY Command  Rcvd - Command Code: 0x5B Data: 0x14 
<INTERVENTION_NOTIFICATION EngineTime='    4.402' StringId='34' PrinterSideCount='157' RealTime='2026-09-23 05:58' System='Options' Message='Tray4 Low' />
    4.402: IP: IP_COMMAND_QUERY_LOGICAL_DEV_INVENTORY Response Sent - Command Code: 0x5B Data: 0x13880CFF 0x01170092 
    4.404: Nfy REQUEST_NV_OPERATION=0xE0 0x00 0x00 0x00
    4.404: NV_OPERATION_START; WATCH_NV_VAR; ID; 3bfa 
    4.411: MOTOR: BMCOM_ResetMotorAndDriver motorID FEED_SEP Behavior FEED_SEP_FORWARD STOP_PENDING at 47 ms Encoder Count 51
    4.411, 0.000, 'MtrFeedSep_mmpsec',                 0.00,  128, 0, 0
    4.411: MOTOR: BMCOM motorID FEED_SEP Shutdown Condition Met: State STOP_PENDING EncCnt: 51 Desired: 50
    4.411: EP: EP_NV_Write, type = 2, npa_id = 8951, size = 1
    4.411: EP: EP_NV_Write, i = 0, data = 1
    4.412: IP: IP_COMMAND_NV_OPERATION_RESULT Command  Rcvd - Command Code: 0xD2 Data: 0x06060000 0x00 
    4.412: IP: IP_COMMAND_NV_OPERATION_RESULT Response Sent - Command Code: 0xD2 Data: None 
    4.414: NV_OPERATION_FINISH; WATCH_NV_VAR; ID; 3bfa; Op Time; 10ms 
    4.421: EP: EP_NV_Write, type = 2, npa_id = 8951, size = 1
    4.421: EP: EP_NV_Write, i = 0, data = 1
    4.424: Nfy REQUEST_NV_OPERATION=0xE0 0x00 0x00 0x00
    4.424: NV_OPERATION_START; READ_NV_VAR; ID; 179e 
    4.424: PPCMD OpCode: OC_OPCODE_QDS1=0x0B Control: 0x03 Address: 0x93 Data: 0x08000000 0x00000000 0x00
    4.431: EP: EP_NV_Write, type = 2, npa_id = 8951, size = 1
    4.431: EP: EP_NV_Write, i = 0, data = 1
    4.432: MOTOR: BMCOM motorID FEED_SEP STOP_DONE at 68 ms Stop Time Was 19 ms Stop Distance Was 15
<BDC_MONITOR EngineTime='    4.432'  RealTime='2026-09-23 05:58' StringId='50'  MotorId='FEED_SEP'  Behavior='FEED_SEP_FORWARD' PrinterSideCountStart='157'  PrinterSideCountStop='157'  SpeedCommandStartRadS='162.142'  SpeedCommandStopRadS='0'  SpeedCommandAvgRadS='162.141'  MoveDistanceCommandEdges='0'  MoveTime_ms='68'  MoveDistanceEdges='66'  EsmDebounceTime_ms='10'  EsmDebounceEdges='3'  SpeedMaxRadS='152.850'  SpeedMinRadS='0.000'  SpeedAvgRadS='98.957'  ControlPwmMax='1171'  ControlPwmMin='0'  ControlPwmAvg='904'  MotorMaxAmps='0.000'  MotorMinAmps='-0.000'  MotorAvgAmps='0.000' UnderSpeedTime_ms='0'  StopTime_ms='21'  StopDistanceEdges='15'/>
<BDC_HEALTH_CHECK EngineTime='    4.432' StringId='54' PrinterSideCount='157' RealTime='2026-09-23 05:58' MotorId='FEED_SEP' Behavior='FEED_SEP_FORWARD' RampTime_ms='0' AvgControlVoltage='0.0' AvgSpeed_RadPerS='0.0' AvgLoad_mNm='0.0' SpeedErrorVarianceRadPerS2='0.0' WindingTemperature_degC='0.0' />
    4.432, 0.000, 'MtrFeedSep_state',                0,        176, 0, 0
    4.432: HB: J1 HbUpdateMotorRunningStatus() - FEED_SEP IsMotorRunning = 0x0 FilteredSensorIsMade = 0x0 IgnoreTimeout = 0x0 MotorRunningTimer = 6
    4.432: HB: J1 HbHangBuster() - FEED_SEP IsMotorRunning = 0x0 FilteredSensorIsMade = 0x0 IgnoreTimeout = 0x0 MotorRunningTimer = 0
    4.433: IP: IP_COMMAND_NV_OPERATION_RESULT Command  Rcvd - Command Code: 0xD2 Data: 0x01010000 0x00008001 0xFE 
    4.433: IP: IP_COMMAND_NV_OPERATION_RESULT Response Sent - Command Code: 0xD2 Data: None 
    4.434: NV_OPERATION_FINISH; READ_NV_VAR; ID; 179e; Op Time; 10ms 
    4.434: MPF Lift: Cam Solenoid on
    4.434: MPF Lift State Machine state transition MPF_LIFT_REMOVE_BACKLASH -> MPF_LIFT_RETRACTING_FEED_SEP_DELAY
    4.441: EP: EP_NV_Write, type = 2, npa_id = 8951, size = 1
    4.441: EP: EP_NV_Write, i = 0, data = 1
    4.444: Nfy REQUEST_NV_OPERATION=0xE0 0x00 0x00 0x00
    4.444: NV_OPERATION_START; WATCH_NV_VAR; ID; 3bfb 
    4.451: EP: EP_NV_Write, type = 2, npa_id = 8951, size = 1
    4.451: EP: EP_NV_Write, i = 0, data = 1
    4.452: IP: IP_COMMAND_NV_OPERATION_RESULT Command  Rcvd - Command Code: 0xD2 Data: 0x06060000 0x00 
    4.452: IP: IP_COMMAND_NV_OPERATION_RESULT Response Sent - Command Code: 0xD2 Data: None 
    4.454: NV_OPERATION_FINISH; WATCH_NV_VAR; ID; 3bfb; Op Time; 10ms 
    4.454: MOTOR: BMCOM_InitMotorForStart Called for motorID FEED_SEP Behavior: FEED_SEP_REVERSE Speed: 10626115
    4.454: EngineDriverRequest(): TURNON_SENSOR_POWER_IMMEDIATE    
    4.454: mtr_hw.c: line 2578 - Turnon Mtr FEED_SEP
    4.454: HB: J1 HbUpdateMotorRunningStatus() - FEED_SEP IsMotorRunning = 0x1 FilteredSensorIsMade = 0x0 IgnoreTimeout = 0x0 MotorRunningTimer = 0
    4.454, 0.000, 'MtrFeedSep_mmpsec',              -138.00,  128, 0, 0
    4.454: MPF Lift State Machine state transition MPF_LIFT_RETRACTING_FEED_SEP_DELAY -> MPF_LIFT_RETRACTED_SENSOR_STATE
    4.455, 0.000, 'MtrFeedSep_state',                5,        176, 0, 0
    4.455, 0.000, 'MtrFeedSep_position',               0.08,  185, 0, 0
    4.461: EP: EP_NV_Write, type = 2, npa_id = 8951, size = 1
    4.461: EP: EP_NV_Write, i = 0, data = 1
    4.464: Nfy REQUEST_NV_OPERATION=0xE0 0x00 0x00 0x00
    4.464: NV_OPERATION_START; READ_NV_VAR; ID; 179f 
    4.464: MPF Lift State Machine state transition MPF_LIFT_RETRACTED_SENSOR_STATE -> MPF_LIFT_RETRACTING
    4.471: EP: EP_NV_Write, type = 2, npa_id = 8951, size = 1
    4.471: EP: EP_NV_Write, i = 0, data = 1
    4.472: IP: IP_COMMAND_NV_OPERATION_RESULT Command  Rcvd - Command Code: 0xD2 Data: 0x01010000 0x00000000 0x00 
    4.472: IP: IP_COMMAND_NV_OPERATION_RESULT Response Sent - Command Code: 0xD2 Data: None 
    4.474: NV_OPERATION_FINISH; READ_NV_VAR; ID; 179f; Op Time; 10ms 
    4.481: EP: EP_NV_Write, type = 2, npa_id = 8951, size = 1
    4.481: EP: EP_NV_Write, i = 0, data = 1
    4.484: Nfy REQUEST_NV_OPERATION=0xE0 0x00 0x00 0x00
    4.484: NV_OPERATION_START; WATCH_NV_VAR; ID; 3b31 
    4.491: EP: EP_NV_Write, type = 2, npa_id = 8951, size = 1
    4.491: EP: EP_NV_Write, i = 0, data = 1
    4.492: IP: IP_COMMAND_NV_OPERATION_RESULT Command  Rcvd - Command Code: 0xD2 Data: 0x06060000 0x00 
    4.492: IP: IP_COMMAND_NV_OPERATION_RESULT Response Sent - Command Code: 0xD2 Data: None 
    4.494: NV_OPERATION_FINISH; WATCH_NV_VAR; ID; 3b31; Op Time; 10ms 
    4.501: EP: EP_NV_Write, type = 2, npa_id = 8951, size = 1
    4.501: EP: EP_NV_Write, i = 0, data = 1
    4.504: Nfy REQUEST_NV_OPERATION=0xE0 0x00 0x00 0x00
    4.504: NV_OPERATION_START; READ_NV_VAR; ID; 31fe 
    4.511: EP: EP_NV_Write, type = 2, npa_id = 8951, size = 1
    4.511: EP: EP_NV_Write, i = 0, data = 1
    4.512: IP: IP_COMMAND_NV_OPERATION_RESULT Command  Rcvd - Command Code: 0xD2 Data: 0x01010000 0x00000100 0x00 
    4.512: IP: IP_COMMAND_NV_OPERATION_RESULT Response Sent - Command Code: 0xD2 Data: None 
    4.514: NV_OPERATION_FINISH; READ_NV_VAR; ID; 31fe; Op Time; 10ms 
    4.517, 0.000, 'MtrFeedSep_state',               10,        176, 0, 0
    4.521: EP: EP_NV_Write, type = 2, npa_id = 8951, size = 1
    4.521: EP: EP_NV_Write, i = 0, data = 1
    4.524: Nfy REQUEST_NV_OPERATION=0xE0 0x00 0x00 0x00
    4.524: NV_OPERATION_START; WATCH_NV_VAR; ID; 137b 
    4.531: EP: EP_NV_Write, type = 2, npa_id = 8951, size = 1
    4.531: EP: EP_NV_Write, i = 0, data = 1
    4.532: IP: IP_COMMAND_NV_OPERATION_RESULT Command  Rcvd - Command Code: 0xD2 Data: 0x06060000 0x00 
    4.532: IP: IP_COMMAND_NV_OPERATION_RESULT Response Sent - Command Code: 0xD2 Data: None 
    4.534: NV_OPERATION_FINISH; WATCH_NV_VAR; ID; 137b; Op Time; 10ms 
    4.536: SUPPLIES: Memory: SecurityDeviceChangeCommand() Supply=Bottle - Magenta, rc=0, DevId=3 
    4.536: SUPPLIES: Memory: begin SecurityDeviceChangeCommand() for Supply=Bottle - Yellow, DevId=4 
    4.535: ssec: cmd=14, devNum=3, rc=0
    4.539: HH-mode: TpProcessAdditionalDataRequests
    4.539: EP: Request = EP_REQUEST_SET_ITU_VELOCITY_REPLACEMENT_SCALAR
    4.539: PhSetThermalBlackTopMarginAdjustment() - TopMarginAdjustMm = -0.003357: MmPerHsyncs = 0.042328
    4.539: EP: ITU velocity replacement scalar updated = 1.000000
    4.539: ----------------dws-----------: IsCoverOpenProcessing: Isopen = 0, WasOpen = 0, NeedToDelay = 0, NewWasOpen = 0
    4.537: ssec: rm: devNum=4, encrypt=true, dataSize=0x400, offset=0x2380
    4.541: EP: EP_NV_Write, type = 2, npa_id = 8951, size = 1
    4.541: EP: EP_NV_Write, i = 0, data = 1
    4.544: Nfy REQUEST_NV_OPERATION=0xE0 0x00 0x00 0x00
    4.544: NV_OPERATION_START; WATCH_NV_VAR; ID; 137c 
    4.548: ----------------dws-----------: IsCoverOpenProcessing: Isopen = 0, WasOpen = 0, NeedToDelay = 0, NewWasOpen = 0
    4.551: EP: EP_NV_Write, type = 2, npa_id = 8951, size = 1
    4.551: EP: EP_NV_Write, i = 0, data = 1
    4.552: IP: IP_COMMAND_NV_OPERATION_RESULT Command  Rcvd - Command Code: 0xD2 Data: 0x06060000 0x00 
    4.552: IP: IP_COMMAND_NV_OPERATION_RESULT Response Sent - Command Code: 0xD2 Data: None 
    4.554: NV_OPERATION_FINISH; WATCH_NV_VAR; ID; 137c; Op Time; 10ms 
    4.561: EP: EP_NV_Write, type = 2, npa_id = 8951, size = 1
    4.561: EP: EP_NV_Write, i = 0, data = 1
    4.564: Nfy REQUEST_NV_OPERATION=0xE0 0x00 0x00 0x00
    4.564: NV_OPERATION_START; READ_NV_VAR; ID; 22b2 
    4.571: EP: EP_NV_Write, type = 2, npa_id = 8951, size = 1
    4.571: EP: EP_NV_Write, i = 0, data = 1
    4.572: IP: IP_COMMAND_NV_OPERATION_RESULT Command  Rcvd - Command Code: 0xD2 Data: 0x01010000 0x00000000 0x00000000 0x00000000 0x00000000 0x00000000 0x00 
    4.572: IP: IP_COMMAND_NV_OPERATION_RESULT Response Sent - Command Code: 0xD2 Data: None 
    4.574: NV_OPERATION_FINISH; READ_NV_VAR; ID; 22b2; Op Time; 10ms 
    4.581: EP: EP_NV_Write, type = 2, npa_id = 8951, size = 1
    4.581: EP: EP_NV_Write, i = 0, data = 1
    4.583: TASK: EmThermalTimerTask() status 0x1.  Task REMOVED.
    4.583: TASK: DumpTaskList() - pHead: 0x00000000 @ 0x0001A134
    4.583: TASK: Message EM_MSG_ET_TO_ET_THERMAL_TIMED_OUT sent to EmThermalTask()
    4.584: Nfy REQUEST_NV_OPERATION=0xE0 0x00 0x00 0x00
    4.584: NV_OPERATION_START; WATCH_NV_VAR; ID; 0174 
    4.591: EP: EP_NV_Write, type = 2, npa_id = 8951, size = 1
    4.591: EP: EP_NV_Write, i = 0, data = 1
    4.592: IP: IP_COMMAND_NV_OPERATION_RESULT Command  Rcvd - Command Code: 0xD2 Data: 0x06060000 0x00 
    4.592: IP: IP_COMMAND_NV_OPERATION_RESULT Response Sent - Command Code: 0xD2 Data: None 
    4.593: TASK: EmThermalTask() status 0x1.  Task NOT Removed.
    4.593: TASK: Message EM_MSG_ET_TO_ET_LOAD_TIMER sent to EmThermalTimerTask()
    4.593: TASK: EmThermalTask() status 0x1.  Task REMOVED.
    4.593: TASK: DumpTaskList() - pHead: 0x00035734 @ 0x0001A134
    4.593: TASK: DumpTaskList() - Task: EmThermalTimerTask()  Priority: 0x00 @ 0x00035734 pContext: 0x000359D8 pKill: 0x60154FE5 pTask: 0x60154FED pNextTask: 0x00000000 pPrevTask: 0x00000000 pMessage: 0x000356CC ppHead: 0x0001A134
    4.593: TASK: DumpMsgQueue() - Message: EM_MSG_ET_TO_ET_LOAD_TIMER @ 0x000356CC pNextMsg: 0x00000000
    4.594: NV_OPERATION_FINISH; WATCH_NV_VAR; ID; 0174; Op Time; 10ms 
    4.601: EP: EP_NV_Write, type = 2, npa_id = 8951, size = 1
    4.601: EP: EP_NV_Write, i = 0, data = 1
    4.603: TASK: EmThermalTimerTask() status 0x1.  Task NOT Removed.
    4.604: Nfy REQUEST_NV_OPERATION=0xE0 0x00 0x00 0x00
    4.604: NV_OPERATION_START; READ_NV_VAR; ID; 22b3 
    4.611: EP: EP_NV_Write, type = 2, npa_id = 8951, size = 1
    4.611: EP: EP_NV_Write, i = 0, data = 1
    4.612: IP: IP_COMMAND_NV_OPERATION_RESULT Command  Rcvd - Command Code: 0xD2 Data: 0x01010000 0x00000000 0x00000000 0x00000000 0x00000000 0x00000000 0x00 
    4.612: IP: IP_COMMAND_NV_OPERATION_RESULT Response Sent - Command Code: 0xD2 Data: None 
    4.614: NV_OPERATION_FINISH; READ_NV_VAR; ID; 22b3; Op Time; 10ms 
    4.621: EP: EP_NV_Write, type = 2, npa_id = 8951, size = 1
    4.621: EP: EP_NV_Write, i = 0, data = 1
    4.624: Nfy REQUEST_NV_OPERATION=0xE0 0x00 0x00 0x00
    4.624: NV_OPERATION_START; WATCH_NV_VAR; ID; c556 
    4.627: NON_CON: TMPThreadFunction: State 12 --> 13
    4.626: ssec: rm: devNum=4, encrypt=true, dataSize=0x48, offset=0x2300
    4.631: EP: EP_NV_Write, type = 2, npa_id = 8951, size = 1
    4.631: EP: EP_NV_Write, i = 0, data = 1
    4.632: IP: IP_COMMAND_NV_OPERATION_RESULT Command  Rcvd - Command Code: 0xD2 Data: 0x06060000 0x00 
    4.632: IP: IP_COMMAND_NV_OPERATION_RESULT Response Sent - Command Code: 0xD2 Data: None 
    4.634: NV_OPERATION_FINISH; WATCH_NV_VAR; ID; c556; Op Time; 10ms 
    4.637: NON_CON: TMPThreadFunction: State 13 --> 14
    4.639: TP: TpCharInitData: Factory characterization invalid, barcode status okay, Recheck = 1, SnrDataChanged = 1, PorCheckCompleted = 0, RequestCharacterizationReason= 1, 
    4.639: TP: TP_REQUEST_SENSOR_CHARACTERIZATION: Reason = 1, 
    4.639: TP: TpTriggerEvent: Event = TP_TRIGGER_EVENT_REQUESTED_SENSOR_CHARACTERIZE, Parm1 = 1, PrintToPaper = 0,
<TPS_CHARACTERIZATION EngineTime='    4.639' Comment='TP:' StringId='1010' RealTime='2026-09-23 05:58' PrinterSideCount='157' TpAmplifierOffsetMilliVolts='137'  TpLedReferencePower='0.323669'  TpSensitivity='2457'  TpLightLeakageOffsetMilliVolts='59'  TpTesterNumber='3'  TpCharacterizationTemperature='0'  TpCharacterizationMonth='9'  TpCharacterizationDay='13'   TpCharacterizationYear='23'  TpSequenceNumber='452'   TpCharTableVersion='3'  SelfCharTableVersion='4'  TpBarcodeChecksum='0'  TpSensorNVChecksum='15'  TpSelfCharNVChecksum='0'  CharacterizedSpecularGainPercentNV='0.179993' CharacterizedAA1GainPercentNV='0.500000' CharacterizedAA2GainPercentNV='0.500000' SelfCharacterizationNVStatus='BadUsingDefaults' I2CStatus='OK' />
<TPS EngineTime='    4.639' Comment='TP:' StringId='1009' CalibrationCode='23' CalibrationMessage='TP_SENSOR_FACTORY_NVRAM_CHECKSUM_ERROR' />
    4.641: EP: EP_NV_Write, type = 2, npa_id = 8951, size = 1
    4.641: EP: EP_NV_Write, i = 0, data = 1
    4.644: Nfy REQUEST_NV_OPERATION=0xE0 0x00 0x00 0x00
    4.644: NV_OPERATION_START; READ_NV_VAR; ID; 225c 
    4.647: ssec: dc: devNum=4
    4.651: EP: EP_NV_Write, type = 2, npa_id = 8951, size = 1
    4.651: EP: EP_NV_Write, i = 0, data = 1
    4.652: IP: IP_COMMAND_NV_OPERATION_RESULT Command  Rcvd - Command Code: 0xD2 Data: 0x01010000 0x00000000 0x1A 
    4.652: IP: IP_COMMAND_NV_OPERATION_RESULT Response Sent - Command Code: 0xD2 Data: None 
    4.654: NV_OPERATION_FINISH; READ_NV_VAR; ID; 225c; Op Time; 10ms 
    4.661: EP: EP_NV_Write, type = 2, npa_id = 8951, size = 1
    4.661: EP: EP_NV_Write, i = 0, data = 1
    4.664: Nfy REQUEST_NV_OPERATION=0xE0 0x00 0x00 0x00
    4.664: NV_OPERATION_START; WATCH_NV_VAR; ID; c557 
    4.671: EP: EP_NV_Write, type = 2, npa_id = 8951, size = 1
    4.671: EP: EP_NV_Write, i = 0, data = 1
    4.672: IP: IP_COMMAND_NV_OPERATION_RESULT Command  Rcvd - Command Code: 0xD2 Data: 0x06060000 0x00 
    4.672: IP: IP_COMMAND_NV_OPERATION_RESULT Response Sent - Command Code: 0xD2 Data: None 
    4.674: NV_OPERATION_FINISH; WATCH_NV_VAR; ID; c557; Op Time; 10ms 
    4.681: EP: EP_NV_Write, type = 2, npa_id = 8951, size = 1
    4.681: EP: EP_NV_Write, i = 0, data = 1
    4.684: Nfy REQUEST_NV_OPERATION=0xE0 0x00 0x00 0x00
    4.684: NV_OPERATION_START; READ_NV_VAR; ID; 225d 
    4.691: EP: EP_NV_Write, type = 2, npa_id = 8951, size = 1
    4.691: EP: EP_NV_Write, i = 0, data = 1
    4.692: IP: IP_COMMAND_NV_OPERATION_RESULT Command  Rcvd - Command Code: 0xD2 Data: 0x01010000 0x00000000 0x1A 
    4.692: IP: IP_COMMAND_NV_OPERATION_RESULT Response Sent - Command Code: 0xD2 Data: None 
    4.694: NV_OPERATION_FINISH; READ_NV_VAR; ID; 225d; Op Time; 10ms 
    4.701: EP: EP_NV_Write, type = 2, npa_id = 8951, size = 1
    4.701: EP: EP_NV_Write, i = 0, data = 1
    4.704: Nfy REQUEST_NV_OPERATION=0xE0 0x00 0x00 0x00
    4.704: NV_OPERATION_START; WRITE_NV_VAR; ID; 14e3 
    4.711: EP: EP_NV_Write, type = 2, npa_id = 8951, size = 1
    4.711: EP: EP_NV_Write, i = 0, data = 1
    4.712: IP: IP_COMMAND_NV_OPERATION_RESULT Command  Rcvd - Command Code: 0xD2 Data: 0x02020000 0x00 
    4.712: IP: IP_COMMAND_NV_OPERATION_RESULT Response Sent - Command Code: 0xD2 Data: None 
    4.714: NV_OPERATION_FINISH; WRITE_NV_VAR; ID; 14e3; Op Time; 10ms 
    4.721: EP: EP_NV_Write, type = 2, npa_id = 8951, size = 1
    4.721: EP: EP_NV_Write, i = 0, data = 1
    4.721: EP: NV state changed from EP_NV_STATE_WF_WRITE_BELT_CLEAN_STATE_REQUEST_ACCEPTED to EP_NV_STATE_WF_WRITE_BELT_CLEAN_STATE_COMPLETE
    4.724: Nfy REQUEST_NV_OPERATION=0xE0 0x00 0x00 0x00
    4.724: NV_OPERATION_START; READ_NV_VAR; ID; 14e3 
    4.732: IP: IP_COMMAND_NV_OPERATION_RESULT Command  Rcvd - Command Code: 0xD2 Data: 0x01010000 0x000100 
    4.732: Little Endian NV
    4.732: IP: IP_COMMAND_NV_OPERATION_RESULT Response Sent - Command Code: 0xD2 Data: None 
    4.734: NV_OPERATION_FINISH; READ_NV_VAR; ID; 14e3; Op Time; 10ms 
    4.744: Nfy REQUEST_NV_OPERATION=0xE0 0x00 0x00 0x00
    4.744: NV_OPERATION_START; WRITE_NV_VAR; ID; 22f7 
    4.744: Lift Plate Position NV: LPNV_READ_POR_DATA
    4.752: IP: IP_COMMAND_NV_OPERATION_RESULT Command  Rcvd - Command Code: 0xD2 Data: 0x02020000 0x00 
    4.752: EP: Write NV clean belt status complete
    4.752: IP: IP_COMMAND_NV_OPERATION_RESULT Response Sent - Command Code: 0xD2 Data: None 
    4.754: NV_OPERATION_FINISH; WRITE_NV_VAR; ID; 22f7; Op Time; 10ms 
    4.754: Lift Plate Position NV: LPNV_W_F_POR_DATA_READ
    4.761: EP: NV state changed from EP_NV_STATE_WF_WRITE_BELT_CLEAN_STATE_COMPLETE to EP_NV_STATE_IDLE
    4.764: Nfy REQUEST_NV_OPERATION=0xE0 0x00 0x00 0x00
    4.764: NV_OPERATION_START; READ_NV_VAR; ID; 1788 
    4.772: IP: IP_COMMAND_NV_OPERATION_RESULT Command  Rcvd - Command Code: 0xD2 Data: 0x01010000 0x00E008 
    4.772: Little Endian NV
    4.772: IP: IP_COMMAND_NV_OPERATION_RESULT Response Sent - Command Code: 0xD2 Data: None 
    4.774: NV_OPERATION_FINISH; READ_NV_VAR; ID; 1788; Op Time; 10ms 
    4.774: NV Value: 2272 POR Current Lift Plate Position: 0
    4.774: Lift Plate Position NV: LPNV_IDLE
    4.774: Lift Plate Position State: LP_W_F_TRAY_LOW_POSITION
    4.774: MPF Lift: CAM sensor 0
    4.774: MPF Lift: Cam Solenoid off
    4.784: PickElevate PE_IDLE Data: PORLiftPlatePositionKnown = 1
    4.784: PickElevate State: PE_W_F_TRAY_PUSHED
    4.794: SetSensors State 1, Debug 90, Override 4 ReqPOn 1
    4.794: PickElevate State: PE_W_T_SETTLE_AFTER_INSERT
    4.813: TASK: EmThermalTimerTask() status 0x1.  Task REMOVED.
    4.813: TASK: DumpTaskList() - pHead: 0x00000000 @ 0x0001A134
    4.813: TASK: Message EM_MSG_ET_TO_ET_THERMAL_TIMED_OUT sent to EmThermalTask()
    4.823: TASK: EmThermalTask() status 0x1.  Task NOT Removed.
    4.823: TASK: Message EM_MSG_ET_TO_ET_LOAD_TIMER sent to EmThermalTimerTask()
    4.823: TASK: EmThermalTask() status 0x1.  Task REMOVED.
    4.823: TASK: DumpTaskList() - pHead: 0x00035734 @ 0x0001A134
    4.823: TASK: DumpTaskList() - Task: EmThermalTimerTask()  Priority: 0x00 @ 0x00035734 pContext: 0x000359D8 pKill: 0x60154FE5 pTask: 0x60154FED pNextTask: 0x00000000 pPrevTask: 0x00000000 pMessage: 0x000356CC ppHead: 0x0001A134
    4.823: TASK: DumpMsgQueue() - Message: EM_MSG_ET_TO_ET_LOAD_TIMER @ 0x000356CC pNextMsg: 0x00000000
    4.824: Nfy REQUEST_NV_OPERATION=0xE0 0x00 0x00 0x00
    4.824: NV_OPERATION_START; READ_NV_VAR; ID; 225e 
    4.832: IP: IP_COMMAND_NV_OPERATION_RESULT Command  Rcvd - Command Code: 0xD2 Data: 0x01010000 0x00000000 0x1A 
    4.832: IP: IP_COMMAND_NV_OPERATION_RESULT Response Sent - Command Code: 0xD2 Data: None 
    4.833: TASK: EmThermalTimerTask() status 0x1.  Task NOT Removed.
    4.834: NV_OPERATION_FINISH; READ_NV_VAR; ID; 225e; Op Time; 10ms 
    4.839: SUPPLIES: Memory: SecurityDeviceChangeCommand() Supply=Bottle - Yellow, rc=0, DevId=4 
    4.839: SUPPLIES: Memory: begin SecurityDeviceChangeCommand() for Supply=Image Kit - Black, DevId=5 
    4.838: ssec: cmd=14, devNum=4, rc=0
    4.844: MOTOR: BMCOM_ClientShutdownMotor motorID FEED_SEP Conditions: MotorState ON CurBehav FEED_SEP_REVERSE PrevBehav FEED_SEP_FORWARD Desired Distance 0
    4.844: MOTOR: BMCOM_ResetMotorAndDriver motorID FEED_SEP Behavior FEED_SEP_REVERSE STOP_PENDING at 390 ms Encoder Count 608
    4.844, 0.000, 'MtrFeedSep_mmpsec',                 0.00,  128, 0, 0
    4.844: MPF Lift State Machine state transition MPF_LIFT_RETRACTING -> MPF_LIFT_LOCKED_RETRACTED
    4.839: ssec: rm: devNum=5, encrypt=true, dataSize=0x400, offset=0x2380
    4.852: MOTOR: BMCOM motorID FEED_SEP STOP_DONE at 398 ms Stop Time Was 6 ms Stop Distance Was 4
<BDC_MONITOR EngineTime='    4.852'  RealTime='2026-09-23 05:58' StringId='50'  MotorId='FEED_SEP'  Behavior='FEED_SEP_REVERSE' PrinterSideCountStart='157'  PrinterSideCountStop='157'  SpeedCommandStartRadS='162.142'  SpeedCommandStopRadS='0'  SpeedCommandAvgRadS='162.141'  MoveDistanceCommandEdges='0'  MoveTime_ms='398'  MoveDistanceEdges='612'  EsmDebounceTime_ms='11'  EsmDebounceEdges='2'  SpeedMaxRadS='165.194'  SpeedMinRadS='0.000'  SpeedAvgRadS='152.422'  ControlPwmMax='1893'  ControlPwmMin='0'  ControlPwmAvg='1176'  MotorMaxAmps='0.873'  MotorMinAmps='0.223'  MotorAvgAmps='0.284' UnderSpeedTime_ms='0'  StopTime_ms='8'  StopDistanceEdges='4'/>
<BDC_HEALTH_CHECK EngineTime='    4.852' StringId='54' PrinterSideCount='157' RealTime='2026-09-23 05:58' MotorId='FEED_SEP' Behavior='FEED_SEP_REVERSE' RampTime_ms='0' AvgControlVoltage='7.2' AvgSpeed_RadPerS='157.6' AvgLoad_mNm='9.2' SpeedErrorVarianceRadPerS2='185.0' WindingTemperature_degC='0.0' />
    4.852, 0.000, 'MtrFeedSep_state',                0,        176, 0, 0
    4.852: HB: J1 HbUpdateMotorRunningStatus() - FEED_SEP IsMotorRunning = 0x0 FilteredSensorIsMade = 0x0 IgnoreTimeout = 0x0 MotorRunningTimer = 39
    4.852: HB: J1 HbHangBuster() - FEED_SEP IsMotorRunning = 0x0 FilteredSensorIsMade = 0x0 IgnoreTimeout = 0x0 MotorRunningTimer = 0
    4.864: Nfy REQUEST_NV_OPERATION=0xE0 0x00 0x00 0x00
    4.864: NV_OPERATION_START; READ_NV_VAR; ID; 2262 
    4.872: IP: IP_COMMAND_NV_OPERATION_RESULT Command  Rcvd - Command Code: 0xD2 Data: 0x01010000 0x00000000 0x1A 
    4.872: IP: IP_COMMAND_NV_OPERATION_RESULT Response Sent - Command Code: 0xD2 Data: None 
    4.874: NV_OPERATION_FINISH; READ_NV_VAR; ID; 2262; Op Time; 10ms 
    4.904: Nfy REQUEST_NV_OPERATION=0xE0 0x00 0x00 0x00
    4.904: NV_OPERATION_START; READ_NV_VAR; ID; 2263 
    4.912: IP: IP_COMMAND_NV_OPERATION_RESULT Command  Rcvd - Command Code: 0xD2 Data: 0x01010000 0x00000000 0x1A 
    4.912: IP: IP_COMMAND_NV_OPERATION_RESULT Response Sent - Command Code: 0xD2 Data: None 
    4.914: NV_OPERATION_FINISH; READ_NV_VAR; ID; 2263; Op Time; 10ms 
    4.929: ssec: rm: devNum=5, encrypt=true, dataSize=0x48, offset=0x2300
    4.944: Nfy REQUEST_NV_OPERATION=0xE0 0x00 0x00 0x00
    4.944: NV_OPERATION_START; READ_NV_VAR; ID; 2264 
    4.952: IP: IP_COMMAND_NV_OPERATION_RESULT Command  Rcvd - Command Code: 0xD2 Data: 0x01010000 0x00000000 0x1A 
    4.952: IP: IP_COMMAND_NV_OPERATION_RESULT Response Sent - Command Code: 0xD2 Data: None 
    4.950: ssec: dc: devNum=5
    4.954: NV_OPERATION_FINISH; READ_NV_VAR; ID; 2264; Op Time; 10ms 
    4.984: Nfy REQUEST_NV_OPERATION=0xE0 0x00 0x00 0x00
    4.984: NV_OPERATION_START; READ_NV_VAR; ID; 225f 
    4.992: IP: IP_COMMAND_NV_OPERATION_RESULT Command  Rcvd - Command Code: 0xD2 Data: 0x01010000 0x00000000 0x18 
    4.992: IP: IP_COMMAND_NV_OPERATION_RESULT Response Sent - Command Code: 0xD2 Data: None 
    4.994: NV_OPERATION_FINISH; READ_NV_VAR; ID; 225f; Op Time; 10ms 
    5.024: Nfy REQUEST_NV_OPERATION=0xE0 0x00 0x00 0x00
    5.024: NV_OPERATION_START; READ_NV_VAR; ID; 2260 
    5.032: IP: IP_COMMAND_NV_OPERATION_RESULT Command  Rcvd - Command Code: 0xD2 Data: 0x01010000 0x00000000 0x18 
    5.032: IP: IP_COMMAND_NV_OPERATION_RESULT Response Sent - Command Code: 0xD2 Data: None 
    5.034: NV_OPERATION_FINISH; READ_NV_VAR; ID; 2260; Op Time; 10ms 
    5.043: TASK: EmThermalTimerTask() status 0x1.  Task REMOVED.
    5.043: TASK: DumpTaskList() - pHead: 0x00000000 @ 0x0001A134
    5.043: TASK: Message EM_MSG_ET_TO_ET_THERMAL_TIMED_OUT sent to EmThermalTask()
    5.053: TASK: EmThermalTask() status 0x1.  Task NOT Removed.
    5.053: TASK: Message EM_MSG_ET_TO_ET_LOAD_TIMER sent to EmThermalTimerTask()
    5.053: TASK: EmThermalTask() status 0x1.  Task REMOVED.
    5.053: TASK: DumpTaskList() - pHead: 0x00035734 @ 0x0001A134
    5.053: TASK: DumpTaskList() - Task: EmThermalTimerTask()  Priority: 0x00 @ 0x00035734 pContext: 0x000359D8 pKill: 0x60154FE5 pTask: 0x60154FED pNextTask: 0x00000000 pPrevTask: 0x00000000 pMessage: 0x000356CC ppHead: 0x0001A134
    5.053: TASK: DumpMsgQueue() - Message: EM_MSG_ET_TO_ET_LOAD_TIMER @ 0x000356CC pNextMsg: 0x00000000
    5.063: TASK: EmThermalTimerTask() status 0x1.  Task NOT Removed.
    5.064: Nfy REQUEST_NV_OPERATION=0xE0 0x00 0x00 0x00
    5.064: NV_OPERATION_START; READ_NV_VAR; ID; 2261 
    5.067: BUR sensor EEPROM: PTAT25 13449, M_100 17200, U0-32768 31770, Uout1/2 35646, Tobj1 100
    5.072: IP: IP_COMMAND_NV_OPERATION_RESULT Command  Rcvd - Command Code: 0xD2 Data: 0x01010000 0x00000000 0x18 
    5.072: IP: IP_COMMAND_NV_OPERATION_RESULT Response Sent - Command Code: 0xD2 Data: None 
    5.074: NV_OPERATION_FINISH; READ_NV_VAR; ID; 2261; Op Time; 10ms 
    5.077: NON_CON: TMPThreadFunction: State 14 --> 15
    5.104: Nfy REQUEST_NV_OPERATION=0xE0 0x00 0x00 0x00
    5.104: NV_OPERATION_START; READ_NV_VAR; ID; 2265 
    5.112: IP: IP_COMMAND_NV_OPERATION_RESULT Command  Rcvd - Command Code: 0xD2 Data: 0x01010000 0x00000000 0x18 
    5.112: IP: IP_COMMAND_NV_OPERATION_RESULT Response Sent - Command Code: 0xD2 Data: None 
    5.114: NV_OPERATION_FINISH; READ_NV_VAR; ID; 2265; Op Time; 10ms 
    5.141: SUPPLIES: Memory: SecurityDeviceChangeCommand() Supply=Image Kit - Black, rc=0, DevId=5 
    5.141: SUPPLIES: Memory: begin SecurityDeviceChangeCommand() for Supply=Image Kit - Color, DevId=6 
    5.140: ssec: cmd=14, devNum=5, rc=0
    5.144: Nfy REQUEST_NV_OPERATION=0xE0 0x00 0x00 0x00
    5.144: NV_OPERATION_START; READ_NV_VAR; ID; 2266 
    5.142: ssec: rm: devNum=6, encrypt=true, dataSize=0x400, offset=0x2380
    5.152: IP: IP_COMMAND_NV_OPERATION_RESULT Command  Rcvd - Command Code: 0xD2 Data: 0x01010000 0x00000000 0x18 
    5.152: IP: IP_COMMAND_NV_OPERATION_RESULT Response Sent - Command Code: 0xD2 Data: None 
    5.154: NV_OPERATION_FINISH; READ_NV_VAR; ID; 2266; Op Time; 10ms 
    5.157: WeatherThread: Calc Temp: 24.26 C, Calc RH: 49.07 (percent)
    5.167, 0.000, 'Weather Station Temp C',           24.26,  214, 0, 0
    5.167, 0.000, 'Weather Station RH',               49.07,  215, 0, 0
    5.167: WeatherThread: Filtered Temp: 24.26 C, Filtered RH: 49.07 (percent), Filtered Average RH: 49.50 (percent)
    5.184: Nfy REQUEST_NV_OPERATION=0xE0 0x00 0x00 0x00
    5.184: NV_OPERATION_START; READ_NV_VAR; ID; 2267 
    5.192: IP: IP_COMMAND_NV_OPERATION_RESULT Command  Rcvd - Command Code: 0xD2 Data: 0x01010000 0x00000000 0x18 
    5.192: IP: IP_COMMAND_NV_OPERATION_RESULT Response Sent - Command Code: 0xD2 Data: None 
    5.194: NV_OPERATION_FINISH; READ_NV_VAR; ID; 2267; Op Time; 10ms 
    5.219: TP: TpSequencerSetAlignSlopeData: CmySlopesValid = 1, 
    5.224: Nfy REQUEST_NV_OPERATION=0xE0 0x00 0x00 0x00
    5.224: NV_OPERATION_START; READ_NV_VAR; ID; 137b 
    5.232: IP: IP_COMMAND_NV_OPERATION_RESULT Command  Rcvd - Command Code: 0xD2 Data: 0x01010000 0x00000000 0x00 
    5.232: IP: IP_COMMAND_NV_OPERATION_RESULT Response Sent - Command Code: 0xD2 Data: None 
    5.234: NV_OPERATION_FINISH; READ_NV_VAR; ID; 137b; Op Time; 10ms 
    5.233: ssec: rm: devNum=6, encrypt=true, dataSize=0x48, offset=0x2300
    5.247: NON_CON: TMPThreadFunction: State 15 --> 16
    5.254: ssec: dc: devNum=6
    5.259: TP: TpNvUpdateCalRef(): Cal Ref: K = 0, CMY = 0, ValueChanged = 0 POR=1, 
    5.264: Nfy REQUEST_NV_OPERATION=0xE0 0x00 0x00 0x00
    5.264: NV_OPERATION_START; READ_NV_VAR; ID; 137c 
    5.272: IP: IP_COMMAND_NV_OPERATION_RESULT Command  Rcvd - Command Code: 0xD2 Data: 0x01010000 0x00000000 0x00 
    5.272: IP: IP_COMMAND_NV_OPERATION_RESULT Response Sent - Command Code: 0xD2 Data: None 
    5.273: TASK: EmThermalTimerTask() status 0x1.  Task REMOVED.
    5.273: TASK: DumpTaskList() - pHead: 0x00000000 @ 0x0001A134
    5.273: TASK: Message EM_MSG_ET_TO_ET_THERMAL_TIMED_OUT sent to EmThermalTask()
    5.274: NV_OPERATION_FINISH; READ_NV_VAR; ID; 137c; Op Time; 10ms 
    5.283: TASK: EmThermalTask() status 0x1.  Task NOT Removed.
    5.283: EM: EmThermalChangeState() - EM_THERMAL_STATE_INIT -> EM_THERMAL_STATE_RUN
    5.283: TASK: Message EM_MSG_ET_TO_ET_LOAD_TIMER sent to EmThermalTimerTask()
    5.283: TASK: EmThermalTask() status 0x1.  Task REMOVED.
    5.283: TASK: DumpTaskList() - pHead: 0x00035734 @ 0x0001A134
    5.283: TASK: DumpTaskList() - Task: EmThermalTimerTask()  Priority: 0x00 @ 0x00035734 pContext: 0x000359D8 pKill: 0x60154FE5 pTask: 0x60154FED pNextTask: 0x00000000 pPrevTask: 0x00000000 pMessage: 0x000356CC ppHead: 0x0001A134
    5.283: TASK: DumpMsgQueue() - Message: EM_MSG_ET_TO_ET_LOAD_TIMER @ 0x000356CC pNextMsg: 0x00000000
    5.283: EM: J1 Engine Manager State: W_F_WEATHER_STATION_FEEDBACK                      -> W_F_WEATHER_STATION_WARM_THRESHOLD               
    5.293: TASK: EmThermalTimerTask() status 0x1.  Task NOT Removed.
    5.293: TASK: Message EM_MSG_EM_TO_ET_POST_CHECK_THERMS sent to EmPostTask()
    5.293: Nfy ENGINE_STATE_NFY=0x44 0x02 0x00 0x00
    5.293: FUSER: fsrDriverRequest: FUSER_WAKING_START
    5.293: FUSER: HW_EnableDisableZCInterrupt() - Enable ZC Interrupt = 1
    5.293: FUSER: FuserRequestWakeup() - Enable Excessive Heat Checks With Relay Open = 0: Enable Excessive Heat Checks for Idle and Printing = 0
    5.293: FUSER: DisableHeatPipe() called...
    5.293: FUSER: SetFuserHTCHeaterState(): FUSER_HTC_HEATER_CONTROL_STEADY_STATE -> FUSER_HTC_HEATER_CONTROL_POR; Edge Thermistor Actual Temperature: 76; Secondary Thermistor Actual Temperature: 101; Main Thermistor Target Temperature: 0
    5.293: EM: J1 Engine Manager State: W_F_WEATHER_STATION_WARM_THRESHOLD                -> FINISH_POR_SEQ_COMPLETE_WORK                     
    5.294: SetSensors State 2, Debug 91, Override 4 ReqPOn 0
    5.294: PickElevate LiftPlateExists 1
    5.294: NV Value: 2272 POR Current Lift Plate Position: 2272
    5.294: PickElevate State: PE_READY_FOR_PICK
    5.294: Lift Plate Position NV: LPNV_W_F_WRITE_OP_DONE
    5.294: Lift Plate Position State: LP_TRAY_LOW
    5.295: FUSER: FuserEWCStateMachine() - gWarmupInProgress = 0: gWakeupRequested = 1
    5.295: FUSER: FuserResetGateTimeAdder() - Resetting Gate Time Adder
    5.295: FUSER: FuserChangeEWCState(): FUSER_EWC_STATE_PROCESS_REQUESTS -> FUSER_EWC_STATE_WF_ZERO_CROSS_DETECTION_DONE
    5.295: FUSER: SetFuserHTCHeaterState(): FUSER_HTC_HEATER_CONTROL_POR -> FUSER_HTC_HEATER_CONTROL_STEADY_STATE; Edge Thermistor Actual Temperature: 76; Secondary Thermistor Actual Temperature: 101; Main Thermistor Target Temperature: 0
    5.299: TP: TpNvUpdateCalRef(): Cal Ref: K = 0, CMY = 0, ValueChanged = 0 POR=1, 
    5.299: dws: TpProcessNvRamOpPointRequests: from TpNvRamPORInit:
    5.300: FUSER: FsrConCalcControlOutput() - DesiredOutputType for heater 0 changed: FUSER_HWMODE_IHC -> FUSER_HWMODE_MULTICYCLEPHASE
    5.300: FUSER: FsrConCalcControlOutput() - DesiredOutputType for heater 1 changed: FUSER_HWMODE_IHC -> FUSER_HWMODE_MULTICYCLEPHASE
    5.300: FUSER: Fuser Setting Power Delivery Type for 0 (IHC = 0, PHASE = 1, MCP = 2): 0 -> 2
    5.300: FUSER: Fuser Setting Power Delivery Type for 1 (IHC = 0, PHASE = 1, MCP = 2): 0 -> 2
    5.301: SetSensors State 1, Debug 99, Override 4 ReqPOn 1
    5.302: INFO printengine_lxk::node_tree::engine::rpc: Notify CurrentPrintingState(Active)
    5.303: TASK: EmPostTask() status 0x1.  Task NOT Removed.
    5.303: TASK: EmPostTask() status 0x1.  Task REMOVED.
    5.303: TASK: DumpTaskList() - pHead: 0x00035734 @ 0x0001A134
    5.303: TASK: DumpTaskList() - Task: EmThermalTimerTask()  Priority: 0x00 @ 0x00035734 pContext: 0x000359D8 pKill: 0x60154FE5 pTask: 0x60154FED pNextTask: 0x00000000 pPrevTask: 0x00000000 pMessage: 0x00000000 ppHead: 0x0001A134
    5.303: EM: J1 Engine Manager State: FINISH_POR_SEQ_COMPLETE_WORK                      -> W_F_SUPPLIES_COMMO_COMPLETE                      
    5.303: NOTE:  Supplies read in progress during warmup, forcing option warmup, Option_flags.ConfigurationChanged=0
    5.303: INFO printengine_lxk::engine: PM: Running task
    5.303: INFO printengine_lxk::engine: PM: Idle state in Awake
    5.303: INFO printengine_lxk::engine: PM: engine cannot sleep
    5.303: INFO printengine_lxk::engine: PM: no change in power state Awake
    5.304: Nfy REQUEST_NV_OPERATION=0xE0 0x00 0x00 0x00
    5.304: NV_OPERATION_START; READ_NV_VAR; ID; 3afa 
    5.309: INFO serial_transport::packet_reader: rx ack 0x05
    5.311: SetSensors State 2, Debug 100, Override 4 ReqPOn 0
    5.311: Nfy LOGICAL_DEV_INVENTORY_CHANGE_NFY=0xAA 0x11 0x00 0x00
    5.311: Tray 1 Low
    5.312: IP: IP_COMMAND_NV_OPERATION_RESULT Command  Rcvd - Command Code: 0xD2 Data: 0x01010000 0x00000000 0x00 
    5.312: IP: IP_COMMAND_NV_OPERATION_RESULT Response Sent - Command Code: 0xD2 Data: None 
    5.313: TASK: EmThermalTimerTask() status 0x1.  Task REMOVED.
    5.313: TASK: DumpTaskList() - pHead: 0x00000000 @ 0x0001A134
    5.313: TASK: Message EM_MSG_ET_TO_ET_THERMAL_TIMED_OUT sent to EmThermalTask()
    5.314: NV_OPERATION_FINISH; READ_NV_VAR; ID; 3afa; Op Time; 10ms 
    5.322: IP: IP_COMMAND_QUERY_LOGICAL_DEV_INVENTORY Command  Rcvd - Command Code: 0x5B Data: 0x11 
<INTERVENTION_NOTIFICATION EngineTime='    5.322' StringId='34' PrinterSideCount='157' RealTime='2026-09-23 05:58' System='Engine' Message='Tray1 Low' />
    5.322: IP: IP_COMMAND_QUERY_LOGICAL_DEV_INVENTORY Response Sent - Command Code: 0x5B Data: 0x01880C07 0x00000000 
    5.322: INFO printengine_lxk::node_tree::engine::rpc: Notify TrayMediaSizeAdded(Tray1)
    5.323: TASK: EmThermalTask() status 0x1.  Task NOT Removed.
    5.323: ItuTemp_F 76.300 CavityTemp_F 0.000 Weather Station_F 75.661 Bump_Time_Scalar 1.0000305176
    5.323: PhSetBeltStretchTopMarginAdjustment() - TopMarginAdjustMm = -0.734970: MmPerHsyncs = 0.042328
    5.323: TASK: Message EM_MSG_ET_TO_ET_LOAD_TIMER sent to EmThermalTimerTask()
    5.323: INFO printengine_lxk::node_tree::engine::rpc: Notify TrayInventoryLevel(Tray1, NearEmpty)
    5.324: Nfy REQUEST_NV_OPERATION=0xE0 0x00 0x00 0x00
    5.324: NV_OPERATION_START; WRITE_NV_VAR; ID; 1788 
    5.330: INFO serial_transport::packet_reader: rx ack 0x06
    5.332: IP: IP_COMMAND_NV_OPERATION_RESULT Command  Rcvd - Command Code: 0xD2 Data: 0x02020000 0x00 
    5.332: IP: IP_COMMAND_NV_OPERATION_RESULT Response Sent - Command Code: 0xD2 Data: None 
    5.333: TASK: EmThermalTimerTask() status 0x1.  Task NOT Removed.
    5.334: NV_OPERATION_FINISH; WRITE_NV_VAR; ID; 1788; Op Time; 10ms 
    5.334: Lift Plate Position NV: LPNV_IDLE
    5.334: INFO serial_transport::packet_reader: rx ack 0x07
    5.339: dws: TpReadNvSolidAreaOpPoint: NpaId = 15098, Value = 0x00, OpPoint =  0.00, SA_HT_SF =  0.00, 
<TPS EngineTime='    5.339' Comment='TP:' StringId='1009' CalibrationCode='1' CalibrationMessage='TP_K_SOLID_AREA_ERROR' />
    5.344: Nfy REQUEST_NV_OPERATION=0xE0 0x00 0x00 0x00
    5.344: NV_OPERATION_START; READ_NV_VAR; ID; 3afb 
    5.352: IP: IP_COMMAND_NV_OPERATION_RESULT Command  Rcvd - Command Code: 0xD2 Data: 0x01010000 0x00000000 0x00 
    5.352: IP: IP_COMMAND_NV_OPERATION_RESULT Response Sent - Command Code: 0xD2 Data: None 
    5.354: NV_OPERATION_FINISH; READ_NV_VAR; ID; 3afb; Op Time; 10ms 
    5.354: Hardware ZeroCross: ZC Freq 60
    5.354: Bus Freq: 196301800

    5.355: FUSER: FuserCheckIfZeroXValueIsValid(): Zero cross frequency detection done, measured frequency is 60 Hz
    5.355: FUSER: FuserChangeEWCState(): FUSER_EWC_STATE_WF_ZERO_CROSS_DETECTION_DONE -> FUSER_EWC_STATE_PROCESS_REQUESTS
    5.358: FUSER: FuserZeroCrossEventHandler() called for the first time since POR.
    5.358: FUSER: FuserZeroCrossHeaterEventHandler() - heat source FUSER_HEATER_BELT_SLAB_1 enabled
    5.358: FUSER: FuserZeroCrossHeaterEventHandler(): Updating fuser output mode: FUSER_HWMODE_NONE -> FUSER_HWMODE_MULTICYCLEPHASE for FUSER_CONTROL_HEATER_MAIN on FUSER_HEATER_BELT_SLAB_1
    5.360: FUSER: HW_EnableDisableZCInterrupt() - Enable ZC Interrupt = 1
    5.360: FUSER: FuserChangeEWCState(): FUSER_EWC_STATE_PROCESS_REQUESTS -> FUSER_EWC_STATE_CHECK_FOR_STUCK_RELAY
    5.370: FUSER: Raw Fuser relay status changed from 0 to 1
    5.370: FUSER: RawTemperature at Raw Relay Change = 101
    5.379: dws: TpReadNvSolidAreaOpPoint: NpaId = 15099, Value = 0x00, OpPoint =  0.00, SA_HT_SF =  0.00, 
<TPS EngineTime='    5.379' Comment='TP:' StringId='1009' CalibrationCode='2' CalibrationMessage='TP_C_SOLID_AREA_ERROR' />
    5.384: Nfy REQUEST_NV_OPERATION=0xE0 0x00 0x00 0x00
    5.384: NV_OPERATION_START; READ_NV_VAR; ID; 3afc 
    5.390: FUSER: Filtered Fuser relay status changed from 0 to 1
    5.390: FUSER: Raw Temperature at Filtered Relay Change = 101
    5.392: IP: IP_COMMAND_NV_OPERATION_RESULT Command  Rcvd - Command Code: 0xD2 Data: 0x01010000 0x00000000 0x00 
    5.392: IP: IP_COMMAND_NV_OPERATION_RESULT Response Sent - Command Code: 0xD2 Data: None 
    5.394: NV_OPERATION_FINISH; READ_NV_VAR; ID; 3afc; Op Time; 10ms 
    5.419: dws: TpReadNvSolidAreaOpPoint: NpaId = 15100, Value = 0x00, OpPoint =  0.00, SA_HT_SF =  0.00, 
<TPS EngineTime='    5.419' Comment='TP:' StringId='1009' CalibrationCode='3' CalibrationMessage='TP_M_SOLID_AREA_ERROR' />
    5.424: Nfy REQUEST_NV_OPERATION=0xE0 0x00 0x00 0x00
    5.424: NV_OPERATION_START; READ_NV_VAR; ID; 3afd 
    5.432: IP: IP_COMMAND_NV_OPERATION_RESULT Command  Rcvd - Command Code: 0xD2 Data: 0x01010000 0x00000000 0x00 
    5.432: IP: IP_COMMAND_NV_OPERATION_RESULT Response Sent - Command Code: 0xD2 Data: None 
    5.434: NV_OPERATION_FINISH; READ_NV_VAR; ID; 3afd; Op Time; 10ms 
    5.446: SUPPLIES: Memory: SecurityDeviceChangeCommand() Supply=Image Kit - Color, rc=0, DevId=6 
    5.446: SUPPLIES: Memory: begin SecurityDeviceChangeCommand() for Supply=Fuser, DevId=7 
    5.444: ssec: cmd=14, devNum=6, rc=0
    5.447: ssec: rm: devNum=7, encrypt=true, dataSize=0x400, offset=0x2380
    5.459: dws: TpReadNvSolidAreaOpPoint: NpaId = 15101, Value = 0x00, OpPoint =  0.00, SA_HT_SF =  0.00, 
<TPS EngineTime='    5.459' Comment='TP:' StringId='1009' CalibrationCode='4' CalibrationMessage='TP_Y_SOLID_AREA_ERROR' />
    5.464: Nfy REQUEST_NV_OPERATION=0xE0 0x00 0x00 0x00
    5.464: NV_OPERATION_START; READ_NV_VAR; ID; c501 
    5.472: IP: IP_COMMAND_NV_OPERATION_RESULT Command  Rcvd - Command Code: 0xD2 Data: 0x01010000 0x00000000 0x00 
    5.472: IP: IP_COMMAND_NV_OPERATION_RESULT Response Sent - Command Code: 0xD2 Data: None 
    5.474: NV_OPERATION_FINISH; READ_NV_VAR; ID; c501; Op Time; 10ms 
    5.499: TP: TpReadNvSolidAreaOpPointLimit(): NpaId = 0x0000C501, Color = Yellow, NVRAM Value Valid = 0, NVRAM Value = 0x00000000, OpPointLimit = 6.500000
    5.500: FUSER: FuserChangeEWCState(): FUSER_EWC_STATE_CHECK_FOR_STUCK_RELAY -> FUSER_EWC_STATE_DETERMINE_IF_STUCK_RELAY
    5.504: Nfy REQUEST_NV_OPERATION=0xE0 0x00 0x00 0x00
    5.504: NV_OPERATION_START; READ_NV_VAR; ID; c4ff 
    5.512: IP: IP_COMMAND_NV_OPERATION_RESULT Command  Rcvd - Command Code: 0xD2 Data: 0x01010000 0x00000000 0x00 
    5.512: IP: IP_COMMAND_NV_OPERATION_RESULT Response Sent - Command Code: 0xD2 Data: None 
    5.514: NV_OPERATION_FINISH; READ_NV_VAR; ID; c4ff; Op Time; 10ms 
    5.525: FUSER: FsrConRunHBTask(): *WARNING* - Watchdog Not Kicked because of missing Zero Cross interrupt.  ControlEnabled = 1
    5.539: TP: TpReadNvSolidAreaOpPointLimit(): NpaId = 0x0000C4FF, Color = Cyan, NVRAM Value Valid = 0, NVRAM Value = 0x00000000, OpPointLimit = 6.500000
    5.544: Nfy REQUEST_NV_OPERATION=0xE0 0x00 0x00 0x00
    5.544: NV_OPERATION_START; READ_NV_VAR; ID; c500 
    5.541: ssec: rm: devNum=7, encrypt=true, dataSize=0x48, offset=0x2300
    5.550: FUSER: FuserEWCStateMachine() - Fuser Stuck Relay Check: ZeroCross Count = 0
    5.550: FUSER: FuserChangeEWCState(): FUSER_EWC_STATE_DETERMINE_IF_STUCK_RELAY -> FUSER_EWC_STATE_RESUME_NORMAL_RELAY_OPERATION
    5.552: IP: IP_COMMAND_NV_OPERATION_RESULT Command  Rcvd - Command Code: 0xD2 Data: 0x01010000 0x00000000 0x00 
    5.552: IP: IP_COMMAND_NV_OPERATION_RESULT Response Sent - Command Code: 0xD2 Data: None 
    5.554: NV_OPERATION_FINISH; READ_NV_VAR; ID; c500; Op Time; 10ms 
    5.555: FUSER: FuserChangeEWCState(): FUSER_EWC_STATE_RESUME_NORMAL_RELAY_OPERATION -> FUSER_EWC_STATE_PROCESS_REQUESTS
    5.560: FUSER: FuserEWCStateMachine(): gFuserIsPresent = 1: gCoverOpen = 0: gFuserRelayIsOpen = 1: Fuser Pins = 1
    5.560: FUSER: FuserChangeEWCState(): FUSER_EWC_STATE_PROCESS_REQUESTS -> FUSER_EWC_STATE_WF_RELAY_ON_FUSER_PRESENT_AND_COVER_CLOSED
    5.561: ssec: dc: devNum=7
    5.579: TP: TpReadNvSolidAreaOpPointLimit(): NpaId = 0x0000C500, Color = Magenta, NVRAM Value Valid = 0, NVRAM Value = 0x00000000, OpPointLimit = 6.500000
    5.584: Nfy REQUEST_NV_OPERATION=0xE0 0x00 0x00 0x00
    5.584: NV_OPERATION_START; READ_NV_VAR; ID; c4fe 
    5.592: IP: IP_COMMAND_NV_OPERATION_RESULT Command  Rcvd - Command Code: 0xD2 Data: 0x01010000 0x00000000 0x00 
    5.592: IP: IP_COMMAND_NV_OPERATION_RESULT Response Sent - Command Code: 0xD2 Data: None 
    5.594: NV_OPERATION_FINISH; READ_NV_VAR; ID; c4fe; Op Time; 10ms 
    5.619: TP: TpReadNvSolidAreaOpPointLimit(): NpaId = 0x0000C4FE, Color = Black, NVRAM Value Valid = 0, NVRAM Value = 0x00000000, OpPointLimit = 6.500000
    5.624: Nfy REQUEST_NV_OPERATION=0xE0 0x00 0x00 0x00
    5.624: NV_OPERATION_START; READ_NV_VAR; ID; 3afe 
    5.632: IP: IP_COMMAND_NV_OPERATION_RESULT Command  Rcvd - Command Code: 0xD2 Data: 0x01010000 0x00000000 0x00 
    5.632: IP: IP_COMMAND_NV_OPERATION_RESULT Response Sent - Command Code: 0xD2 Data: None 
    5.634: NV_OPERATION_FINISH; READ_NV_VAR; ID; 3afe; Op Time; 10ms 
<TPS EngineTime='    5.659' Comment='TP:' StringId='1009' CalibrationCode='5' CalibrationMessage='TP_K_HT_LP_SERVO_ERROR' />
    5.660: FUSER: Filtered Fuser relay status changed from 1 to 0
    5.660: FUSER: Raw Temperature at Filtered Relay Change = 101
    5.660: FUSER: Raw Fuser relay status changed from 1 to 0
    5.660: FUSER: RawTemperature at Raw Relay Change = 101
    5.660: FUSER: FuserChangeEWCState(): FUSER_EWC_STATE_WF_RELAY_ON_FUSER_PRESENT_AND_COVER_CLOSED -> FUSER_EWC_STATE_WF_RELAY_CLOSED_SETTLE_TIME
    5.664: Nfy REQUEST_NV_OPERATION=0xE0 0x00 0x00 0x00
    5.664: NV_OPERATION_START; READ_NV_VAR; ID; 3aff 
    5.672: IP: IP_COMMAND_NV_OPERATION_RESULT Command  Rcvd - Command Code: 0xD2 Data: 0x01010000 0x00000000 0x00 
    5.672: IP: IP_COMMAND_NV_OPERATION_RESULT Response Sent - Command Code: 0xD2 Data: None 
    5.674: NV_OPERATION_FINISH; READ_NV_VAR; ID; 3aff; Op Time; 10ms 
<TPS EngineTime='    5.699' Comment='TP:' StringId='1009' CalibrationCode='6' CalibrationMessage='TP_C_HT_LP_SERVO_ERROR' />
    5.704: Nfy REQUEST_NV_OPERATION=0xE0 0x00 0x00 0x00
    5.704: NV_OPERATION_START; READ_NV_VAR; ID; 3b00 
    5.712: IP: IP_COMMAND_NV_OPERATION_RESULT Command  Rcvd - Command Code: 0xD2 Data: 0x01010000 0x00000000 0x00 
    5.712: IP: IP_COMMAND_NV_OPERATION_RESULT Response Sent - Command Code: 0xD2 Data: None 
    5.714: NV_OPERATION_FINISH; READ_NV_VAR; ID; 3b00; Op Time; 10ms 
<TPS EngineTime='    5.739' Comment='TP:' StringId='1009' CalibrationCode='7' CalibrationMessage='TP_M_HT_LP_SERVO_ERROR' />
    5.744: Nfy REQUEST_NV_OPERATION=0xE0 0x00 0x00 0x00
    5.744: NV_OPERATION_START; READ_NV_VAR; ID; 3b01 
    5.752: IP: IP_COMMAND_NV_OPERATION_RESULT Command  Rcvd - Command Code: 0xD2 Data: 0x01010000 0x00000000 0x00 
    5.752: IP: IP_COMMAND_NV_OPERATION_RESULT Response Sent - Command Code: 0xD2 Data: None 
    5.750: ssec: gss: 
    5.754: NV_OPERATION_FINISH; READ_NV_VAR; ID; 3b01; Op Time; 10ms 
    5.758: SUPPLIES: Memory: SecurityDeviceChangeCommand() Supply=Fuser, rc=0, DevId=7 
    5.758: SUPPLIES: Memory: begin QuerySsDeviceInformation() Supply=Bottle - Black, DevId=1 
    5.755: ssec: dc: n=0x01, s=0x01, ss=0x00, f=0x02
    5.755: ssec: dc: n=0x01, d=0xa000316c, iq=0xb634, qu=0xb634, au=0x3b467b1, mu=0x3b467b1
    5.764: SUPPLIES: Memory: QuerySsDeviceInformation() Supply=Bottle - Black DevId=1 rc=0 stat=1 deviceid=0xA000316C init_quanta=46644 quanta=46644 enforced=0 changed=0 SmartChipFw= F35.1.17.1 SCRMData=0x3effffff 0xffffffff 0xffffffff 
    5.764: SUPPLIES: Memory: begin QuerySsDeviceInformation() Supply=Bottle - Cyan, DevId=2 
    5.755: ssec: dc: n=0x02, s=0x01, ss=0x00, f=0x02
    5.755: ssec: dc: n=0x02, d=0xa0002de2, iq=0xabca, qu=0xabca, au=0x0, mu=0x0
    5.769: SUPPLIES: Memory: QuerySsDeviceInformation() Supply=Bottle - Cyan DevId=2 rc=0 stat=1 deviceid=0xA0002DE2 init_quanta=43978 quanta=43978 enforced=0 changed=0 SmartChipFw= F35.1.17.1 SCRMData=0x3effffff 0xffffffff 0xffffffff 
    5.769: SUPPLIES: Memory: begin QuerySsDeviceInformation() Supply=Bottle - Magenta, DevId=3 
    5.755: ssec: dc: n=0x03, s=0x01, ss=0x00, f=0x02
    5.755: ssec: dc: n=0x03, d=0xa00034a1, iq=0xb634, qu=0xb634, au=0xd265ae, mu=0xd265ae
    5.774: SUPPLIES: Memory: QuerySsDeviceInformation() Supply=Bottle - Magenta DevId=3 rc=0 stat=1 deviceid=0xA00034A1 init_quanta=46644 quanta=46644 enforced=0 changed=0 SmartChipFw= F35.1.17.1 SCRMData=0x3effffff 0xffffffff 0xffffffff 
    5.774: SUPPLIES: Memory: begin QuerySsDeviceInformation() Supply=Bottle - Yellow, DevId=4 
    5.755: ssec: dc: n=0x04, s=0x01, ss=0x00, f=0x02
    5.779: SUPPLIES: Memory: QuerySsDeviceInformation() Supply=Bottle - Yellow DevId=4 rc=0 stat=1 deviceid=0xA0003C2D init_quanta=51308 quanta=51308 enforced=0 changed=0 SmartChipFw= F35.1.17.1 SCRMData=0x3effffff 0xffffffff 0xffffffff 
    5.779: SUPPLIES: Memory: begin QuerySsDeviceInformation() Supply=Image Kit - Black, DevId=5 
<TPS EngineTime='    5.779' Comment='TP:' StringId='1009' CalibrationCode='8' CalibrationMessage='TP_Y_HT_LP_SERVO_ERROR' />
    5.755: ssec: dc: n=0x04, d=0xa0003c2d, iq=0xc86c, qu=0xc86c, au=0x1b3d5be, mu=0x1b3d5be
    5.756: ssec: dc: n=0x05, s=0x01, ss=0x00, f=0x00
    5.784: Nfy REQUEST_NV_OPERATION=0xE0 0x00 0x00 0x00
    5.784: NV_OPERATION_START; READ_NV_VAR; ID; 3c18 
    5.784: SUPPLIES: Memory: QuerySsDeviceInformation() Supply=Image Kit - Black DevId=5 rc=0 stat=1 deviceid=0xA000557E init_quanta=59920 quanta=54202 enforced=0 changed=0 SmartChipFw= F35.3.17.1 SCRMData=0x3effffff 0xffffffff 0xffffffff 
    5.784: SUPPLIES: Memory: begin QuerySsDeviceInformation() Supply=Image Kit - Color, DevId=6 
    5.756: ssec: dc: n=0x05, d=0xa000557e, iq=0xea10, qu=0xd3ba, au=0x170d0, mu=0x170ca
    5.756: ssec: dc: n=0x06, s=0x01, ss=0x00, f=0x00
    5.789: SUPPLIES: Memory: QuerySsDeviceInformation() Supply=Image Kit - Color DevId=6 rc=0 stat=1 deviceid=0xA0005A44 init_quanta=59920 quanta=55335 enforced=0 changed=0 SmartChipFw= F35.3.17.1 SCRMData=0x3effffff 0xffffffff 0xffffffff 
    5.789: SUPPLIES: Memory: begin QuerySsDeviceInformation() Supply=Fuser, DevId=7 
    5.756: ssec: dc: n=0x06, d=0xa0005a44, iq=0xea10, qu=0xd827, au=0x165a8, mu=0x165a3
    5.792: IP: IP_COMMAND_NV_OPERATION_RESULT Command  Rcvd - Command Code: 0xD2 Data: 0x01010000 0x00000000 0x00 
    5.792: IP: IP_COMMAND_NV_OPERATION_RESULT Response Sent - Command Code: 0xD2 Data: None 
    5.756: ssec: dc: n=0x07, s=0x01, ss=0x00, f=0x00
    5.794: NV_OPERATION_FINISH; READ_NV_VAR; ID; 3c18; Op Time; 10ms 
    5.794: SUPPLIES: Memory: QuerySsDeviceInformation() Supply=Fuser DevId=7 rc=0 stat=1 deviceid=0xA00050E6 init_quanta=62858 quanta=50517 enforced=0 changed=0 SmartChipFw= F35.3.17.1 SCRMData=0x3effffff 0xffffffff 0xffffffff 
    5.794: SUPPLIES: Memory: begin SendSsSecurityResume 
    5.756: ssec: dc: n=0x07, d=0xa00050e6, iq=0xf58a, qu=0xc555, au=0x170d0, mu=0x170ca
    5.756: ssec: cmd=14, devNum=7, rc=0
    5.758: ssec: di: dn=1, st=1, iq=0xb634, qr=0xb634, en=false, ch=false
    5.758: ssec: cmd=13, devNum=1, rc=0
    5.764: ssec: di: dn=2, st=1, iq=0xabca, qr=0xabca, en=false, ch=false
    5.764: ssec: cmd=13, devNum=2, rc=0
    5.769: ssec: di: dn=3, st=1, iq=0xb634, qr=0xb634, en=false, ch=false
    5.769: ssec: cmd=13, devNum=3, rc=0
    5.774: ssec: di: dn=4, st=1, iq=0xc86c, qr=0xc86c, en=false, ch=false
<TPS EngineTime='    5.819' Comment='TP:' StringId='1009' CalibrationCode='5' CalibrationMessage='TP_K_HT_LP_SERVO_ERROR' />
    5.774: ssec: cmd=13, devNum=4, rc=0
    5.779: ssec: di: dn=5, st=1, iq=0xea10, qr=0xd3ba, en=false, ch=false
    5.824: Nfy REQUEST_NV_OPERATION=0xE0 0x00 0x00 0x00
    5.824: NV_OPERATION_START; READ_NV_VAR; ID; 3c19 
    5.779: ssec: cmd=13, devNum=5, rc=0
    5.784: ssec: di: dn=6, st=1, iq=0xea10, qr=0xd827, en=false, ch=false
    5.784: ssec: cmd=13, devNum=6, rc=0
    5.832: IP: IP_COMMAND_NV_OPERATION_RESULT Command  Rcvd - Command Code: 0xD2 Data: 0x01010000 0x00000000 0x00 
    5.832: IP: IP_COMMAND_NV_OPERATION_RESULT Response Sent - Command Code: 0xD2 Data: None 
    5.789: ssec: di: dn=7, st=1, iq=0xf58a, qr=0xc555, en=false, ch=false
    5.789: ssec: cmd=13, devNum=7, rc=0
    5.834: NV_OPERATION_FINISH; READ_NV_VAR; ID; 3c19; Op Time; 10ms 
    5.795: ssec: gats: 
    5.797: ssec: satk: 
    5.800: ssec: su: forceAuth=true
    5.808: ssec: re: n=0x01, s=0x01, ss=0x04, f=0x02
    5.808: ssec: re: n=0x01, d=0xa000316c, iq=0xb634, qu=0xb634, au=0x3b467b1, mu=0x3b467b1
    5.808: ssec: re: n=0x02, s=0x01, ss=0x04, f=0x02
    5.808: ssec: re: n=0x02, d=0xa0002de2, iq=0xabca, qu=0xabca, au=0x0, mu=0x0
    5.808: ssec: re: n=0x03, s=0x01, ss=0x04, f=0x02
    5.808: ssec: re: n=0x03, d=0xa00034a1, iq=0xb634, qu=0xb634, au=0xd265ae, mu=0xd265ae
    5.808: ssec: re: n=0x04, s=0x01, ss=0x04, f=0x02
<TPS EngineTime='    5.859' Comment='TP:' StringId='1009' CalibrationCode='6' CalibrationMessage='TP_C_HT_LP_SERVO_ERROR' />
    5.809: ssec: re: n=0x04, d=0xa0003c2d, iq=0xc86c, qu=0xc86c, au=0x1b3d5be, mu=0x1b3d5be
    5.809: ssec: re: n=0x05, s=0x01, ss=0x04, f=0x00
    5.864: Nfy REQUEST_NV_OPERATION=0xE0 0x00 0x00 0x00
    5.864: NV_OPERATION_START; READ_NV_VAR; ID; 3c1a 
    5.809: ssec: re: n=0x05, d=0xa000557e, iq=0xea10, qu=0xd3ba, au=0x170d0, mu=0x170ca
    5.809: ssec: re: n=0x06, s=0x01, ss=0x04, f=0x00
    5.872: IP: IP_COMMAND_NV_OPERATION_RESULT Command  Rcvd - Command Code: 0xD2 Data: 0x01010000 0x00000000 0x00 
    5.872: IP: IP_COMMAND_NV_OPERATION_RESULT Response Sent - Command Code: 0xD2 Data: None 
    5.809: ssec: re: n=0x06, d=0xa0005a44, iq=0xea10, qu=0xd827, au=0x165a8, mu=0x165a3
    5.874: NV_OPERATION_FINISH; READ_NV_VAR; ID; 3c1a; Op Time; 10ms 
    5.809: ssec: re: n=0x07, s=0x01, ss=0x04, f=0x00
    5.809: ssec: re: n=0x07, d=0xa00050e6, iq=0xf58a, qu=0xc555, au=0x170d0, mu=0x170ca
    5.809: ssec: gats: 
<TPS EngineTime='    5.899' Comment='TP:' StringId='1009' CalibrationCode='7' CalibrationMessage='TP_M_HT_LP_SERVO_ERROR' />
    5.904: Nfy REQUEST_NV_OPERATION=0xE0 0x00 0x00 0x00
    5.904: NV_OPERATION_START; READ_NV_VAR; ID; 3c1b 
    5.912: IP: IP_COMMAND_NV_OPERATION_RESULT Command  Rcvd - Command Code: 0xD2 Data: 0x01010000 0x00000000 0x00 
    5.912: IP: IP_COMMAND_NV_OPERATION_RESULT Response Sent - Command Code: 0xD2 Data: None 
    5.914: NV_OPERATION_FINISH; READ_NV_VAR; ID; 3c1b; Op Time; 10ms 
<TPS EngineTime='    5.939' Comment='TP:' StringId='1009' CalibrationCode='8' CalibrationMessage='TP_Y_HT_LP_SERVO_ERROR' />
    5.944: Nfy REQUEST_NV_OPERATION=0xE0 0x00 0x00 0x00
    5.944: NV_OPERATION_START; READ_NV_VAR; ID; 3c23 
    5.952: IP: IP_COMMAND_NV_OPERATION_RESULT Command  Rcvd - Command Code: 0xD2 Data: 0x01010000 0x00000000 0x00 
    5.952: IP: IP_COMMAND_NV_OPERATION_RESULT Response Sent - Command Code: 0xD2 Data: None 
    5.954: NV_OPERATION_FINISH; READ_NV_VAR; ID; 3c23; Op Time; 10ms 
    5.954: ssec: atc:
    5.979: TP: TpReadNvHtServoCoeff(): NpaId = NPA_HT_RESPONSE_SERVO_CURVE_FIT_K_COEFF_A, Coefficient = 0.000000
    5.984: Nfy REQUEST_NV_OPERATION=0xE0 0x00 0x00 0x00
    5.984: NV_OPERATION_START; READ_NV_VAR; ID; 3c24 
    5.992: IP: IP_COMMAND_NV_OPERATION_RESULT Command  Rcvd - Command Code: 0xD2 Data: 0x01010000 0x00000000 0x00 
    5.992: IP: IP_COMMAND_NV_OPERATION_RESULT Response Sent - Command Code: 0xD2 Data: None 
    5.994: NV_OPERATION_FINISH; READ_NV_VAR; ID; 3c24; Op Time; 10ms 
    6.016: ssec: gats: 
    6.019: TP: TpReadNvHtServoCoeff(): NpaId = NPA_HT_RESPONSE_SERVO_CURVE_FIT_K_COEFF_B, Coefficient = 0.000000
    6.018: MEB status change: 0
    6.021: SUPPLIES: Memory: SendSsSecurityResume rc=0 
    6.021: SUPPLIES: Memory: begin ss_pulse_enable() SupplyID=4, devnum=1 
    6.019: ssec: re: dn=0, st=1
    6.024: Nfy REQUEST_NV_OPERATION=0xE0 0x00 0x00 0x00
    6.024: NV_OPERATION_START; READ_NV_VAR; ID; 3c25 
    6.019: ssec: cmd=16, devNum=255, rc=0
    6.022: ssec: ept: devNum=1, enable=true, function=1
    6.032: IP: IP_COMMAND_NV_OPERATION_RESULT Command  Rcvd - Command Code: 0xD2 Data: 0x01010000 0x00000000 0x00 
    6.032: IP: IP_COMMAND_NV_OPERATION_RESULT Response Sent - Command Code: 0xD2 Data: None 
    6.034: NV_OPERATION_FINISH; READ_NV_VAR; ID; 3c25; Op Time; 10ms 
    6.034: SUPPLIES: Memory: finished ss_pulse_enable() SupplyID=4, devnum=1, rc=0 
    6.034: SUPPLIES: Memory: begin ss_pulse_enable() SupplyID=3, devnum=2 
    6.032: ssec: cmd=7, devNum=1, rc=0
    6.035: ssec: ept: devNum=2, enable=true, function=1
    6.046: SUPPLIES: Memory: finished ss_pulse_enable() SupplyID=3, devnum=2, rc=0 
    6.046: SUPPLIES: Memory: begin ss_pulse_enable() SupplyID=2, devnum=3 
    6.045: ssec: cmd=7, devNum=2, rc=0
    6.047: ssec: ept: devNum=3, enable=true, function=1
    6.052: PH: PhUpdateRelativeHumidity()-TempDegC= 24.26: RelativeHumidity = 49.07 
    6.059: SUPPLIES: Memory: finished ss_pulse_enable() SupplyID=2, devnum=3, rc=0 
    6.059: SUPPLIES: Memory: begin ss_pulse_enable() SupplyID=1, devnum=4 
    6.059: TP: TpReadNvHtServoCoeff(): NpaId = NPA_HT_RESPONSE_SERVO_CURVE_FIT_K_COEFF_C, Coefficient = 0.000000
    6.057: ssec: cmd=7, devNum=3, rc=0
    6.061: EP: Environment calculation code ran successfully. measured_temperature_Q3 = 75.625000, adjusted_temperature_Q3 = 75.625000, measured_humidity_Q3 = 49.500000, adjusted_humidity_Q3 = 49.500000, ChosenEnv = 4, wet_bulb_temperature_f_Q3 = 504, CalcTime_us=100 
    6.059: ssec: ept: devNum=4, enable=true, function=1
    6.064: Nfy REQUEST_NV_OPERATION=0xE0 0x00 0x00 0x00
    6.064: NV_OPERATION_START; READ_NV_VAR; ID; 226b 
    6.071: SUPPLIES: Memory: finished ss_pulse_enable() SupplyID=1, devnum=4, rc=0 
    6.071: SUPPLIES: Memory: begin ss_pulse_enable() SupplyID=15, devnum=5 
    6.069: ssec: cmd=7, devNum=4, rc=0
    6.072: IP: IP_COMMAND_NV_OPERATION_RESULT Command  Rcvd - Command Code: 0xD2 Data: 0x01010000 0x00000000 0x00 
    6.072: IP: IP_COMMAND_NV_OPERATION_RESULT Response Sent - Command Code: 0xD2 Data: None 
    6.074: NV_OPERATION_FINISH; READ_NV_VAR; ID; 226b; Op Time; 10ms 
    6.072: ssec: ept: devNum=5, enable=true, function=3
    6.084: SUPPLIES: Memory: finished ss_pulse_enable() SupplyID=15, devnum=5, rc=0 
    6.084: SUPPLIES: Memory: begin ss_pulse_enable() SupplyID=25, devnum=6 
    6.082: ssec: cmd=7, devNum=5, rc=0
    6.085: ssec: ept: devNum=6, enable=true, function=3
    6.096: SUPPLIES: Memory: finished ss_pulse_enable() SupplyID=25, devnum=6, rc=0 
    6.096: SUPPLIES: Memory: begin ss_get_cloud_id() for Devnum: 1, Supply: Bottle - Black 
    6.095: ssec: cmd=7, devNum=6, rc=0
    6.097: ssec: ci: devNum=1
    6.104: Nfy REQUEST_NV_OPERATION=0xE0 0x00 0x00 0x00
    6.104: NV_OPERATION_START; READ_NV_VAR; ID; 2273 
    6.112: IP: IP_COMMAND_NV_OPERATION_RESULT Command  Rcvd - Command Code: 0xD2 Data: 0x01010000 0x00000000 0x00 
    6.112: IP: IP_COMMAND_NV_OPERATION_RESULT Response Sent - Command Code: 0xD2 Data: None 
    6.110: ssec: cmd=6, devNum=1, rc=0
    6.114: NV_OPERATION_FINISH; READ_NV_VAR; ID; 2273; Op Time; 10ms 
    6.134: SUPPLIES: Memory: finished ss_get_cloud_id() for Devnum: 1, rc: 0 
    6.134: SUPPLIES: Memory: begin ss_get_cloud_id() for Devnum: 2, Supply: Bottle - Cyan 
    6.135: ssec: ci: devNum=2
    6.139: TP: TpReadNvSolidAreaReflectivity: Reflectivity = 0.000000 for Color = Black
    6.144: Nfy REQUEST_NV_OPERATION=0xE0 0x00 0x00 0x00
    6.144: NV_OPERATION_START; READ_NV_VAR; ID; 2269 
    6.148: ssec: cmd=6, devNum=2, rc=0
    6.152: IP: IP_COMMAND_NV_OPERATION_RESULT Command  Rcvd - Command Code: 0xD2 Data: 0x01010000 0x00000000 0x00 
    6.152: IP: IP_COMMAND_NV_OPERATION_RESULT Response Sent - Command Code: 0xD2 Data: None 
    6.154: NV_OPERATION_FINISH; READ_NV_VAR; ID; 2269; Op Time; 10ms 
    6.154: SUPPLIES: MemoryCommoKernelThread Periodic Timer: Task is running long! Active task=1, Task Run Time=4999 mS 
    6.160: FUSER: FuserChangeEWCState(): FUSER_EWC_STATE_WF_RELAY_CLOSED_SETTLE_TIME -> FUSER_EWC_STATE_PROCESS_REQUESTS
    6.165: FUSER: FuserEWCStateMachine() - gWarmupInProgress = 0: gWakeupRequested = 1
    6.165: FUSER: FuserResetGateTimeAdder() - Resetting Gate Time Adder
    6.165: FUSER: FuserChangeEWCState(): FUSER_EWC_STATE_PROCESS_REQUESTS -> FUSER_EWC_STATE_DETERMINE_FUSER_SUB_TYPE
    6.170: FUSER: FuserEWCStateMachine() - Fuser subtype updated to FUSER_SUB_TYPE_PROGRAM_ONLY_HAS_ONE_FUSER_TYPE
    6.170: FUSER: FuserChangeEWCState(): FUSER_EWC_STATE_DETERMINE_FUSER_SUB_TYPE -> FUSER_EWC_STATE_PROCESS_REQUESTS
    6.173: SUPPLIES: Memory: finished ss_get_cloud_id() for Devnum: 2, rc: 0 
    6.173: SUPPLIES: Memory: begin ss_get_cloud_id() for Devnum: 3, Supply: Bottle - Magenta 
    6.175: FUSER: FuserEWCStateMachine() - gWarmupInProgress = 0: gWakeupRequested = 1
    6.175: FUSER: FuserResetGateTimeAdder() - Resetting Gate Time Adder
    6.175: FUSER: FuserDetermineIfPtcHeaterIsInstalled(): PTC Installed 0
    6.175: FUSER: FuserChangeEWCState(): FUSER_EWC_STATE_PROCESS_REQUESTS -> FUSER_EWC_STATE_WAKE_UP
    6.174: ssec: ci: devNum=3
    6.180: FUSER: CheckForResetBURColdPageCount() - Resetting BURColdPageCount and BurOffsetParmsInitialized to 0 since current BUR temperature 75C is less than FsrGetColdBURThreshold() temperature 130C
    6.180: FUSER: FuserEWCStateMachine() - Enable Extended Temperature Mode = 0
    6.180: FMECH: FmDriverRequest(): Received request FUSER_MECH_REQUEST_CAM_SENSOR_STATE with arg = 0x2ad73 and callback = 0x0
    6.180: FMECH: FmDriverRequest(): FUSER_MECH_REQUEST_CAM_SENSOR_STATE returning FM_CAM_SENSOR_STATE_OPEN!
    6.180: FUSER: Actual Heater temperature measured At EWC determination time = 101: Raw=102: Warmup In Progress = 1: RequestWakeUp = 0: Edge = 76: Bur = 75: AvgTemp = 84: ColdBurWakeUp = 0
    6.180: FUSER: ChangeRequestedFuserControlState(): Changed FUSER_CTRLRQST_NONE -> FUSER_CTRLRQST_STANDBY
    6.180: FUSER: DisableHeatPipe() called...
    6.180: FUSER: SetFuserHTCHeaterState(): FUSER_HTC_HEATER_CONTROL_STEADY_STATE -> FUSER_HTC_HEATER_CONTROL_POR; Edge Thermistor Actual Temperature: 76; Secondary Thermistor Actual Temperature: 101; Main Thermistor Target Temperature: 0
    6.180: FUSER: FuserEWCStateMachine() - FUSER_EWC_STATE_WAKE_UP - RequestedFuserTemp = 140, reason = WAKING_UP_TO_STANDBY
    6.180: FUSER: FuserChangeEWCState(): FUSER_EWC_STATE_WAKE_UP -> FUSER_EWC_STATE_W_F_FUSER_TO_REACH_WARM_TEMP
    6.180, 0.000, 'MainTherm_RFT',                 140,         58, 0, 0
    6.180: FsrConSetSteadyStateGainMode() - Fuser changing steady state gain mode for 0 from FUSER_STEADY_STATE_GAINMODE_PRINTING to FUSER_STEADY_STATE_GAINMODE_STANDBY
    6.180: FUSER: FsrConUpdateNextState for 0 changed FUSER_CTRLSTATE_OFF -> FUSER_CTRLSTATE_RAMPING
    6.180: FUSER: ChangeRequestedFuserControlState(): Changed FUSER_CTRLRQST_STANDBY -> FUSER_CTRLRQST_NONE
    6.180: FUSER: FsrConSwitchToNextState for 0 changed FUSER_CTRLSTATE_OFF -> FUSER_CTRLSTATE_RAMPING
    6.180, 0.000, 'FuserConMainState',               1,        161, 0, 0
    6.180: FUSER: SetFuserHTCHeaterState(): FUSER_HTC_HEATER_CONTROL_POR -> FUSER_HTC_HEATER_CONTROL_STEADY_STATE; Edge Thermistor Actual Temperature: 76; Secondary Thermistor Actual Temperature: 101; Main Thermistor Target Temperature: 0
    6.184: Nfy REQUEST_NV_OPERATION=0xE0 0x00 0x00 0x00
    6.184: NV_OPERATION_START; READ_NV_VAR; ID; 2271 
    6.185: FUSER: FsrConSetControlGainMode() - Fuser changing control gain mode for 0 from FUSER_CONTROL_GAINMODE_STANDBY to FUSER_CONTROL_GAINMODE_RAMPING
    6.185: FUSER: InitController_PID() - RequestedPower = 0: InitialIntegral = 255: Kp = 100: Kin = 0: Kis = 5: Kd = 0: iie = 255
    6.185: FUSER: InitController_PID(): DFT = 140: AFT = 101: Slab = 0: GainMode: FUSER_CONTROL_GAINMODE_STANDBY->FUSER_CONTROL_GAINMODE_RAMPING
    6.185: FUSER: InitController_LUT() / InitController_PID() - Fuser control gain mode for 0 is FUSER_CONTROL_GAINMODE_RAMPING, Uses Phase Control: 1
    6.185: FUSER: InitController_PID() - Fuser PID Control -- Gains: Kp=100,Kin=0,Kids=5,Kd=0,IIE=255
    6.185: FUSER: FsrConCalcControlOutput() - Setting IntegerHalfCycleControlAllowed to FALSE for heater 0
    6.190, 0.000, 'MainTherm_DFT',                 140,         59, 0, 0
    6.187: ssec: cmd=6, devNum=3, rc=0
    6.192: IP: IP_COMMAND_NV_OPERATION_RESULT Command  Rcvd - Command Code: 0xD2 Data: 0x01010000 0x00000000 0x00 
    6.192: IP: IP_COMMAND_NV_OPERATION_RESULT Response Sent - Command Code: 0xD2 Data: None 
    6.194: NV_OPERATION_FINISH; READ_NV_VAR; ID; 2271; Op Time; 10ms 
    6.195, 0.000, 'FuserMainPwrPercentReq',         50,         68, 0, 0
    6.195, 0.000, 'FuserMainPwrPercentAct',         50,        230, 0, 0
    6.211: SUPPLIES: Memory: finished ss_get_cloud_id() for Devnum: 3, rc: 0 
    6.211: SUPPLIES: Memory: begin ss_get_cloud_id() for Devnum: 4, Supply: Bottle - Yellow 
    6.212: ssec: ci: devNum=4
    6.219: TP: TpReadNvSolidAreaReflectivity: Reflectivity = 0.000000 for Color = Cyan
    6.224: Nfy REQUEST_NV_OPERATION=0xE0 0x00 0x00 0x00
    6.224: NV_OPERATION_START; READ_NV_VAR; ID; 226a 
    6.225: ssec: cmd=6, devNum=4, rc=0
    6.232: IP: IP_COMMAND_NV_OPERATION_RESULT Command  Rcvd - Command Code: 0xD2 Data: 0x01010000 0x00000000 0x00 
    6.232: IP: IP_COMMAND_NV_OPERATION_RESULT Response Sent - Command Code: 0xD2 Data: None 
    6.234: NV_OPERATION_FINISH; READ_NV_VAR; ID; 226a; Op Time; 10ms 
    6.249: SUPPLIES: Memory: finished ss_get_cloud_id() for Devnum: 4, rc: 0 
    6.249: SUPPLIES: Memory: begin ss_get_cloud_id() for Devnum: 5, Supply: Image Kit - Black 
    6.250: ssec: ci: devNum=5
    6.264: Nfy REQUEST_NV_OPERATION=0xE0 0x00 0x00 0x00
    6.264: NV_OPERATION_START; READ_NV_VAR; ID; 2272 
    6.263: ssec: cmd=6, devNum=5, rc=0
    6.272: IP: IP_COMMAND_NV_OPERATION_RESULT Command  Rcvd - Command Code: 0xD2 Data: 0x01010000 0x00000000 0x00 
    6.272: IP: IP_COMMAND_NV_OPERATION_RESULT Response Sent - Command Code: 0xD2 Data: None 
    6.274: NV_OPERATION_FINISH; READ_NV_VAR; ID; 2272; Op Time; 10ms 
    6.288: SUPPLIES: Memory: finished ss_get_cloud_id() for Devnum: 5, rc: 0 
    6.288: SUPPLIES: Memory: begin ss_get_cloud_id() for Devnum: 6, Supply: Image Kit - Color 
    6.289: ssec: ci: devNum=6
    6.299: TP: TpReadNvSolidAreaReflectivity: Reflectivity = 0.000000 for Color = Magenta
    6.304: Nfy REQUEST_NV_OPERATION=0xE0 0x00 0x00 0x00
    6.304: NV_OPERATION_START; READ_NV_VAR; ID; 2268 
    6.302: ssec: cmd=6, devNum=6, rc=0
    6.312: IP: IP_COMMAND_NV_OPERATION_RESULT Command  Rcvd - Command Code: 0xD2 Data: 0x01010000 0x00000000 0x00 
    6.312: IP: IP_COMMAND_NV_OPERATION_RESULT Response Sent - Command Code: 0xD2 Data: None 
    6.314: NV_OPERATION_FINISH; READ_NV_VAR; ID; 2268; Op Time; 10ms 
    6.326: SUPPLIES: Memory: finished ss_get_cloud_id() for Devnum: 6, rc: 0 
    6.326: SUPPLIES: Memory: begin ss_get_cloud_id() for Devnum: 7, Supply: Fuser 
    6.327: ssec: ci: devNum=7
    6.340: ssec: cmd=6, devNum=7, rc=0
    6.344: Nfy REQUEST_NV_OPERATION=0xE0 0x00 0x00 0x00
    6.344: NV_OPERATION_START; READ_NV_VAR; ID; 2270 
    6.352: IP: IP_COMMAND_NV_OPERATION_RESULT Command  Rcvd - Command Code: 0xD2 Data: 0x01010000 0x00000000 0x00 
    6.352: IP: IP_COMMAND_NV_OPERATION_RESULT Response Sent - Command Code: 0xD2 Data: None 
    6.354: NV_OPERATION_FINISH; READ_NV_VAR; ID; 2270; Op Time; 10ms 
    6.364: SUPPLIES: Memory: finished ss_get_cloud_id() for Devnum: 7, rc: 0 
    6.364: SUPPLIES: Memory: begin QuerySsDeviceInformation() Supply=Bottle - Black, DevId=1 
    6.369: SUPPLIES: Memory: QuerySsDeviceInformation() Supply=Bottle - Black DevId=1 rc=0 stat=1 deviceid=0xA000316C init_quanta=46644 quanta=46644 enforced=0 changed=0 SmartChipFw= F35.1.17.1 SCRMData=0x3effffff 0xffffffff 0xffffffff 
    6.369: SUPPLIES: Memory: begin QuerySsDeviceInformation() Supply=Bottle - Cyan, DevId=2 
    6.365: ssec: di: dn=1, st=1, iq=0xb634, qr=0xb634, en=false, ch=false
    6.365: ssec: cmd=13, devNum=1, rc=0
    6.374: SUPPLIES: Memory: QuerySsDeviceInformation() Supply=Bottle - Cyan DevId=2 rc=0 stat=1 deviceid=0xA0002DE2 init_quanta=43978 quanta=43978 enforced=0 changed=0 SmartChipFw= F35.1.17.1 SCRMData=0x3effffff 0xffffffff 0xffffffff 
    6.374: SUPPLIES: Memory: begin QuerySsDeviceInformation() Supply=Bottle - Magenta, DevId=3 
    6.369: ssec: di: dn=2, st=1, iq=0xabca, qr=0xabca, en=false, ch=false
    6.369: ssec: cmd=13, devNum=2, rc=0
    6.379: SUPPLIES: Memory: QuerySsDeviceInformation() Supply=Bottle - Magenta DevId=3 rc=0 stat=1 deviceid=0xA00034A1 init_quanta=46644 quanta=46644 enforced=0 changed=0 SmartChipFw= F35.1.17.1 SCRMData=0x3effffff 0xffffffff 0xffffffff 
    6.379: SUPPLIES: Memory: begin QuerySsDeviceInformation() Supply=Bottle - Yellow, DevId=4 
    6.379: TP: TpReadNvSolidAreaReflectivity: Reflectivity = 0.000000 for Color = Yellow
    6.374: ssec: di: dn=3, st=1, iq=0xb634, qr=0xb634, en=false, ch=false
    6.374: ssec: cmd=13, devNum=3, rc=0
    6.384: Nfy REQUEST_NV_OPERATION=0xE0 0x00 0x00 0x00
    6.384: NV_OPERATION_START; READ_NV_VAR; ID; 3b02 
    6.384: SUPPLIES: Memory: QuerySsDeviceInformation() Supply=Bottle - Yellow DevId=4 rc=0 stat=1 deviceid=0xA0003C2D init_quanta=51308 quanta=51308 enforced=0 changed=0 SmartChipFw= F35.1.17.1 SCRMData=0x3effffff 0xffffffff 0xffffffff 
    6.384: SUPPLIES: Memory: begin QuerySsDeviceInformation() Supply=Image Kit - Black, DevId=5 
    6.379: ssec: di: dn=4, st=1, iq=0xc86c, qr=0xc86c, en=false, ch=false
    6.379: ssec: cmd=13, devNum=4, rc=0
    6.389: SUPPLIES: Memory: QuerySsDeviceInformation() Supply=Image Kit - Black DevId=5 rc=0 stat=1 deviceid=0xA000557E init_quanta=59920 quanta=54202 enforced=0 changed=0 SmartChipFw= F35.3.17.1 SCRMData=0x3effffff 0xffffffff 0xffffffff 
    6.389: SUPPLIES: Memory: begin QuerySsDeviceInformation() Supply=Image Kit - Color, DevId=6 
    6.385: ssec: di: dn=5, st=1, iq=0xea10, qr=0xd3ba, en=false, ch=false
    6.385: ssec: cmd=13, devNum=5, rc=0
    6.392: IP: IP_COMMAND_NV_OPERATION_RESULT Command  Rcvd - Command Code: 0xD2 Data: 0x01010000 0x00000000 0x00000000 0x00000000 0x00000000 0x00000000 0x00000000 0x00000000 0x00000000 0x00000000 Remaining bytes:  65) 
    6.392: IP: IP_COMMAND_NV_OPERATION_RESULT Command  Rcvd - Command Code: 0xD2 Data: 0x00000000 0x00000000 0x00000000 0x00000000 0x00000000 0x00000000 0x00000000 0x00000000 0x00000000 0x00000000 Remaining bytes:  25) 
    6.392: IP: IP_COMMAND_NV_OPERATION_RESULT Command  Rcvd - Command Code: 0xD2 Data: 0x00000000 0x00000000 0x00000000 0x00000000 0x00000000 0x00000000 0x00 
    6.392: IP: IP_COMMAND_NV_OPERATION_RESULT Response Sent - Command Code: 0xD2 Data: None 
    6.394: NV_OPERATION_FINISH; READ_NV_VAR; ID; 3b02; Op Time; 10ms 
    6.394: SUPPLIES: Memory: QuerySsDeviceInformation() Supply=Image Kit - Color DevId=6 rc=0 stat=1 deviceid=0xA0005A44 init_quanta=59920 quanta=55335 enforced=0 changed=0 SmartChipFw= F35.3.17.1 SCRMData=0x3effffff 0xffffffff 0xffffffff 
    6.394: SUPPLIES: Memory: begin QuerySsDeviceInformation() Supply=Fuser, DevId=7 
    6.389: ssec: di: dn=6, st=1, iq=0xea10, qr=0xd827, en=false, ch=false
    6.389: ssec: cmd=13, devNum=6, rc=0
    6.399: SUPPLIES: Memory: QuerySsDeviceInformation() Supply=Fuser DevId=7 rc=0 stat=1 deviceid=0xA00050E6 init_quanta=62858 quanta=50517 enforced=0 changed=0 SmartChipFw= F35.3.17.1 SCRMData=0x3effffff 0xffffffff 0xffffffff 
    6.399: SUPPLIES: MemoryCommoKernelThread: POR_INIT_MEMORY Complete, Pass=1, MemMgrState=1 
    6.399: SUPPLIES: MemoryCommoKernelThread exit:  Total Run Time: 5244 milliseconds 
    6.394: ssec: di: dn=7, st=1, iq=0xf58a, qr=0xc555, en=false, ch=false
    6.394: ssec: cmd=13, devNum=7, rc=0
    6.405: SUPPLIES: Memory: MemoryCommoKernelThread begin READ_MEMORIES. MemMgrState=1 
    6.405: SUPPLIES: Memory: ReadMemory: dev=1, devaddr=9600, sz=16, dst=20a64 
    6.405: SUPPLIES: Memory: MemManSubmitWork(): work=READ_MEMORIES  struct=2 rc=0 MemMgrState=MEM_MGR_RD_W_F_INIT  
    6.405: SUPPLIES: Memory: MemMgrNewState() MEM_MGR_RD_W_F_INIT  --> MEM_MGR_RD_W_F_READ  
    6.405, 0.000, 'MainTherm_AFT',                 112,         57, 0, 0
    6.405, 0.000, 'MiddleTherm_AFT',                95,         67, 0, 0
    6.405: SUPPLIES: Jake2: Tx Read Cmd to SS: Dev=1, Sz=256, Addr=9600
    6.405: ssec: rm: devNum=1, encrypt=true, dataSize=0x100, offset=0x2580
    6.419: TpOpPointSetLinearizationData: Resolution = 600, Stochastic = 0, Color = 0, Valid = 1, pData? = 1, pBuffer? = 1, 
    6.420, 0.000, 'EdgeTherm_AFT',                  87,         63, 0, 0
    6.424: Nfy REQUEST_NV_OPERATION=0xE0 0x00 0x00 0x00
    6.424: NV_OPERATION_START; READ_NV_VAR; ID; 3b03 
    6.431: SUPPLIES: Memory: rc=0 
    6.431: SUPPLIES: Memory: ReadMemory: dev=1, devaddr=9616, sz=16, dst=20a74 
    6.429: ssec: cmd=4, devNum=1, rc=0
    6.432: IP: IP_COMMAND_NV_OPERATION_RESULT Command  Rcvd - Command Code: 0xD2 Data: 0x01010000 0x00000000 0x00000000 0x00000000 0x00000000 0x00000000 0x00000000 0x00000000 0x00000000 0x00000000 Remaining bytes:  65) 
    6.432: IP: IP_COMMAND_NV_OPERATION_RESULT Command  Rcvd - Command Code: 0xD2 Data: 0x00000000 0x00000000 0x00000000 0x00000000 0x00000000 0x00000000 0x00000000 0x00000000 0x00000000 0x00000000 Remaining bytes:  25) 
    6.432: IP: IP_COMMAND_NV_OPERATION_RESULT Command  Rcvd - Command Code: 0xD2 Data: 0x00000000 0x00000000 0x00000000 0x00000000 0x00000000 0x00000000 0x00 
    6.432: IP: IP_COMMAND_NV_OPERATION_RESULT Response Sent - Command Code: 0xD2 Data: None 
    6.434: NV_OPERATION_FINISH; READ_NV_VAR; ID; 3b03; Op Time; 10ms 
    6.434: SUPPLIES: Memory: rc=0 
    6.434: SUPPLIES: Memory: ReadMemory: dev=1, devaddr=9632, sz=16, dst=20a84 
    6.437: SUPPLIES: Memory: rc=0 
    6.437: SUPPLIES: Memory: ReadMemory: dev=1, devaddr=9648, sz=16, dst=20a94 
    6.439: SUPPLIES: Memory: rc=0 
    6.439: SUPPLIES: Memory: ReadMemory: dev=1, devaddr=9664, sz=16, dst=20aa4 
    6.441: SUPPLIES: Memory: rc=0 
    6.441: SUPPLIES: Memory: ReadMemory: dev=1, devaddr=9680, sz=16, dst=20ab4 
    6.444: SUPPLIES: Memory: rc=0 
    6.444: SUPPLIES: Memory: ReadMemory: dev=1, devaddr=9696, sz=16, dst=20ac4 
    6.445: FUSER: FuserEWCStateMachine() - FUSER_EWC_STATE_W_F_FUSER_TO_REACH_WARM_TEMP - Fuser is warm notify has been sent 
    6.445: FUSER: FuserEventHdlr() - Raising event FUSER_EVENT_WARM
    6.445: TASK: Message EM_MSG_FU_TO_ET_FUSER_IS_WARM sent to EmRuninTask()
    6.445: FMECH: EngToFuserMechEventHandler(): Received event ENG_EVENT_FUSER_MECH_PREHEAT_LIGHT_SPEED            with arg 0x0
    6.445: FMECH: EngToFuserMechEventHandler(): Event ENG_EVENT_FUSER_MECH_PREHEAT_LIGHT_SPEED            received with standbyMode = 0...previous standbyMode was 0
    6.445: FMECH: FmResetPageQueue(): Resetting page queue
    6.445: FMECH: FmRequestToEnterStandbyMode() - Entering standby mode: 0, mech has cam: 1, light speed is enabled for standby tier: 1, mech closes for standby tier: 1
    6.445: FMECH: FmDriverRequest(): FUSER_MECH_REQUEST_MOTOR_START with motorContext = FM_MTR_START_CONTEXT_LIGHTSPEED
    6.445: FMECH: FmRequestMotorStart(): Motor start requested
    6.445: FUSER: FuserChangeEWCState(): FUSER_EWC_STATE_W_F_FUSER_TO_REACH_WARM_TEMP -> FUSER_EWC_STATE_PROCESS_REQUESTS
    6.447: FMECH: FmFuserCamStateMachine(): Processing motorStartRequested in state FM_MOTOR_STATE_UNKNOWN, motorContext = FM_MTR_START_CONTEXT_LIGHTSPEED
    6.447: FMECH: FmSwitchFuserCamState(): switching state from FM_MOTOR_STATE_UNKNOWN to FM_MOTOR_STATE_CLOSING_SEQUENCE_INIT
    6.447: SUPPLIES: Memory: rc=0 
    6.447: SUPPLIES: Memory: ReadMemory: dev=1, devaddr=9712, sz=16, dst=20ad4 
    6.449: SUPPLIES: Memory: rc=0 
    6.449: SUPPLIES: Memory: ReadMemory: dev=1, devaddr=9728, sz=16, dst=20ae4 
    6.451: SUPPLIES: Memory: rc=0 
    6.451: SUPPLIES: Memory: ReadMemory: dev=1, devaddr=9744, sz=16, dst=20af4 
    6.453: TASK: EmRuninTask() status 0x1.  Task NOT Removed.
    6.453: EM: EmRuninTask() status 0x1 message EM_MSG_FU_TO_ET_FUSER_IS_WARM
    6.454: SUPPLIES: Memory: rc=0 
    6.454: SUPPLIES: Memory: ReadMemory: dev=1, devaddr=9760, sz=16, dst=20b04 
    6.456: FMECH: FuserMechRaiseEvent(): FUSER_MECH_EVENT_CAM_POS_CLOSING
    6.456: FUSER: FuserUpdateMechPosition(): FUSER_MECH_OPEN (max power 50%) -> FUSER_MECH_CLOSING (max power 50%), LLV_Offset = 15
    6.456: FMECH: FmSwitchFuserCamState(): switching state from FM_MOTOR_STATE_CLOSING_SEQUENCE_INIT to FM_MOTOR_STATE_CLOSING_STAGE_CAMMING_INIT
    6.456: SUPPLIES: Memory: rc=0 
    6.456: SUPPLIES: Memory: ReadMemory: dev=1, devaddr=9776, sz=16, dst=20b14 
    6.459: SUPPLIES: Memory: rc=0 
    6.459: SUPPLIES: Memory: ReadMemory: dev=1, devaddr=9792, sz=16, dst=20b24 
    6.459: TpOpPointSetLinearizationData: Resolution = 600, Stochastic = 0, Color = 1, Valid = 1, pData? = 1, pBuffer? = 1, 
    6.461: SUPPLIES: Memory: rc=0 
    6.461: SUPPLIES: Memory: ReadMemory: dev=1, devaddr=9808, sz=16, dst=20b34 
    6.464: Nfy REQUEST_NV_OPERATION=0xE0 0x00 0x00 0x00
    6.464: NV_OPERATION_START; READ_NV_VAR; ID; 3b04 
    6.464: SUPPLIES: Memory: rc=0 
    6.464: SUPPLIES: Memory: ReadMemory: dev=1, devaddr=9824, sz=16, dst=20b44 
    6.466: FMECH: FmSetOpTimer(): Op timer set to 10000ms in state FM_MOTOR_STATE_CLOSING_STAGE_CAMMING_INIT
    6.466: FMECH: FmRunMotorForStage(): Fuser motor adjusted RPM: 1000, behavior: FUSER_RUN_REVERSE, distance: 168 [halls]
    6.466, 0.000, 'FuserMtr',                     1000,         40, 0, 0
    6.466: FMECH: FmSwitchFuserCamState(): switching state from FM_MOTOR_STATE_CLOSING_STAGE_CAMMING_INIT to FM_MOTOR_STATE_CLOSING_STAGE_CAMMING_RUNNING
    6.466: SUPPLIES: Memory: rc=0 
    6.466: SUPPLIES: Memory: ReadMemory: dev=1, devaddr=9840, sz=16, dst=20b54 
    6.469: SUPPLIES: Memory: rc=0 
    6.469: SUPPLIES: Memory: ReadMemory: dev=1, devaddr=9856, sz=16, dst=20b64 
    6.470: HB: J1 HbUpdateMotorRunningStatus() - FUSER IsMotorRunning = 0x1 FilteredSensorIsMade = 0x0 IgnoreTimeout = 0x1 MotorRunningTimer = 0
    6.467: HB: J2 HbUpdateMotorRunningStatus() - FUSER IsMotorRunning = 0x1 FilteredSensorIsMade = 0x0 IgnoreTimeout = 0x1 MotorRunningTimer = 0
    6.467, 0.000, 'MtrFuser_mmpsec',                   0.00,  115, 0, 0
    6.467: MOTOR: BLDC_StartMotor motorID FUSER Behavior: FUSER_RUN_REVERSE CMD Distance: 168 PMI: 0 CMP: 0 Commutation Mode: 3 CMD RPM: 850 NominalRadPerSec=    104.72
    6.472: IP: IP_COMMAND_NV_OPERATION_RESULT Command  Rcvd - Command Code: 0xD2 Data: 0x01010000 0x00000000 0x00000000 0x00000000 0x00000000 0x00000000 0x00000000 0x00000000 0x00000000 0x00000000 Remaining bytes:  65) 
    6.472: IP: IP_COMMAND_NV_OPERATION_RESULT Command  Rcvd - Command Code: 0xD2 Data: 0x00000000 0x00000000 0x00000000 0x00000000 0x00000000 0x00000000 0x00000000 0x00000000 0x00000000 0x00000000 Remaining bytes:  25) 
    6.472: IP: IP_COMMAND_NV_OPERATION_RESULT Command  Rcvd - Command Code: 0xD2 Data: 0x00000000 0x00000000 0x00000000 0x00000000 0x00000000 0x00000000 0x00 
    6.472: IP: IP_COMMAND_NV_OPERATION_RESULT Response Sent - Command Code: 0xD2 Data: None 
<BLDC_MONITOR EngineTime='    6.467'  StringId='52'  PrinterSideCount='157' RealTime='2026-09-23 05:58' MotorId='FUSER' Behavior='FUSER_RUN_REVERSE'  Event='Start'  DistanceEdges='0' Vendor_ID='0'/>
    6.474: NV_OPERATION_FINISH; READ_NV_VAR; ID; 3b04; Op Time; 10ms 
    6.468: mtr_hw.c: line 2578 - Turnon Mtr FUSER
    6.468, 0.000, 'MtrFuser_state',                  5,        169, 0, 0
    6.468, 0.000, 'MtrFuser_position',                 0.00,  182, 0, 0
    6.468: MOTOR: BLDC motorID FUSER, Behavior: FUSER_RUN_REVERSE State: BLDC_WAIT_FOR_START_DELAY
    6.469: SUPPLIES: Jake2: Tx Read Cmd to SS: Dev=1, Sz=256, Addr=9856
    6.469: ssec: rm: devNum=1, encrypt=true, dataSize=0x100, offset=0x2680
    6.470, 0.000, 'MtrFuser_mmpsec',                -109.36,  115, 0, 0
    6.470: mtr_hw.c: line 2578 - Turnon Mtr FUSER
    6.470: MOTOR: BLDC motorID FUSER, Behavior: FUSER_RUN_REVERSE State: BLDC_START_AFTER_ENABLED
    6.480: mtr_hw.c: line 2289 - Turnon Mtr FUSER
    6.480: MOTOR: BLDC motorID FUSER, Behavior: FUSER_RUN_REVERSE State: BLDC_ENCODER_SIGNAL_STABILIZE
    6.480: MOTOR: BLDC motorID FUSER New MinHallPeriod = 0, RPM = 0
    6.495: SUPPLIES: Memory: rc=0 
    6.495: SUPPLIES: Memory: ReadMemory: dev=1, devaddr=9872, sz=16, dst=20b74 
    6.492: ssec: cmd=4, devNum=1, rc=0
    6.498: SUPPLIES: Memory: rc=0 
    6.498: SUPPLIES: Memory: ReadMemory: dev=1, devaddr=9888, sz=12, dst=20b84 
    6.499: TpOpPointSetLinearizationData: Resolution = 600, Stochastic = 0, Color = 2, Valid = 1, pData? = 1, pBuffer? = 1, 
    6.500: SUPPLIES: Memory: rc=0 
    6.500: SUPPLIES: Memory: ReadMemory: dev=2, devaddr=9600, sz=16, dst=207e0 
    6.500: SUPPLIES: Jake2: Tx Read Cmd to SS: Dev=2, Sz=256, Addr=9600
    6.504: Nfy REQUEST_NV_OPERATION=0xE0 0x00 0x00 0x00
    6.504: NV_OPERATION_START; READ_NV_VAR; ID; 3b05 
    6.500: ssec: rm: devNum=2, encrypt=true, dataSize=0x100, offset=0x2580
    6.512: IP: IP_COMMAND_NV_OPERATION_RESULT Command  Rcvd - Command Code: 0xD2 Data: 0x01010000 0x00000000 0x00000000 0x00000000 0x00000000 0x00000000 0x00000000 0x00000000 0x00000000 0x00000000 Remaining bytes:  65) 
    6.512: IP: IP_COMMAND_NV_OPERATION_RESULT Command  Rcvd - Command Code: 0xD2 Data: 0x00000000 0x00000000 0x00000000 0x00000000 0x00000000 0x00000000 0x00000000 0x00000000 0x00000000 0x00000000 Remaining bytes:  25) 
    6.512: IP: IP_COMMAND_NV_OPERATION_RESULT Command  Rcvd - Command Code: 0xD2 Data: 0x00000000 0x00000000 0x00000000 0x00000000 0x00000000 0x00000000 0x00 
    6.512: IP: IP_COMMAND_NV_OPERATION_RESULT Response Sent - Command Code: 0xD2 Data: None 
    6.514: NV_OPERATION_FINISH; READ_NV_VAR; ID; 3b05; Op Time; 10ms 
    6.520, 0.000, 'MiddleTherm_AFT',               105,         67, 0, 0
    6.524: SUPPLIES: Memory: rc=0 
    6.524: SUPPLIES: Memory: ReadMemory: dev=2, devaddr=9616, sz=16, dst=207f0 
    6.522: ssec: cmd=4, devNum=2, rc=0
    6.525, 0.000, 'MainTherm_AFT',                 122,         57, 0, 0
    6.527: SUPPLIES: Memory: rc=0 
    6.527: SUPPLIES: Memory: ReadMemory: dev=2, devaddr=9632, sz=16, dst=20800 
    6.529: SUPPLIES: Memory: rc=0 
    6.529: SUPPLIES: Memory: ReadMemory: dev=2, devaddr=9648, sz=16, dst=20810 
    6.530: MOTOR: BLDC motorID FUSER, Behavior: FUSER_RUN_REVERSE State: BLDC_WF_ENCODER_COUNT
    6.531: SUPPLIES: Memory: rc=0 
    6.531: SUPPLIES: Memory: ReadMemory: dev=2, devaddr=9664, sz=16, dst=20820 
    6.534: SUPPLIES: Memory: rc=0 
    6.534: SUPPLIES: Memory: ReadMemory: dev=2, devaddr=9680, sz=16, dst=20830 
    6.535, 0.000, 'EdgeTherm_AFT',                  97,         63, 0, 0
    6.536: SUPPLIES: Memory: rc=0 
    6.536: SUPPLIES: Memory: ReadMemory: dev=2, devaddr=9696, sz=16, dst=20840 
    6.539: SUPPLIES: Memory: rc=0 
    6.539: SUPPLIES: Memory: ReadMemory: dev=2, devaddr=9712, sz=16, dst=20850 
    6.539: TpOpPointSetLinearizationData: Resolution = 600, Stochastic = 0, Color = 3, Valid = 1, pData? = 1, pBuffer? = 1, 
    6.540: MOTOR: BLDC motorID FUSER EncoderCount: 4
    6.541: SUPPLIES: Memory: rc=0 
    6.541: SUPPLIES: Memory: ReadMemory: dev=2, devaddr=9728, sz=16, dst=20860 
    6.540: MOTOR: BLDC motorID FUSER, Behavior: FUSER_RUN_REVERSE State: BLDC_TEST_SPEED_USING_ENCODER
    6.544: Nfy REQUEST_NV_OPERATION=0xE0 0x00 0x00 0x00
    6.544: NV_OPERATION_START; READ_NV_VAR; ID; 3b06 
    6.544: SUPPLIES: Memory: rc=0 
    6.544: SUPPLIES: Memory: ReadMemory: dev=2, devaddr=9744, sz=16, dst=20870 
    6.546: SUPPLIES: Memory: rc=0 
    6.546: SUPPLIES: Memory: ReadMemory: dev=2, devaddr=9760, sz=16, dst=20880 
    6.549: SUPPLIES: Memory: rc=0 
    6.549: SUPPLIES: Memory: ReadMemory: dev=2, devaddr=9776, sz=16, dst=20890 
    6.552: SUPPLIES: Memory: rc=0 
    6.552: SUPPLIES: Memory: ReadMemory: dev=2, devaddr=9792, sz=16, dst=208a0 
    6.550: MOTOR: BLDC motorID FUSER Hall_Period: 176904 ValidCLEntry: 116707 RPM: 554 ValidCLRPM: 841
    6.552: IP: IP_COMMAND_NV_OPERATION_RESULT Command  Rcvd - Command Code: 0xD2 Data: 0x01010000 0x00000000 0x00000000 0x00000000 0x00000000 0x00000000 0x00000000 0x00000000 0x00000000 0x00000000 Remaining bytes:  65) 
    6.552: IP: IP_COMMAND_NV_OPERATION_RESULT Command  Rcvd - Command Code: 0xD2 Data: 0x00000000 0x00000000 0x00000000 0x00000000 0x00000000 0x00000000 0x00000000 0x00000000 0x00000000 0x00000000 Remaining bytes:  25) 
    6.552: IP: IP_COMMAND_NV_OPERATION_RESULT Command  Rcvd - Command Code: 0xD2 Data: 0x00000000 0x00000000 0x00000000 0x00000000 0x00000000 0x00000000 0x00 
    6.552: IP: IP_COMMAND_NV_OPERATION_RESULT Response Sent - Command Code: 0xD2 Data: None 
    6.554: NV_OPERATION_FINISH; READ_NV_VAR; ID; 3b06; Op Time; 10ms 
    6.554: SUPPLIES: Memory: rc=0 
    6.554: SUPPLIES: Memory: ReadMemory: dev=2, devaddr=9808, sz=16, dst=208b0 
    6.556: SUPPLIES: Memory: rc=0 
    6.556: SUPPLIES: Memory: ReadMemory: dev=2, devaddr=9824, sz=16, dst=208c0 
    6.559: SUPPLIES: Memory: rc=0 
    6.559: SUPPLIES: Memory: ReadMemory: dev=2, devaddr=9840, sz=16, dst=208d0 
    6.561: SUPPLIES: Memory: rc=0 
    6.561: SUPPLIES: Memory: ReadMemory: dev=2, devaddr=9856, sz=16, dst=208e0 
    6.560: MOTOR: BLDC motorID FUSER Hall_Period: 156249 ValidCLEntry: 116707 RPM: 628 ValidCLRPM: 841
    6.562: SUPPLIES: Jake2: Tx Read Cmd to SS: Dev=2, Sz=256, Addr=9856
    6.562: ssec: rm: devNum=2, encrypt=true, dataSize=0x100, offset=0x2680
    6.570: MOTOR: BLDC motorID FUSER Hall_Period: 139572 ValidCLEntry: 116707 RPM: 703 ValidCLRPM: 841
    6.579: TpOpPointSetLinearizationData: Resolution = 600, Stochastic = 1, Color = 0, Valid = 1, pData? = 1, pBuffer? = 1, 
    6.580: MOTOR: BLDC motorID FUSER Hall_Period: 122976 ValidCLEntry: 116707 RPM: 798 ValidCLRPM: 841
    6.584: Nfy REQUEST_NV_OPERATION=0xE0 0x00 0x00 0x00
    6.584: NV_OPERATION_START; READ_NV_VAR; ID; 3b07 
    6.586: SUPPLIES: Memory: rc=0 
    6.586: SUPPLIES: Memory: ReadMemory: dev=2, devaddr=9872, sz=16, dst=208f0 
    6.584: ssec: cmd=4, devNum=2, rc=0
    6.589: SUPPLIES: Memory: rc=0 
    6.589: SUPPLIES: Memory: ReadMemory: dev=2, devaddr=9888, sz=12, dst=20900 
    6.591: SUPPLIES: Memory: rc=0 
    6.591: SUPPLIES: Memory: ReadMemory: dev=3, devaddr=9600, sz=16, dst=2055c 
    6.590: MOTOR: BLDC motorID FUSER Hall_Period: 111600 ValidCLEntry: 116707 RPM: 879 ValidCLRPM: 841
    6.592: IP: IP_COMMAND_NV_OPERATION_RESULT Command  Rcvd - Command Code: 0xD2 Data: 0x01010000 0x00000000 0x00000000 0x00000000 0x00000000 0x00000000 0x00000000 0x00000000 0x00000000 0x00000000 Remaining bytes:  65) 
    6.592: IP: IP_COMMAND_NV_OPERATION_RESULT Command  Rcvd - Command Code: 0xD2 Data: 0x00000000 0x00000000 0x00000000 0x00000000 0x00000000 0x00000000 0x00000000 0x00000000 0x00000000 0x00000000 Remaining bytes:  25) 
    6.592: IP: IP_COMMAND_NV_OPERATION_RESULT Command  Rcvd - Command Code: 0xD2 Data: 0x00000000 0x00000000 0x00000000 0x00000000 0x00000000 0x00000000 0x00 
    6.592: IP: IP_COMMAND_NV_OPERATION_RESULT Response Sent - Command Code: 0xD2 Data: None 
    6.590: MOTOR: BLDC motorID FUSER, Behavior: FUSER_RUN_REVERSE State: BLDC_CL_RAMP
    6.594: NV_OPERATION_FINISH; READ_NV_VAR; ID; 3b07; Op Time; 10ms 
    6.592: SUPPLIES: Jake2: Tx Read Cmd to SS: Dev=3, Sz=256, Addr=9600
    6.592: ssec: rm: devNum=3, encrypt=true, dataSize=0x100, offset=0x2580
    6.600: MOTOR: BLDC motorID FUSER Setting up FG Sinusoidal Commutation: HPREV 5 FGPCYC 0
    6.600: MOTOR: BLDC motorID FUSER CL SPEED CONTROL ACTIVE
    6.600, 0.000, 'MtrFuser_mmpsec',                -125.52,  115, 0, 0
    6.617: SUPPLIES: Memory: rc=0 
    6.617: SUPPLIES: Memory: ReadMemory: dev=3, devaddr=9616, sz=16, dst=2056c 
    6.615: ssec: cmd=4, devNum=3, rc=0
    6.619: SUPPLIES: Memory: rc=0 
    6.619: SUPPLIES: Memory: ReadMemory: dev=3, devaddr=9632, sz=16, dst=2057c 
    6.619: TpOpPointSetLinearizationData: Resolution = 600, Stochastic = 1, Color = 1, Valid = 1, pData? = 1, pBuffer? = 1, 
    6.621: SUPPLIES: Memory: rc=0 
    6.621: SUPPLIES: Memory: ReadMemory: dev=3, devaddr=9648, sz=16, dst=2058c 
    6.624: Nfy REQUEST_NV_OPERATION=0xE0 0x00 0x00 0x00
    6.624: NV_OPERATION_START; READ_NV_VAR; ID; 3b08 
    6.624: SUPPLIES: Memory: rc=0 
    6.624: SUPPLIES: Memory: ReadMemory: dev=3, devaddr=9664, sz=16, dst=2059c 
    6.626: SUPPLIES: Memory: rc=0 
    6.626: SUPPLIES: Memory: ReadMemory: dev=3, devaddr=9680, sz=16, dst=205ac 
    6.629: SUPPLIES: Memory: rc=0 
    6.629: SUPPLIES: Memory: ReadMemory: dev=3, devaddr=9696, sz=16, dst=205bc 
    6.631: SUPPLIES: Memory: rc=0 
    6.631: SUPPLIES: Memory: ReadMemory: dev=3, devaddr=9712, sz=16, dst=205cc 
    6.632: IP: IP_COMMAND_NV_OPERATION_RESULT Command  Rcvd - Command Code: 0xD2 Data: 0x01010000 0x00000000 0x00000000 0x00000000 0x00000000 0x00000000 0x00000000 0x00000000 0x00000000 0x00000000 Remaining bytes:  65) 
    6.632: IP: IP_COMMAND_NV_OPERATION_RESULT Command  Rcvd - Command Code: 0xD2 Data: 0x00000000 0x00000000 0x00000000 0x00000000 0x00000000 0x00000000 0x00000000 0x00000000 0x00000000 0x00000000 Remaining bytes:  25) 
    6.632: IP: IP_COMMAND_NV_OPERATION_RESULT Command  Rcvd - Command Code: 0xD2 Data: 0x00000000 0x00000000 0x00000000 0x00000000 0x00000000 0x00000000 0x00 
    6.632: IP: IP_COMMAND_NV_OPERATION_RESULT Response Sent - Command Code: 0xD2 Data: None 
    6.634: NV_OPERATION_FINISH; READ_NV_VAR; ID; 3b08; Op Time; 10ms 
    6.634: SUPPLIES: Memory: rc=0 
    6.634: SUPPLIES: Memory: ReadMemory: dev=3, devaddr=9728, sz=16, dst=205dc 
    6.636: SUPPLIES: Memory: rc=0 
    6.636: SUPPLIES: Memory: ReadMemory: dev=3, devaddr=9744, sz=16, dst=205ec 
    6.639: SUPPLIES: Memory: rc=0 
    6.639: SUPPLIES: Memory: ReadMemory: dev=3, devaddr=9760, sz=16, dst=205fc 
    6.641: SUPPLIES: Memory: rc=0 
    6.641: SUPPLIES: Memory: ReadMemory: dev=3, devaddr=9776, sz=16, dst=2060c 
    6.644: SUPPLIES: Memory: rc=0 
    6.644: SUPPLIES: Memory: ReadMemory: dev=3, devaddr=9792, sz=16, dst=2061c 
    6.646: SUPPLIES: Memory: rc=0 
    6.646: SUPPLIES: Memory: ReadMemory: dev=3, devaddr=9808, sz=16, dst=2062c 
    6.649: SUPPLIES: Memory: rc=0 
    6.649: SUPPLIES: Memory: ReadMemory: dev=3, devaddr=9824, sz=16, dst=2063c 
    6.650, 0.000, 'MiddleTherm_AFT',               115,         67, 0, 0
    6.651: SUPPLIES: Memory: rc=0 
    6.651: SUPPLIES: Memory: ReadMemory: dev=3, devaddr=9840, sz=16, dst=2064c 
    6.654: SUPPLIES: Memory: rc=0 
    6.654: SUPPLIES: Memory: ReadMemory: dev=3, devaddr=9856, sz=16, dst=2065c 
    6.655, 0.000, 'MainTherm_AFT',                 132,         57, 0, 0
    6.654: SUPPLIES: Jake2: Tx Read Cmd to SS: Dev=3, Sz=256, Addr=9856
    6.659: TpOpPointSetLinearizationData: Resolution = 600, Stochastic = 1, Color = 2, Valid = 1, pData? = 1, pBuffer? = 1, 
    6.654: ssec: rm: devNum=3, encrypt=true, dataSize=0x100, offset=0x2680
    6.664: Nfy REQUEST_NV_OPERATION=0xE0 0x00 0x00 0x00
    6.664: NV_OPERATION_START; READ_NV_VAR; ID; 3b09 
    6.670, 0.000, 'EdgeTherm_AFT',                 107,         63, 0, 0
    6.672: IP: IP_COMMAND_NV_OPERATION_RESULT Command  Rcvd - Command Code: 0xD2 Data: 0x01010000 0x00000000 0x00000000 0x00000000 0x00000000 0x00000000 0x00000000 0x00000000 0x00000000 0x00000000 Remaining bytes:  65) 
    6.672: IP: IP_COMMAND_NV_OPERATION_RESULT Command  Rcvd - Command Code: 0xD2 Data: 0x00000000 0x00000000 0x00000000 0x00000000 0x00000000 0x00000000 0x00000000 0x00000000 0x00000000 0x00000000 Remaining bytes:  25) 
    6.672: IP: IP_COMMAND_NV_OPERATION_RESULT Command  Rcvd - Command Code: 0xD2 Data: 0x00000000 0x00000000 0x00000000 0x00000000 0x00000000 0x00000000 0x00 
    6.672: IP: IP_COMMAND_NV_OPERATION_RESULT Response Sent - Command Code: 0xD2 Data: None 
    6.674: NV_OPERATION_FINISH; READ_NV_VAR; ID; 3b09; Op Time; 10ms 
    6.679: SUPPLIES: Memory: rc=0 
    6.679: SUPPLIES: Memory: ReadMemory: dev=3, devaddr=9872, sz=16, dst=2066c 
    6.677: ssec: cmd=4, devNum=3, rc=0
    6.681: SUPPLIES: Memory: rc=0 
    6.681: SUPPLIES: Memory: ReadMemory: dev=3, devaddr=9888, sz=12, dst=2067c 
    6.684: SUPPLIES: Memory: rc=0 
    6.684: SUPPLIES: Memory: ReadMemory: dev=4, devaddr=9600, sz=16, dst=202d8 
    6.684: SUPPLIES: Jake2: Tx Read Cmd to SS: Dev=4, Sz=256, Addr=9600
    6.684: ssec: rm: devNum=4, encrypt=true, dataSize=0x100, offset=0x2580
    6.699: TpOpPointSetLinearizationData: Resolution = 600, Stochastic = 1, Color = 3, Valid = 1, pData? = 1, pBuffer? = 1, 
    6.704: Nfy REQUEST_NV_OPERATION=0xE0 0x00 0x00 0x00
    6.704: NV_OPERATION_START; READ_NV_VAR; ID; 3b0a 
    6.705: FUSER: FsrConUpdateNextState for 0 changed FUSER_CTRLSTATE_RAMPING -> FUSER_CTRLSTATE_STEADY_STATE
    6.705: FUSER: FsrConSwitchToNextState for 0 changed FUSER_CTRLSTATE_RAMPING -> FUSER_CTRLSTATE_STEADY_STATE
    6.705, 0.000, 'FuserConMainState',               3,        161, 0, 0
    6.710: FUSER: FsrConSetControlGainMode() - Fuser changing control gain mode for 0 from FUSER_CONTROL_GAINMODE_RAMPING to FUSER_CONTROL_GAINMODE_STANDBY
    6.710: FUSER: InitController_PID() - RequestedPower = 50: InitialIntegral = 255: Kp = 15: Kin = 2: Kis = 5: Kd = 5: iie = 255
    6.710: FUSER: InitController_LUT() / InitController_PID() - Fuser control gain mode for 0 is FUSER_CONTROL_GAINMODE_STANDBY, Uses Phase Control: 1
    6.710: FUSER: InitController_PID() - Fuser PID Control -- Gains: Kp=15,Kin=2,Kids=5,Kd=5,IIE=255
    6.710: FUSER: SetFuserHTCHeaterState(): FUSER_HTC_HEATER_CONTROL_STEADY_STATE -> FUSER_HTC_HEATER_CONTROL_SS_A3_LONG_EDGE; Edge Thermistor Actual Temperature: 109; Secondary Thermistor Actual Temperature: 105; Main Thermistor Target Temperature: 140
    6.712: SUPPLIES: Memory: rc=0 
    6.712: SUPPLIES: Memory: ReadMemory: dev=4, devaddr=9616, sz=16, dst=202e8 
    6.709: ssec: cmd=4, devNum=4, rc=0
    6.712: IP: IP_COMMAND_NV_OPERATION_RESULT Command  Rcvd - Command Code: 0xD2 Data: 0x01010000 0x00000000 0x00000000 0x00000000 0x00000000 0x00000000 0x00000000 0x00000000 0x00000000 0x00000000 Remaining bytes:  65) 
    6.712: IP: IP_COMMAND_NV_OPERATION_RESULT Command  Rcvd - Command Code: 0xD2 Data: 0x00000000 0x00000000 0x00000000 0x00000000 0x00000000 0x00000000 0x00000000 0x00000000 0x00000000 0x00000000 Remaining bytes:  25) 
    6.712: IP: IP_COMMAND_NV_OPERATION_RESULT Command  Rcvd - Command Code: 0xD2 Data: 0x00000000 0x00000000 0x00000000 0x00000000 0x00000000 0x00000000 0x00 
    6.712: IP: IP_COMMAND_NV_OPERATION_RESULT Response Sent - Command Code: 0xD2 Data: None 
    6.714: NV_OPERATION_FINISH; READ_NV_VAR; ID; 3b0a; Op Time; 10ms 
    6.714: SUPPLIES: Memory: rc=0 
    6.714: SUPPLIES: Memory: ReadMemory: dev=4, devaddr=9632, sz=16, dst=202f8 
    6.716: SUPPLIES: Memory: rc=0 
    6.716: SUPPLIES: Memory: ReadMemory: dev=4, devaddr=9648, sz=16, dst=20308 
    6.719: SUPPLIES: Memory: rc=0 
    6.719: SUPPLIES: Memory: ReadMemory: dev=4, devaddr=9664, sz=16, dst=20318 
    6.721: SUPPLIES: Memory: rc=0 
    6.721: SUPPLIES: Memory: ReadMemory: dev=4, devaddr=9680, sz=16, dst=20328 
    6.724: SUPPLIES: Memory: rc=0 
    6.724: SUPPLIES: Memory: ReadMemory: dev=4, devaddr=9696, sz=16, dst=20338 
    6.726: SUPPLIES: Memory: rc=0 
    6.726: SUPPLIES: Memory: ReadMemory: dev=4, devaddr=9712, sz=16, dst=20348 
    6.729: SUPPLIES: Memory: rc=0 
    6.729: SUPPLIES: Memory: ReadMemory: dev=4, devaddr=9728, sz=16, dst=20358 
    6.731: SUPPLIES: Memory: rc=0 
    6.731: SUPPLIES: Memory: ReadMemory: dev=4, devaddr=9744, sz=16, dst=20368 
    6.734: SUPPLIES: Memory: rc=0 
    6.734: SUPPLIES: Memory: ReadMemory: dev=4, devaddr=9760, sz=16, dst=20378 
    6.736: SUPPLIES: Memory: rc=0 
    6.736: SUPPLIES: Memory: ReadMemory: dev=4, devaddr=9776, sz=16, dst=20388 
    6.739: SUPPLIES: Memory: rc=0 
    6.739: SUPPLIES: Memory: ReadMemory: dev=4, devaddr=9792, sz=16, dst=20398 
    6.739: TpOpPointSetLinearizationData: Resolution = 1200, Stochastic = 0, Color = 0, Valid = 1, pData? = 1, pBuffer? = 1, 
    6.741, 0.000, 'FuserMechHome',                   1,        205, 0, 0
    6.741: SUPPLIES: Memory: rc=0 
    6.741: SUPPLIES: Memory: ReadMemory: dev=4, devaddr=9808, sz=16, dst=203a8 
    6.744: Nfy REQUEST_NV_OPERATION=0xE0 0x00 0x00 0x00
    6.744: NV_OPERATION_START; READ_NV_VAR; ID; 3b0b 
    6.744: SUPPLIES: Memory: rc=0 
    6.744: SUPPLIES: Memory: ReadMemory: dev=4, devaddr=9824, sz=16, dst=203b8 
    6.746: SUPPLIES: Memory: rc=0 
    6.746: SUPPLIES: Memory: ReadMemory: dev=4, devaddr=9840, sz=16, dst=203c8 
    6.749: SUPPLIES: Memory: rc=0 
    6.749: SUPPLIES: Memory: ReadMemory: dev=4, devaddr=9856, sz=16, dst=203d8 
    6.749: SUPPLIES: Jake2: Tx Read Cmd to SS: Dev=4, Sz=256, Addr=9856
    6.752: IP: IP_COMMAND_NV_OPERATION_RESULT Command  Rcvd - Command Code: 0xD2 Data: 0x01010000 0x00000000 0x00000000 0x00000000 0x00000000 0x00000000 0x00000000 0x00000000 0x00000000 0x00000000 Remaining bytes:  65) 
    6.752: IP: IP_COMMAND_NV_OPERATION_RESULT Command  Rcvd - Command Code: 0xD2 Data: 0x00000000 0x00000000 0x00000000 0x00000000 0x00000000 0x00000000 0x00000000 0x00000000 0x00000000 0x00000000 Remaining bytes:  25) 
    6.752: IP: IP_COMMAND_NV_OPERATION_RESULT Command  Rcvd - Command Code: 0xD2 Data: 0x00000000 0x00000000 0x00000000 0x00000000 0x00000000 0x00000000 0x00 
    6.752: IP: IP_COMMAND_NV_OPERATION_RESULT Response Sent - Command Code: 0xD2 Data: None 
    6.754: NV_OPERATION_FINISH; READ_NV_VAR; ID; 3b0b; Op Time; 10ms 
    6.749: ssec: rm: devNum=4, encrypt=true, dataSize=0x100, offset=0x2680
    6.760, 0.000, 'FuserMainPwrPercentReq',         39,         68, 0, 0
    6.760, 0.000, 'FuserMainPwrPercentAct',         40,        230, 0, 0
    6.761: FMECH: EngToFuserMechEventHandler(): Received event ENG_EVENT_FUSER_MECH_HOME_MAKE                      with arg 0x0
    6.766: FMECH: FmFuserCamStateMachine(): Expected sensor state has been seen in FM_MOTOR_STATE_CLOSING_STAGE_CAMMING_RUNNING after running motor for 10 halls. Stopping the motor after 60 halls.
    6.766: FMECH: FmStopMotor(): Requesting fuser motor stop
    6.766, 0.000, 'FuserMtr',                        0,         40, 0, 0
    6.766: FMECH: FmSwitchFuserCamState(): switching state from FM_MOTOR_STATE_CLOSING_STAGE_CAMMING_RUNNING to FM_MOTOR_STATE_CLOSING_WF_MOTOR_STOP_OR_TIMEOUT
    6.767: HB: J2 HbUpdateMotorRunningStatus() - FUSER IsMotorRunning = 0x0 FilteredSensorIsMade = 0x0 IgnoreTimeout = 0x1 MotorRunningTimer = 30
    6.767: MOTOR: BLDC_ClientShutdownMotor motorID FUSER CMD Distance: 60
    6.773: ssec: cmd=4, devNum=4, rc=0
    6.777: SUPPLIES: Memory: rc=0 
    6.777: SUPPLIES: Memory: ReadMemory: dev=4, devaddr=9872, sz=16, dst=203e8 
    6.774: HB: J2 HbHangBuster() - FUSER IsMotorRunning = 0x0 FilteredSensorIsMade = 0x0 IgnoreTimeout = 0x1 MotorRunningTimer = 0
    6.779: SUPPLIES: Memory: rc=0 
    6.779: SUPPLIES: Memory: ReadMemory: dev=4, devaddr=9888, sz=12, dst=203f8 
    6.779: TpOpPointSetLinearizationData: Resolution = 1200, Stochastic = 0, Color = 1, Valid = 1, pData? = 1, pBuffer? = 1, 
    6.781: SUPPLIES: Memory: rc=0 
    6.781: SUPPLIES: Memory: ReadMemory: dev=5, devaddr=9600, sz=16, dst=21084 
    6.784: Nfy REQUEST_NV_OPERATION=0xE0 0x00 0x00 0x00
    6.784: NV_OPERATION_START; READ_NV_VAR; ID; 3b0c 
    6.782: SUPPLIES: Jake2: Tx Read Cmd to SS: Dev=5, Sz=256, Addr=9600
    6.782: ssec: rm: devNum=5, encrypt=true, dataSize=0x100, offset=0x2580
    6.792: IP: IP_COMMAND_NV_OPERATION_RESULT Command  Rcvd - Command Code: 0xD2 Data: 0x01010000 0x00000000 0x00000000 0x00000000 0x00000000 0x00000000 0x00000000 0x00000000 0x00000000 0x00000000 Remaining bytes:  65) 
    6.792: IP: IP_COMMAND_NV_OPERATION_RESULT Command  Rcvd - Command Code: 0xD2 Data: 0x00000000 0x00000000 0x00000000 0x00000000 0x00000000 0x00000000 0x00000000 0x00000000 0x00000000 0x00000000 Remaining bytes:  25) 
    6.792: IP: IP_COMMAND_NV_OPERATION_RESULT Command  Rcvd - Command Code: 0xD2 Data: 0x00000000 0x00000000 0x00000000 0x00000000 0x00000000 0x00000000 0x00 
    6.792: IP: IP_COMMAND_NV_OPERATION_RESULT Response Sent - Command Code: 0xD2 Data: None 
    6.794: NV_OPERATION_FINISH; READ_NV_VAR; ID; 3b0c; Op Time; 10ms 
    6.795, 0.000, 'MiddleTherm_AFT',               125,         67, 0, 0
    6.805, 0.000, 'MainTherm_AFT',                 142,         57, 0, 0
    6.807: SUPPLIES: Memory: rc=0 
    6.807: SUPPLIES: Memory: ReadMemory: dev=5, devaddr=9616, sz=16, dst=21094 
    6.804: ssec: cmd=4, devNum=5, rc=0
    6.809: SUPPLIES: Memory: rc=0 
    6.809: SUPPLIES: Memory: ReadMemory: dev=5, devaddr=9632, sz=16, dst=210a4 
    6.811: SUPPLIES: Memory: rc=0 
    6.811: SUPPLIES: Memory: ReadMemory: dev=5, devaddr=9648, sz=16, dst=210b4 
    6.814: SUPPLIES: Memory: rc=0 
    6.814: SUPPLIES: Memory: ReadMemory: dev=5, devaddr=9664, sz=16, dst=210c4 
    6.815, 0.000, 'EdgeTherm_AFT',                 117,         63, 0, 0
    6.816: SUPPLIES: Memory: rc=0 
    6.816: SUPPLIES: Memory: ReadMemory: dev=5, devaddr=9680, sz=16, dst=210d4 
    6.819: SUPPLIES: Memory: rc=0 
    6.819: SUPPLIES: Memory: ReadMemory: dev=5, devaddr=9696, sz=16, dst=210e4 
    6.819: TpOpPointSetLinearizationData: Resolution = 1200, Stochastic = 0, Color = 2, Valid = 1, pData? = 1, pBuffer? = 1, 
    6.821: SUPPLIES: Memory: rc=0 
    6.821: SUPPLIES: Memory: ReadMemory: dev=5, devaddr=9712, sz=16, dst=210f4 
    6.824: Nfy REQUEST_NV_OPERATION=0xE0 0x00 0x00 0x00
    6.824: NV_OPERATION_START; READ_NV_VAR; ID; 3b0d 
    6.824: SUPPLIES: Memory: rc=0 
    6.824: SUPPLIES: Memory: ReadMemory: dev=5, devaddr=9728, sz=16, dst=21104 
    6.826: SUPPLIES: Memory: rc=0 
    6.826: SUPPLIES: Memory: ReadMemory: dev=5, devaddr=9744, sz=16, dst=21114 
    6.829: SUPPLIES: Memory: rc=0 
    6.829: SUPPLIES: Memory: ReadMemory: dev=5, devaddr=9760, sz=16, dst=21124 
    6.831: SUPPLIES: Memory: rc=0 
    6.831: SUPPLIES: Memory: ReadMemory: dev=5, devaddr=9776, sz=16, dst=21134 
    6.832: IP: IP_COMMAND_NV_OPERATION_RESULT Command  Rcvd - Command Code: 0xD2 Data: 0x01010000 0x00000000 0x00000000 0x00000000 0x00000000 0x00000000 0x00000000 0x00000000 0x00000000 0x00000000 Remaining bytes:  65) 
    6.832: IP: IP_COMMAND_NV_OPERATION_RESULT Command  Rcvd - Command Code: 0xD2 Data: 0x00000000 0x00000000 0x00000000 0x00000000 0x00000000 0x00000000 0x00000000 0x00000000 0x00000000 0x00000000 Remaining bytes:  25) 
    6.832: IP: IP_COMMAND_NV_OPERATION_RESULT Command  Rcvd - Command Code: 0xD2 Data: 0x00000000 0x00000000 0x00000000 0x00000000 0x00000000 0x00000000 0x00 
    6.832: IP: IP_COMMAND_NV_OPERATION_RESULT Response Sent - Command Code: 0xD2 Data: None 
    6.834: NV_OPERATION_FINISH; READ_NV_VAR; ID; 3b0d; Op Time; 10ms 
    6.834: SUPPLIES: Memory: rc=0 
    6.834: SUPPLIES: Memory: ReadMemory: dev=5, devaddr=9792, sz=16, dst=21144 
    6.836: SUPPLIES: Memory: rc=0 
    6.836: SUPPLIES: Memory: ReadMemory: dev=5, devaddr=9808, sz=16, dst=21154 
    6.839: SUPPLIES: Memory: rc=0 
    6.839: SUPPLIES: Memory: ReadMemory: dev=5, devaddr=9824, sz=16, dst=21164 
    6.841: SUPPLIES: Memory: rc=0 
    6.841: SUPPLIES: Memory: ReadMemory: dev=5, devaddr=9840, sz=16, dst=21174 
    6.844: SUPPLIES: Memory: rc=0 
    6.844: SUPPLIES: Memory: ReadMemory: dev=5, devaddr=9856, sz=16, dst=21184 
    6.845, 0.000, 'FuserMainPwrPercentReq',         28,         68, 0, 0
    6.844: SUPPLIES: Jake2: Tx Read Cmd to SS: Dev=5, Sz=256, Addr=9856
    6.844: ssec: rm: devNum=5, encrypt=true, dataSize=0x100, offset=0x2680
    6.859: TpOpPointSetLinearizationData: Resolution = 1200, Stochastic = 0, Color = 3, Valid = 1, pData? = 1, pBuffer? = 1, 
    6.859: HH-mode: TpProcessAdditionalDataRequests
    6.859: dws: TP: TpSuppliesStatusReady NOT ready, Waiting in TpProcessNvRamOpPointRequests()
    6.868: SUPPLIES: Memory: rc=0 
    6.868: SUPPLIES: Memory: ReadMemory: dev=5, devaddr=9872, sz=16, dst=21194 
    6.866: ssec: cmd=4, devNum=5, rc=0
    6.870: SUPPLIES: Memory: rc=0 
    6.870: SUPPLIES: Memory: ReadMemory: dev=5, devaddr=9888, sz=16, dst=211a4 
    6.872: SUPPLIES: Memory: rc=0 
    6.872: SUPPLIES: Memory: ReadMemory: dev=5, devaddr=9904, sz=16, dst=211b4 
    6.874: SUPPLIES: Memory: rc=0 
    6.874: SUPPLIES: Memory: ReadMemory: dev=5, devaddr=9920, sz=16, dst=211c4 
    6.876: SUPPLIES: Memory: rc=0 
    6.876: SUPPLIES: Memory: ReadMemory: dev=5, devaddr=9936, sz=16, dst=211d4 
    6.879: SUPPLIES: Memory: rc=0 
    6.879: SUPPLIES: Memory: ReadMemory: dev=5, devaddr=9952, sz=16, dst=211e4 
    6.881: SUPPLIES: Memory: rc=0 
    6.881: SUPPLIES: Memory: ReadMemory: dev=5, devaddr=9968, sz=16, dst=211f4 
    6.884: SUPPLIES: Memory: rc=0 
    6.884: SUPPLIES: Memory: ReadMemory: dev=5, devaddr=9984, sz=16, dst=21204 
    6.886: SUPPLIES: Memory: rc=0 
    6.886: SUPPLIES: Memory: ReadMemory: dev=5, devaddr=10000, sz=16, dst=21214 
    6.889: SUPPLIES: Memory: rc=0 
    6.889: SUPPLIES: Memory: ReadMemory: dev=5, devaddr=10016, sz=16, dst=21224 
    6.891: SUPPLIES: Memory: rc=0 
    6.891: SUPPLIES: Memory: ReadMemory: dev=5, devaddr=10032, sz=16, dst=21234 
    6.894: SUPPLIES: Memory: rc=0 
    6.894: SUPPLIES: Memory: ReadMemory: dev=5, devaddr=10048, sz=16, dst=21244 
    6.896: SUPPLIES: Memory: rc=0 
    6.896: SUPPLIES: Memory: ReadMemory: dev=5, devaddr=10064, sz=16, dst=21254 
    6.899: SUPPLIES: Memory: rc=0 
    6.899: SUPPLIES: Memory: ReadMemory: dev=5, devaddr=10080, sz=16, dst=21264 
    6.901: SUPPLIES: Memory: rc=0 
    6.901: SUPPLIES: Memory: ReadMemory: dev=5, devaddr=10096, sz=16, dst=21274 
    6.904: SUPPLIES: Memory: rc=0 
    6.904: SUPPLIES: Memory: ReadMemory: dev=5, devaddr=10112, sz=16, dst=21284 
    6.904: SUPPLIES: Jake2: Tx Read Cmd to SS: Dev=5, Sz=115, Addr=10112
    6.904: ssec: rm: devNum=5, encrypt=true, dataSize=0x73, offset=0x2780
    6.926: SUPPLIES: Memory: rc=0 
    6.926: SUPPLIES: Memory: ReadMemory: dev=5, devaddr=10128, sz=16, dst=21294 
    6.924: ssec: cmd=4, devNum=5, rc=0
    6.929: SUPPLIES: Memory: rc=0 
    6.929: SUPPLIES: Memory: ReadMemory: dev=5, devaddr=10144, sz=16, dst=212a4 
    6.931: SUPPLIES: Memory: rc=0 
    6.931: SUPPLIES: Memory: ReadMemory: dev=5, devaddr=10160, sz=16, dst=212b4 
    6.934: SUPPLIES: Memory: rc=0 
    6.934: SUPPLIES: Memory: ReadMemory: dev=5, devaddr=10176, sz=16, dst=212c4 
    6.936: SUPPLIES: Memory: rc=0 
    6.936: SUPPLIES: Memory: ReadMemory: dev=5, devaddr=10192, sz=16, dst=212d4 
    6.939: SUPPLIES: Memory: rc=0 
    6.939: SUPPLIES: Memory: ReadMemory: dev=5, devaddr=10208, sz=16, dst=212e4 
    6.941: SUPPLIES: Memory: rc=0 
    6.941: SUPPLIES: Memory: ReadMemory: dev=5, devaddr=10224, sz=3, dst=212f4 
    6.944: SUPPLIES: Memory: rc=0 
    6.944: SUPPLIES: Memory: ReadMemory: dev=6, devaddr=9600, sz=16, dst=20cd0 
    6.944: SUPPLIES: Jake2: Tx Read Cmd to SS: Dev=6, Sz=256, Addr=9600
    6.944: ssec: rm: devNum=6, encrypt=true, dataSize=0x100, offset=0x2580
    6.968: SUPPLIES: Memory: rc=0 
    6.968: SUPPLIES: Memory: ReadMemory: dev=6, devaddr=9616, sz=16, dst=20ce0 
    6.966: ssec: cmd=4, devNum=6, rc=0
    6.970: SUPPLIES: Memory: rc=0 
    6.970: SUPPLIES: Memory: ReadMemory: dev=6, devaddr=9632, sz=16, dst=20cf0 
    6.972: SUPPLIES: Memory: rc=0 
    6.972: SUPPLIES: Memory: ReadMemory: dev=6, devaddr=9648, sz=16, dst=20d00 
    6.974: SUPPLIES: Memory: rc=0 
    6.974: SUPPLIES: Memory: ReadMemory: dev=6, devaddr=9664, sz=16, dst=20d10 
    6.976: SUPPLIES: Memory: rc=0 
    6.976: SUPPLIES: Memory: ReadMemory: dev=6, devaddr=9680, sz=16, dst=20d20 
    6.979: SUPPLIES: Memory: rc=0 
    6.979: SUPPLIES: Memory: ReadMemory: dev=6, devaddr=9696, sz=16, dst=20d30 
    6.981: SUPPLIES: Memory: rc=0 
    6.981: SUPPLIES: Memory: ReadMemory: dev=6, devaddr=9712, sz=16, dst=20d40 
    6.984: SUPPLIES: Memory: rc=0 
    6.984: SUPPLIES: Memory: ReadMemory: dev=6, devaddr=9728, sz=16, dst=20d50 
    6.986: SUPPLIES: Memory: rc=0 
    6.986: SUPPLIES: Memory: ReadMemory: dev=6, devaddr=9744, sz=16, dst=20d60 
    6.989: SUPPLIES: Memory: rc=0 
    6.989: SUPPLIES: Memory: ReadMemory: dev=6, devaddr=9760, sz=16, dst=20d70 
    6.990, 0.000, 'MainTherm2_AFT',                111,        222, 0, 0
    6.991: SUPPLIES: Memory: rc=0 
    6.991: SUPPLIES: Memory: ReadMemory: dev=6, devaddr=9776, sz=16, dst=20d80 
    6.994: SUPPLIES: Memory: rc=0 
    6.994: SUPPLIES: Memory: ReadMemory: dev=6, devaddr=9792, sz=16, dst=20d90 
    6.995, 0.000, 'FuserMainPwrPercentReq',         15,         68, 0, 0
    6.995, 0.000, 'FuserMainPwrPercentAct',          0,        230, 0, 0
    6.996: SUPPLIES: Memory: rc=0 
    6.996: SUPPLIES: Memory: ReadMemory: dev=6, devaddr=9808, sz=16, dst=20da0 
    6.999: SUPPLIES: Memory: rc=0 
    6.999: SUPPLIES: Memory: ReadMemory: dev=6, devaddr=9824, sz=16, dst=20db0 
    7.001: SUPPLIES: Memory: rc=0 
    7.001: SUPPLIES: Memory: ReadMemory: dev=6, devaddr=9840, sz=16, dst=20dc0 
    7.004: SUPPLIES: Memory: rc=0 
    7.004: SUPPLIES: Memory: ReadMemory: dev=6, devaddr=9856, sz=16, dst=20dd0 
    7.004: SUPPLIES: Jake2: Tx Read Cmd to SS: Dev=6, Sz=256, Addr=9856
    7.004: ssec: rm: devNum=6, encrypt=true, dataSize=0x100, offset=0x2680
    7.010, 0.000, 'FuserMainPwrPercentAct',         33,        230, 0, 0
    7.028: SUPPLIES: Memory: rc=0 
    7.028: SUPPLIES: Memory: ReadMemory: dev=6, devaddr=9872, sz=16, dst=20de0 
    7.026: ssec: cmd=4, devNum=6, rc=0
    7.030: SUPPLIES: Memory: rc=0 
    7.030: SUPPLIES: Memory: ReadMemory: dev=6, devaddr=9888, sz=16, dst=20df0 
    7.032: SUPPLIES: Memory: rc=0 
    7.032: SUPPLIES: Memory: ReadMemory: dev=6, devaddr=9904, sz=16, dst=20e00 
    7.034: SUPPLIES: Memory: rc=0 
    7.034: SUPPLIES: Memory: ReadMemory: dev=6, devaddr=9920, sz=16, dst=20e10 
    7.036: SUPPLIES: Memory: rc=0 
    7.036: SUPPLIES: Memory: ReadMemory: dev=6, devaddr=9936, sz=16, dst=20e20 
    7.039: SUPPLIES: Memory: rc=0 
    7.039: SUPPLIES: Memory: ReadMemory: dev=6, devaddr=9952, sz=16, dst=20e30 
    7.041: SUPPLIES: Memory: rc=0 
    7.041: SUPPLIES: Memory: ReadMemory: dev=6, devaddr=9968, sz=16, dst=20e40 
    7.044: SUPPLIES: Memory: rc=0 
    7.044: SUPPLIES: Memory: ReadMemory: dev=6, devaddr=9984, sz=16, dst=20e50 
    7.046: SUPPLIES: Memory: rc=0 
    7.046: SUPPLIES: Memory: ReadMemory: dev=6, devaddr=10000, sz=16, dst=20e60 
    7.049: SUPPLIES: Memory: rc=0 
    7.049: SUPPLIES: Memory: ReadMemory: dev=6, devaddr=10016, sz=16, dst=20e70 
    7.051: SUPPLIES: Memory: rc=0 
    7.051: SUPPLIES: Memory: ReadMemory: dev=6, devaddr=10032, sz=16, dst=20e80 
    7.054: SUPPLIES: Memory: rc=0 
    7.054: SUPPLIES: Memory: ReadMemory: dev=6, devaddr=10048, sz=16, dst=20e90 
    7.056: SUPPLIES: Memory: rc=0 
    7.056: SUPPLIES: Memory: ReadMemory: dev=6, devaddr=10064, sz=16, dst=20ea0 
    7.059: SUPPLIES: Memory: rc=0 
    7.059: SUPPLIES: Memory: ReadMemory: dev=6, devaddr=10080, sz=16, dst=20eb0 
    7.060, 0.000, 'FuserMainPwrPercentAct',          0,        230, 0, 0
    7.061: SUPPLIES: Memory: rc=0 
    7.061: SUPPLIES: Memory: ReadMemory: dev=6, devaddr=10096, sz=16, dst=20ec0 
    7.064: SUPPLIES: Memory: rc=0 
    7.064: SUPPLIES: Memory: ReadMemory: dev=6, devaddr=10112, sz=16, dst=20ed0 
    7.064: SUPPLIES: Jake2: Tx Read Cmd to SS: Dev=6, Sz=115, Addr=10112
    7.064: ssec: rm: devNum=6, encrypt=true, dataSize=0x73, offset=0x2780
    7.070, 0.000, 'MtrFuser_state',                 10,        169, 0, 0
    7.070, 0.000, 'MtrFuser_position',                67.24,  182, 0, 0
    7.070: MOTOR: BLDC motorID FUSER, Behavior: FUSER_RUN_REVERSE State: BLDC_CLOSED_LOOP_SPEED_CONTROL
    7.086: SUPPLIES: Memory: rc=0 
    7.086: SUPPLIES: Memory: ReadMemory: dev=6, devaddr=10128, sz=16, dst=20ee0 
    7.084: ssec: cmd=4, devNum=6, rc=0
    7.089: SUPPLIES: Memory: rc=0 
    7.089: SUPPLIES: Memory: ReadMemory: dev=6, devaddr=10144, sz=16, dst=20ef0 
    7.091: SUPPLIES: Memory: rc=0 
    7.091: SUPPLIES: Memory: ReadMemory: dev=6, devaddr=10160, sz=16, dst=20f00 
    7.094: SUPPLIES: Memory: rc=0 
    7.094: SUPPLIES: Memory: ReadMemory: dev=6, devaddr=10176, sz=16, dst=20f10 
    7.095, 0.000, 'FuserMainPwrPercentAct',         33,        230, 0, 0
    7.096: SUPPLIES: Memory: rc=0 
    7.096: SUPPLIES: Memory: ReadMemory: dev=6, devaddr=10192, sz=16, dst=20f20 
    7.099: SUPPLIES: Memory: rc=0 
    7.099: SUPPLIES: Memory: ReadMemory: dev=6, devaddr=10208, sz=16, dst=20f30 
    7.101: SUPPLIES: Memory: rc=0 
    7.101: SUPPLIES: Memory: ReadMemory: dev=6, devaddr=10224, sz=3, dst=20f40 
    7.104: SUPPLIES: Memory: rc=0 
    7.104: SUPPLIES: Memory: ReadMemory: dev=7, devaddr=9600, sz=16, dst=2141c 
    7.104: SUPPLIES: Jake2: Tx Read Cmd to SS: Dev=7, Sz=256, Addr=9600
    7.104: ssec: rm: devNum=7, encrypt=true, dataSize=0x100, offset=0x2580
    7.120: MOTOR: BLDC motorID FUSER, Behavior: FUSER_RUN_REVERSE State: BLDC_CLOSED_LOOP_SPEED_N_POS_CONTROL
    7.129: SUPPLIES: Memory: rc=0 
    7.129: SUPPLIES: Memory: ReadMemory: dev=7, devaddr=9616, sz=16, dst=2142c 
    7.127: ssec: cmd=4, devNum=7, rc=0
    7.130: MOTOR: BLDC motorID FUSER, Behavior: FUSER_RUN_REVERSE State: BLDC_ENABLE_FEED_FORWARD
    7.131: SUPPLIES: Memory: rc=0 
    7.131: SUPPLIES: Memory: ReadMemory: dev=7, devaddr=9632, sz=16, dst=2143c 
    7.134: SUPPLIES: Memory: rc=0 
    7.134: SUPPLIES: Memory: ReadMemory: dev=7, devaddr=9648, sz=16, dst=2144c 
    7.136: SUPPLIES: Memory: rc=0 
    7.136: SUPPLIES: Memory: ReadMemory: dev=7, devaddr=9664, sz=15, dst=2145c 
    7.135: PPCMD OpCode: OC_OPCODE_QDS1=0x0B Control: 0x03 Address: 0x91 Data: 0x04000000 0x00000000 0x00
    7.139: SUPPLIES: Memory: rc=0 
    7.139: SUPPLIES: Memory: ReadMemory: dev=1, devaddr=9224, sz=8, dst=2c174 
    7.139: SUPPLIES: Jake2: Tx Read Cmd to SS: Dev=1, Sz=4, Addr=9224
    7.139: ssec: rm: devNum=1, encrypt=true, dataSize=0x4, offset=0x2408
    7.140: MOTOR: BLDC motorID FUSER, Behavior: FUSER_RUN_REVERSE State: BLDC_STEADY_STATE
    7.151: FMECH: MtrToFuserMechEventHandler(): Received event MTR_EVENT_LOCK_AT_TARGET_SPEED for MTR_ID_FUSER for requested speed 1000 RPM
    7.161: SUPPLIES: Memory: rc=0 
    7.161: SUPPLIES: Memory: ReadMemory: dev=2, devaddr=9224, sz=8, dst=2c174 
    7.159: ssec: cmd=4, devNum=1, rc=0
    7.162: SUPPLIES: Jake2: Tx Read Cmd to SS: Dev=2, Sz=4, Addr=9224
    7.162: ssec: rm: devNum=2, encrypt=true, dataSize=0x4, offset=0x2408
    7.173: PPCMD OpCode: OC_OPCODE_QNCSC=0x0C Control: 0x02 Address: 0x91 Data: 0x00000000 0x00000000 0x00
    7.179: PPCMD OpCode: OC_OPCODE_QNCSC=0x0C Control: 0x03 Address: 0x91 Data: 0x030101CC 0x00000000 0x00
    7.183: SUPPLIES: Memory: rc=0 
    7.183: SUPPLIES: Memory: ReadMemory: dev=3, devaddr=9224, sz=8, dst=2c174 
    7.181: ssec: cmd=4, devNum=2, rc=0
    7.183: PPCMD OpCode: OC_OPCODE_QDI=0x8B Control: 0x02 Address: 0x91 Data: 0x02010000 0x00000005 0xB4
    7.183: SUPPLIES: Jake2: Tx Read Cmd to SS: Dev=3, Sz=4, Addr=9224
    7.183: ssec: rm: devNum=3, encrypt=true, dataSize=0x4, offset=0x2408
    7.197: PPCMD OpCode: OC_OPCODE_QDI=0x8B Control: 0x03 Address: 0x91 Data: 0x09000E00 0x00000000 0x00
    7.204: SUPPLIES: Memory: rc=0 
    7.204: SUPPLIES: Memory: ReadMemory: dev=4, devaddr=9224, sz=8, dst=2c174 
    7.202: ssec: cmd=4, devNum=3, rc=0
    7.204: SUPPLIES: Jake2: Tx Read Cmd to SS: Dev=4, Sz=4, Addr=9224
    7.204: ssec: rm: devNum=4, encrypt=true, dataSize=0x4, offset=0x2408
    7.213: PPCMD OpCode: OC_OPCODE_QDI=0x8B Control: 0x02 Address: 0x91 Data: 0x02930000 0x00000000 0x00
    7.220: PPCMD OpCode: OC_OPCODE_QDI=0x8B Control: 0x03 Address: 0x91 Data: 0x0206CC00 0x00000000 0x00
    7.224: Nfy LOGICAL_DEV_INVENTORY_CHANGE_NFY=0xAA 0x12 0x00 0x00
    7.225: SUPPLIES: Memory: rc=0 
    7.225: SUPPLIES: Memory: ReadMemory: dev=7, devaddr=9224, sz=8, dst=2c174 
    7.223: ssec: cmd=4, devNum=4, rc=0
    7.226: SUPPLIES: Jake2: Tx Read Cmd to SS: Dev=7, Sz=4, Addr=9224
    7.226: ssec: rm: devNum=7, encrypt=true, dataSize=0x4, offset=0x2408
    7.232: IP: IP_COMMAND_QUERY_LOGICAL_DEV_INVENTORY Command  Rcvd - Command Code: 0x5B Data: 0x12 
<INTERVENTION_NOTIFICATION EngineTime='    7.232' StringId='34' PrinterSideCount='157' RealTime='2026-09-23 05:58' System='Options' Message='Tray2 Empty' />
    7.232: IP: IP_COMMAND_QUERY_LOGICAL_DEV_INVENTORY Response Sent - Command Code: 0x5B Data: 0x07880006 0x00000000 
    7.241: FMECH: Fuser Motor Vendor = (Nidec): CurrentLimit = 75.0
    7.241: FMECH: MtrToFuserMechCurrentCBHandler(): AvgIntegratorValue=14.3
<BLDC_HEALTH_CHECK EngineTime='    7.240' StringId='55' PrinterSideCount='157' RealTime='2026-09-23 05:58' MotorId='FUSER' Behavior='FUSER_RUN_REVERSE' RampTime_ms='590' AvgIntegratorValue='0.0' MaxRampIntegratorValue='17.0' MaxIntegratorValue='0.0' AvgSpeed_RadPerS='0.0' PhaseAdvance='0' RailV='24.9' Vendor_ID='0' />
    7.247: SUPPLIES: Memory: rc=0 
    7.247: SUPPLIES: Memory: ReadMemory: dev=1, devaddr=8302, sz=2, dst=2c16c 
    7.245: ssec: cmd=4, devNum=7, rc=0
    7.247: SUPPLIES: Jake2: Tx Read Cmd to SS: Dev=1, Sz=2, Addr=8302
    7.247: ssec: rm: devNum=1, encrypt=true, dataSize=0x2, offset=0x206e
    7.255: PPCMD OpCode: OC_OPCODE_QDS1=0x0B Control: 0x03 Address: 0x91 Data: 0x00000000 0x00000000 0x00
    7.268: SUPPLIES: Memory: rc=0 
    7.268: SUPPLIES: Memory: ReadMemory: dev=2, devaddr=8302, sz=2, dst=2c16c 
    7.266: ssec: cmd=4, devNum=1, rc=0
    7.268: SUPPLIES: Jake2: Tx Read Cmd to SS: Dev=2, Sz=2, Addr=8302
    7.268: ssec: rm: devNum=2, encrypt=true, dataSize=0x2, offset=0x206e
    7.290: SUPPLIES: Memory: rc=0 
    7.290: SUPPLIES: Memory: ReadMemory: dev=3, devaddr=8302, sz=2, dst=2c16c 
    7.288: ssec: cmd=4, devNum=2, rc=0
    7.290: SUPPLIES: Jake2: Tx Read Cmd to SS: Dev=3, Sz=2, Addr=8302
    7.290: ssec: rm: devNum=3, encrypt=true, dataSize=0x2, offset=0x206e
    7.311: SUPPLIES: Memory: rc=0 
    7.311: SUPPLIES: Memory: ReadMemory: dev=4, devaddr=8302, sz=2, dst=2c16c 
    7.309: ssec: cmd=4, devNum=3, rc=0
    7.312: SUPPLIES: Jake2: Tx Read Cmd to SS: Dev=4, Sz=2, Addr=8302
    7.312: ssec: rm: devNum=4, encrypt=true, dataSize=0x2, offset=0x206e
    7.333: SUPPLIES: Memory: rc=0 
    7.333: SUPPLIES: Memory: ReadMemory: dev=5, devaddr=8302, sz=2, dst=2c16c 
    7.331: ssec: cmd=4, devNum=4, rc=0
    7.333: SUPPLIES: Jake2: Tx Read Cmd to SS: Dev=5, Sz=2, Addr=8302
    7.333: ssec: rm: devNum=5, encrypt=true, dataSize=0x2, offset=0x206e
    7.354: SUPPLIES: Memory: rc=0 
    7.354: SUPPLIES: Memory: ReadMemory: dev=6, devaddr=8302, sz=2, dst=2c16c 
    7.352: ssec: cmd=4, devNum=5, rc=0
    7.354: SUPPLIES: Jake2: Tx Read Cmd to SS: Dev=6, Sz=2, Addr=8302
    7.354: ssec: rm: devNum=6, encrypt=true, dataSize=0x2, offset=0x206e
    7.375: SUPPLIES: Memory: rc=0 
    7.375: SUPPLIES: Memory: ReadMemory: dev=7, devaddr=8302, sz=2, dst=2c16c 
    7.373: ssec: cmd=4, devNum=6, rc=0
    7.376: SUPPLIES: Jake2: Tx Read Cmd to SS: Dev=7, Sz=2, Addr=8302
    7.376: ssec: rm: devNum=7, encrypt=true, dataSize=0x2, offset=0x206e
    7.395, 0.000, 'FuserMainPwrPercentAct',          0,        230, 0, 0
    7.397: SUPPLIES: Memory: rc=0 
    7.397: SUPPLIES: Memory: ReadMemory: dev=1, devaddr=0, sz=16, dst=20984 
    7.395: ssec: cmd=4, devNum=7, rc=0
    7.397: SUPPLIES: Jake2: Tx Read Cmd to SS: Dev=1, Sz=223, Addr=0
    7.397: ssec: rm: devNum=1, encrypt=true, dataSize=0xdf, offset=0x0
    7.421: SUPPLIES: Memory: rc=0 
    7.421: SUPPLIES: Memory: ReadMemory: dev=1, devaddr=16, sz=16, dst=20994 
    7.419: ssec: cmd=4, devNum=1, rc=0
    7.424: SUPPLIES: Memory: rc=0 
    7.424: SUPPLIES: Memory: ReadMemory: dev=1, devaddr=32, sz=16, dst=209a4 
    7.426: SUPPLIES: Memory: rc=0 
    7.426: SUPPLIES: Memory: ReadMemory: dev=1, devaddr=48, sz=16, dst=209b4 
    7.429: SUPPLIES: Memory: rc=0 
    7.429: SUPPLIES: Memory: ReadMemory: dev=1, devaddr=64, sz=16, dst=209c4 
    7.431: SUPPLIES: Memory: rc=0 
    7.431: SUPPLIES: Memory: ReadMemory: dev=1, devaddr=80, sz=16, dst=209d4 
    7.434: SUPPLIES: Memory: rc=0 
    7.434: SUPPLIES: Memory: ReadMemory: dev=1, devaddr=96, sz=16, dst=209e4 
    7.436: SUPPLIES: Memory: rc=0 
    7.436: SUPPLIES: Memory: ReadMemory: dev=1, devaddr=112, sz=16, dst=209f4 
    7.439: SUPPLIES: Memory: rc=0 
    7.439: SUPPLIES: Memory: ReadMemory: dev=1, devaddr=128, sz=16, dst=20a04 
    7.441: SUPPLIES: Memory: rc=0 
    7.441: SUPPLIES: Memory: ReadMemory: dev=1, devaddr=144, sz=16, dst=20a14 
    7.444: SUPPLIES: Memory: rc=0 
    7.444: SUPPLIES: Memory: ReadMemory: dev=1, devaddr=160, sz=16, dst=20a24 
    7.446: SUPPLIES: Memory: rc=0 
    7.446: SUPPLIES: Memory: ReadMemory: dev=1, devaddr=176, sz=16, dst=20a34 
    7.449: SUPPLIES: Memory: rc=0 
    7.449: SUPPLIES: Memory: ReadMemory: dev=1, devaddr=192, sz=16, dst=20a44 
    7.451: SUPPLIES: Memory: rc=0 
    7.451: SUPPLIES: Memory: ReadMemory: dev=1, devaddr=208, sz=15, dst=20a54 
    7.454: SUPPLIES: Memory: rc=0 
    7.454: SUPPLIES: Memory: ReadMemory: dev=1, devaddr=512, sz=16, dst=2090c 
    7.454: SUPPLIES: Jake2: Tx Read Cmd to SS: Dev=1, Sz=201, Addr=512
    7.454: ssec: rm: devNum=1, encrypt=true, dataSize=0xc9, offset=0x200
    7.460, 0.000, 'FuserMainPwrPercentAct',         33,        230, 0, 0
    7.467: BUR sensor iterations 5, Object temp 76, Body temp 42
    7.477: SUPPLIES: Memory: rc=0 
    7.477: SUPPLIES: Memory: ReadMemory: dev=1, devaddr=528, sz=16, dst=2091c 
    7.475: ssec: cmd=4, devNum=1, rc=0
    7.479: SUPPLIES: Memory: rc=0 
    7.479: SUPPLIES: Memory: ReadMemory: dev=1, devaddr=544, sz=16, dst=2092c 
    7.481: SUPPLIES: Memory: rc=0 
    7.481: SUPPLIES: Memory: ReadMemory: dev=1, devaddr=560, sz=16, dst=2093c 
    7.484: SUPPLIES: Memory: rc=0 
    7.484: SUPPLIES: Memory: ReadMemory: dev=1, devaddr=576, sz=16, dst=2094c 
    7.486: SUPPLIES: Memory: rc=0 
    7.486: SUPPLIES: Memory: ReadMemory: dev=1, devaddr=592, sz=16, dst=2095c 
    7.486: MOTOR: BLDC motorID FUSER, Shutdown Condition Met HallCnt: 78 Desired 78
    7.489: SUPPLIES: Memory: rc=0 
    7.489: SUPPLIES: Memory: ReadMemory: dev=1, devaddr=608, sz=16, dst=2096c 
    7.491: SUPPLIES: Memory: rc=0 
    7.491: SUPPLIES: Memory: ReadMemory: dev=1, devaddr=624, sz=8, dst=2097c 
    7.490, 0.000, 'MtrFuser_state',                  5,        169, 0, 0
    7.490, 0.000, 'MtrFuser_position',               120.94,  182, 0, 0
    7.490, 0.000, 'MtrFuser_mmpsec',                   0.00,  115, 0, 0
    7.494: SUPPLIES: Memory: rc=0 
    7.494: SUPPLIES: Memory: ReadMemory: dev=2, devaddr=0, sz=16, dst=20700 
    7.490: MOTOR: BLDC motorID FUSER, Behavior: FUSER_RUN_REVERSE State: BLDC_STOPPING
    7.494: SUPPLIES: Jake2: Tx Read Cmd to SS: Dev=2, Sz=223, Addr=0
    7.494: ssec: rm: devNum=2, encrypt=true, dataSize=0xdf, offset=0x0
    7.501: FMECH: Fuser Motor Vendor = (Nidec): CurrentLimit = 75.0
    7.501: FMECH: MtrToFuserMechCurrentCBHandler(): AvgIntegratorValue=17.3
<BLDC_HEALTH_CHECK EngineTime='    7.500' StringId='55' PrinterSideCount='157' RealTime='2026-09-23 05:58' MotorId='FUSER' Behavior='FUSER_RUN_REVERSE' RampTime_ms='590' AvgIntegratorValue='17.3' MaxRampIntegratorValue='17.0' MaxIntegratorValue='19.0' AvgSpeed_RadPerS='103.9' PhaseAdvance='0' RailV='24.9' Vendor_ID='0' />
    7.510, 0.000, 'FuserMainPwrPercentReq',         28,         68, 0, 0
    7.518: SUPPLIES: Memory: rc=0 
    7.518: SUPPLIES: Memory: ReadMemory: dev=2, devaddr=16, sz=16, dst=20710 
    7.516: ssec: cmd=4, devNum=2, rc=0
    7.520: SUPPLIES: Memory: rc=0 
    7.520: SUPPLIES: Memory: ReadMemory: dev=2, devaddr=32, sz=16, dst=20720 
    7.521: SUPPLIES: Memory: rc=0 
    7.521: SUPPLIES: Memory: ReadMemory: dev=2, devaddr=48, sz=16, dst=20730 
    7.524: SUPPLIES: Memory: rc=0 
    7.524: SUPPLIES: Memory: ReadMemory: dev=2, devaddr=64, sz=16, dst=20740 
    7.526: SUPPLIES: Memory: rc=0 
    7.526: SUPPLIES: Memory: ReadMemory: dev=2, devaddr=80, sz=16, dst=20750 
    7.529: SUPPLIES: Memory: rc=0 
    7.529: SUPPLIES: Memory: ReadMemory: dev=2, devaddr=96, sz=16, dst=20760 
    7.531: SUPPLIES: Memory: rc=0 
    7.531: SUPPLIES: Memory: ReadMemory: dev=2, devaddr=112, sz=16, dst=20770 
    7.534: SUPPLIES: Memory: rc=0 
    7.534: SUPPLIES: Memory: ReadMemory: dev=2, devaddr=128, sz=16, dst=20780 
    7.536: SUPPLIES: Memory: rc=0 
    7.536: SUPPLIES: Memory: ReadMemory: dev=2, devaddr=144, sz=16, dst=20790 
    7.539: SUPPLIES: Memory: rc=0 
    7.539: SUPPLIES: Memory: ReadMemory: dev=2, devaddr=160, sz=16, dst=207a0 
    7.541: SUPPLIES: Memory: rc=0 
    7.541: SUPPLIES: Memory: ReadMemory: dev=2, devaddr=176, sz=16, dst=207b0 
    7.540: mtr_hw.c: line 2686 - Turnoff Mtr FUSER MtrActive 0
    7.540: MOTOR: BLDC motorID FUSER, Behavior: FUSER_RUN_REVERSE State: BLDC_WAIT_TO_REPORT_STOP
    7.544: SUPPLIES: Memory: rc=0 
    7.544: SUPPLIES: Memory: ReadMemory: dev=2, devaddr=192, sz=16, dst=207c0 
    7.546: SUPPLIES: Memory: rc=0 
    7.546: SUPPLIES: Memory: ReadMemory: dev=2, devaddr=208, sz=15, dst=207d0 
    7.549: SUPPLIES: Memory: rc=0 
    7.549: SUPPLIES: Memory: ReadMemory: dev=2, devaddr=512, sz=16, dst=20688 
    7.549: SUPPLIES: Jake2: Tx Read Cmd to SS: Dev=2, Sz=201, Addr=512
    7.549: ssec: rm: devNum=2, encrypt=true, dataSize=0xc9, offset=0x200
    7.560, 0.000, 'FuserMainPwrPercentReq',         38,         68, 0, 0
    7.573: SUPPLIES: Memory: rc=0 
    7.573: SUPPLIES: Memory: ReadMemory: dev=2, devaddr=528, sz=16, dst=20698 
    7.571: ssec: cmd=4, devNum=2, rc=0
    7.575: SUPPLIES: Memory: rc=0 
    7.575: SUPPLIES: Memory: ReadMemory: dev=2, devaddr=544, sz=16, dst=206a8 
    7.576: SUPPLIES: Memory: rc=0 
    7.576: SUPPLIES: Memory: ReadMemory: dev=2, devaddr=560, sz=16, dst=206b8 
    7.579: SUPPLIES: Memory: rc=0 
    7.579: SUPPLIES: Memory: ReadMemory: dev=2, devaddr=576, sz=16, dst=206c8 
    7.581: SUPPLIES: Memory: rc=0 
    7.581: SUPPLIES: Memory: ReadMemory: dev=2, devaddr=592, sz=16, dst=206d8 
    7.584: SUPPLIES: Memory: rc=0 
    7.584: SUPPLIES: Memory: ReadMemory: dev=2, devaddr=608, sz=16, dst=206e8 
    7.586: SUPPLIES: Memory: rc=0 
    7.586: SUPPLIES: Memory: ReadMemory: dev=2, devaddr=624, sz=8, dst=206f8 
    7.589: SUPPLIES: Memory: rc=0 
    7.589: SUPPLIES: Memory: ReadMemory: dev=3, devaddr=0, sz=16, dst=2047c 
    7.589: SUPPLIES: Jake2: Tx Read Cmd to SS: Dev=3, Sz=223, Addr=0
    7.589: ssec: rm: devNum=3, encrypt=true, dataSize=0xdf, offset=0x0
    7.605, 0.000, 'FuserMainPwrPercentReq',         48,         68, 0, 0
    7.605, 0.000, 'FuserMainPwrPercentAct',         50,        230, 0, 0
    7.613: SUPPLIES: Memory: rc=0 
    7.613: SUPPLIES: Memory: ReadMemory: dev=3, devaddr=16, sz=16, dst=2048c 
    7.611: ssec: cmd=4, devNum=3, rc=0
    7.615: SUPPLIES: Memory: rc=0 
    7.615: SUPPLIES: Memory: ReadMemory: dev=3, devaddr=32, sz=16, dst=2049c 
    7.616: SUPPLIES: Memory: rc=0 
    7.616: SUPPLIES: Memory: ReadMemory: dev=3, devaddr=48, sz=16, dst=204ac 
    7.619: SUPPLIES: Memory: rc=0 
    7.619: SUPPLIES: Memory: ReadMemory: dev=3, devaddr=64, sz=16, dst=204bc 
    7.621: SUPPLIES: Memory: rc=0 
    7.621: SUPPLIES: Memory: ReadMemory: dev=3, devaddr=80, sz=16, dst=204cc 
    7.624: SUPPLIES: Memory: rc=0 
    7.624: SUPPLIES: Memory: ReadMemory: dev=3, devaddr=96, sz=16, dst=204dc 
    7.626: SUPPLIES: Memory: rc=0 
    7.626: SUPPLIES: Memory: ReadMemory: dev=3, devaddr=112, sz=16, dst=204ec 
    7.629: SUPPLIES: Memory: rc=0 
    7.629: SUPPLIES: Memory: ReadMemory: dev=3, devaddr=128, sz=16, dst=204fc 
    7.631: SUPPLIES: Memory: rc=0 
    7.631: SUPPLIES: Memory: ReadMemory: dev=3, devaddr=144, sz=16, dst=2050c 
    7.634: SUPPLIES: Memory: rc=0 
    7.634: SUPPLIES: Memory: ReadMemory: dev=3, devaddr=160, sz=16, dst=2051c 
    7.636: SUPPLIES: Memory: rc=0 
    7.636: SUPPLIES: Memory: ReadMemory: dev=3, devaddr=176, sz=16, dst=2052c 
    7.639: SUPPLIES: Memory: rc=0 
    7.639: SUPPLIES: Memory: ReadMemory: dev=3, devaddr=192, sz=16, dst=2053c 
    7.641: SUPPLIES: Memory: rc=0 
    7.641: SUPPLIES: Memory: ReadMemory: dev=3, devaddr=208, sz=15, dst=2054c 
    7.644: SUPPLIES: Memory: rc=0 
    7.644: SUPPLIES: Memory: ReadMemory: dev=3, devaddr=512, sz=16, dst=20404 
    7.644: SUPPLIES: Jake2: Tx Read Cmd to SS: Dev=3, Sz=201, Addr=512
    7.644: ssec: rm: devNum=3, encrypt=true, dataSize=0xc9, offset=0x200
    7.667: SUPPLIES: Memory: rc=0 
    7.667: SUPPLIES: Memory: ReadMemory: dev=3, devaddr=528, sz=16, dst=20414 
    7.665: ssec: cmd=4, devNum=3, rc=0
    7.669: SUPPLIES: Memory: rc=0 
    7.669: SUPPLIES: Memory: ReadMemory: dev=3, devaddr=544, sz=16, dst=20424 
    7.671: SUPPLIES: Memory: rc=0 
    7.671: SUPPLIES: Memory: ReadMemory: dev=3, devaddr=560, sz=16, dst=20434 
    7.674: SUPPLIES: Memory: rc=0 
    7.674: SUPPLIES: Memory: ReadMemory: dev=3, devaddr=576, sz=16, dst=20444 
    7.676: SUPPLIES: Memory: rc=0 
    7.676: SUPPLIES: Memory: ReadMemory: dev=3, devaddr=592, sz=16, dst=20454 
    7.679: SUPPLIES: Memory: rc=0 
    7.679: SUPPLIES: Memory: ReadMemory: dev=3, devaddr=608, sz=16, dst=20464 
    7.681: SUPPLIES: Memory: rc=0 
    7.681: SUPPLIES: Memory: ReadMemory: dev=3, devaddr=624, sz=8, dst=20474 
    7.684: SUPPLIES: Memory: rc=0 
    7.684: SUPPLIES: Memory: ReadMemory: dev=4, devaddr=0, sz=16, dst=201f8 
    7.684: SUPPLIES: Jake2: Tx Read Cmd to SS: Dev=4, Sz=223, Addr=0
    7.684: ssec: rm: devNum=4, encrypt=true, dataSize=0xdf, offset=0x0
    7.708: SUPPLIES: Memory: rc=0 
    7.708: SUPPLIES: Memory: ReadMemory: dev=4, devaddr=16, sz=16, dst=20208 
    7.706: ssec: cmd=4, devNum=4, rc=0
    7.710: SUPPLIES: Memory: rc=0 
    7.710: SUPPLIES: Memory: ReadMemory: dev=4, devaddr=32, sz=16, dst=20218 
    7.711: SUPPLIES: Memory: rc=0 
    7.711: SUPPLIES: Memory: ReadMemory: dev=4, devaddr=48, sz=16, dst=20228 
    7.714: SUPPLIES: Memory: rc=0 
    7.714: SUPPLIES: Memory: ReadMemory: dev=4, devaddr=64, sz=16, dst=20238 
    7.716: SUPPLIES: Memory: rc=0 
    7.716: SUPPLIES: Memory: ReadMemory: dev=4, devaddr=80, sz=16, dst=20248 
    7.719: SUPPLIES: Memory: rc=0 
    7.719: SUPPLIES: Memory: ReadMemory: dev=4, devaddr=96, sz=16, dst=20258 
    7.721: SUPPLIES: Memory: rc=0 
    7.721: SUPPLIES: Memory: ReadMemory: dev=4, devaddr=112, sz=16, dst=20268 
    7.724: SUPPLIES: Memory: rc=0 
    7.724: SUPPLIES: Memory: ReadMemory: dev=4, devaddr=128, sz=16, dst=20278 
    7.726: SUPPLIES: Memory: rc=0 
    7.726: SUPPLIES: Memory: ReadMemory: dev=4, devaddr=144, sz=16, dst=20288 
    7.729: SUPPLIES: Memory: rc=0 
    7.729: SUPPLIES: Memory: ReadMemory: dev=4, devaddr=160, sz=16, dst=20298 
    7.731: SUPPLIES: Memory: rc=0 
    7.731: SUPPLIES: Memory: ReadMemory: dev=4, devaddr=176, sz=16, dst=202a8 
    7.734: SUPPLIES: Memory: rc=0 
    7.734: SUPPLIES: Memory: ReadMemory: dev=4, devaddr=192, sz=16, dst=202b8 
    7.736: SUPPLIES: Memory: rc=0 
    7.736: SUPPLIES: Memory: ReadMemory: dev=4, devaddr=208, sz=15, dst=202c8 
    7.739: SUPPLIES: Memory: rc=0 
    7.739: SUPPLIES: Memory: ReadMemory: dev=4, devaddr=512, sz=16, dst=20180 
    7.739: SUPPLIES: Jake2: Tx Read Cmd to SS: Dev=4, Sz=201, Addr=512
    7.739: ssec: rm: devNum=4, encrypt=true, dataSize=0xc9, offset=0x200
    7.763: SUPPLIES: Memory: rc=0 
    7.763: SUPPLIES: Memory: ReadMemory: dev=4, devaddr=528, sz=16, dst=20190 
    7.761: ssec: cmd=4, devNum=4, rc=0
    7.765: SUPPLIES: Memory: rc=0 
    7.765: SUPPLIES: Memory: ReadMemory: dev=4, devaddr=544, sz=16, dst=201a0 
    7.766: SUPPLIES: Memory: rc=0 
    7.766: SUPPLIES: Memory: ReadMemory: dev=4, devaddr=560, sz=16, dst=201b0 
    7.769: SUPPLIES: Memory: rc=0 
    7.769: SUPPLIES: Memory: ReadMemory: dev=4, devaddr=576, sz=16, dst=201c0 
    7.771: SUPPLIES: Memory: rc=0 
    7.771: SUPPLIES: Memory: ReadMemory: dev=4, devaddr=592, sz=16, dst=201d0 
    7.774: SUPPLIES: Memory: rc=0 
    7.774: SUPPLIES: Memory: ReadMemory: dev=4, devaddr=608, sz=16, dst=201e0 
    7.776: SUPPLIES: Memory: rc=0 
    7.776: SUPPLIES: Memory: ReadMemory: dev=4, devaddr=624, sz=8, dst=201f0 
    7.779: SUPPLIES: Memory: rc=0 
    7.779: SUPPLIES: Memory: ReadMemory: dev=5, devaddr=0, sz=16, dst=20fe8 
    7.779: SUPPLIES: Jake2: Tx Read Cmd to SS: Dev=5, Sz=223, Addr=0
    7.779: ssec: rm: devNum=5, encrypt=true, dataSize=0xdf, offset=0x0
    7.801: FuserHasStoppedTurning() - Fuser Has Stopped turning.
    7.801: FMECH: MtrToFuserMechEventHandler(): Motor stop occurred, motorIsRunning = 0
    7.801: HB: J1 HbUpdateMotorRunningStatus() - FUSER IsMotorRunning = 0x0 FilteredSensorIsMade = 0x0 IgnoreTimeout = 0x1 MotorRunningTimer = 133
<BLDC_MONITOR EngineTime='    7.800'  StringId='52'  PrinterSideCount='157' RealTime='2026-09-23 05:58' MotorId='FUSER' Behavior='FUSER_RUN_REVERSE'  Event='Stop'   DistanceEdges='80' Vendor_ID='0'/>
    7.802: HB: J1 HbHangBuster() - FUSER IsMotorRunning = 0x0 FilteredSensorIsMade = 0x0 IgnoreTimeout = 0x1 MotorRunningTimer = 0
    7.803: SUPPLIES: Memory: rc=0 
    7.803: SUPPLIES: Memory: ReadMemory: dev=5, devaddr=16, sz=16, dst=20ff8 
    7.800: MOTOR: BLDC motorID FUSER STOPPED: Running Hall Counts 80
    7.800, 0.000, 'MtrFuser_state',                  0,        169, 0, 0
    7.805: SUPPLIES: Memory: rc=0 
    7.805: SUPPLIES: Memory: ReadMemory: dev=5, devaddr=32, sz=16, dst=21008 
    7.800, 0.000, 'MtrFuser_position',               123.68,  182, 0, 0
    7.800: MOTOR: BLDC motorID FUSER, Behavior: FUSER_RUN_REVERSE State: BLDC_TRANSITION_TO_IDLE
    7.806: FMECH: FmFuserCamStateMachine(): Motor has stopped in FM_MOTOR_STATE_CLOSING_WF_MOTOR_STOP_OR_TIMEOUT after running 80 halls
    7.806: FMECH: FuserMechRaiseEvent(): FUSER_MECH_EVENT_FSR_MTR_STOPPED
    7.806: FMECH: FmSwitchFuserCamState(): switching state from FM_MOTOR_STATE_CLOSING_WF_MOTOR_STOP_OR_TIMEOUT to FM_MOTOR_STATE_CLOSING_STAGE_POST_SLACK_REMOVAL_INIT
    7.808: SUPPLIES: Memory: rc=0 
    7.808: SUPPLIES: Memory: ReadMemory: dev=5, devaddr=48, sz=16, dst=21018 
    7.801: ssec: cmd=4, devNum=5, rc=0
    7.810: SUPPLIES: Memory: rc=0 
    7.810: SUPPLIES: Memory: ReadMemory: dev=5, devaddr=64, sz=16, dst=21028 
    7.810: MOTOR: BLDC motorID FUSER, Behavior: FUSER_RUN_REVERSE State: BLDC_IDLE
    7.812: SUPPLIES: Memory: rc=0 
    7.812: SUPPLIES: Memory: ReadMemory: dev=5, devaddr=80, sz=16, dst=21038 
    7.814: SUPPLIES: Memory: rc=0 
    7.814: SUPPLIES: Memory: ReadMemory: dev=5, devaddr=96, sz=16, dst=21048 
    7.816: FMECH: FmLoadParametersForStage(): BUR slack removal is going to run 80 halls from state FM_MOTOR_STATE_CLOSING_STAGE_POST_SLACK_REMOVAL_INIT
    7.816: FMECH: FmSwitchFuserCamState(): switching state from FM_MOTOR_STATE_CLOSING_STAGE_POST_SLACK_REMOVAL_INIT to FM_MOTOR_STATE_CLOSING_STAGE_POST_SLACK_REMOVAL_STOPPED_WF_MIN_FUSER_TEMPERATURE
    7.816: SUPPLIES: Memory: rc=0 
    7.816: SUPPLIES: Memory: ReadMemory: dev=5, devaddr=112, sz=16, dst=21058 
    7.819: SUPPLIES: Memory: rc=0 
    7.819: SUPPLIES: Memory: ReadMemory: dev=5, devaddr=128, sz=16, dst=21068 
    7.821: SUPPLIES: Memory: rc=0 
    7.821: SUPPLIES: Memory: ReadMemory: dev=5, devaddr=144, sz=9, dst=21078 
    7.824: SUPPLIES: Memory: rc=0 
    7.824: SUPPLIES: Memory: ReadMemory: dev=5, devaddr=512, sz=16, dst=20f44 
    7.824: SUPPLIES: Jake2: Tx Read Cmd to SS: Dev=5, Sz=201, Addr=512
    7.826: FUSER: GetMinimumFuserHeaterTemperatureForRunningFuserMotor(): Minimum Fuser Heater Temperature: 0 degrees C -> 100 degrees C
    7.826: FMECH: FmLoadParametersForStage(): BUR slack removal is going to run 80 halls from state FM_MOTOR_STATE_CLOSING_STAGE_POST_SLACK_REMOVAL_STOPPED_WF_MIN_FUSER_TEMPERATURE
    7.826: FMECH: FmRunMotorForStage(): Fuser motor adjusted RPM: 1000, behavior: FUSER_RUN_FORWARD, distance: 80 [halls]
    7.826, 0.000, 'FuserMtr',                     1000,         40, 0, 0
    7.826: FMECH: FmSwitchFuserCamState(): switching state from FM_MOTOR_STATE_CLOSING_STAGE_POST_SLACK_REMOVAL_STOPPED_WF_MIN_FUSER_TEMPERATURE to FM_MOTOR_STATE_CLOSING_STAGE_POST_SLACK_REMOVAL_RUNNING
    7.824: ssec: rm: devNum=5, encrypt=true, dataSize=0xc9, offset=0x200
    7.827: HB: J2 HbUpdateMotorRunningStatus() - FUSER IsMotorRunning = 0x1 FilteredSensorIsMade = 0x0 IgnoreTimeout = 0x1 MotorRunningTimer = 0
    7.831: HB: J1 HbUpdateMotorRunningStatus() - FUSER IsMotorRunning = 0x1 FilteredSensorIsMade = 0x0 IgnoreTimeout = 0x1 MotorRunningTimer = 0
    7.827, 0.000, 'MtrFuser_mmpsec',                   0.00,  115, 0, 0
    7.827: MOTOR: BLDC_StartMotor motorID FUSER Behavior: FUSER_RUN_FORWARD CMD Distance: 80 PMI: 0 CMP: 0 Commutation Mode: 3 CMD RPM: 850 NominalRadPerSec=    104.72
<BLDC_MONITOR EngineTime='    7.827'  StringId='52'  PrinterSideCount='157' RealTime='2026-09-23 05:58' MotorId='FUSER' Behavior='FUSER_RUN_FORWARD'  Event='Start'  DistanceEdges='0' Vendor_ID='0'/>
    7.835, 0.000, 'FuserMainPwrPercentReq',         35,         68, 0, 0
    7.835, 0.000, 'FuserMainPwrPercentAct',         40,        230, 0, 0
    7.830: mtr_hw.c: line 2578 - Turnon Mtr FUSER
    7.830, 0.000, 'MtrFuser_state',                  5,        169, 0, 0
    7.830, 0.000, 'MtrFuser_position',                 0.00,  182, 0, 0
    7.830: MOTOR: BLDC motorID FUSER, Behavior: FUSER_RUN_FORWARD State: BLDC_WAIT_FOR_START_DELAY
    7.840, 0.000, 'MtrFuser_mmpsec',                 109.36,  115, 0, 0
    7.840: mtr_hw.c: line 2578 - Turnon Mtr FUSER
    7.840: MOTOR: BLDC motorID FUSER, Behavior: FUSER_RUN_FORWARD State: BLDC_START_AFTER_ENABLED
    7.847: SUPPLIES: Memory: rc=0 
    7.847: SUPPLIES: Memory: ReadMemory: dev=5, devaddr=528, sz=16, dst=20f54 
    7.845: ssec: cmd=4, devNum=5, rc=0
    7.849: SUPPLIES: Memory: rc=0 
    7.849: SUPPLIES: Memory: ReadMemory: dev=5, devaddr=544, sz=16, dst=20f64 
    7.850: mtr_hw.c: line 2289 - Turnon Mtr FUSER
    7.851: SUPPLIES: Memory: rc=0 
    7.851: SUPPLIES: Memory: ReadMemory: dev=5, devaddr=560, sz=16, dst=20f74 
    7.850: MOTOR: BLDC motorID FUSER, Behavior: FUSER_RUN_FORWARD State: BLDC_ENCODER_SIGNAL_STABILIZE
    7.854: SUPPLIES: Memory: rc=0 
    7.854: SUPPLIES: Memory: ReadMemory: dev=5, devaddr=576, sz=16, dst=20f84 
    7.856: SUPPLIES: Memory: rc=0 
    7.856: SUPPLIES: Memory: ReadMemory: dev=5, devaddr=592, sz=16, dst=20f94 
    7.859: SUPPLIES: Memory: rc=0 
    7.859: SUPPLIES: Memory: ReadMemory: dev=5, devaddr=608, sz=16, dst=20fa4 
    7.861: SUPPLIES: Memory: rc=0 
    7.861: SUPPLIES: Memory: ReadMemory: dev=5, devaddr=624, sz=16, dst=20fb4 
    7.864: SUPPLIES: Memory: rc=0 
    7.864: SUPPLIES: Memory: ReadMemory: dev=5, devaddr=640, sz=16, dst=20fc4 
    7.866: SUPPLIES: Memory: rc=0 
    7.866: SUPPLIES: Memory: ReadMemory: dev=5, devaddr=656, sz=16, dst=20fd4 
    7.869: SUPPLIES: Memory: rc=0 
    7.869: SUPPLIES: Memory: ReadMemory: dev=5, devaddr=672, sz=1, dst=20fe4 
    7.871: SUPPLIES: Memory: rc=0 
    7.871: SUPPLIES: Memory: ReadMemory: dev=6, devaddr=0, sz=16, dst=20c34 
    7.872: SUPPLIES: Jake2: Tx Read Cmd to SS: Dev=6, Sz=223, Addr=0
    7.872: ssec: rm: devNum=6, encrypt=true, dataSize=0xdf, offset=0x0
    7.896: SUPPLIES: Memory: rc=0 
    7.896: SUPPLIES: Memory: ReadMemory: dev=6, devaddr=16, sz=16, dst=20c44 
    7.894: ssec: cmd=4, devNum=6, rc=0
    7.899: SUPPLIES: Memory: rc=0 
    7.899: SUPPLIES: Memory: ReadMemory: dev=6, devaddr=32, sz=16, dst=20c54 
    7.900: MOTOR: BLDC motorID FUSER, Behavior: FUSER_RUN_FORWARD State: BLDC_WF_ENCODER_COUNT
    7.901: SUPPLIES: Memory: rc=0 
    7.901: SUPPLIES: Memory: ReadMemory: dev=6, devaddr=48, sz=16, dst=20c64 
    7.904: SUPPLIES: Memory: rc=0 
    7.904: SUPPLIES: Memory: ReadMemory: dev=6, devaddr=64, sz=16, dst=20c74 
    7.906: SUPPLIES: Memory: rc=0 
    7.906: SUPPLIES: Memory: ReadMemory: dev=6, devaddr=80, sz=16, dst=20c84 
    7.909: SUPPLIES: Memory: rc=0 
    7.909: SUPPLIES: Memory: ReadMemory: dev=6, devaddr=96, sz=16, dst=20c94 
    7.911: SUPPLIES: Memory: rc=0 
    7.911: SUPPLIES: Memory: ReadMemory: dev=6, devaddr=112, sz=16, dst=20ca4 
    7.914: SUPPLIES: Memory: rc=0 
    7.914: SUPPLIES: Memory: ReadMemory: dev=6, devaddr=128, sz=16, dst=20cb4 
    7.916: SUPPLIES: Memory: rc=0 
    7.916: SUPPLIES: Memory: ReadMemory: dev=6, devaddr=144, sz=9, dst=20cc4 
    7.919: SUPPLIES: Memory: rc=0 
    7.919: SUPPLIES: Memory: ReadMemory: dev=6, devaddr=512, sz=16, dst=20b90 
    7.919: SUPPLIES: Jake2: Tx Read Cmd to SS: Dev=6, Sz=201, Addr=512
    7.919: ssec: rm: devNum=6, encrypt=true, dataSize=0xc9, offset=0x200
    7.920: MOTOR: BLDC motorID FUSER EncoderCount: 7
    7.920: MOTOR: BLDC motorID FUSER, Behavior: FUSER_RUN_FORWARD State: BLDC_TEST_SPEED_USING_ENCODER
    7.930: MOTOR: BLDC motorID FUSER Hall_Period: 152199 ValidCLEntry: 116707 RPM: 644 ValidCLRPM: 841
    7.940: MOTOR: BLDC motorID FUSER Hall_Period: 135009 ValidCLEntry: 116707 RPM: 726 ValidCLRPM: 841
    7.943: SUPPLIES: Memory: rc=0 
    7.943: SUPPLIES: Memory: ReadMemory: dev=6, devaddr=528, sz=16, dst=20ba0 
    7.941: ssec: cmd=4, devNum=6, rc=0
    7.945: SUPPLIES: Memory: rc=0 
    7.945: SUPPLIES: Memory: ReadMemory: dev=6, devaddr=544, sz=16, dst=20bb0 
    7.946: SUPPLIES: Memory: rc=0 
    7.946: SUPPLIES: Memory: ReadMemory: dev=6, devaddr=560, sz=16, dst=20bc0 
    7.949: SUPPLIES: Memory: rc=0 
    7.949: SUPPLIES: Memory: ReadMemory: dev=6, devaddr=576, sz=16, dst=20bd0 
    7.951: SUPPLIES: Memory: rc=0 
    7.951: SUPPLIES: Memory: ReadMemory: dev=6, devaddr=592, sz=16, dst=20be0 
    7.950: MOTOR: BLDC motorID FUSER Hall_Period: 119565 ValidCLEntry: 116707 RPM: 820 ValidCLRPM: 841
    7.954: SUPPLIES: Memory: rc=0 
    7.954: SUPPLIES: Memory: ReadMemory: dev=6, devaddr=608, sz=16, dst=20bf0 
    7.956: SUPPLIES: Memory: rc=0 
    7.956: SUPPLIES: Memory: ReadMemory: dev=6, devaddr=624, sz=16, dst=20c00 
    7.959: SUPPLIES: Memory: rc=0 
    7.959: SUPPLIES: Memory: ReadMemory: dev=6, devaddr=640, sz=16, dst=20c10 
    7.961: SUPPLIES: Memory: rc=0 
    7.961: SUPPLIES: Memory: ReadMemory: dev=6, devaddr=656, sz=16, dst=20c20 
    7.960: MOTOR: BLDC motorID FUSER Hall_Period: 108648 ValidCLEntry: 116707 RPM: 903 ValidCLRPM: 841
    7.960: MOTOR: BLDC motorID FUSER, Behavior: FUSER_RUN_FORWARD State: BLDC_CL_RAMP
    7.964: SUPPLIES: Memory: rc=0 
    7.964: SUPPLIES: Memory: ReadMemory: dev=6, devaddr=672, sz=1, dst=20c30 
    7.966: SUPPLIES: Memory: rc=0 
    7.966: SUPPLIES: Memory: ReadMemory: dev=7, devaddr=0, sz=16, dst=213c4 
    7.967: SUPPLIES: Jake2: Tx Read Cmd to SS: Dev=7, Sz=223, Addr=0
    7.967: ssec: rm: devNum=7, encrypt=true, dataSize=0xdf, offset=0x0
    7.970: MOTOR: BLDC motorID FUSER CL SPEED CONTROL ACTIVE
    7.970, 0.000, 'MtrFuser_mmpsec',                 126.98,  115, 0, 0
    7.977: BUR sensor iterations 5, Object temp 74, Body temp 42
    7.980, 0.000, 'FuserMainPwrPercentReq',         22,         68, 0, 0
    7.991: SUPPLIES: Memory: rc=0 
    7.991: SUPPLIES: Memory: ReadMemory: dev=7, devaddr=16, sz=16, dst=213d4 
    7.989: ssec: cmd=4, devNum=7, rc=0
    7.994: SUPPLIES: Memory: rc=0 
    7.994: SUPPLIES: Memory: ReadMemory: dev=7, devaddr=32, sz=16, dst=213e4 
    7.996: SUPPLIES: Memory: rc=0 
    7.996: SUPPLIES: Memory: ReadMemory: dev=7, devaddr=48, sz=16, dst=213f4 
    7.999: SUPPLIES: Memory: rc=0 
    7.999: SUPPLIES: Memory: ReadMemory: dev=7, devaddr=64, sz=16, dst=21404 
    8.001: SUPPLIES: Memory: rc=0 
    8.001: SUPPLIES: Memory: ReadMemory: dev=7, devaddr=80, sz=7, dst=21414 
    8.004: SUPPLIES: Memory: rc=0 
    8.004: SUPPLIES: Memory: ReadMemory: dev=7, devaddr=512, sz=16, dst=212f8 
    8.004: SUPPLIES: Jake2: Tx Read Cmd to SS: Dev=7, Sz=201, Addr=512
    8.004: ssec: rm: devNum=7, encrypt=true, dataSize=0xc9, offset=0x200
    8.027: SUPPLIES: Memory: rc=0 
    8.027: SUPPLIES: Memory: ReadMemory: dev=7, devaddr=528, sz=16, dst=21308 
    8.025: ssec: cmd=4, devNum=7, rc=0
    8.029: SUPPLIES: Memory: rc=0 
    8.029: SUPPLIES: Memory: ReadMemory: dev=7, devaddr=544, sz=16, dst=21318 
    8.031: SUPPLIES: Memory: rc=0 
    8.031: SUPPLIES: Memory: ReadMemory: dev=7, devaddr=560, sz=16, dst=21328 
    8.034: SUPPLIES: Memory: rc=0 
    8.034: SUPPLIES: Memory: ReadMemory: dev=7, devaddr=576, sz=16, dst=21338 
    8.036: SUPPLIES: Memory: rc=0 
    8.036: SUPPLIES: Memory: ReadMemory: dev=7, devaddr=592, sz=16, dst=21348 
    8.039: SUPPLIES: Memory: rc=0 
    8.039: SUPPLIES: Memory: ReadMemory: dev=7, devaddr=608, sz=16, dst=21358 
    8.041: SUPPLIES: Memory: rc=0 
    8.041: SUPPLIES: Memory: ReadMemory: dev=7, devaddr=624, sz=16, dst=21368 
    8.044: SUPPLIES: Memory: rc=0 
    8.044: SUPPLIES: Memory: ReadMemory: dev=7, devaddr=640, sz=16, dst=21378 
    8.046: SUPPLIES: Memory: rc=0 
    8.046: SUPPLIES: Memory: ReadMemory: dev=7, devaddr=656, sz=16, dst=21388 
    8.049: SUPPLIES: Memory: rc=0 
    8.049: SUPPLIES: Memory: ReadMemory: dev=7, devaddr=672, sz=16, dst=21398 
    8.051: SUPPLIES: Memory: rc=0 
    8.051: SUPPLIES: Memory: ReadMemory: dev=7, devaddr=688, sz=16, dst=213a8 
    8.054: SUPPLIES: Memory: rc=0 
    8.054: SUPPLIES: Memory: ReadMemory: dev=7, devaddr=704, sz=9, dst=213b8 
    8.056: SUPPLIES: Memory: rc=0 
    8.056: SUPPLIES: Memory: MemoryCommoKernelThread READ_MEMORIES complete. MemMgrState=2, Pass=1 
    8.056: SUPPLIES: MemoryCommoKernelThread exit:  Total Run Time: 1651 milliseconds 
    8.065: SUPPLIES; Manager; Rcvd=SUPPLY_MSG_MEM_POR_CC_ACTIONS_COMPLETE; Supply=Bottle - Black Pass=1
    8.065: SUPPLIES; Manager; Rcvd=SUPPLY_MSG_MEM_POR_CC_ACTIONS_COMPLETE; Supply=Bottle - Cyan Pass=1
    8.065: SUPPLIES; Manager; Rcvd=SUPPLY_MSG_MEM_POR_CC_ACTIONS_COMPLETE; Supply=Bottle - Magenta Pass=1
    8.065: SUPPLIES; Manager; Rcvd=SUPPLY_MSG_MEM_POR_CC_ACTIONS_COMPLETE; Supply=Bottle - Yellow Pass=1
    8.065: SUPPLIES; Manager; Rcvd=SUPPLY_MSG_MEM_POR_CC_ACTIONS_COMPLETE; Supply=ITM Pass=1
    8.065: SUPPLIES; Manager; Rcvd=SUPPLY_MSG_MEM_POR_CC_ACTIONS_COMPLETE; Supply=Image Kit - Black Pass=1
    8.065: SUPPLIES; Manager; Rcvd=SUPPLY_MSG_MEM_POR_CC_ACTIONS_COMPLETE; Supply=Image Kit - Color Pass=1
    8.065: SUPPLIES; Manager; Rcvd=SUPPLY_MSG_MEM_POR_CC_ACTIONS_COMPLETE; Supply=Fuser Pass=1
    8.065: SUPPLIES; Manager; Rcvd=SUPPLY_MSG_MEM_POR_CC_ACTIONS_COMPLETE; Supply=WTB Pass=1
    8.065: SUPPLIES; Manager; Rcvd=SUPPLY_MSG_MEM_POR_CC_ACTIONS_COMPLETE; Supply=Filter Pass=1
    8.065: SUPPLIES: Memory: MemMgrNewState() MEM_MGR_RD_W_F_READ  --> MEM_MGR_IDLE  
    8.065: SUPPLIES: Memory: PrintMemContentsWqHandlerFunc; PRINT_MEMORY_CONTENTS
    8.075: SUPPLIES: TESTNV:  in InitNvramCompatibilitySettings()
    8.075: SUPPLIES: TESTNV: Engine Interface does not enable Rossa printer NV init
    8.075: SUPPLIES: Supply Event: CART_MEM_READ_COMPLETE
<TONER_LEVEL_CONSTANTS EngineTime='    8.075' StringId='40' PrinterSideCount='157' RealTime='2026-09-23 05:58' Color='Bottle - Black' TonerCartridgeSerialNumber='CAD23107588E' EncodersRemainingHoldLimit1='337852' EncodersRemainingHoldLimit2='96529' EncodersRemainingHoldLimit3='48264' EncodersAt100Percent='2459539' EncodersAt90Percent='2260548' EncodersAt80Percent='2053483' EncodersAt70Percent='1837658' EncodersAt60Percent='1612302' EncodersAt50Percent='1376532' EncodersAt40Percent='1129340' EncodersAt30Percent='869562' EncodersAt20Percent='595847' EncodersAt10Percent='306614' TonerLoad_dg='6500' SettlingRevs='0' ResidualToner_dg='150' EncodersRemainingAtCorrection0='0' EncodersRemainingAtCorrection1='429317' EncodersRemainingAtCorrection2='266624' EncodersRemainingAtCorrection3='122922' WeightingFactorForCorrection0='0' WeightingFactorForCorrection1='88' WeightingFactorForCorrection2='50' WeightingFactorForCorrection3='100' ConformingSamplesAtCorrection1='15' SampleSizeAtCorrection1='20' ConformingSamplesAtCorrection2='15' SampleSizeAtCorrection2='20' ConformingSamplesAtCorrection3='15' SampleSizeAtCorrection3='20' EncoderErrorLimit='13877' Feed100='3073' Feed90='3195' Feed80='3327' Feed70='3471' Feed60='3628' Feed50='3800' Feed40='3988' Feed30='4196' Feed20='4428' Feed10='4686' Feed0='4976' Feed2swings='0' Feed3swings='0' Feed4swings='0' TonerBottleQuanta='46644' TonerBottleInitialQuanta='46644' /> 
    8.075: Nfy SUPPLY_EXTENDED_INFO_AVAIL_NFY=0x36 0x04 0x00 0x00
    8.075: Nfy REVOCATION_LIST_INFO_AVAIL_NFY=0xD4 0x04 0x01 0x80
    8.075: SUPPLIES: SupplyCartImageUnitCompatCheck: Pass: 1, CartId: 0x04, CartToner: 0, IuId: 0x00, IuToner: 0
    8.075: SUPPLIES: SupplyCC_MC_Check: SupplyID: 0x04, PrinterState: 0, SuppliesSupported: 1, PrinterMachineClass: 0xffff, Printer MC: 0x0000ffff, Printer CC: 0x0000ffff, Supply MC: 0x0000ffff, Supply CC: 0x0000ffff
    8.075: SUPPLIES: SupplyOEM_Check SupplyID: Bottle - Black, Test skipped, Escape Hatch Active 
    8.075: SUPPLIES: Region compatibility test skipped due to Esc hatch 
    8.075: SUPPLIES: SupplyMarriageCheck: Supply ID=0x04, SupplyAlreadyMarried=0, MarriageEscHatchSet=1, AnyMarriageEscHatchSet=1, NvMarriageID=0x00, SupplyMarriageID=0xec, OkToMarrySupply=0, SupplyIsSWE=0, UnMarrySettingSet=0 
    8.075: SUPPLIES: AM Cartridge Lock Check: SupplyID=0x04 SupplyIsAM=1 CartridgeLockSetting=0 CartLockInErrorFlag=0 BottleID=0x3107588e NvCartLockID=0x00000000
    8.075: SUPPLIES: BottleServicePlanCompatCheck: SupplyID: 0x04, Test skipped. Settings unavailable. PrinterMachClassSettingRcvd=1, TnrBottleDataValidFlag=1, PrinterRegionSettingReceived=1 
    8.075: SUPPLIES; Manager; Msg Rcvd= SUPPLY_MSG_SUBSYSTEMS_POR_CC_ACTIONS_COMPLETE; Supply = Bottle - Black; 
    8.075: SUPPLIES: Supply Event: CART_MEM_READ_COMPLETE
<TONER_LEVEL_CONSTANTS EngineTime='    8.075' StringId='40' PrinterSideCount='157' RealTime='2026-09-23 05:58' Color='Bottle - Magenta' TonerCartridgeSerialNumber='CAD231095739' EncodersRemainingHoldLimit1='354695' EncodersRemainingHoldLimit2='101341' EncodersRemainingHoldLimit3='50670' EncodersAt100Percent='2580556' EncodersAt90Percent='2378174' EncodersAt80Percent='2166580' EncodersAt70Percent='1944896' EncodersAt60Percent='1712112' EncodersAt50Percent='1467055' EncodersAt40Percent='1208361' EncodersAt30Percent='934421' EncodersAt20Percent='643325' EncodersAt10Percent='332780' TonerLoad_dg='6500' SettlingRevs='0' ResidualToner_dg='150' EncodersRemainingAtCorrection0='0' EncodersRemainingAtCorrection1='464908' EncodersRemainingAtCorrection2='289591' EncodersRemainingAtCorrection3='133872' WeightingFactorForCorrection0='0' WeightingFactorForCorrection1='88' WeightingFactorForCorrection2='50' WeightingFactorForCorrection3='100' ConformingSamplesAtCorrection1='15' SampleSizeAtCorrection1='20' ConformingSamplesAtCorrection2='15' SampleSizeAtCorrection2='20' ConformingSamplesAtCorrection3='15' SampleSizeAtCorrection3='20' EncoderErrorLimit='13877' Feed100='3118' Feed90='3257' Feed80='3409' Feed70='3575' Feed60='3759' Feed50='3962' Feed40='4189' Feed30='4443' Feed20='4730' Feed10='5057' Feed0='5432' Feed2swings='0' Feed3swings='0' Feed4swings='0' TonerBottleQuanta='46644' TonerBottleInitialQuanta='46644' /> 
    8.075: Nfy SUPPLY_EXTENDED_INFO_AVAIL_NFY=0x36 0x02 0x00 0x00
    8.075: Nfy REVOCATION_LIST_INFO_AVAIL_NFY=0xD4 0x02 0x01 0x80
    8.075: SUPPLIES: SupplyCartImageUnitCompatCheck: Pass: 1, CartId: 0x02, CartToner: 0, IuId: 0x00, IuToner: 0
    8.075: SUPPLIES: SupplyCC_MC_Check: SupplyID: 0x02, PrinterState: 0, SuppliesSupported: 1, PrinterMachineClass: 0xffff, Printer MC: 0x0000ffff, Printer CC: 0x0000ffff, Supply MC: 0x0000ffff, Supply CC: 0x0000ffff
    8.075: SUPPLIES: SupplyOEM_Check SupplyID: Bottle - Magenta, Test skipped, Escape Hatch Active 
    8.075: SUPPLIES: Region compatibility test skipped due to Esc hatch 
    8.075: SUPPLIES: SupplyMarriageCheck: Supply ID=0x02, SupplyAlreadyMarried=0, MarriageEscHatchSet=1, AnyMarriageEscHatchSet=1, NvMarriageID=0x00, SupplyMarriageID=0x14, OkToMarrySupply=0, SupplyIsSWE=0, UnMarrySettingSet=0 
    8.075: SUPPLIES: AM Cartridge Lock Check: SupplyID=0x02 SupplyIsAM=1 CartridgeLockSetting=0 CartLockInErrorFlag=0 BottleID=0x31095739 NvCartLockID=0x00000000
    8.075: SUPPLIES: BottleServicePlanCompatCheck: SupplyID: 0x02, Test skipped. Settings unavailable. PrinterMachClassSettingRcvd=1, TnrBottleDataValidFlag=1, PrinterRegionSettingReceived=1 
    8.075: SUPPLIES; Manager; Msg Rcvd= SUPPLY_MSG_SUBSYSTEMS_POR_CC_ACTIONS_COMPLETE; Supply = Bottle - Magenta; 
    8.075: SUPPLIES: Supply Event: CART_MEM_READ_COMPLETE
<TONER_LEVEL_CONSTANTS EngineTime='    8.075' StringId='40' PrinterSideCount='157' RealTime='2026-09-23 05:58' Color='Bottle - Cyan' TonerCartridgeSerialNumber='CAD231045B14' EncodersRemainingHoldLimit1='366319' EncodersRemainingHoldLimit2='104662' EncodersRemainingHoldLimit3='52331' EncodersAt100Percent='2667019' EncodersAt90Percent='2450285' EncodersAt80Percent='2224912' EncodersAt70Percent='1990184' EncodersAt60Percent='1745288' EncodersAt50Percent='1489304' EncodersAt40Percent='1221181' EncodersAt30Percent='939710' EncodersAt20Percent='643491' EncodersAt10Percent='330894' TonerLoad_dg='6500' SettlingRevs='0' ResidualToner_dg='150' EncodersRemainingAtCorrection0='0' EncodersRemainingAtCorrection1='512681' EncodersRemainingAtCorrection2='287707' EncodersRemainingAtCorrection3='132593' WeightingFactorForCorrection0='0' WeightingFactorForCorrection1='87' WeightingFactorForCorrection2='50' WeightingFactorForCorrection3='100' ConformingSamplesAtCorrection1='15' SampleSizeAtCorrection1='20' ConformingSamplesAtCorrection2='15' SampleSizeAtCorrection2='20' ConformingSamplesAtCorrection3='15' SampleSizeAtCorrection3='20' EncoderErrorLimit='13877' Feed100='3348' Feed90='3479' Feed80='3620' Feed70='3774' Feed60='3941' Feed50='4123' Feed40='4324' Feed30='4544' Feed20='4789' Feed10='5061' Feed0='5366' Feed2swings='0' Feed3swings='0' Feed4swings='0' TonerBottleQuanta='43978' TonerBottleInitialQuanta='43978' /> 
    8.075: Nfy SUPPLY_EXTENDED_INFO_AVAIL_NFY=0x36 0x03 0x00 0x00
    8.075: Nfy REVOCATION_LIST_INFO_AVAIL_NFY=0xD4 0x03 0x01 0x80
    8.075: SUPPLIES: SupplyCartImageUnitCompatCheck: Pass: 1, CartId: 0x03, CartToner: 0, IuId: 0x00, IuToner: 0
    8.075: SUPPLIES: SupplyCC_MC_Check: SupplyID: 0x03, PrinterState: 0, SuppliesSupported: 1, PrinterMachineClass: 0xffff, Printer MC: 0x0000ffff, Printer CC: 0x0000ffff, Supply MC: 0x0000ffff, Supply CC: 0x0000ffff
    8.075: SUPPLIES: SupplyOEM_Check SupplyID: Bottle - Cyan, Test skipped, Escape Hatch Active 
    8.075: SUPPLIES: Region compatibility test skipped due to Esc hatch 
    8.075: SUPPLIES: SupplyMarriageCheck: Supply ID=0x03, SupplyAlreadyMarried=0, MarriageEscHatchSet=1, AnyMarriageEscHatchSet=1, NvMarriageID=0x00, SupplyMarriageID=0x4d, OkToMarrySupply=0, SupplyIsSWE=0, UnMarrySettingSet=0 
    8.075: SUPPLIES: AM Cartridge Lock Check: SupplyID=0x03 SupplyIsAM=1 CartridgeLockSetting=0 CartLockInErrorFlag=0 BottleID=0x31045b14 NvCartLockID=0x00000000
    8.075: SUPPLIES: BottleServicePlanCompatCheck: SupplyID: 0x03, Test skipped. Settings unavailable. PrinterMachClassSettingRcvd=1, TnrBottleDataValidFlag=1, PrinterRegionSettingReceived=1 
    8.075: SUPPLIES; Manager; Msg Rcvd= SUPPLY_MSG_SUBSYSTEMS_POR_CC_ACTIONS_COMPLETE; Supply = Bottle - Cyan; 
    8.075: SUPPLIES: Supply Event: CART_MEM_READ_COMPLETE
<TONER_LEVEL_CONSTANTS EngineTime='    8.075' StringId='40' PrinterSideCount='157' RealTime='2026-09-23 05:58' Color='Bottle - Yellow' TonerCartridgeSerialNumber='CAD2311467E4' EncodersRemainingHoldLimit1='334181' EncodersRemainingHoldLimit2='95480' EncodersRemainingHoldLimit3='47740' EncodersAt100Percent='2433923' EncodersAt90Percent='2232598' EncodersAt80Percent='2023839' EncodersAt70Percent='1807077' EncodersAt60Percent='1581674' EncodersAt50Percent='1346911' EncodersAt40Percent='1101979' EncodersAt30Percent='845957' EncodersAt20Percent='577790' EncodersAt10Percent='296271' TonerLoad_dg='6500' SettlingRevs='0' ResidualToner_dg='150' EncodersRemainingAtCorrection0='0' EncodersRemainingAtCorrection1='459798' EncodersRemainingAtCorrection2='257501' EncodersRemainingAtCorrection3='118501' WeightingFactorForCorrection0='0' WeightingFactorForCorrection1='87' WeightingFactorForCorrection2='50' WeightingFactorForCorrection3='100' ConformingSamplesAtCorrection1='15' SampleSizeAtCorrection1='20' ConformingSamplesAtCorrection2='15' SampleSizeAtCorrection2='20' ConformingSamplesAtCorrection3='15' SampleSizeAtCorrection3='20' EncoderErrorLimit='13877' Feed100='3114' Feed90='3227' Feed80='3348' Feed70='3479' Feed60='3621' Feed50='3774' Feed40='3941' Feed30='4124' Feed20='4324' Feed10='4545' Feed0='4790' Feed2swings='0' Feed3swings='0' Feed4swings='0' TonerBottleQuanta='51308' TonerBottleInitialQuanta='51308' /> 
    8.075: Nfy SUPPLY_EXTENDED_INFO_AVAIL_NFY=0x36 0x01 0x00 0x00
    8.075: Nfy REVOCATION_LIST_INFO_AVAIL_NFY=0xD4 0x01 0x01 0x80
    8.075: SUPPLIES: SupplyCartImageUnitCompatCheck: Pass: 1, CartId: 0x01, CartToner: 0, IuId: 0x00, IuToner: 0
    8.075: SUPPLIES: SupplyCC_MC_Check: SupplyID: 0x01, PrinterState: 0, SuppliesSupported: 1, PrinterMachineClass: 0xffff, Printer MC: 0x0000ffff, Printer CC: 0x0000ffff, Supply MC: 0x0000ffff, Supply CC: 0x0000ffff
    8.075: SUPPLIES: SupplyOEM_Check SupplyID: Bottle - Yellow, Test skipped, Escape Hatch Active 
    8.075: SUPPLIES: Region compatibility test skipped due to Esc hatch 
    8.075: SUPPLIES: SupplyMarriageCheck: Supply ID=0x01, SupplyAlreadyMarried=0, MarriageEscHatchSet=1, AnyMarriageEscHatchSet=1, NvMarriageID=0x00, SupplyMarriageID=0xb2, OkToMarrySupply=0, SupplyIsSWE=0, UnMarrySettingSet=0 
    8.075: SUPPLIES: AM Cartridge Lock Check: SupplyID=0x01 SupplyIsAM=1 CartridgeLockSetting=0 CartLockInErrorFlag=0 BottleID=0x311467e4 NvCartLockID=0x00000000
    8.075: SUPPLIES: BottleServicePlanCompatCheck: SupplyID: 0x01, Test skipped. Settings unavailable. PrinterMachClassSettingRcvd=1, TnrBottleDataValidFlag=1, PrinterRegionSettingReceived=1 
    8.075: SUPPLIES; Manager; Msg Rcvd= SUPPLY_MSG_SUBSYSTEMS_POR_CC_ACTIONS_COMPLETE; Supply = Bottle - Yellow; 
    8.075: SUPPLIES: Supply Event: IU_MEM_READ_COMPLETE
    8.075: SUPPLIES: ReportLevelInfo() SupplyID=15, isAeol=0, Level=77, Sides=41465/230000/235000, Revs=281530/1177000/1203000 
    8.075: LaiuDeveloperOverfillErrorCheck: color=0, oe1=0, oe2=0, oe3=1, TnrInDev(mg)=113190.633, Thresh1(mg)=200000.000, Thresh2(mg)=220000.000 
    8.075: SUPPLIES: LaiuMissingLowPulseErrorCheck Dvlp-Black, MgThisImage: 0mg, Accumulator: 801mg, Error Threshold: 40000mg, Dev Toner: 113190.6mg, Min Dev Toner: 20000.0mg 
    8.075: Nfy SUPPLY_EXTENDED_INFO_AVAIL_NFY=0x36 0x0F 0x00 0x00
    8.075: Nfy REVOCATION_LIST_INFO_AVAIL_NFY=0xD4 0x0F 0x01 0x80
    8.075: SUPPLIES: SupplyCC_MC_Check: SupplyID: 0x0f, PrinterState: 0, SuppliesSupported: 1, PrinterMachineClass: 0xffff, Printer MC: 0x0000ffff, Printer CC: 0x0000ffff, Supply MC: 0xffffffff, Supply CC: 0xffffffff
    8.075: SUPPLIES: SupplyOEM_Check: SupplyID: 0x0f, OemId: 0xff, ShipWithType: 0, SuppliesSupported: 1, PrinterState: 0, Printer Machine Class: 0xffff  
    8.075: SUPPLIES: RegionCheck SupplyID: 0x0f, PrinterState: 0, Pass: 1, Printer Region: 0xFFFF, Supply Region: 0x7FFF, PrinterMachineClass: 0xffff 
    8.075: SUPPLIES: SupplyMarriageCheck: Supply ID=0x0f, SupplyAlreadyMarried=0, MarriageEscHatchSet=0, AnyMarriageEscHatchSet=0, NvMarriageID=0x00, SupplyMarriageID=0xb7, OkToMarrySupply=1, SupplyIsSWE=1, UnMarrySettingSet=0 
    8.075: SUPPLIES; Manager; Msg Rcvd= SUPPLY_MSG_SUBSYSTEMS_POR_CC_ACTIONS_COMPLETE; Supply = Image Kit - Black; 
    8.075: SUPPLIES: Supply Event: IU_MEM_READ_COMPLETE
    8.075: SUPPLIES: ReportLevelInfo() SupplyID=25, isAeol=0, Level=100, Sides=10286/255000/260000, Revs=101028/1095000/1115000 
    8.075: LaiuDeveloperOverfillErrorCheck: color=1, oe1=0, oe2=0, oe3=0, TnrInDev(mg)=110551.320, Thresh1(mg)=200000.000, Thresh2(mg)=220000.000 
    8.075: LaiuDeveloperOverfillErrorCheck: color=2, oe1=0, oe2=0, oe3=0, TnrInDev(mg)=110000.047, Thresh1(mg)=200000.000, Thresh2(mg)=220000.000 
    8.075: LaiuDeveloperOverfillErrorCheck: color=3, oe1=0, oe2=0, oe3=0, TnrInDev(mg)=111890.340, Thresh1(mg)=200000.000, Thresh2(mg)=220000.000 
    8.075: SUPPLIES: LaiuMissingLowPulseErrorCheck Dvlp-Cyan, MgThisImage: 0mg, Accumulator: 0mg, Error Threshold: 40000mg, Dev Toner: 110551.3mg, Min Dev Toner: 20000.0mg 
    8.075: SUPPLIES: LaiuMissingLowPulseErrorCheck Dvlp-Magenta, MgThisImage: 0mg, Accumulator: 0mg, Error Threshold: 40000mg, Dev Toner: 110000.0mg, Min Dev Toner: 20000.0mg 
    8.075: SUPPLIES: LaiuMissingLowPulseErrorCheck Dvlp-Yellow, MgThisImage: 0mg, Accumulator: 120mg, Error Threshold: 40000mg, Dev Toner: 111890.3mg, Min Dev Toner: 20000.0mg 
    8.075: Nfy SUPPLY_EXTENDED_INFO_AVAIL_NFY=0x36 0x19 0x00 0x00
    8.075: Nfy REVOCATION_LIST_INFO_AVAIL_NFY=0xD4 0x19 0x01 0x80
    8.075: SUPPLIES: SupplyCC_MC_Check: SupplyID: 0x19, PrinterState: 0, SuppliesSupported: 1, PrinterMachineClass: 0xffff, Printer MC: 0x0000ffff, Printer CC: 0x0000ffff, Supply MC: 0xffffffff, Supply CC: 0xffffffff
    8.075: SUPPLIES: SupplyOEM_Check: SupplyID: 0x19, OemId: 0xff, ShipWithType: 0, SuppliesSupported: 1, PrinterState: 0, Printer Machine Class: 0xffff  
    8.075: SUPPLIES: RegionCheck SupplyID: 0x19, PrinterState: 0, Pass: 1, Printer Region: 0xFFFF, Supply Region: 0x7FFF, PrinterMachineClass: 0xffff 
    8.075: SUPPLIES: SupplyMarriageCheck: Supply ID=0x19, SupplyAlreadyMarried=0, MarriageEscHatchSet=0, AnyMarriageEscHatchSet=0, NvMarriageID=0x00, SupplyMarriageID=0x9e, OkToMarrySupply=1, SupplyIsSWE=1, UnMarrySettingSet=0 
    8.075: SUPPLIES: Supply Event: CART_CYCLE_EVENT
    8.075: SUPPLIES; Manager; Msg Rcvd= SUPPLY_MSG_SUBSYSTEMS_POR_CC_ACTIONS_COMPLETE; Supply = Image Kit - Color; 
    8.075: SUPPLIES: FuserWithMemorySetMemoryStatus: Initial Quanta=62858, Yield Quanta=57200, EOL Sides=400000, AEOL Sides=440000, Scale Factor=91, HEFail=0 
    8.075: SUPPLIES: ReportLevelInfo() SupplyID=6, isAeol=0, Level=76, Sides=79985/400000/440000, Revs=451812/1840000/2024000 
    8.075: Nfy SUPPLY_EXTENDED_INFO_AVAIL_NFY=0x36 0x06 0x00 0x00
    8.075: SUPPLIES: SupplyCC_MC_Check: SupplyID: 0x06, PrinterState: 0, SuppliesSupported: 1, PrinterMachineClass: 0xffff, Printer MC: 0x0000ffff, Printer CC: 0x0000ffff, Supply MC: 0xffffffff, Supply CC: 0xffffffff
    8.075: SUPPLIES: SupplyOEM_Check: SupplyID: 0x06, OemId: 0xff, ShipWithType: 0, SuppliesSupported: 1, PrinterState: 0, Printer Machine Class: 0xffff  
    8.075: SUPPLIES: Region compatibility test skipped due to Esc hatch 
    8.075: SUPPLIES: SupplyMarriageCheck: Supply ID=0x06, SupplyAlreadyMarried=0, MarriageEscHatchSet=1, AnyMarriageEscHatchSet=1, NvMarriageID=0x00, SupplyMarriageID=0x00, OkToMarrySupply=0, SupplyIsSWE=1, UnMarrySettingSet=0 
    8.075: SUPPLIES: Supply Event: FUSER_MEM_READ_COMPLETE
    8.075: FUSER: SuppliesToFuserEvent(): Received FUSER_MEM_READ_COMPLETE with a success code of 0x1.
    8.075: FMECH: SuppliesToFuserMechEventHandler(): Received FUSER_MEM_READ_COMPLETE.
    8.075: SUPPLIES; Manager; Msg Rcvd= SUPPLY_MSG_SUBSYSTEMS_POR_CC_ACTIONS_COMPLETE; Supply = Fuser; 
    8.075: SUPPLIES; Manager; Msg Rcvd= SUPPLY_MSG_SUBSYSTEMS_POR_CC_ACTIONS_COMPLETE; Supply = ITM; 
    8.075: Nfy SUPPLY_EXTENDED_INFO_AVAIL_NFY=0x36 0x05 0x00 0x00
    8.075: SUPPLIES: SupplyCC_MC_Check: SupplyID: 0x05, PrinterState: 0, SuppliesSupported: 1, PrinterMachineClass: 0xffff, Printer MC: 0x0000ffff, Printer CC: 0x0000ffff, Supply MC: 0xffffffff, Supply CC: 0xffffffff
    8.075: SUPPLIES: SupplyOEM_Check SupplyID: ITM, Test skipped, Escape Hatch Active 
    8.075: SUPPLIES: Region compatibility test skipped due to Esc hatch 
    8.075: SUPPLIES; Manager; Msg Rcvd= SUPPLY_MSG_SUBSYSTEMS_POR_CC_ACTIONS_COMPLETE; Supply = ITM; 
    8.075: Nfy SUPPLY_EXTENDED_INFO_AVAIL_NFY=0x36 0x08 0x00 0x00
    8.075: SUPPLIES; Manager; Msg Rcvd= SUPPLY_MSG_SUBSYSTEMS_POR_CC_ACTIONS_COMPLETE; Supply = WTB; 
    8.075: SUPPLY_CONSUMPTION; Filter; ConsumptionNewState = SUPPLY_W_F_USAGE_DATA_RDY; 
    8.075: SUPPLIES; Manager; Msg Rcvd= SUPPLY_MSG_SUBSYSTEMS_POR_CC_ACTIONS_COMPLETE; Supply = Filter; 
    8.075: SUPPLIES: SupplyMgrNewState: 3 --> 5 
    8.075: SUPPLIES: BottlePgsDaysRemaining: Serno=3107588e, Sid=Bottle - Black, Level=72, TonerRemainingFromBottleMg=453161, PagesRemainingFromBottle=23071, TonerRemainingFromDeveloperMg=3000, PagesRemainingFromDeveloper=152, ReportedPgsRemaining=23300, RawPagesRemaining=23223, ReportedDaysRemaining=1659, AvgPgsPerDay=14, TonerUsed_mg=181839, CurrentSideCount=9258, AvgPcRevsPerDevLowPulse=178.867, PcRevsPerDevPulseAtEmpty=5.500, EncWfZero=0, EncWfZeroLim=500000 
    8.075: SupplyID:  4, lvl: 0,	 UnsupVal:    255,	 User:    255,	 Dflt:      0,	 Max:      0,	 Min:      0,	 Arb:     0,	 isArb:0
    8.075: SupplyID:  4, lvl: 1,	 UnsupVal:    255,	 User:    255,	 Dflt:      1,	 Max:      1,	 Min:      1,	 Arb:     1,	 isArb:0
    8.075: SupplyID:  4, lvl: 2,	 UnsupVal:    255,	 User:    255,	 Dflt:     20,	 Max:     50,	 Min:      2,	 Arb:    20,	 isArb:0
    8.075: SupplyID:  4, lvl: 3,	 UnsupVal:    255,	 User:    255,	 Dflt:     30,	 Max:     90,	 Min:     20,	 Arb:    30,	 isArb:0
    8.075: SupplyID:  4, lvl: 4,	 UnsupVal:    255,	 User:    255,	 Dflt:    255,	 Max:    255,	 Min:    255,	 Arb:   255,	 isArb:0
    8.075: SUPPLY_CONSUMPTION; Bottle - Black; ConsumptionNewState = SUPPLY_LVL_FIRST_INIT; Supply ID Index = 4; Current Level = 72; XY = 0x00; EW = 255; Near Low = 30; Low = 20; Near EOL = 1; EOL = 0; EolHardStop=0 AeolHardStop=1
    8.075: SUPPLIES: BottlePgsDaysRemaining: Serno=31045b14, Sid=Bottle - Cyan, Level=78, TonerRemainingFromBottleMg=489694, PagesRemainingFromBottle=37923, TonerRemainingFromDeveloperMg=3000, PagesRemainingFromDeveloper=232, ReportedPgsRemaining=38200, RawPagesRemaining=38155, ReportedDaysRemaining=2935, AvgPgsPerDay=13, TonerUsed_mg=145306, CurrentSideCount=11253, AvgPcRevsPerDevLowPulse=227.059, PcRevsPerDevPulseAtEmpty=5.500, EncWfZero=0, EncWfZeroLim=500000 
    8.075: SupplyID:  3, lvl: 0,	 UnsupVal:    255,	 User:    255,	 Dflt:      0,	 Max:      0,	 Min:      0,	 Arb:     0,	 isArb:0
    8.075: SupplyID:  3, lvl: 1,	 UnsupVal:    255,	 User:    255,	 Dflt:      1,	 Max:      1,	 Min:      1,	 Arb:     1,	 isArb:0
    8.075: SupplyID:  3, lvl: 2,	 UnsupVal:    255,	 User:    255,	 Dflt:     20,	 Max:     50,	 Min:      2,	 Arb:    20,	 isArb:0
    8.075: SupplyID:  3, lvl: 3,	 UnsupVal:    255,	 User:    255,	 Dflt:     30,	 Max:     90,	 Min:     20,	 Arb:    30,	 isArb:0
    8.075: SupplyID:  3, lvl: 4,	 UnsupVal:    255,	 User:    255,	 Dflt:    255,	 Max:    255,	 Min:    255,	 Arb:   255,	 isArb:0
    8.075: SUPPLY_CONSUMPTION; Bottle - Cyan; ConsumptionNewState = SUPPLY_LVL_FIRST_INIT; Supply ID Index = 3; Current Level = 78; XY = 0x00; EW = 255; Near Low = 30; Low = 20; Near EOL = 1; EOL = 0; EolHardStop=0 AeolHardStop=1
    8.075: SUPPLIES: BottlePgsDaysRemaining: Serno=31095739, Sid=Bottle - Magenta, Level=83, TonerRemainingFromBottleMg=523116, PagesRemainingFromBottle=25135, TonerRemainingFromDeveloperMg=3000, PagesRemainingFromDeveloper=144, ReportedPgsRemaining=25300, RawPagesRemaining=25279, ReportedDaysRemaining=1945, AvgPgsPerDay=13, TonerUsed_mg=111884, CurrentSideCount=5376, AvgPcRevsPerDevLowPulse=206.965, PcRevsPerDevPulseAtEmpty=5.500, EncWfZero=0, EncWfZeroLim=500000 
    8.075: SupplyID:  2, lvl: 0,	 UnsupVal:    255,	 User:    255,	 Dflt:      0,	 Max:      0,	 Min:      0,	 Arb:     0,	 isArb:0
    8.075: SupplyID:  2, lvl: 1,	 UnsupVal:    255,	 User:    255,	 Dflt:      1,	 Max:      1,	 Min:      1,	 Arb:     1,	 isArb:0
    8.075: SupplyID:  2, lvl: 2,	 UnsupVal:    255,	 User:    255,	 Dflt:     20,	 Max:     50,	 Min:      2,	 Arb:    20,	 isArb:0
    8.075: SupplyID:  2, lvl: 3,	 UnsupVal:    255,	 User:    255,	 Dflt:     30,	 Max:     90,	 Min:     20,	 Arb:    30,	 isArb:0
    8.075: SupplyID:  2, lvl: 4,	 UnsupVal:    255,	 User:    255,	 Dflt:    255,	 Max:    255,	 Min:    255,	 Arb:   255,	 isArb:0
    8.075: SUPPLY_CONSUMPTION; Bottle - Magenta; ConsumptionNewState = SUPPLY_LVL_FIRST_INIT; Supply ID Index = 2; Current Level = 83; XY = 0x00; EW = 255; Near Low = 30; Low = 20; Near EOL = 1; EOL = 0; EolHardStop=0 AeolHardStop=1
    8.075: SUPPLIES: BottlePgsDaysRemaining: Serno=311467e4, Sid=Bottle - Yellow, Level=85, TonerRemainingFromBottleMg=535063, PagesRemainingFromBottle=25618, TonerRemainingFromDeveloperMg=3000, PagesRemainingFromDeveloper=143, ReportedPgsRemaining=25800, RawPagesRemaining=25761, ReportedDaysRemaining=1982, AvgPgsPerDay=13, TonerUsed_mg=99937, CurrentSideCount=4785, AvgPcRevsPerDevLowPulse=333.090, PcRevsPerDevPulseAtEmpty=5.500, EncWfZero=0, EncWfZeroLim=500000 
    8.075: SupplyID:  1, lvl: 0,	 UnsupVal:    255,	 User:    255,	 Dflt:      0,	 Max:      0,	 Min:      0,	 Arb:     0,	 isArb:0
    8.075: SupplyID:  1, lvl: 1,	 UnsupVal:    255,	 User:    255,	 Dflt:      1,	 Max:      1,	 Min:      1,	 Arb:     1,	 isArb:0
    8.075: SupplyID:  1, lvl: 2,	 UnsupVal:    255,	 User:    255,	 Dflt:     20,	 Max:     50,	 Min:      2,	 Arb:    20,	 isArb:0
    8.075: SupplyID:  1, lvl: 3,	 UnsupVal:    255,	 User:    255,	 Dflt:     30,	 Max:     90,	 Min:     20,	 Arb:    30,	 isArb:0
    8.075: SupplyID:  1, lvl: 4,	 UnsupVal:    255,	 User:    255,	 Dflt:    255,	 Max:    255,	 Min:    255,	 Arb:   255,	 isArb:0
    8.075: SUPPLY_CONSUMPTION; Bottle - Yellow; ConsumptionNewState = SUPPLY_LVL_FIRST_INIT; Supply ID Index = 1; Current Level = 85; XY = 0x00; EW = 255; Near Low = 30; Low = 20; Near EOL = 1; EOL = 0; EolHardStop=0 AeolHardStop=1
    8.075: SUPPLIES; ItuPgsDaysRemaining; supply = ITM; ItuReportedPgsRemaining= 4294967295; ItuReportedDaysRemaining= 4294967295; Life= 100; ScaledUpAvgRevsPerPage= 0; AvgPgsPerDay= 14; ItuRevCount= 0; EOLRevs= 4294967295; SideCount= 0; EOLSides= 4294967295; RawPgsRemaining= 0; PagesRemainingRoundUp= 0; ItuDaysRemainingRevs= 0; ItuDaysRemainingSides= 0; PagesRemainingRevs= 0; PagesRemainingSides= 0 
    8.075: SupplyID:  5, lvl: 0,	 UnsupVal:    255,	 User:    255,	 Dflt:    255,	 Max:    255,	 Min:    255,	 Arb:   255,	 isArb:0
    8.075: SupplyID:  5, lvl: 1,	 UnsupVal:    255,	 User:    255,	 Dflt:    255,	 Max:    255,	 Min:    255,	 Arb:   255,	 isArb:0
    8.075: SupplyID:  5, lvl: 2,	 UnsupVal:    255,	 User:    255,	 Dflt:    255,	 Max:    255,	 Min:    255,	 Arb:   255,	 isArb:0
    8.075: SupplyID:  5, lvl: 3,	 UnsupVal:    255,	 User:    255,	 Dflt:    255,	 Max:    255,	 Min:    255,	 Arb:   255,	 isArb:0
    8.075: SupplyID:  5, lvl: 4,	 UnsupVal:    255,	 User:    255,	 Dflt:    255,	 Max:    255,	 Min:    255,	 Arb:   255,	 isArb:0
    8.075: SUPPLY_CONSUMPTION; ITU; ConsumptionNewState = SUPPLY_LVL_FIRST_INIT; Supply ID = 5; Current Level = 100; XY = 0x00; EW = 255; Near Low = 255; Low = 255; Near EOL = 255; EOL = 255; HardStop Setting = 0
    8.075: SUPPLIES; FuserPgsDaysRemaining; supply = Fuser; FuserReportedPgsRemaining= 231400; FuserReportedDaysRemaining= 16527; Life= 76; AvgRevsPerPage= 6; AvgPgsPerDay= 14; FuserRevCount= 451812; EOLRevs= 1840000; SideCount= 79985; EOLSides= 400000; RawPgsRemaining= 231365; PagesRemainingRoundUp= 100; FuserDaysRemainingRevs= 16527; FuserDaysRemainingSides= 22859; PagesRemainingRevs= 231365; PagesRemainingSides= 320015 
    8.075: SupplyID:  6, lvl: 0,	 UnsupVal:    255,	 User:    255,	 Dflt:      0,	 Max:      0,	 Min:      0,	 Arb:     0,	 isArb:0
    8.075: SupplyID:  6, lvl: 1,	 UnsupVal:    255,	 User:    255,	 Dflt:      1,	 Max:      1,	 Min:      1,	 Arb:     1,	 isArb:0
    8.075: SupplyID:  6, lvl: 2,	 UnsupVal:    255,	 User:    255,	 Dflt:      5,	 Max:     50,	 Min:      2,	 Arb:     5,	 isArb:0
    8.075: SupplyID:  6, lvl: 3,	 UnsupVal:    255,	 User:    255,	 Dflt:     10,	 Max:     90,	 Min:     10,	 Arb:    10,	 isArb:0
    8.075: SupplyID:  6, lvl: 4,	 UnsupVal:    255,	 User:    255,	 Dflt:    255,	 Max:    255,	 Min:    255,	 Arb:   255,	 isArb:0
    8.075: SUPPLY_CONSUMPTION; Fuser; ConsumptionNewState = SUPPLY_LVL_FIRST_INIT; Supply ID Index = 6; Current Level = 76; XY = 0x00; EW = 255; Near Low = 10; Low = 5; Near EOL = 1; EOL = 0; HardStop Setting = 0
    8.075: SUPPLY_CONSUMPTION; Filter; ConsumptionNewState = SUPPLY_LVL_FIRST_INIT; 
    8.075: SupplyID: 25, lvl: 0,	 UnsupVal:    255,	 User:    255,	 Dflt:      0,	 Max:      0,	 Min:      0,	 Arb:     0,	 isArb:0
    8.075: SupplyID: 25, lvl: 1,	 UnsupVal:    255,	 User:    255,	 Dflt:      1,	 Max:      1,	 Min:      1,	 Arb:     1,	 isArb:0
    8.075: SupplyID: 25, lvl: 2,	 UnsupVal:    255,	 User:    255,	 Dflt:      5,	 Max:     50,	 Min:      2,	 Arb:     5,	 isArb:0
    8.075: SupplyID: 25, lvl: 3,	 UnsupVal:    255,	 User:    255,	 Dflt:     10,	 Max:     90,	 Min:     10,	 Arb:    10,	 isArb:0
    8.075: SupplyID: 25, lvl: 4,	 UnsupVal:    255,	 User:    255,	 Dflt:    255,	 Max:    255,	 Min:    255,	 Arb:   255,	 isArb:0
    8.075: SUPPLY_CONSUMPTION; Image Kit - Color; ConsumptionNewState = SUPPLY_LVL_FIRST_INIT; Supply ID Index = 25; Current Level = 100; XY = 0x00; EW = 255; Near Low = 10; Low = 5; Near EOL = 1; EOL = 0; PostEOL_Lvl = 0; EOL HardStop Setting = 0 
    8.075: SupplyID: 15, lvl: 0,	 UnsupVal:    255,	 User:    255,	 Dflt:      0,	 Max:      0,	 Min:      0,	 Arb:     0,	 isArb:0
    8.075: SupplyID: 15, lvl: 1,	 UnsupVal:    255,	 User:    255,	 Dflt:      1,	 Max:      1,	 Min:      1,	 Arb:     1,	 isArb:0
    8.075: SupplyID: 15, lvl: 2,	 UnsupVal:    255,	 User:    255,	 Dflt:      5,	 Max:     50,	 Min:      2,	 Arb:     5,	 isArb:0
    8.075: SupplyID: 15, lvl: 3,	 UnsupVal:    255,	 User:    255,	 Dflt:     10,	 Max:     90,	 Min:     10,	 Arb:    10,	 isArb:0
    8.075: SupplyID: 15, lvl: 4,	 UnsupVal:    255,	 User:    255,	 Dflt:    255,	 Max:    255,	 Min:    255,	 Arb:   255,	 isArb:0
    8.075: SUPPLY_CONSUMPTION; Image Kit - Black; ConsumptionNewState = SUPPLY_LVL_FIRST_INIT; Supply ID Index = 15; Current Level = 77; XY = 0x00; EW = 255; Near Low = 10; Low = 5; Near EOL = 1; EOL = 0; PostEOL_Lvl = 0; EOL HardStop Setting = 0 
    8.075: WARNING: hires thread late by 4 ms
    8.075: FUSER: Using NON_CONTACT_BUR_SENSOR for Backup Roll temperature.
    8.075: FUSER: ChangeNWMState(): NWM_WF_FIC -> NWM_FULL_SPEED
    8.086: SUPPLIES: SupplyMgr External Request: QUERY_EXT_SUPPLY_INFO_COMMO 
    8.086: SUPPLIES: QRY_SUPPLY_EXT_INFO_CMD: Supply='Bottle - Black' New=0 SerialNumber=CAD23107588E KeystoneYieldSides=0x000088b9 KeystoneYieldMg=0x0009b078 KeystoneYieldRevsTacs=0x00258793
    8.089: SUPPLIES: SupplyId 15: New Supply Replenish Run-in Disabled due to Manufacturing
    8.089: SUPPLIES: SupplyId 25: New Supply Replenish Run-in Disabled due to Manufacturing
    8.089: SUPPLIES WTB; WTB_MSG_RD_POR_CC_STATUS_INFO runin reqd=0
    8.089: SUPPLIES: Nlrp: SupplyId: 4, NlrpEnabled: 1, NonGenuine: 1, Exposed: 1, SupplyWillExposeDownStream: 0, Different_NLRP_Supply: 0, SupplySupportsNlrp: 1, StoredNlrpId: 3107588e, SupplyNlrpId: 3107588e 
    8.089: SUPPLIES: Nlrp: SupplyId: 2, NlrpEnabled: 1, NonGenuine: 1, Exposed: 1, SupplyWillExposeDownStream: 0, Different_NLRP_Supply: 0, SupplySupportsNlrp: 1, StoredNlrpId: 31095739, SupplyNlrpId: 31095739 
    8.089: SUPPLIES: Nlrp: SupplyId: 3, NlrpEnabled: 1, NonGenuine: 1, Exposed: 1, SupplyWillExposeDownStream: 0, Different_NLRP_Supply: 0, SupplySupportsNlrp: 1, StoredNlrpId: 31045b14, SupplyNlrpId: 31045b14 
    8.089: SUPPLIES: Nlrp: SupplyId: 1, NlrpEnabled: 1, NonGenuine: 1, Exposed: 1, SupplyWillExposeDownStream: 0, Different_NLRP_Supply: 0, SupplySupportsNlrp: 1, StoredNlrpId: 311467e4, SupplyNlrpId: 311467e4 
    8.089: SUPPLIES: Nlrp: SupplyId: 15, NlrpEnabled: 1, NonGenuine: 0, Exposed: 1, SupplyWillExposeDownStream: 0, Different_NLRP_Supply: 0, SupplySupportsNlrp: 1, StoredNlrpId: 32900c5c, SupplyNlrpId: 32900c5c 
    8.089: SUPPLIES: Nlrp: SupplyId: 25, NlrpEnabled: 1, NonGenuine: 0, Exposed: 1, SupplyWillExposeDownStream: 0, Different_NLRP_Supply: 0, SupplySupportsNlrp: 1, StoredNlrpId: 32930294, SupplyNlrpId: 32930294 
    8.089: SUPPLIES: Nlrp: SupplyId: 6, NlrpEnabled: 1, NonGenuine: 0, Exposed: 1, SupplyWillExposeDownStream: 0, Different_NLRP_Supply: 0, SupplySupportsNlrp: 1, StoredNlrpId: a00050e6, SupplyNlrpId: a00050e6 
    8.089: SUPPLIES: Manager Tx SUPPLIES_STATUS_READY RunInRequired=0 DifferentSupplyInstalled=0 AllActionsSuccessfull=1 Line=4832 
    8.089: SUPPLIES: Supply Event: SUPPLIES_STATUS_READY
    8.089: SUPPLIES: SupplyMgr External Request: SUPPLY_RQST_QRY_COLOR_EP_DATA 
    8.089: SUPPLIES: SUPPLY_RQST_QRY_COLOR_EP_DATA: env_charge_hum_thresh=150, env_charge_k_gain=210, env_charge_cmy_gain=240, film_charge_hum_thresh=170, film_charge_k_gain=165, film_charge_cmy_gain=215, film_charge_rev_start=0, film_charge_rev_stop=500000, pc_life_k_gain=0, pc_life_cmy_gain=0, non_print_env_dev_hum_thresh=95, non_print_env_dev_k_gain=145, non_print_env_dev_cmy_gain=145, non_print_pc_life_k_gain=0, non_print_pc_life_cmy_gain=0, non_print_film_dev_hum_thresh=95, non_print_film_dev_k_gain=110, non_print_film_dev_cmy_gain=110, non_print_film_dev_rev_start=0, non_print_film_dev_rev_stop=300000, non_printing_white_vector=-200, cmy_first_xfer_print_voltage_adder=0, second_xfer_print_voltage_adder=0, charge_print_voltage_adder=0, developer_print_voltage_adder=0, xfer_print_voltage_adder=0, BottleEpEcLvl=-1, IuEpEcLvl=-1, first_xfer_knee_1=0, first_xfer_knee_2=50, first_xfer_knee_3=100, first_xfer_knee_4=200, first_xfer_knee_5=400, cmy_charge_print_voltage_adder=0, cmy_developer_print_voltage_adder=0, slope_adjust_a=0.000000, slope_adjust_c=0.000000, ItmSideCount=128, HighestStationWeightAndEcLevelId=0 
    8.089: SUPPLIES: SupplyMgr External Request: SUPPLY_RQST_QRY_BOTTLE_TONER_TYPE 
    8.089: SUPPLIES: toner type k: STANDARD, m: STANDARD, c: STANDARD, y: STANDARD
    8.089: SUPPLIES: SupplyMgr External Request: SUPPLY_RQST_QRY_TPS_DATA 
    8.089: SUPPLIES: SUPPLY_RQST_QRY_TPS_DATA: TpNominalWhiteVector=-735, DeveloperStartAdjustNumSteps=0.000000, DeveloperStepScalar=1.000000, LaserStartAdjustNumSteps=0.000000, LaserStepScalar=1.000000, TonerDarkness5Boost_K=5, TonerDarkness5Boost_C=5, TonerDarkness5Boost_M=5, TonerDarkness5Boost_Y=5, SolidTargetAdjust_K=0.00, SolidTargetAdjust_C=0.00, SolidTargetAdjust_M=0.00, SolidTargetAdjust_Y=0.00, SolidTargetAdjust_Mono=0.00, ArchiveModeDeveloperOpPointBoost=30, ArchiveModeLaserOpPointBoost=20, BottleTpsEcLvl=0, IuTpsEcLvl=0 
    8.089: TpSupplyEventHandler: SUPPLIES_STATUS_READY: SupplyData.AllActionsSuccessfull = 1, gSuppliesReady = 1, gTpMachineState = 0 gIgnoringIrInDiags = 0
<DEV_TONER EngineTime='    8.089' StringId='1' PrinterSideCount='157' RealTime='2026-09-23 05:58' Gap='0' Supply='Dvlp-Black' Reason='P' DB='0' SideToner_mg='0.000' TonerInDev_mg='113190.633' Speed='55' PCRevsSinceCounterReset='1093' CurrentPCRevs='280778' StableTonerLevelAtSpeed_mg='0.000' IuSideCount='41465' Replenish_mg='2000.0' CurrentFeedRate='3443' /> 
<DEV_TONER EngineTime='    8.089' StringId='1' PrinterSideCount='157' RealTime='2026-09-23 05:58' Gap='0' Supply='Dvlp-Cyan' Reason='P' DB='0' SideToner_mg='0.000' TonerInDev_mg='110551.320' Speed='55' PCRevsSinceCounterReset='8' CurrentPCRevs='100067' StableTonerLevelAtSpeed_mg='0.000' IuSideCount='10286' Replenish_mg='2000.0' CurrentFeedRate='3651' /> 
<DEV_TONER EngineTime='    8.089' StringId='1' PrinterSideCount='157' RealTime='2026-09-23 05:58' Gap='0' Supply='Dvlp-Magenta' Reason='P' DB='0' SideToner_mg='0.000' TonerInDev_mg='110000.047' Speed='55' PCRevsSinceCounterReset='2' CurrentPCRevs='100067' StableTonerLevelAtSpeed_mg='0.000' IuSideCount='10286' Replenish_mg='2000.0' CurrentFeedRate='3364' /> 
<DEV_TONER EngineTime='    8.089' StringId='1' PrinterSideCount='157' RealTime='2026-09-23 05:58' Gap='0' Supply='Dvlp-Yellow' Reason='P' DB='0' SideToner_mg='0.000' TonerInDev_mg='111890.340' Speed='55' PCRevsSinceCounterReset='225' CurrentPCRevs='100067' StableTonerLevelAtSpeed_mg='0.000' IuSideCount='10286' Replenish_mg='2000.0' CurrentFeedRate='3288' /> 
    8.089: SUPPLIES: GetDarknessScaleFactors(): rc=0, Darkness=0, ScaleFactor_K=100, ScaleFactor_C=100, ScaleFactor_M=100, ScaleFactor_Y=100 
    8.089: SUPPLIES: GetDarknessScaleFactors(): rc=0, Darkness=1, ScaleFactor_K=100, ScaleFactor_C=100, ScaleFactor_M=100, ScaleFactor_Y=100 
    8.089: SUPPLIES: GetDarknessScaleFactors(): rc=0, Darkness=2, ScaleFactor_K=100, ScaleFactor_C=100, ScaleFactor_M=100, ScaleFactor_Y=100 
    8.089: SUPPLIES: GetDarknessScaleFactors(): rc=0, Darkness=3, ScaleFactor_K=100, ScaleFactor_C=100, ScaleFactor_M=100, ScaleFactor_Y=100 
    8.089: SUPPLIES: GetDarknessScaleFactors(): rc=0, Darkness=4, ScaleFactor_K=100, ScaleFactor_C=100, ScaleFactor_M=100, ScaleFactor_Y=100 
    8.089: SUPPLIES: GetDarknessScaleFactors(): rc=0, Darkness=5, ScaleFactor_K=255, ScaleFactor_C=255, ScaleFactor_M=255, ScaleFactor_Y=255 
    8.089: SUPPLIES: SupplyMgrNewState: 5 --> 6 
    8.089: SUPPLIES: SendUPC_BottleUsage: Supply: Bottle - Black, Usage: 181839 mg 
    8.089: Nfy SUPPLY_LIFE_LIMITS_NFY=0xA7 0x04 0x00 0x00
    8.089: Nfy SUPPLY_STATUS_CHANGE_NFY=0x9E 0x04 0x00 0x00
    8.089: SUPPLY_CONSUMPTION; Bottle - Black; ConsumptionNewState = SUPPLY_PRE_WARNINGS_STATE; Supply ID Index = 4; Current Level = 72; XY = 0x00; EW = 255; Near Low = 30; Low = 20; Near EOL = 1; EOL = 0; EolHardStop=0 AeolHardStop=1
    8.089: SUPPLIES: SendUPC_BottleUsage: Supply: Bottle - Cyan, Usage: 145306 mg 
    8.089: Nfy SUPPLY_LIFE_LIMITS_NFY=0xA7 0x03 0x00 0x00
    8.089: Nfy SUPPLY_STATUS_CHANGE_NFY=0x9E 0x03 0x00 0x00
    8.089: SUPPLY_CONSUMPTION; Bottle - Cyan; ConsumptionNewState = SUPPLY_PRE_WARNINGS_STATE; Supply ID Index = 3; Current Level = 78; XY = 0x00; EW = 255; Near Low = 30; Low = 20; Near EOL = 1; EOL = 0; EolHardStop=0 AeolHardStop=1
    8.089: SUPPLIES: SendUPC_BottleUsage: Supply: Bottle - Magenta, Usage: 111884 mg 
    8.089: Nfy SUPPLY_LIFE_LIMITS_NFY=0xA7 0x02 0x00 0x00
    8.089: Nfy SUPPLY_STATUS_CHANGE_NFY=0x9E 0x02 0x00 0x00
    8.089: SUPPLY_CONSUMPTION; Bottle - Magenta; ConsumptionNewState = SUPPLY_PRE_WARNINGS_STATE; Supply ID Index = 2; Current Level = 83; XY = 0x00; EW = 255; Near Low = 30; Low = 20; Near EOL = 1; EOL = 0; EolHardStop=0 AeolHardStop=1
    8.089: SUPPLIES: SendUPC_BottleUsage: Supply: Bottle - Yellow, Usage: 99937 mg 
    8.089: Nfy SUPPLY_LIFE_LIMITS_NFY=0xA7 0x01 0x00 0x00
    8.089: Nfy SUPPLY_STATUS_CHANGE_NFY=0x9E 0x01 0x00 0x00
    8.089: SUPPLY_CONSUMPTION; Bottle - Yellow; ConsumptionNewState = SUPPLY_PRE_WARNINGS_STATE; Supply ID Index = 1; Current Level = 85; XY = 0x00; EW = 255; Near Low = 30; Low = 20; Near EOL = 1; EOL = 0; EolHardStop=0 AeolHardStop=1
    8.089: SUPPLIES; ItuPgsDaysRemaining; supply = ITM; ItuReportedPgsRemaining= 4294967295; ItuReportedDaysRemaining= 4294967295; Life= 100; ScaledUpAvgRevsPerPage= 0; AvgPgsPerDay= 14; ItuRevCount= 0; EOLRevs= 4294967295; SideCount= 0; EOLSides= 4294967295; RawPgsRemaining= 0; PagesRemainingRoundUp= 0; ItuDaysRemainingRevs= 0; ItuDaysRemainingSides= 0; PagesRemainingRevs= 0; PagesRemainingSides= 0 
    8.089: SUPPLIES; ItuPgsDaysRemaining; supply = ITM; ItuReportedPgsRemaining= 4294967295; ItuReportedDaysRemaining= 4294967295; Life= 100; ScaledUpAvgRevsPerPage= 0; AvgPgsPerDay= 14; ItuRevCount= 0; EOLRevs= 4294967295; SideCount= 0; EOLSides= 4294967295; RawPgsRemaining= 0; PagesRemainingRoundUp= 0; ItuDaysRemainingRevs= 0; ItuDaysRemainingSides= 0; PagesRemainingRevs= 0; PagesRemainingSides= 0 
    8.089: Nfy SUPPLY_LIFE_LIMITS_NFY=0xA7 0x05 0x00 0x00
    8.089: Nfy SUPPLY_STATUS_CHANGE_NFY=0x9E 0x05 0x00 0x00
    8.089: SUPPLY_CONSUMPTION; ITU; ConsumptionNewState = SUPPLY_PRE_WARNINGS_STATE; Supply ID = 5; Current Level = 100; XY = 0x00; EW = 255; Near Low = 255; Low = 255; Near EOL = 255; EOL = 255; HardStop Setting = 0
    8.089: SupplyID:  8, lvl: 0,	 UnsupVal:    255,	 User:    255,	 Dflt:      0,	 Max:      0,	 Min:      0,	 Arb:     0,	 isArb:0
    8.089: SupplyID:  8, lvl: 1,	 UnsupVal:    255,	 User:    255,	 Dflt:      2,	 Max:      2,	 Min:      2,	 Arb:     2,	 isArb:0
    8.089: SupplyID:  8, lvl: 2,	 UnsupVal:    255,	 User:    255,	 Dflt:    255,	 Max:    255,	 Min:    255,	 Arb:   255,	 isArb:0
    8.089: SupplyID:  8, lvl: 3,	 UnsupVal:    255,	 User:    255,	 Dflt:    255,	 Max:    255,	 Min:    255,	 Arb:   255,	 isArb:0
    8.089: SupplyID:  8, lvl: 4,	 UnsupVal:    255,	 User:    255,	 Dflt:    255,	 Max:    255,	 Min:    255,	 Arb:   255,	 isArb:0
    8.089: SUPPLY_CONSUMPTION; WTB; ConsumptionNewState=SUPPLY_LVL_FIRST_INIT SupplyID=8 CurrentLevel=100 XY=0x00 EW=255 NearLow=255 Low=255 NearEOL=2 EOL=0 HardStopSetting=1 PgsRemaining=0
    8.089: Nfy SUPPLY_LIFE_LIMITS_NFY=0xA7 0x06 0x00 0x00
    8.089: Nfy SUPPLY_STATUS_CHANGE_NFY=0x9E 0x06 0x00 0x00
    8.089: SUPPLY_CONSUMPTION; Fuser; ConsumptionNewState = SUPPLY_PRE_WARNINGS_STATE; Supply ID Index = 6; Current Level = 76; XY = 0x00; EW = 255; Near Low = 10; Low = 5; Near EOL = 1; EOL = 0; HardStop Setting = 0
    8.089: Nfy SUPPLY_STATUS_CHANGE_NFY=0x9E 0x07 0x00 0x00
    8.089: SUPPLY_CONSUMPTION; Filter; ConsumptionNewState = SUPPLY_PRE_WARNINGS_STATE; 
    8.089: SUPPLIES: jUPC MemMgr HB submit work WORKTASK_SEND_UPC_CMD 
    8.089: SUPPLIES: jUPC SUPPLIES: MemoryCommoKernelThread WORKTASK_SEND_UPC_CMD begin. PageID=0x0 
    8.089: SUPPLIES: jUPC j1 init id=1 toner=181839 
    8.089: SUPPLIES: Memory: MemManSubmitWork(): work=WORKTASK_SEND_UPC_CMD  struct=2 rc=0 MemMgrState=MEM_MGR_IDLE  
    8.089: SUPPLIES: Memory: MemMgrNewState() MEM_MGR_IDLE  --> MEM_MGR_WF_UPC_CMD  
    8.089: Nfy SUPPLY_LIFE_LIMITS_NFY=0xA7 0x19 0x00 0x00
    8.089: Nfy SUPPLY_STATUS_CHANGE_NFY=0x9E 0x19 0x00 0x00
    8.089: SUPPLY_CONSUMPTION; Image Kit - Color; ConsumptionNewState = SUPPLY_PRE_WARNINGS_STATE; Supply ID Index = 25; Current Level = 100; XY = 0x00; EW = 255; Near Low = 10; Low = 5; Near EOL = 1; EOL = 0; PostEOL_Lvl = 0; EOL HardStop Setting = 0 
    8.089: Nfy SUPPLY_LIFE_LIMITS_NFY=0xA7 0x0F 0x00 0x00
    8.089: Nfy SUPPLY_STATUS_CHANGE_NFY=0x9E 0x0F 0x00 0x00
    8.089: SUPPLY_CONSUMPTION; Image Kit - Black; ConsumptionNewState = SUPPLY_PRE_WARNINGS_STATE; Supply ID Index = 15; Current Level = 77; XY = 0x00; EW = 255; Near Low = 10; Low = 5; Near EOL = 1; EOL = 0; PostEOL_Lvl = 0; EOL HardStop Setting = 0 
    8.089: SUPPLIES: SupplyMgr External Request: SUPPLY_RQST_QRY_FUSER_DATA 
    8.089: FUSER: FuserMan() - Supplies Fuser Offset = 0
    8.093: SUPPLIES: jUPC j1 init id=1 toner=181839 rc=0 
    8.093: SUPPLIES: jUPC j1 init id=2 toner=145306 
    8.093: TPS StringId='88' Comment='TP: TpAsyncThreadReq()' TpAsyncReqId='19'
    8.093: TPS StringId='88' Comment='TP: TpAsyncThreadReq()' TpAsyncReqId='14'
    8.092: ssec: ui: devNum=1, usage=0x0002c64f
    8.096: SUPPLIES: jUPC j1 init id=2 toner=145306 rc=0 
    8.096: SUPPLIES: jUPC j1 init id=3 toner=111884 
    8.092: ssec: cmd=23, devNum=1, rc=0
    8.099: EM: J1 Engine Manager State: W_F_SUPPLIES_COMMO_COMPLETE                       -> START_WARMUP_AFTER_SUPPLIES_READ_STATE           
    8.099: SUPPLIES: jUPC j1 init id=3 toner=111884 rc=0 
    8.099: SUPPLIES: jUPC j1 init id=4 toner=99937 
    8.094: ssec: ui: devNum=2, usage=0x0002379a
    8.094: ssec: cmd=23, devNum=2, rc=0
    8.101: Nfy SUPPLY_LIFE_INFO_AVAIL_NFY=0xA8 0x04 0x01 0x00
    8.101: Nfy SUPPLY_LIFE_INFO_AVAIL_NFY=0xA8 0x04 0x02 0x00
    8.101: SUPPLY_CART_CONSUMPTION; Bottle - Black Current State=SUPPLY_PRE_WARNINGS_STATE Current Level=72 SupplyID=4 XY=0x00 EW=255 NearLow=30 Low=20 NearEOL=1 EOL=0 PostEOL_Lvl=0 EolHardStop=0 AeolHardStop=1 PgsRemaining=23300
    8.101: Nfy SUPPLY_LIFE_INFO_AVAIL_NFY=0xA8 0x03 0x01 0x00
    8.101: Nfy SUPPLY_LIFE_INFO_AVAIL_NFY=0xA8 0x03 0x02 0x00
    8.101: SUPPLY_CART_CONSUMPTION; Bottle - Cyan Current State=SUPPLY_PRE_WARNINGS_STATE Current Level=78 SupplyID=3 XY=0x00 EW=255 NearLow=30 Low=20 NearEOL=1 EOL=0 PostEOL_Lvl=0 EolHardStop=0 AeolHardStop=1 PgsRemaining=38200
    8.101: Nfy SUPPLY_LIFE_INFO_AVAIL_NFY=0xA8 0x02 0x01 0x00
    8.101: Nfy SUPPLY_LIFE_INFO_AVAIL_NFY=0xA8 0x02 0x02 0x00
    8.101: SUPPLY_CART_CONSUMPTION; Bottle - Magenta Current State=SUPPLY_PRE_WARNINGS_STATE Current Level=83 SupplyID=2 XY=0x00 EW=255 NearLow=30 Low=20 NearEOL=1 EOL=0 PostEOL_Lvl=0 EolHardStop=0 AeolHardStop=1 PgsRemaining=25300
    8.101: Nfy SUPPLY_LIFE_INFO_AVAIL_NFY=0xA8 0x01 0x01 0x00
    8.101: Nfy SUPPLY_LIFE_INFO_AVAIL_NFY=0xA8 0x01 0x02 0x00
    8.101: SUPPLY_CART_CONSUMPTION; Bottle - Yellow Current State=SUPPLY_PRE_WARNINGS_STATE Current Level=85 SupplyID=1 XY=0x00 EW=255 NearLow=30 Low=20 NearEOL=1 EOL=0 PostEOL_Lvl=0 EolHardStop=0 AeolHardStop=1 PgsRemaining=25800
    8.101: Nfy SUPPLY_LIFE_INFO_AVAIL_NFY=0xA8 0x05 0x01 0x00
    8.101: Nfy SUPPLY_LIFE_INFO_AVAIL_NFY=0xA8 0x05 0x02 0x00
    8.101: SUPPLY_CART_CONSUMPTION; ITM Current State=SUPPLY_PRE_WARNINGS_STATE Current Level=100 SupplyID=5 XY=0x00 EW=255 NearLow=255 Low=255 NearEOL=255 EOL=255 PostEOL_Lvl=255 EolHardStop=0 AeolHardStop=0 PgsRemaining=4294967295
    8.101: Nfy SUPPLY_LIFE_LIMITS_NFY=0xA7 0x08 0x00 0x00
    8.101: Nfy SUPPLY_STATUS_CHANGE_NFY=0x9E 0x08 0x00 0x00
    8.101: SUPPLY_CONSUMPTION; WTB; ConsumptionNewState=SUPPLY_PRE_WARNINGS_STATE SupplyID=8 CurrentLevel=100 XY=0x00 EW=255 NearLow=255 Low=255 NearEOL=2 EOL=0 HardStopSetting=1 PgsRemaining=10000
    8.101: Nfy SUPPLY_LIFE_INFO_AVAIL_NFY=0xA8 0x06 0x01 0x00
    8.101: Nfy SUPPLY_LIFE_INFO_AVAIL_NFY=0xA8 0x06 0x02 0x00
    8.101: SUPPLY_CART_CONSUMPTION; Fuser Current State=SUPPLY_PRE_WARNINGS_STATE Current Level=76 SupplyID=6 XY=0x00 EW=255 NearLow=10 Low=5 NearEOL=1 EOL=0 PostEOL_Lvl=0 EolHardStop=0 AeolHardStop=1 PgsRemaining=231400
    8.101: Nfy SUPPLY_LIFE_INFO_AVAIL_NFY=0xA8 0x19 0x01 0x00
    8.101: Nfy SUPPLY_LIFE_INFO_AVAIL_NFY=0xA8 0x19 0x02 0x00
    8.101: SUPPLY_CART_CONSUMPTION; Image Kit - Color Current State=SUPPLY_PRE_WARNINGS_STATE Current Level=100 SupplyID=25 XY=0x00 EW=255 NearLow=10 Low=5 NearEOL=1 EOL=0 PostEOL_Lvl=0 EolHardStop=0 AeolHardStop=1 PgsRemaining=250000
    8.101: Nfy SUPPLY_LIFE_INFO_AVAIL_NFY=0xA8 0x0F 0x01 0x00
    8.101: Nfy SUPPLY_LIFE_INFO_AVAIL_NFY=0xA8 0x0F 0x02 0x00
    8.101: SUPPLY_CART_CONSUMPTION; Image Kit - Black Current State=SUPPLY_PRE_WARNINGS_STATE Current Level=77 SupplyID=15 XY=0x00 EW=255 NearLow=10 Low=5 NearEOL=1 EOL=0 PostEOL_Lvl=0 EolHardStop=0 AeolHardStop=1 PgsRemaining=128000
    8.097: ssec: ui: devNum=3, usage=0x0001b50c
    8.103: SUPPLIES: jUPC j1 init id=4 toner=99937 rc=0 
    8.103: SUPPLIES: jUPC SUPPLIES: MemoryCommoKernelThread WORKTASK_SEND_UPC_CMD finished. PageID=0x0 
    8.097: ssec: cmd=23, devNum=3, rc=0
    8.099: ssec: ui: devNum=4, usage=0x00018661
    8.109: SUPPLIES: SupplyMgr External Request: QUERY_EXT_SUPPLY_INFO_COMMO 
    8.109: SUPPLIES: QRY_SUPPLY_EXT_INFO_CMD: Supply='Bottle - Magenta' New=0 SerialNumber=CAD231095739 KeystoneYieldSides=0x00007531 KeystoneYieldMg=0x0009b078 KeystoneYieldRevsTacs=0x0027604c
    8.099: ssec: cmd=23, devNum=4, rc=0
    8.110: SUPPLIES: SupplyMgr External Request: SUPPLY_RQST_QRY_BOTTLE_TONER_TYPE 
    8.110: FUSER: fsrDriverRequest: FUSER_SET_TONER_TYPE
    8.110: FUSER: fsrDriverRequest: FUSER_UPDATE_OPERATION_PARAMETERS
    8.110: FUSER: fsrDriverRequest(): FUSER_UPDATE_OPERATION_PARAMETERS: ForceConservativeCoolTreats = 0, SelectedCoolTreats = 0, UseDuplexToSimplexFudge = 0, WarmupTime = 0, EnableWideAfterNarrowHotPause = 1
    8.110: EM: J1 Engine Manager State: START_WARMUP_AFTER_SUPPLIES_READ_STATE            -> W_T_WARM_FUSER                                   
    8.112: Nfy SUPPLY_LIFE_INFO_AVAIL_NFY=0xA8 0x08 0x01 0x00
    8.112: Nfy SUPPLY_LIFE_INFO_AVAIL_NFY=0xA8 0x08 0x02 0x00
    8.112: SUPPLY_WTB_CONSUMPTION; WTB Current State=SUPPLY_PRE_WARNINGS_STATE Current Level=100 SupplyID=8 XY=0x00 EW=255 NearLow=255 Low=255 NearEOL=2 EOL=0 PostEOL_Lvl=255 EolHardStop=1 AeolHardStop=1 PgsRemaining=10000
    8.112: SUPPLIES: Memory: MemMgrNewState() MEM_MGR_WF_UPC_CMD  --> MEM_MGR_IDLE  
    8.112: SUPPLIES: jUPC MemMgr UPC HB work finished 
    8.110: optDriverRequest: INIT_FEEDTIMES_AND_PG_LENGTHS
    8.120: EM: J1 Engine Manager State: W_T_WARM_FUSER                                    -> FUSER_WARMING                                    
    8.122: Nfy SUPPLIES_CONFIGURED_NFY=0xE6 0x00 0x00 0x00
    8.122: SUPPLIES: SupplyMgrNewState: 6 --> 2 
    8.129: SUPPLIES: SupplyMgr External Request: QUERY_EXT_SUPPLY_INFO_COMMO 
    8.129: SUPPLIES: QRY_SUPPLY_EXT_INFO_CMD: Supply='Bottle - Cyan' New=0 SerialNumber=CAD231045B14 KeystoneYieldSides=0x00007531 KeystoneYieldMg=0x0009b078 KeystoneYieldRevsTacs=0x0028b20b
    8.130: TASK: Message EM_MSG_EM_TO_ET_WARMUP_FLUSH_START_FLUSH sent to EmWarmupFlushTask()
    8.130: EM: J1 Engine Manager State: FUSER_WARMING                                     -> W_F_WARMUP_FLUSH_COMPLETE                        
    8.130, 0.000, 'FuserMainPwrPercentAct',          0,        230, 0, 0
    8.140: TASK: EmWarmupFlushTask() status 0x1.  Task NOT Removed.
    8.140: TASK: Message EM_MSG_EM_TO_ET_OPTIONS_START_WARMUP sent to EmOptionTask()
    8.140: TASK: Message EM_MSG_EM_TO_ET_OPTIONS_PAUSE_WARMUP sent to EmOptionTask()
    8.140: EM: J1 Engine Manager State: W_F_WARMUP_FLUSH_COMPLETE                         -> OPTIONS_INIT_PAUSING                             
    8.149: SUPPLIES: SupplyMgr External Request: QUERY_EXT_SUPPLY_INFO_COMMO 
    8.149: SUPPLIES: QRY_SUPPLY_EXT_INFO_CMD: Supply='Bottle - Yellow' New=0 SerialNumber=CAD2311467E4 KeystoneYieldSides=0x00007531 KeystoneYieldMg=0x0009b078 KeystoneYieldRevsTacs=0x00252383
    8.160: TASK: EmOptionTask() status 0x1.  Task NOT Removed.
    8.160: EM: EmOptionChangeState() - EM_OPTION_STATE_IDLE -> EM_OPTION_STATE_WARMUP
    8.160: TASK: EmOptionTask() status 0x1.  Task NOT Removed.
    8.160: TASK: Message EM_MSG_ET_TO_ET_LOAD_TIMER sent to EmOptionTimerTask()
    8.160: EM: EmOptionChangeState() - EM_OPTION_STATE_WARMUP -> EM_OPTION_STATE_WAITING_ON_PAUSE
    8.160: optDriverRequest: START_WARMUP
    8.160: optDriverRequest: PAUSE_WARMUP
    8.162: Option Manager State: OPT_MGR_WARMUP
    8.167: dws: TP: TpSuppliesStatusReady ready in TpProcessNvRamOpPointRequests()
    8.167: dws: TpNvEnableEpOpPoints: from TpProcessNvRamOpPointRequests:
    8.167: TPS StringId='73' Comment='TP: Solid Area Calibration Results' Prefix_Color='Black' OpPoint='6.000' SolidAreaDeveloperBias='0.000' SolidAreaLaserPower='0.000' SolidAreaTpNvGUID='NPA_SOLID_AREA_OPPOINT_K', 
    8.167: TPS StringId='73' Comment='TP: Solid Area Calibration Results' Prefix_Color='Cyan' OpPoint='5.000' SolidAreaDeveloperBias='0.000' SolidAreaLaserPower='0.000' SolidAreaTpNvGUID='NPA_SOLID_AREA_OPPOINT_C', 
    8.167: TPS StringId='73' Comment='TP: Solid Area Calibration Results' Prefix_Color='Magenta' OpPoint='5.000' SolidAreaDeveloperBias='0.000' SolidAreaLaserPower='0.000' SolidAreaTpNvGUID='NPA_SOLID_AREA_OPPOINT_M', 
    8.167: TPS StringId='73' Comment='TP: Solid Area Calibration Results' Prefix_Color='Yellow' OpPoint='5.004' SolidAreaDeveloperBias='0.000' SolidAreaLaserPower='0.000' SolidAreaTpNvGUID='NPA_SOLID_AREA_OPPOINT_Y', 
    8.167: TPS StringId='73' Comment='TP: HT Servo Calibration Results' Prefix_Color='Black' OpPoint='4.000' SolidAreaDeveloperBias='0.000' SolidAreaLaserPower='0.000' SolidAreaTpNvGUID='NPA_LASER_POWER_OPPOINT_K' (15102), 
    8.167: TPS StringId='73' Comment='TP: HT Servo Calibration Results' Prefix_Color='Cyan' OpPoint='4.000' SolidAreaDeveloperBias='0.000' SolidAreaLaserPower='0.000' SolidAreaTpNvGUID='NPA_LASER_POWER_OPPOINT_C' (15103), 
    8.167: TPS StringId='73' Comment='TP: HT Servo Calibration Results' Prefix_Color='Magenta' OpPoint='4.000' SolidAreaDeveloperBias='0.000' SolidAreaLaserPower='0.000' SolidAreaTpNvGUID='NPA_LASER_POWER_OPPOINT_M' (15104), 
    8.167: TPS StringId='73' Comment='TP: HT Servo Calibration Results' Prefix_Color='Yellow' OpPoint='4.004' SolidAreaDeveloperBias='0.000' SolidAreaLaserPower='0.000' SolidAreaTpNvGUID='NPA_LASER_POWER_OPPOINT_Y' (15105), 
    8.167: TPS StringId='73' Comment='TP: HT Servo Calibration Results' Prefix_Color='Black' OpPoint='4.000' SolidAreaDeveloperBias='0.000' SolidAreaLaserPower='0.000' SolidAreaTpNvGUID='NPA_LASER_POWER_OPPOINT_STOCHASTIC_K' (15384), 
    8.167: TPS StringId='73' Comment='TP: HT Servo Calibration Results' Prefix_Color='Cyan' OpPoint='4.000' SolidAreaDeveloperBias='0.000' SolidAreaLaserPower='0.000' SolidAreaTpNvGUID='NPA_LASER_POWER_OPPOINT_STOCHASTIC_C' (15385), 
    8.167: TPS StringId='73' Comment='TP: HT Servo Calibration Results' Prefix_Color='Magenta' OpPoint='4.000' SolidAreaDeveloperBias='0.000' SolidAreaLaserPower='0.000' SolidAreaTpNvGUID='NPA_LASER_POWER_OPPOINT_STOCHASTIC_M' (15386), 
    8.167: TPS StringId='73' Comment='TP: HT Servo Calibration Results' Prefix_Color='Yellow' OpPoint='4.004' SolidAreaDeveloperBias='0.000' SolidAreaLaserPower='0.000' SolidAreaTpNvGUID='NPA_LASER_POWER_OPPOINT_STOCHASTIC_Y' (15387), 
    8.167: dws: TpNvEnableEpOpPoints: from TpNvRamPORInit:
    8.167: phDriverRequest: PH_SET_VP_VZ_PARMS
    8.167: PhSetVpandVzParameters(): Printhead = 0:Plane = 0:Vp = 900.000000: Vz = 100.000000
    8.167: PhSetVpandVzParameters(): Printhead = 0:Plane = 1:Vp = 900.000000: Vz = 100.000000
    8.167: PhSetVpandVzParameters(): Printhead = 0:Plane = 2:Vp = 900.000000: Vz = 100.000000
    8.167: PhSetVpandVzParameters(): Printhead = 0:Plane = 3:Vp = 900.000000: Vz = 100.000000
    8.168: dws: TpNvBackupCalResultLowRes()
    8.168: dws: TpNvBackupCalResultLowRes: EP: Color = Black, Original = 0.000, New = 6.000, HT_Original = 0.000, HT_New = 0.000
    8.168: dws: TpNvBackupCalResultLowRes: EP: Color = Cyan, Original = 0.000, New = 5.000, HT_Original = 0.000, HT_New = 0.000
    8.168: dws: TpNvBackupCalResultLowRes: EP: Color = Magenta, Original = 0.000, New = 5.000, HT_Original = 0.000, HT_New = 0.000
    8.168: dws: TpNvBackupCalResultLowRes: EP: Color = Yellow, Original = 0.000, New = 5.000, HT_Original = 0.000, HT_New = 0.000
    8.168: dws: TpNvBackupCalResultLowRes: LP: Color = Black, Original = 0.000, New = 4.000
    8.168: dws: TpNvBackupCalResultLowRes: LP: Color = Cyan, Original = 0.000, New = 4.000
    8.168: dws: TpNvBackupCalResultLowRes: LP: Color = Magenta, Original = 0.000, New = 4.000
    8.168: dws: TpNvBackupCalResultLowRes: LP: Color = Yellow, Original = 0.000, New = 4.000
    8.168: dws: TpNvBackupCalResultLowRes: LP-stochastic: Color = Black, Original = 0.000, New = 4.000
    8.168: dws: TpNvBackupCalResultLowRes: LP-stochastic: Color = Cyan, Original = 0.000, New = 4.000
    8.168: dws: TpNvBackupCalResultLowRes: LP-stochastic: Color = Magenta, Original = 0.000, New = 4.000
    8.168: dws: TpNvBackupCalResultLowRes: LP-stochastic: Color = Yellow, Original = 0.000, New = 4.000
    8.168: TP: TpBackupHtServoLpCoefficients: New: A = 0.000000, B = 0.000000, C = 0.000000, Original: A = 0.000000, B = 0.000000, C = 0.000000,
    8.168: dws: TpNvBackupCalResultHighRes()
    8.168: EngineDriverRequest(): ENG_RQST_DEFAULT_SPEED_INDEX     
    8.168: XLATE: XlatePrintPage(OpPoint=01,MediaType=00,source=99,dest=90,BannerFlag,GeneralFlags1=00,Size=00,CustomWidth=0000,RunAtDefaultSpeed=01,PageHasMedia=01,PageIsInternal=00)
    8.168: XLATE: TPSFullCalibrationRule
    8.168: XLATE: Supports600DpiJobsRule
    8.168: XLATE: XlatePrintPage() - fastest_speed: 55 MachineInfo.Model: 1 TargetResolution: 1 ReturnVal: 0
    8.168: AA: TpSetAAResult() - Result: 0x0 Status Flags: 0x0
<TPS EngineTime='    8.168' Comment='TP:' StringId='1009' CalibrationCode='1' CalibrationMessage='TP_K_SOLID_AREA_ERROR' />
<TPS EngineTime='    8.168' Comment='TP:' StringId='1009' CalibrationCode='2' CalibrationMessage='TP_C_SOLID_AREA_ERROR' />
<TPS EngineTime='    8.168' Comment='TP:' StringId='1009' CalibrationCode='3' CalibrationMessage='TP_M_SOLID_AREA_ERROR' />
<TPS EngineTime='    8.168' Comment='TP:' StringId='1009' CalibrationCode='4' CalibrationMessage='TP_Y_SOLID_AREA_ERROR' />
<TPS EngineTime='    8.168' Comment='TP:' StringId='1009' CalibrationCode='5' CalibrationMessage='TP_K_HT_LP_SERVO_ERROR' />
<TPS EngineTime='    8.168' Comment='TP:' StringId='1009' CalibrationCode='6' CalibrationMessage='TP_C_HT_LP_SERVO_ERROR' />
<TPS EngineTime='    8.168' Comment='TP:' StringId='1009' CalibrationCode='7' CalibrationMessage='TP_M_HT_LP_SERVO_ERROR' />
<TPS EngineTime='    8.168' Comment='TP:' StringId='1009' CalibrationCode='8' CalibrationMessage='TP_Y_HT_LP_SERVO_ERROR' />
<TPS EngineTime='    8.168' Comment='TP:' StringId='1009' CalibrationCode='23' CalibrationMessage='TP_SENSOR_FACTORY_NVRAM_CHECKSUM_ERROR' />
    8.170: TASK: EmOptionTimerTask() status 0x1.  Task NOT Removed.
    8.170, 0.000, 'EdgeTherm_AFT',                 127,         63, 0, 0
    8.172: PhSetVpandVzParameters(): Printhead = 0:Plane = 0:Vp = 900.000000: Vz = 100.000000
    8.172: PhSetVpandVzParameters(): Printhead = 0:Plane = 1:Vp = 900.000000: Vz = 100.000000
    8.172: PhSetVpandVzParameters(): Printhead = 0:Plane = 2:Vp = 900.000000: Vz = 100.000000
    8.172: PhSetVpandVzParameters(): Printhead = 0:Plane = 3:Vp = 900.000000: Vz = 100.000000
    8.180: dws: TpKdcsSolidAreaInitOrUpdate Update = 0
    8.180: TP_SYS: TpDriverRequestHndlr: TP_REQUEST_GET_EP_LP_OP_POINTS, 
    8.180: TP_SYS: TpDriverRequestHndlr: TP_REQUEST_GET_EP_LP_OP_POINTS, 
    8.180: TP_SYS: TpDriverRequestHndlr: TP_REQUEST_GET_EP_LP_OP_POINTS, 
    8.180: TP_SYS: TpDriverRequestHndlr: TP_REQUEST_GET_EP_LP_OP_POINTS, 
    8.180: TP_SYS: TpDriverRequestHndlr: TP_REQUEST_GET_EP_LP_OP_POINTS, 
    8.180: TP_SYS: TpDriverRequestHndlr: TP_REQUEST_GET_EP_LP_OP_POINTS, 
    8.180: TP_SYS: TpDriverRequestHndlr: TP_REQUEST_GET_EP_LP_OP_POINTS, 
    8.180: TP_SYS: TpDriverRequestHndlr: TP_REQUEST_GET_EP_LP_OP_POINTS, 
    8.180: TpTriggerSetWhiteVectorRefValue: Color = Black, New = -161, Old = 0, Valid = 0
    8.180: TpTriggerSetWhiteVectorRefValue: Color = Cyan, New = -139, Old = 0, Valid = 0
    8.180: TpTriggerSetWhiteVectorRefValue: Color = Magenta, New = -139, Old = 0, Valid = 0
    8.180: TpTriggerSetWhiteVectorRefValue: Color = Yellow, New = -139, Old = 0, Valid = 0
    8.180, 0.000, 'FuserMainPwrPercentReq',         11,         68, 0, 0
    8.183: SUPPLIES: SupplyMgr External Request: QUERY_EXT_SUPPLY_INFO_COMMO 
    8.183: Supplies;  QRY_SUPPLY_EXT_INFO_CMD: Supply='Image Kit - Black' SerialNumber='CAH232900C5C'
    8.183: SUPPLIES: RQST; Supply Iu Request -  IU_QRY_SUPPLY_EXT_INFO_CMD, Supply ID = 15;
    8.186: PPCMD OpCode: OC_OPCODE_MR=0x22 Control: 0x02 Address: 0x91 Data: 0x00000000 0x00000005 0xB4
    8.188: PPCMD OpCode: OC_OPCODE_MR=0x22 Control: 0x03 Address: 0x91 Data: 0x00000000 0x00000005 0xB4
    8.197: TPS StringId='88' Comment='TP: TpAsyncThreadReq()' TpAsyncReqId='20'
    8.197: TPS StringId='88' Comment='TP: TpAsyncThreadReq()' TpAsyncReqId='19'
    8.197: TP: TpSetNominalWhiteVector: NominalWhiteVector=-735, previous=-735, driver=0; DefaultSpeedIndex=0, previous=-1, 
    8.197: dws: TpKdcsSolidAreaInitOrUpdate Update = 1
    8.198: dws: TpNvEnableEpOpPoints: TpSetDriverPrintModeInfo: , 
    8.196: PPCMD OpCode: OC_OPCODE_QRC=0x03 Control: 0x02 Address: 0x91 Data: 0x00000000 0x00000005 0xB4
    8.199: dws: TpKdcsSolidAreaInitOrUpdate Update = 1
    8.199: dws: TpNvEnableEpOpPoints: TpSetDriverPrintModeInfo: , 
    8.200: SUPPLIES: SupplyMgr External Request: QUERY_EXT_SUPPLY_INFO_COMMO 
    8.200: Supplies;  QRY_SUPPLY_EXT_INFO_CMD: Supply='Image Kit - Color' SerialNumber='CAH232930294'
    8.200: SUPPLIES: RQST; Supply Iu Request -  IU_QRY_SUPPLY_EXT_INFO_CMD, Supply ID = 25;
    8.200: PPCMD OpCode: OC_OPCODE_QRC=0x03 Control: 0x03 Address: 0x91 Data: 0x00CC0000 0x00000005 0xB4
    8.203: FUSER: fsrDriverRequest: FUSER_INCREASE_GATE_TIME_INCREASING_THRESHOLD
    8.203: HB: J1 HbHangBusterReset() - Resetting Hang Buster for all motors
    8.204: HB: J2 HbHangBusterReset() - Resetting Hang Buster for all motors
    8.213: TASK: Message EM_MSG_OC_TO_ET_OPTIONS_WARMUP_PAUSED sent to EmOptionTask()
    8.219: SUPPLIES: SupplyMgr External Request: QUERY_EXT_SUPPLY_INFO_COMMO 
    8.220: TASK: EmOptionTask() status 0x1.  Task NOT Removed.
    8.220: TASK: Message EM_MSG_ET_TO_EM_OPTIONS_INIT_PAUSED sent to TASK: Unknown Task
    8.220: TASK: Message EM_MSG_ET_TO_ET_LOAD_TIMER sent to EmOptionTimerTask()
    8.220: EM: EmOptionChangeState() - EM_OPTION_STATE_WAITING_ON_PAUSE -> EM_OPTION_STATE_PAUSED
    8.220: EM: J1 Engine Manager State: OPTIONS_INIT_PAUSING                              -> FINISHING_EP_AND_PRINTHEAD_INIT                  
    8.229: SUPPLIES: SupplyMgr External Request: QUERY_EXT_SUPPLY_INFO_COMMO 
    8.229: SUPPLY_SYS; RQST; Supply ITU Request -  ITU_QRY_SUPPLY_EXT_INFO_CMD, Supply ID = 5;
    8.230: TASK: EmOptionTimerTask() status 0x1.  Task NOT Removed.
    8.230: TASK: Message EM_MSG_EM_TO_ET_OPTIONS_FINISH_WARMUP sent to EmOptionTask()
    8.230: EM: J1 Engine Manager State: FINISHING_EP_AND_PRINTHEAD_INIT                   -> W_F_OPTIONS_INIT_FINISHED                        
    8.239: SUPPLIES: SupplyMgr External Request: QUERY_EXT_SUPPLY_INFO_COMMO 
    8.240: TASK: EmOptionTask() status 0x1.  Task NOT Removed.
    8.240: EM: EmOptionChangeState() - EM_OPTION_STATE_PAUSED -> EM_OPTION_STATE_W_F_WARMUP_COMPLETE
    8.240: optDriverRequest: RESUME_WARMUP
    8.259: IP: IP_COMMAND_QUERY_SUPPLY_DYNAMIC_INFO Command  Rcvd - Command Code: 0x97 Data: 0x04 
    8.259: SUPPLIES: SupplyMgr External Request: SUPPLIES_RQST_QRY_DYNAMIC_INFO 
    8.259: Supplies; QUERY_SUPPLY_DYNAMIC_INFO; (Bottle - Black) SupplyID=0x04  KeystoneSideCnt=0x0000242a KeystoneMgUsed=0x0002c64f KeystoneRevsTacsUsed=0x001c7d55
<SUPPLY_LIFE_PAGES EngineTime='    8.259' StringId='35' PrinterSideCount='157' RealTime='2026-09-23 05:58' System='Bottle - Black' PagesRemaining='23300' /> 
<SUPPLY_LIFE_DAYS EngineTime='    8.259' StringId='35' PrinterSideCount='157' RealTime='2026-09-23 05:58' System='Bottle - Black' DaysRemaining='1659' /> 
    8.259: IP: IP_COMMAND_QUERY_SUPPLY_DYNAMIC_INFO Response Sent - Command Code: 0x97 Data: 0x0000242A 0x067B0002 0xC64F001C 0x7D550000 0x5B04B634 
    8.259: IP: IP_COMMAND_QUERY_NEW_SUPPLY_STATUS Command  Rcvd - Command Code: 0x99 Data: 0x04 
    8.259: SUPPLIES: SupplyMgr External Request: SUPPLIES_RQST_QRY_NEW_SUPPLY_STATUS 
    8.259: Supplies; QUERY_NEW_SUPPLY_STATUS; (Bottle - Black) SupplyID=0x04 ReportedStatus=0x01 ReportedXYcode=0x00 XYErrorCode=0x28 XYConsumptionCode=0x00 CurrentLevel=72   BottleSerialNumber=CAD23107588E 
<SUPPLY_LIFE_PERCENT EngineTime='    8.259' StringId='35' PrinterSideCount='157' RealTime='2026-09-23 05:58' System='Bottle - Black' PercentRemaining='72' />
    8.259: SUPPLIES: SupplyDriver() QUERY_SUPPLY_STATUS SupplyID=4 Status=1 Level=72 Zcode=K
<SUPPLY_NOTIFICATION EngineTime='    8.259' StringId='35' PrinterSideCount='157' RealTime='2026-09-23 05:58' System='Bottle - Black' Message='Supply at 72% of life' MessageCode='88.00K' />
    8.259: IP: IP_COMMAND_QUERY_NEW_SUPPLY_STATUS Response Sent - Command Code: 0x99 Data: 0x01480058 0x004B 
    8.259: IP: IP_COMMAND_QUERY_SUPPLY_LEVEL_INFO Command  Rcvd - Command Code: 0x98 Data: 0x04 
    8.259: SUPPLIES: SupplyMgr External Request: SUPPLIES_RQST_QRY_LEVEL_INFO 
    8.259: Supplies; QUERY_SUPPLY_LEVEL_INFO; (Bottle - Black) SupplyID=0x04 EOLLvl=0 EOLSupported=7 EOLHardStop=0 PEOLLvl=255 PEOLSupported=0 PEOLHardStop=1 
    8.259: IP: IP_COMMAND_QUERY_SUPPLY_LEVEL_INFO Response Sent - Command Code: 0x98 Data: 0x6500FF00 0xFFFFFFFF 0xFFFFFF01 0x1E00145A 0x1EFFFFFF 0xFF011400 0x023214FF 0xFFFFFF01 0x01000101 0x01FFFFFF Remaining bytes:  21) 
    8.259: IP: IP_COMMAND_QUERY_SUPPLY_LEVEL_INFO Response Sent - Command Code: 0x98 Data: 0xFF070000 0x00000000 0x00000000 0xFF01FFFF 0xFFFFFFFF 0xFF 
    8.256: PPCMD OpCode: OC_OPCODE_MR=0x22 Control: 0x02 Address: 0x92 Data: 0x00000000 0x00000005 0xB4
    8.258: PPCMD OpCode: OC_OPCODE_MR=0x22 Control: 0x03 Address: 0x92 Data: 0x00000000 0x00000005 0xB4
    8.266: PPCMD OpCode: OC_OPCODE_QRC=0x03 Control: 0x02 Address: 0x92 Data: 0x00000000 0x00000005 0xB4
    8.270: PPCMD OpCode: OC_OPCODE_QRC=0x03 Control: 0x03 Address: 0x92 Data: 0x00CC0000 0x00000005 0xB4
    8.273: FUSER: fsrDriverRequest: FUSER_INCREASE_GATE_TIME_INCREASING_THRESHOLD
    8.273: HB: J1 HbHangBusterReset() - Resetting Hang Buster for all motors
    8.273: HB: J2 HbHangBusterReset() - Resetting Hang Buster for all motors
    8.279: IP: IP_COMMAND_QUERY_SUPPLY_DYNAMIC_INFO Command  Rcvd - Command Code: 0x97 Data: 0x03 
    8.279: SUPPLIES: SupplyMgr External Request: SUPPLIES_RQST_QRY_DYNAMIC_INFO 
    8.279: Supplies; QUERY_SUPPLY_DYNAMIC_INFO; (Bottle - Cyan) SupplyID=0x03  KeystoneSideCnt=0x00002bf5 KeystoneMgUsed=0x0002379a KeystoneRevsTacsUsed=0x0020eabb
<SUPPLY_LIFE_PAGES EngineTime='    8.279' StringId='35' PrinterSideCount='157' RealTime='2026-09-23 05:58' System='Bottle - Cyan' PagesRemaining='38200' /> 
<SUPPLY_LIFE_DAYS EngineTime='    8.279' StringId='35' PrinterSideCount='157' RealTime='2026-09-23 05:58' System='Bottle - Cyan' DaysRemaining='2935' /> 
    8.279: IP: IP_COMMAND_QUERY_SUPPLY_DYNAMIC_INFO Response Sent - Command Code: 0x97 Data: 0x00002BF5 0x0B770002 0x379A0020 0xEABB0000 0x9538ABCA 
    8.279: IP: IP_COMMAND_QUERY_NEW_SUPPLY_STATUS Command  Rcvd - Command Code: 0x99 Data: 0x03 
    8.279: SUPPLIES: SupplyMgr External Request: SUPPLIES_RQST_QRY_NEW_SUPPLY_STATUS 
    8.279: Supplies; QUERY_NEW_SUPPLY_STATUS; (Bottle - Cyan) SupplyID=0x03 ReportedStatus=0x01 ReportedXYcode=0x00 XYErrorCode=0x29 XYConsumptionCode=0x00 CurrentLevel=78   BottleSerialNumber=CAD231045B14 
<SUPPLY_LIFE_PERCENT EngineTime='    8.279' StringId='35' PrinterSideCount='157' RealTime='2026-09-23 05:58' System='Bottle - Cyan' PercentRemaining='78' />
    8.279: SUPPLIES: SupplyDriver() QUERY_SUPPLY_STATUS SupplyID=3 Status=1 Level=78 Zcode=C
<SUPPLY_NOTIFICATION EngineTime='    8.279' StringId='35' PrinterSideCount='157' RealTime='2026-09-23 05:58' System='Bottle - Cyan' Message='Supply at 78% of life' MessageCode='88.00C' />
    8.279: IP: IP_COMMAND_QUERY_NEW_SUPPLY_STATUS Response Sent - Command Code: 0x99 Data: 0x014E0058 0x0043 
    8.279: IP: IP_COMMAND_QUERY_SUPPLY_LEVEL_INFO Command  Rcvd - Command Code: 0x98 Data: 0x03 
    8.279: SUPPLIES: SupplyMgr External Request: SUPPLIES_RQST_QRY_LEVEL_INFO 
    8.279: Supplies; QUERY_SUPPLY_LEVEL_INFO; (Bottle - Cyan) SupplyID=0x03 EOLLvl=0 EOLSupported=7 EOLHardStop=0 PEOLLvl=255 PEOLSupported=0 PEOLHardStop=1 
    8.279: IP: IP_COMMAND_QUERY_SUPPLY_LEVEL_INFO Response Sent - Command Code: 0x98 Data: 0x6500FF00 0xFFFFFFFF 0xFFFFFF01 0x1E00145A 0x1EFFFFFF 0xFF011400 0x023214FF 0xFFFFFF01 0x01000101 0x01FFFFFF Remaining bytes:  21) 
    8.279: IP: IP_COMMAND_QUERY_SUPPLY_LEVEL_INFO Response Sent - Command Code: 0x98 Data: 0xFF070000 0x00000000 0x00000000 0xFF01FFFF 0xFFFFFFFF 0xFF 
    8.280, 0.000, 'FuserMainPwrPercentAct',         33,        230, 0, 0
    8.286: PPCMD OpCode: OC_OPCODE_MR=0x22 Control: 0x02 Address: 0x93 Data: 0x00000000 0x00000005 0xB4
    8.288: PPCMD OpCode: OC_OPCODE_MR=0x22 Control: 0x03 Address: 0x93 Data: 0x00000000 0x00000005 0xB4
    8.296: PPCMD OpCode: OC_OPCODE_QRC=0x03 Control: 0x02 Address: 0x93 Data: 0x00000000 0x00000005 0xB4
    8.299: IP: IP_COMMAND_QUERY_SUPPLY_DYNAMIC_INFO Command  Rcvd - Command Code: 0x97 Data: 0x02 
    8.299: SUPPLIES: SupplyMgr External Request: SUPPLIES_RQST_QRY_DYNAMIC_INFO 
    8.299: Supplies; QUERY_SUPPLY_DYNAMIC_INFO; (Bottle - Magenta) SupplyID=0x02  KeystoneSideCnt=0x00001500 KeystoneMgUsed=0x0001b50c KeystoneRevsTacsUsed=0x0021d3f3
<SUPPLY_LIFE_PAGES EngineTime='    8.299' StringId='35' PrinterSideCount='157' RealTime='2026-09-23 05:58' System='Bottle - Magenta' PagesRemaining='25300' /> 
<SUPPLY_LIFE_DAYS EngineTime='    8.299' StringId='35' PrinterSideCount='157' RealTime='2026-09-23 05:58' System='Bottle - Magenta' DaysRemaining='1945' /> 
    8.299: IP: IP_COMMAND_QUERY_SUPPLY_DYNAMIC_INFO Response Sent - Command Code: 0x97 Data: 0x00001500 0x07990001 0xB50C0021 0xD3F30000 0x62D4B634 
    8.299: IP: IP_COMMAND_QUERY_NEW_SUPPLY_STATUS Command  Rcvd - Command Code: 0x99 Data: 0x02 
    8.299: SUPPLIES: SupplyMgr External Request: SUPPLIES_RQST_QRY_NEW_SUPPLY_STATUS 
    8.299: Supplies; QUERY_NEW_SUPPLY_STATUS; (Bottle - Magenta) SupplyID=0x02 ReportedStatus=0x01 ReportedXYcode=0x00 XYErrorCode=0x2a XYConsumptionCode=0x00 CurrentLevel=83   BottleSerialNumber=CAD231095739 
<SUPPLY_LIFE_PERCENT EngineTime='    8.299' StringId='35' PrinterSideCount='157' RealTime='2026-09-23 05:58' System='Bottle - Magenta' PercentRemaining='83' />
    8.299: SUPPLIES: SupplyDriver() QUERY_SUPPLY_STATUS SupplyID=2 Status=1 Level=83 Zcode=M
<SUPPLY_NOTIFICATION EngineTime='    8.299' StringId='35' PrinterSideCount='157' RealTime='2026-09-23 05:58' System='Bottle - Magenta' Message='Supply at 83% of life' MessageCode='88.00M' />
    8.299: IP: IP_COMMAND_QUERY_NEW_SUPPLY_STATUS Response Sent - Command Code: 0x99 Data: 0x01530058 0x004D 
    8.299: IP: IP_COMMAND_QUERY_SUPPLY_LEVEL_INFO Command  Rcvd - Command Code: 0x98 Data: 0x02 
    8.299: SUPPLIES: SupplyMgr External Request: SUPPLIES_RQST_QRY_LEVEL_INFO 
    8.299: Supplies; QUERY_SUPPLY_LEVEL_INFO; (Bottle - Magenta) SupplyID=0x02 EOLLvl=0 EOLSupported=7 EOLHardStop=0 PEOLLvl=255 PEOLSupported=0 PEOLHardStop=1 
    8.299: IP: IP_COMMAND_QUERY_SUPPLY_LEVEL_INFO Response Sent - Command Code: 0x98 Data: 0x6500FF00 0xFFFFFFFF 0xFFFFFF01 0x1E00145A 0x1EFFFFFF 0xFF011400 0x023214FF 0xFFFFFF01 0x01000101 0x01FFFFFF Remaining bytes:  21) 
    8.299: IP: IP_COMMAND_QUERY_SUPPLY_LEVEL_INFO Response Sent - Command Code: 0x98 Data: 0xFF070000 0x00000000 0x00000000 0xFF01FFFF 0xFFFFFFFF 0xFF 
    8.300: PPCMD OpCode: OC_OPCODE_QRC=0x03 Control: 0x03 Address: 0x93 Data: 0x00CC0000 0x00000005 0xB4
    8.303: FUSER: fsrDriverRequest: FUSER_INCREASE_GATE_TIME_INCREASING_THRESHOLD
    8.303: HB: J1 HbHangBusterReset() - Resetting Hang Buster for all motors
    8.304: HB: J2 HbHangBusterReset() - Resetting Hang Buster for all motors
    8.319: IP: IP_COMMAND_QUERY_SUPPLY_DYNAMIC_INFO Command  Rcvd - Command Code: 0x97 Data: 0x01 
    8.319: SUPPLIES: SupplyMgr External Request: SUPPLIES_RQST_QRY_DYNAMIC_INFO 
    8.319: Supplies; QUERY_SUPPLY_DYNAMIC_INFO; (Bottle - Yellow) SupplyID=0x01  KeystoneSideCnt=0x000012b1 KeystoneMgUsed=0x00018661 KeystoneRevsTacsUsed=0x00203d29
<SUPPLY_LIFE_PAGES EngineTime='    8.319' StringId='35' PrinterSideCount='157' RealTime='2026-09-23 05:58' System='Bottle - Yellow' PagesRemaining='25800' /> 
<SUPPLY_LIFE_DAYS EngineTime='    8.319' StringId='35' PrinterSideCount='157' RealTime='2026-09-23 05:58' System='Bottle - Yellow' DaysRemaining='1982' /> 
    8.319: IP: IP_COMMAND_QUERY_SUPPLY_DYNAMIC_INFO Response Sent - Command Code: 0x97 Data: 0x000012B1 0x07BE0001 0x86610020 0x3D290000 0x64C8C86C 
    8.319: IP: IP_COMMAND_QUERY_NEW_SUPPLY_STATUS Command  Rcvd - Command Code: 0x99 Data: 0x01 
    8.319: SUPPLIES: SupplyMgr External Request: SUPPLIES_RQST_QRY_NEW_SUPPLY_STATUS 
    8.319: Supplies; QUERY_NEW_SUPPLY_STATUS; (Bottle - Yellow) SupplyID=0x01 ReportedStatus=0x01 ReportedXYcode=0x00 XYErrorCode=0x2b XYConsumptionCode=0x00 CurrentLevel=85   BottleSerialNumber=CAD2311467E4 
<SUPPLY_LIFE_PERCENT EngineTime='    8.319' StringId='35' PrinterSideCount='157' RealTime='2026-09-23 05:58' System='Bottle - Yellow' PercentRemaining='85' />
    8.319: SUPPLIES: SupplyDriver() QUERY_SUPPLY_STATUS SupplyID=1 Status=1 Level=85 Zcode=Y
<SUPPLY_NOTIFICATION EngineTime='    8.319' StringId='35' PrinterSideCount='157' RealTime='2026-09-23 05:58' System='Bottle - Yellow' Message='Supply at 85% of life' MessageCode='88.00Y' />
    8.319: IP: IP_COMMAND_QUERY_NEW_SUPPLY_STATUS Response Sent - Command Code: 0x99 Data: 0x01550058 0x0059 
    8.319: IP: IP_COMMAND_QUERY_SUPPLY_LEVEL_INFO Command  Rcvd - Command Code: 0x98 Data: 0x01 
    8.319: SUPPLIES: SupplyMgr External Request: SUPPLIES_RQST_QRY_LEVEL_INFO 
    8.319: Supplies; QUERY_SUPPLY_LEVEL_INFO; (Bottle - Yellow) SupplyID=0x01 EOLLvl=0 EOLSupported=7 EOLHardStop=0 PEOLLvl=255 PEOLSupported=0 PEOLHardStop=1 
    8.319: IP: IP_COMMAND_QUERY_SUPPLY_LEVEL_INFO Response Sent - Command Code: 0x98 Data: 0x6500FF00 0xFFFFFFFF 0xFFFFFF01 0x1E00145A 0x1EFFFFFF 0xFF011400 0x023214FF 0xFFFFFF01 0x01000101 0x01FFFFFF Remaining bytes:  21) 
    8.319: IP: IP_COMMAND_QUERY_SUPPLY_LEVEL_INFO Response Sent - Command Code: 0x98 Data: 0xFF070000 0x00000000 0x00000000 0xFF01FFFF 0xFFFFFFFF 0xFF 
    8.323: TASK: Message EM_MSG_OC_TO_ET_OPTIONS_WARMUP_COMPLETE sent to EmOptionTask()
    8.322: Option Manager State: OPT_MGR_IDLE
    8.330: TASK: EmOptionTask() status 0x1.  Task NOT Removed.
    8.330: TASK: Message EM_MSG_ET_TO_EM_OPTIONS_INIT_FINISHED sent to TASK: Unknown Task
    8.330: EM: EmOptionChangeState() - EM_OPTION_STATE_W_F_WARMUP_COMPLETE -> EM_OPTION_STATE_IDLE
    8.330: FAN: fanDriverRequest: FAN_SET_POR_PARAMS
    8.330: FAN: fanDriverRequest: FAN_STARBUCKS_FLEX_DATA
    8.330: EM: J1 Engine Manager State: W_F_OPTIONS_INIT_FINISHED                         -> W_F_PRINT_REQUEST_IN_WARMUP                      
    8.330: FAN: fanDriverRequest: FAN_SET_POR_PARAMS
    8.330: FAN: MainFan - No run time configuration done since pFanRunTimeConfigureStructList is NULL.
    8.330: FAN: MainFan Enabled.
    8.330: FAN: FanEventHdlr(): FAN_EVENT_RUN_TIME_CONFIGURATION_UPDATE
    8.330: FAN: CartFan - Run time configuration using index 1.
    8.330: FAN: CartFan Enabled.
    8.330: FAN: FanEventHdlr(): FAN_EVENT_RUN_TIME_CONFIGURATION_UPDATE
    8.339: IP: IP_COMMAND_QUERY_SUPPLY_DYNAMIC_INFO Command  Rcvd - Command Code: 0x97 Data: 0x05 
    8.339: SUPPLIES: SupplyMgr External Request: SUPPLIES_RQST_QRY_DYNAMIC_INFO 
    8.339: SUPPLY_SYS; RQST; Supply ITU Request -  ITU_QRY_SUPPLY_DYNAMIC_INFO_CMD, Supply ID = 5;
    8.339: IP: IP_COMMAND_QUERY_SUPPLY_DYNAMIC_INFO Response Sent - Command Code: 0x97 Data: 0x00000080 0xFFFFFFFF 0xFFFF0000 0x0091FFFF 0xFFFFFFFF 
    8.339: IP: IP_COMMAND_QUERY_NEW_SUPPLY_STATUS Command  Rcvd - Command Code: 0x99 Data: 0x05 
    8.339: SUPPLIES: SupplyMgr External Request: SUPPLIES_RQST_QRY_NEW_SUPPLY_STATUS 
    8.339: SUPPLY_QRY_SUPPLY_STAT; ITU; Supply ID = 0x05; Reported Status = 0x01, Reported XY code = 0x00; XY Error Code = 0x1e, XY Consumption Code = 0x00; Current Level = 100; Chip ID = 0x00000000; 
<SUPPLY_LIFE_PERCENT EngineTime='    8.339' StringId='35' PrinterSideCount='157' RealTime='2026-09-23 05:58' System='ITM' PercentRemaining='100' />
    8.339: SUPPLY_SYS; RQST; Supply ITU Request -  ITU_QRY_NEW_SUPPLY_STATUS_CMD, Supply ID = 5;
    8.339: SUPPLIES: SupplyDriver() QUERY_SUPPLY_STATUS SupplyID=5 Status=1 Level=100 Zcode= 
<SUPPLY_NOTIFICATION EngineTime='    8.339' StringId='35' PrinterSideCount='157' RealTime='2026-09-23 05:58' System='ITM' Message='Supply at 100% of life' MessageCode='83.00 ' />
    8.339: IP: IP_COMMAND_QUERY_NEW_SUPPLY_STATUS Response Sent - Command Code: 0x99 Data: 0x01640053 0x0020 
    8.339: IP: IP_COMMAND_QUERY_SUPPLY_LEVEL_INFO Command  Rcvd - Command Code: 0x98 Data: 0x05 
    8.339: SUPPLIES: SupplyMgr External Request: SUPPLIES_RQST_QRY_LEVEL_INFO 
    8.339: SUPPLY_QRY_LEVEL_INFO; ITU; Supply ID = 0x05; EOL Lvl; 255; EOL Supported; 0; EOL HardStop; 0; PEOL Lvl; 255; PEOL Supported; 0; PEOL HardStop; 0;
    8.339: SUPPLY_SYS; RQST; Supply ITU Request -  ITU_QRY_SUPPLY_LEVEL_INFO_CMD, Supply ID = 5;
    8.339: IP: IP_COMMAND_QUERY_SUPPLY_LEVEL_INFO Response Sent - Command Code: 0x98 Data: 0x6500FF00 0xFFFFFFFF 0xFFFFFF00 0xFF00FFFF 0xFFFFFFFF 0xFF00FF00 0xFFFFFFFF 0xFFFFFF00 0xFF00FFFF 0xFFFFFFFF Remaining bytes:  21) 
    8.339: IP: IP_COMMAND_QUERY_SUPPLY_LEVEL_INFO Response Sent - Command Code: 0x98 Data: 0xFF00FF00 0xFFFFFF00 0x00000000 0xFF00FFFF 0xFFFFFFFF 0xFF 
    8.330: FAN: CartFan2 - Run time configuration using index 1.
    8.330: FAN: CartFan2 Enabled.
    8.340: Nfy PRINT_READY_NFY=0x02 0x00 0x00 0x00
    8.340: EM: CheckToSendPrintReadyNotify: chhb.PrintReady = 1, chhb.LockCollision = 0, chem.HoldOffRipJobs = 0, chem.RqstPrint = 0, SendPrintReady = 1, PrintPageQueueBufferCount = 1 ModeSwitchNeeded = 0
    8.340: Nfy ADVANCE_START_READY_NFY=0x20 0x00 0x00 0x00
    8.340: Nfy EARLY_START_READY_NFY=0x21 0x00 0x00 0x00
    8.340: FUSER: EngToFuserEvent() - Received event ENG_EVENT_AT_STANDBY_NO_PAGES_PENDING               (55) 
    8.340: FUSER: DisableHeatPipe() called...
    8.340: FUSER: SetFuserHTCHeaterState(): FUSER_HTC_HEATER_CONTROL_SS_A3_LONG_EDGE -> FUSER_HTC_HEATER_CONTROL_POR; Edge Thermistor Actual Temperature: 125; Secondary Thermistor Actual Temperature: 117; Main Thermistor Target Temperature: 140
    8.340: SUPPLIES: SupplyMgr External Request: QRY_SHERLOCK_FUSER_INFO 
    8.340: FUSER: FuserStoreCurrentBURRevCount(): Updating fuser BUR revs from 0 to 451812
    8.340: Nfy ENGINE_STATE_NFY=0x44 0x00 0x00 0x00
    8.340: FUSER: EngToFuserEvent() - Received event ENG_EVENT_GOING_TO_STANDBY                          (7) 
    8.340: FUSER: ChangeRequestedFuserControlState(): Changed FUSER_CTRLRQST_NONE -> FUSER_CTRLRQST_STANDBY
    8.340: FUSER: DisableHeatPipe() called...
    8.340: FUSER: ResetFuserRqstQueue() - Limit of Gate Time increasing to Nominal = 10000
    8.340: SUPPLIES: SupplyMgr External Request: QRY_SHERLOCK_FUSER_INFO 
    8.340: FUSER: FuserResetGateTimeAdder() - Resetting Gate Time Adder
    8.340: FUSER: DisableHeatPipe() called...
    8.340: FUSER: FuserStandby() - DesiredCoolingTemp = 90
    8.340: FMECH: EngToFuserMechEventHandler(): Received event ENG_EVENT_GOING_TO_STANDBY                          with arg 0x0
    8.340: FMECH: EngToFuserMechEventHandler(): Event ENG_EVENT_GOING_TO_STANDBY                          received with standbyMode = 0...previous standbyMode was 0
    8.340: FMECH: FmResetPageQueue(): Resetting page queue
    8.340: FMECH: FmRequestToEnterStandbyMode() - Entering standby mode: 0, mech has cam: 1, light speed is enabled for standby tier: 1, mech closes for standby tier: 1
    8.340: FMECH: FmDriverRequest(): FUSER_MECH_REQUEST_MOTOR_START with motorContext = FM_MTR_START_CONTEXT_LIGHTSPEED
    8.340: FMECH: FmRequestMotorStart(): Motor start requested
    8.340, 0.000, 'LasrPwrK',                        0,         25, 0, 0
    8.340, 0.000, 'LasrPwrC',                        0,         26, 0, 0
    8.340, 0.000, 'LasrPwrM',                        0,         27, 0, 0
    8.340, 0.000, 'LasrPwrY',                        0,         28, 0, 0
    8.340: PH: Mirror Motor Stop.
    8.340: Nfy PRINTHEAD_STATUS_NFY=0x5A 0x02 0x00 0x00
    8.340, 0.000, 'Printhead_K',                     0,         33, 0, 0
    8.340: EP: Control status change: EP_CONTROL_LOCATION_MIRROR_MOTOR -> EP_CONTROL_STATUS_STOPPED
    8.340: EP: PH event, 7 = PH_EVENT_PRINTHEAD_STOPPED
    8.340: FUSER: EngToFuserEvent() - Received event ENG_EVENT_AT_STANDBY                                (8) 
    8.340: SUPPLIES: SupplyMgr External Request: QRY_SHERLOCK_FUSER_INFO 
    8.340: FUSER: FuserResetGateTimeAdder() - Resetting Gate Time Adder
    8.340: FUSER: DisableHeatPipe() called...
    8.340: FUSER: FuserStandby() - DesiredCoolingTemp = 90
    8.340: FMECH: EngToFuserMechEventHandler(): Received event ENG_EVENT_AT_STANDBY                                with arg 0x0
    8.340: FMECH: EngToFuserMechEventHandler(): Event ENG_EVENT_AT_STANDBY                                received with standbyMode = 0...previous standbyMode was 0
    8.340: FMECH: FmResetPageQueue(): Resetting page queue
    8.340: FMECH: FmRequestToEnterStandbyMode() - Entering standby mode: 0, mech has cam: 1, light speed is enabled for standby tier: 1, mech closes for standby tier: 1
    8.340: FMECH: FmRequestToEnterStandbyMode(): Ignoring request to enter standby because motorStartRequested flag is set (requested motorContext = FM_MTR_START_CONTEXT_LIGHTSPEED)
    8.340: ceh - J1 wtb received event 8
    8.340, 0.000, 'LasrPwrK',                        0,         25, 0, 0
    8.340, 0.000, 'LasrPwrC',                        0,         26, 0, 0
    8.340, 0.000, 'LasrPwrM',                        0,         27, 0, 0
    8.340, 0.000, 'LasrPwrY',                        0,         28, 0, 0
    8.340: PH: Mirror Motor Stop.
    8.340: Nfy PRINTHEAD_STATUS_NFY=0x5A 0x02 0x00 0x00
    8.340, 0.000, 'Printhead_K',                     0,         33, 0, 0
    8.340: EP: Control status change: EP_CONTROL_LOCATION_MIRROR_MOTOR -> EP_CONTROL_STATUS_STOPPED
    8.340: EP: PH event, 7 = PH_EVENT_PRINTHEAD_STOPPED
    8.340: TP: TpTriggerProcessTriggers() gCalRequested = 0, Event = Ready, Status = 0, gCurrentCal.PageCount = 0, LastPrintMode = 255, LastResolution = 600, 
    8.340: TP: TpTriggerState = TRIGGER_STATE_WF_INPUTS_VALID , gCurrentCal.PageCount = 0, 
    8.340: TP: TpTriggerState = TRIGGER_STATE_IDLE            , gCurrentCal.PageCount = 0, 
    8.340: TP: CheckTriggers() - gCustPreference = 0x0 SideInterval = 0xffffffff SideCountDelta = 0x9d MinSideInterval = 0xffffffff MinDateInterval_sec = 0xfe256400 RefTimeDelta_sec = 0x0, 
<TPS_TRIGGER_CHECK EngineTime='    8.340' StringId='1007' PrinterSideCount='157' RealTimeSeconds='843458290' RealTime='2026-09-23 05:58' TriggerCheckReason='Ready' TriggerDecision='NotNeeded' CalibrationPreferenceValue='Off' SideCountAtLastClassicCal='0' ClassicSideCountThreshold='-1' RealTimeSecondsAtLastClassicCal='0' ClassicRealTimeSecondsThreshold='-31104000' AmbientTemp='24.25'  AmbientTempAtLastClassicCal=' 0.00' ClassicAmbientTempThreshold='-1.00' AmbientHum='49.07' AmbientHumAtLastClassicCal=' 0.00' ClassicAmbientHumThreshold='-1.00' WhiteVectorK='-161' WhiteVectorAtLastClassicCalK='0' WhiteVectorC='-139' WhiteVectorAtLastClassicCalC='0' WhiteVectorM='-139' WhiteVectorAtLastClassicCalM='0' WhiteVectorY='-139' WhiteVectorAtLastClassicCalY='0' ClassicWhiteVectorThreshold='-1'  ClassicMinSideCountThreshold='-1' ClassicMinTimeSecondsThreshold='-31104000' SideCountAtLastGapCal='0' GapSideCountThreshold='-1' GapSideRunOverThreshold='-1' RealTimeSecondsAtLastGapCal='0' />
    8.340: TP: CheckTriggers() - Event: Ready, NewCal.CalType = 0x000, gPendingCal.CalType = 0x000, NewCal.Parms.Flags = 0x0000, gCalPending.Parms.Flags = 0x0000, NewCal.CalType update line #: 1210, break line #: 2748, 
    8.340: FUSER: fsrDriverRequest: FUSER_INCREASE_GATE_TIME_INCREASING_THRESHOLD
    8.340: HB: J1 SetBusyHangAdderForLargeGap_hbs() - Adding 0 hbs to Hang Buster
    8.340: EP: Request = EP_REQUEST_HVPS_ENABLE_OFF
    8.340: EP: Control change: EP_CONTROL_LOCATION_CHARGE_DC_BLACK -> EP_CONTROL_LEVEL_OFF
    8.340: EP: Control change: EP_CONTROL_LOCATION_CHARGE_DC_CMY -> EP_CONTROL_LEVEL_OFF
    8.340: EP: Control change: EP_CONTROL_LOCATION_DEVELOPER_DC_BLACK -> EP_CONTROL_LEVEL_ZERO_VOLT
    8.340: EP: Control change: EP_CONTROL_LOCATION_DEVELOPER_DC_CYAN -> EP_CONTROL_LEVEL_ZERO_VOLT
    8.340: EP: Control change: EP_CONTROL_LOCATION_DEVELOPER_DC_MAGENTA -> EP_CONTROL_LEVEL_ZERO_VOLT
    8.340: EP: Control change: EP_CONTROL_LOCATION_DEVELOPER_DC_YELLOW -> EP_CONTROL_LEVEL_ZERO_VOLT
    8.340: ELAMP: ReportEraseLampCurrentSamplePwm: RequestType = 0, Pwm = 0.000000
    8.340: EP: Control change: EP_CONTROL_LOCATION_ERASE_LAMP_BLACK -> EP_CONTROL_LEVEL_OFF
    8.340: ELAMP: ReportEraseLampCurrentSamplePwm: RequestType = 0, Pwm = 0.000000
    8.340: EP: Control change: EP_CONTROL_LOCATION_ERASE_LAMP_CMY -> EP_CONTROL_LEVEL_OFF
    8.340, 0.000, 'EP_XFER1_BLACK',               -900,        100, 0, 0
    8.340: EP: Control change: EP_CONTROL_LOCATION_XFER1_BLACK -> EP_CONTROL_LEVEL_ZERO_VOLT
    8.340, 0.000, 'EP_XFER1_CYAN',                -900,        101, 0, 0
    8.340: EP: Control change: EP_CONTROL_LOCATION_XFER1_CMY -> EP_CONTROL_LEVEL_ZERO_VOLT
    8.340, 0.000, 'EP_XFER2_VOLTAGE',                0,        104, 0, 0
    8.340: EP: Control change: EP_CONTROL_LOCATION_XFER2 -> EP_CONTROL_LEVEL_ZERO_VOLT
    8.340: MOTOR: BLDC_ClientShutdownMotor motorID K_ITM CMD Distance: 0
    8.340: EP: Control change: EP_CONTROL_LOCATION_PC_MOTOR_K_ITM -> EP_CONTROL_LEVEL_OFF
    8.340: MOTOR: BLDC_ClientShutdownMotor motorID CMY_PC CMD Distance: 0
    8.340: EP: Control change: EP_CONTROL_LOCATION_PC_MOTOR_CMY -> EP_CONTROL_LEVEL_OFF
    8.340: phDriverRequest: PH_WRITE_BLOCK_LASER_SERVO_FLAG
    8.340: EP: Blocking laser servo
    8.340: EP: Control change: EP_CONTROL_LOCATION_ENABLE_HVPS -> EP_CONTROL_LEVEL_OFF
    8.340: Nfy RQST_WRITE_ALL_NVRAM_NFY=0x63 0x00 0x00 0x00
    8.340: EM: J1 Engine Manager State: W_F_PRINT_REQUEST_IN_WARMUP                       -> STANDBY_STATE                                    
    8.340: FUSER: ChangeRequestedFuserControlState(): Changed FUSER_CTRLRQST_STANDBY -> FUSER_CTRLRQST_NONE
    8.330: FAN: FanEventHdlr(): FAN_EVENT_RUN_TIME_CONFIGURATION_UPDATE
    8.330: FAN: LVPSFan - Run time configuration using index 1.
    8.330: FAN: LVPSFan Enabled.
    8.330: FAN: FanEventHdlr(): FAN_EVENT_RUN_TIME_CONFIGURATION_UPDATE
    8.330: FAN: BlowerFan - No run time configuration done since pFanRunTimeConfigureStructList is NULL.
    8.330: FAN: BlowerFan Enabled.
    8.330: FAN: FanEventHdlr(): FAN_EVENT_RUN_TIME_CONFIGURATION_UPDATE
    8.330: FAN: fanDriverRequest: FAN_STARBUCKS_FLEX_DATA
    8.330: FAN: FlexParser() - Received request for Starbucks Window configuration data.
    8.354: EM: CheckToSendPrintReadyNotify: chhb.PrintReady = 1, chhb.LockCollision = 0, chem.HoldOffRipJobs = 0, chem.RqstPrint = 0, SendPrintReady = 0, PrintPageQueueBufferCount = 1 ModeSwitchNeeded = 0
    8.340: FAN: EngToFanEvent() - Event: ENG_EVENT_GOING_TO_STANDBY                         
    8.342: FAN: EngToFanEvent() - Event: ENG_EVENT_AT_STANDBY                               
    8.342: ceh - wtb received event 8
    8.363: IP: IP_COMMAND_QUERY_SUPPLY_DYNAMIC_INFO Command  Rcvd - Command Code: 0x97 Data: 0x06 
    8.363: SUPPLIES: SupplyMgr External Request: SUPPLIES_RQST_QRY_DYNAMIC_INFO 
<SUPPLY_LIFE_PAGES EngineTime='    8.363' StringId='35' PrinterSideCount='157' RealTime='2026-09-23 05:58' System='Fuser' PagesRemaining='231400' /> 
<SUPPLY_LIFE_DAYS EngineTime='    8.363' StringId='35' PrinterSideCount='157' RealTime='2026-09-23 05:58' System='Fuser' DaysRemaining='16527' /> 
    8.363: IP: IP_COMMAND_QUERY_SUPPLY_DYNAMIC_INFO Response Sent - Command Code: 0x97 Data: 0x00013871 0x408FFFFF 0xFFFF0006 0xE4E40003 0x87E8C555 
    8.363: IP: IP_COMMAND_QUERY_NEW_SUPPLY_STATUS Command  Rcvd - Command Code: 0x99 Data: 0x06 
    8.363: SUPPLIES: SupplyMgr External Request: SUPPLIES_RQST_QRY_NEW_SUPPLY_STATUS 
    8.363: SUPPLY_QRY_SUPPLY_STAT; Fuser; Supply ID = 0x06; Reported Status = 0x01, Reported XY code = 0x00; XY Error Code = 0x50, XY Consumption Code = 0x00; Current Level = 76;
<SUPPLY_LIFE_PERCENT EngineTime='    8.363' StringId='35' PrinterSideCount='157' RealTime='2026-09-23 05:58' System='Fuser' PercentRemaining='76' />
    8.363: SUPPLIES: SupplyDriver() QUERY_SUPPLY_STATUS SupplyID=6 Status=1 Level=76 Zcode= 
<SUPPLY_NOTIFICATION EngineTime='    8.363' StringId='35' PrinterSideCount='157' RealTime='2026-09-23 05:58' System='Fuser' Message='Supply at 76% of life' MessageCode='80.00 ' />
    8.363: IP: IP_COMMAND_QUERY_NEW_SUPPLY_STATUS Response Sent - Command Code: 0x99 Data: 0x014C0050 0x0020 
    8.363: IP: IP_COMMAND_QUERY_SUPPLY_LEVEL_INFO Command  Rcvd - Command Code: 0x98 Data: 0x06 
    8.363: SUPPLIES: SupplyMgr External Request: SUPPLIES_RQST_QRY_LEVEL_INFO 
    8.363: SUPPLY_QRY_LEVEL_INFO; Fuser; Supply ID = 0x06; EOL Lvl; 0; EOL Supported; 7; EOL HardStop; 0; PEOL Lvl; 255; PEOL Supported; 0; PEOL HardStop; 1;
    8.363: IP: IP_COMMAND_QUERY_SUPPLY_LEVEL_INFO Response Sent - Command Code: 0x98 Data: 0x6500FF00 0xFFFFFFFF 0xFFFFFF01 0x0A000A5A 0x0AFFFFFF 0xFF010500 0x023205FF 0xFFFFFF01 0x01000101 0x01FFFFFF Remaining bytes:  21) 
    8.363: IP: IP_COMMAND_QUERY_SUPPLY_LEVEL_INFO Response Sent - Command Code: 0x98 Data: 0xFF070000 0x00000000 0x00000000 0xFF01FFFF 0xFFFFFFFF 0xFF 
    8.342: Option Manager State: OPT_MGR_ILPS
    8.343: HB: J2 SetBusyHangAdderForLargeGap_hbs() - Adding 0 hbs to Hang Buster
    8.345, 0.000, 'LasrPwrK',                        0,         25, 0, 0
    8.345, 0.000, 'LasrPwrC',                        0,         26, 0, 0
    8.345, 0.000, 'LasrPwrM',                        0,         27, 0, 0
    8.345, 0.000, 'LasrPwrY',                        0,         28, 0, 0
    8.345: FAN: PHToFanEvent() - Event: PH_EVENT_PRINTHEAD_STOPPED
    8.345, 0.000, 'LasrPwrK',                        0,         25, 0, 0
    8.345, 0.000, 'LasrPwrC',                        0,         26, 0, 0
    8.345, 0.000, 'LasrPwrM',                        0,         27, 0, 0
    8.373: ERROR printengine_lxk::engine: SupplyStatusChange for unknown supply 7
    8.345, 0.000, 'LasrPwrY',                        0,         28, 0, 0
    8.345: FAN: PHToFanEvent() - Event: PH_EVENT_PRINTHEAD_STOPPED
    8.345: WARNING: Jake 2 hires thread late by 4 ms
    8.351: FAN: MainFan: Speed Update: 0 RPM; FanOperatingEngineState: FAN_ENGINE_STATE_IDLE_STANDBY_MODE_1   ; TemperatureIndex: 0; TemperatureArraySize: 1; EnginePrintModeIndex: 0; EnginePrintModeArraySize: 1; EngineQuietModeIndex: 0; EngineQuietModeArraySize: 1; FuserTechnologyIndex: 0; FuserTechnologyArraySize: 1; EngineThermalModeIndex: 0; EngineThermalModeArraySize: 5; EngineSleepModeIndex: 0; EngineSleepModeArraySize: 1; StateDurationIndex: 0; RampupAttemptsReset: 0; MachineType: MFP;
    8.351: FAN: FanEventHdlr(): FAN_EVENT_OPERATING_UPDATE
<FAN EngineTime='    8.351' StringId='67' PrinterSideCount='157' StartTime='2026-09-23 05:58' RealTime='2026-09-23 05:58' FanName='MainFan' FanPWM='0' RequestedSpeed='0' MeasuredSpeed='0' StateTransition='TurningOff' />
    8.351: FAN: CartFan: Speed Update: 0 RPM; FanOperatingEngineState: FAN_ENGINE_STATE_IDLE_STANDBY_MODE_1   ; TemperatureIndex: 0; TemperatureArraySize: 1; EnginePrintModeIndex: 0; EnginePrintModeArraySize: 1; EngineQuietModeIndex: 0; EngineQuietModeArraySize: 1; FuserTechnologyIndex: 0; FuserTechnologyArraySize: 1; EngineThermalModeIndex: 0; EngineThermalModeArraySize: 5; EngineSleepModeIndex: 0; EngineSleepModeArraySize: 1; StateDurationIndex: 0; RampupAttemptsReset: 0; MachineType: MFP;
    8.351: FAN: FanEventHdlr(): FAN_EVENT_OPERATING_UPDATE
<FAN EngineTime='    8.351' StringId='67' PrinterSideCount='157' StartTime='2026-09-23 05:58' RealTime='2026-09-23 05:58' FanName='CartFan' FanPWM='0' RequestedSpeed='0' MeasuredSpeed='0' StateTransition='TurningOff' />
    8.351: FAN: CartFan2: Speed Update: 0 RPM; FanOperatingEngineState: FAN_ENGINE_STATE_IDLE_STANDBY_MODE_1   ; TemperatureIndex: 0; TemperatureArraySize: 1; EnginePrintModeIndex: 0; EnginePrintModeArraySize: 1; EngineQuietModeIndex: 0; EngineQuietModeArraySize: 1; FuserTechnologyIndex: 0; FuserTechnologyArraySize: 1; EngineThermalModeIndex: 0; EngineThermalModeArraySize: 5; EngineSleepModeIndex: 0; EngineSleepModeArraySize: 1; StateDurationIndex: 0; RampupAttemptsReset: 0; MachineType: MFP;
    8.351: FAN: FanEventHdlr(): FAN_EVENT_OPERATING_UPDATE
<FAN EngineTime='    8.351' StringId='67' PrinterSideCount='157' StartTime='2026-09-23 05:58' RealTime='2026-09-23 05:58' FanName='CartFan2' FanPWM='0' RequestedSpeed='0' MeasuredSpeed='0' StateTransition='TurningOff' />
    8.351: FAN: LVPSFan: Speed Update: 2000 RPM; FanOperatingEngineState: FAN_ENGINE_STATE_IDLE_STANDBY_MODE_1   ; TemperatureIndex: 0; TemperatureArraySize: 1; EnginePrintModeIndex: 0; EnginePrintModeArraySize: 1; EngineQuietModeIndex: 0; EngineQuietModeArraySize: 1; FuserTechnologyIndex: 0; FuserTechnologyArraySize: 1; EngineThermalModeIndex: 0; EngineThermalModeArraySize: 5; EngineSleepModeIndex: 0; EngineSleepModeArraySize: 1; StateDurationIndex: 0; RampupAttemptsReset: 0; MachineType: MFP;
    8.393: IP: IP_COMMAND_QUERY_SUPPLY_DYNAMIC_INFO Command  Rcvd - Command Code: 0x97 Data: 0x19 
    8.393: SUPPLIES: SupplyMgr External Request: SUPPLIES_RQST_QRY_DYNAMIC_INFO 
    8.393: SUPPLIES: RQST; Supply Iu Request -  IU_QRY_SUPPLY_DYNAMIC_INFO_CMD, Supply ID = 25;
<SUPPLY_LIFE_PAGES EngineTime='    8.393' StringId='35' PrinterSideCount='157' RealTime='2026-09-23 05:58' System='Image Kit - Color' PagesRemaining='250000' /> 
<SUPPLY_LIFE_DAYS EngineTime='    8.393' StringId='35' PrinterSideCount='157' RealTime='2026-09-23 05:58' System='Image Kit - Color' DaysRemaining='19231' /> 
    8.393: IP: IP_COMMAND_QUERY_SUPPLY_DYNAMIC_INFO Response Sent - Command Code: 0x97 Data: 0x0000282E 0x4B1FFFFF 0xFFFF0001 0x8AA40003 0xD090D827 
    8.393: IP: IP_COMMAND_QUERY_NEW_SUPPLY_STATUS Command  Rcvd - Command Code: 0x99 Data: 0x19 
    8.393: SUPPLIES: SupplyMgr External Request: SUPPLIES_RQST_QRY_NEW_SUPPLY_STATUS 
    8.393: SUPPLIES: SUPPLY_QRY_SUPPLY_STAT; Iu; Supply ID = Image Kit - Color; Reported Status = 0x01, Reported XY code = 0x00; XY Error Code = 0x40, XY Consumption Code = 0x00; Current Level = 100; Chip ID = 0x00000000;
<SUPPLY_LIFE_PERCENT EngineTime='    8.393' StringId='35' PrinterSideCount='157' RealTime='2026-09-23 05:58' System='Image Kit - Color' PercentRemaining='100' />
    8.393: SUPPLIES: RQST; Supply Iu Request -  IU_QRY_NEW_SUPPLY_STATUS_CMD, Supply ID = 25;
    8.393: SUPPLIES: SupplyDriver() QUERY_SUPPLY_STATUS SupplyID=25 Status=1 Level=100 Zcode=C
<SUPPLY_NOTIFICATION EngineTime='    8.393' StringId='35' PrinterSideCount='157' RealTime='2026-09-23 05:58' System='Image Kit - Color' Message='Supply at 100% of life' MessageCode='84.00C' />
    8.393: IP: IP_COMMAND_QUERY_NEW_SUPPLY_STATUS Response Sent - Command Code: 0x99 Data: 0x01640054 0x0043 
    8.393: IP: IP_COMMAND_QUERY_SUPPLY_LEVEL_INFO Command  Rcvd - Command Code: 0x98 Data: 0x19 
    8.393: SUPPLIES: SupplyMgr External Request: SUPPLIES_RQST_QRY_LEVEL_INFO 
    8.393: SUPPLY_QRY_LEVEL_INFO; Iu; Supply ID = 0x19; EOL Lvl; 0; EOL Supported; 7; EOL HardStop; 0; PEOL Lvl; 255; PEOL Supported; 0; PEOL HardStop; 1;
    8.393: SUPPLIES: RQST; Supply Iu Request -  IU_QRY_SUPPLY_LEVEL_INFO_CMD, Supply ID = 25;
    8.393: IP: IP_COMMAND_QUERY_SUPPLY_LEVEL_INFO Response Sent - Command Code: 0x98 Data: 0x6500FF00 0xFFFFFFFF 0xFFFFFF01 0x0A000A5A 0x0AFFFFFF 0xFF010500 0x023205FF 0xFFFFFF01 0x01000101 0x01FFFFFF Remaining bytes:  21) 
    8.393: IP: IP_COMMAND_QUERY_SUPPLY_LEVEL_INFO Response Sent - Command Code: 0x98 Data: 0xFF070000 0xFFFF0000 0x00000000 0xFF01FFFF 0xFFFFFFFF 0xFF 
    8.351: FAN: FanEventHdlr(): FAN_EVENT_OPERATING_UPDATE
    8.351: FAN: _FanSetNewPWM() [File: fanctl.c; Line: 2878] - LVPSFan; FanPwm: 204
    8.351: FAN: BlowerFan: Speed Update: 0 RPM; FanOperatingEngineState: FAN_ENGINE_STATE_IDLE_STANDBY_MODE_1   ; TemperatureIndex: 0; TemperatureArraySize: 1; EnginePrintModeIndex: 0; EnginePrintModeArraySize: 1; EngineQuietModeIndex: 0; EngineQuietModeArraySize: 1; FuserTechnologyIndex: 0; FuserTechnologyArraySize: 1; EngineThermalModeIndex: 0; EngineThermalModeArraySize: 5; EngineSleepModeIndex: 0; EngineSleepModeArraySize: 1; StateDurationIndex: 0; RampupAttemptsReset: 0; MachineType: MFP;
    8.351: FAN: FanEventHdlr(): FAN_EVENT_OPERATING_UPDATE
<FAN EngineTime='    8.351' StringId='67' PrinterSideCount='157' StartTime='2026-09-23 05:58' RealTime='2026-09-23 05:58' FanName='BlowerFan' FanPWM='0' RequestedSpeed='0' MeasuredSpeed='0' StateTransition='TurningOff' />
    8.367: PPCMD OpCode: OC_OPCODE_QDQ=0x26 Control: 0x02 Address: 0x91 Data: 0x00000000 0x00000005 0xB4
    8.371: PPCMD OpCode: OC_OPCODE_QDQ=0x26 Control: 0x03 Address: 0x91 Data: 0x00CC0000 0x00000005 0xB4
    8.387: PPCMD OpCode: OC_OPCODE_QDQ=0x26 Control: 0x02 Address: 0x92 Data: 0x00000000 0x00000005 0xB4
    8.391: PPCMD OpCode: OC_OPCODE_QDQ=0x26 Control: 0x03 Address: 0x92 Data: 0x00CC0000 0x00000005 0xB4
    8.407: PPCMD OpCode: OC_OPCODE_QDQ=0x26 Control: 0x02 Address: 0x93 Data: 0x00000000 0x00000005 0xB4
    8.413: IP: IP_COMMAND_QUERY_SUPPLY_DYNAMIC_INFO Command  Rcvd - Command Code: 0x97 Data: 0x0F 
    8.413: SUPPLIES: SupplyMgr External Request: SUPPLIES_RQST_QRY_DYNAMIC_INFO 
    8.413: SUPPLIES: RQST; Supply Iu Request -  IU_QRY_SUPPLY_DYNAMIC_INFO_CMD, Supply ID = 15;
<SUPPLY_LIFE_PAGES EngineTime='    8.413' StringId='35' PrinterSideCount='157' RealTime='2026-09-23 05:58' System='Image Kit - Black' PagesRemaining='128000' /> 
<SUPPLY_LIFE_DAYS EngineTime='    8.413' StringId='35' PrinterSideCount='157' RealTime='2026-09-23 05:58' System='Image Kit - Black' DaysRemaining='9138' /> 
    8.413: IP: IP_COMMAND_QUERY_SUPPLY_DYNAMIC_INFO Response Sent - Command Code: 0x97 Data: 0x0000A1F9 0x23B2FFFF 0xFFFF0004 0x4BBA0001 0xF400D3BA 
    8.413: IP: IP_COMMAND_QUERY_NEW_SUPPLY_STATUS Command  Rcvd - Command Code: 0x99 Data: 0x0F 
    8.413: SUPPLIES: SupplyMgr External Request: SUPPLIES_RQST_QRY_NEW_SUPPLY_STATUS 
    8.413: SUPPLIES: SUPPLY_QRY_SUPPLY_STAT; Iu; Supply ID = Image Kit - Black; Reported Status = 0x01, Reported XY code = 0x00; XY Error Code = 0x3c, XY Consumption Code = 0x00; Current Level = 77; Chip ID = 0x00000000;
<SUPPLY_LIFE_PERCENT EngineTime='    8.413' StringId='35' PrinterSideCount='157' RealTime='2026-09-23 05:58' System='Image Kit - Black' PercentRemaining='77' />
    8.413: SUPPLIES: RQST; Supply Iu Request -  IU_QRY_NEW_SUPPLY_STATUS_CMD, Supply ID = 15;
    8.413: SUPPLIES: SupplyDriver() QUERY_SUPPLY_STATUS SupplyID=15 Status=1 Level=77 Zcode=K
<SUPPLY_NOTIFICATION EngineTime='    8.413' StringId='35' PrinterSideCount='157' RealTime='2026-09-23 05:58' System='Image Kit - Black' Message='Supply at 77% of life' MessageCode='84.00K' />
    8.413: IP: IP_COMMAND_QUERY_NEW_SUPPLY_STATUS Response Sent - Command Code: 0x99 Data: 0x014D0054 0x004B 
    8.413: IP: IP_COMMAND_QUERY_SUPPLY_LEVEL_INFO Command  Rcvd - Command Code: 0x98 Data: 0x0F 
    8.413: SUPPLIES: SupplyMgr External Request: SUPPLIES_RQST_QRY_LEVEL_INFO 
    8.413: SUPPLY_QRY_LEVEL_INFO; Iu; Supply ID = 0x0f; EOL Lvl; 0; EOL Supported; 7; EOL HardStop; 0; PEOL Lvl; 255; PEOL Supported; 0; PEOL HardStop; 1;
    8.413: SUPPLIES: RQST; Supply Iu Request -  IU_QRY_SUPPLY_LEVEL_INFO_CMD, Supply ID = 15;
    8.413: IP: IP_COMMAND_QUERY_SUPPLY_LEVEL_INFO Response Sent - Command Code: 0x98 Data: 0x6500FF00 0xFFFFFFFF 0xFFFFFF01 0x0A000A5A 0x0AFFFFFF 0xFF010500 0x023205FF 0xFFFFFF01 0x01000101 0x01FFFFFF Remaining bytes:  21) 
    8.413: IP: IP_COMMAND_QUERY_SUPPLY_LEVEL_INFO Response Sent - Command Code: 0x98 Data: 0xFF070000 0xFFFF0000 0x00000000 0xFF01FFFF 0xFFFFFFFF 0xFF 
    8.411: PPCMD OpCode: OC_OPCODE_QDQ=0x26 Control: 0x03 Address: 0x93 Data: 0x00CC0000 0x00000005 0xB4
    8.437: PPCMD OpCode: OC_OPCODE_ILPS=0x1E Control: 0x02 Address: 0x91 Data: 0x00000000 0x00000005 0xB4
    8.439: PPCMD OpCode: OC_OPCODE_ILPS=0x1E Control: 0x03 Address: 0x91 Data: 0x00000000 0x00000005 0xB4
    8.480, 0.000, 'FuserMainPwrPercentAct',          0,        230, 0, 0
    8.533: IP: IP_COMMAND_QUERY_SUPPLY_DYNAMIC_INFO Command  Rcvd - Command Code: 0x97 Data: 0x08 
    8.533: SUPPLIES: SupplyMgr External Request: SUPPLIES_RQST_QRY_DYNAMIC_INFO 
<SUPPLY_LIFE_PAGES EngineTime='    8.533' StringId='35' PrinterSideCount='157' RealTime='2026-09-23 05:58' System='WTB' PagesRemaining='10000' /> 
<SUPPLY_LIFE_DAYS EngineTime='    8.533' StringId='35' PrinterSideCount='157' RealTime='2026-09-23 05:58' System='WTB' DaysRemaining='365' /> 
    8.533: IP: IP_COMMAND_QUERY_SUPPLY_DYNAMIC_INFO Response Sent - Command Code: 0x97 Data: 0x00000000 0x016D0000 0x0000FFFF 0xFFFF0000 0x2710FFFF 
    8.533: IP: IP_COMMAND_QUERY_NEW_SUPPLY_STATUS Command  Rcvd - Command Code: 0x99 Data: 0x08 
    8.533: SUPPLIES: SupplyMgr External Request: SUPPLIES_RQST_QRY_NEW_SUPPLY_STATUS 
    8.533: Supplies; QUERY_SUPPLY_STATUS; (WTB); SupplyID=0x08 ReportedStatus=0x01 ReportedXYcode=0x00 XYErrorCode=0x23 XYConsumptionCode=0x00 CurrentLevel=100  ChipID=0x00000000
<SUPPLY_LIFE_PERCENT EngineTime='    8.533' StringId='35' PrinterSideCount='157' RealTime='2026-09-23 05:58' System='WTB' PercentRemaining='100' />
    8.533: SUPPLIES: SupplyDriver() QUERY_SUPPLY_STATUS SupplyID=8 Status=1 Level=100 Zcode= 
<SUPPLY_NOTIFICATION EngineTime='    8.533' StringId='35' PrinterSideCount='157' RealTime='2026-09-23 05:58' System='WTB' Message='Supply at 100% of life' MessageCode='82.00 ' />
    8.533: IP: IP_COMMAND_QUERY_NEW_SUPPLY_STATUS Response Sent - Command Code: 0x99 Data: 0x01640052 0x0020 
    8.533: IP: IP_COMMAND_QUERY_SUPPLY_LEVEL_INFO Command  Rcvd - Command Code: 0x98 Data: 0x08 
    8.533: SUPPLIES: SupplyMgr External Request: SUPPLIES_RQST_QRY_LEVEL_INFO 
    8.533: SUPPLY_QRY_LEVEL_INFO; WTB; Supply ID = 0x08; NearEolLvl=2 NearEolSupported=1 EOL Lvl; 0; EOL Supported; 7; EOL HardStop; 1; PEOL Lvl; 255; PEOL Supported; 0; PEOL HardStop; 1;
    8.533: IP: IP_COMMAND_QUERY_SUPPLY_LEVEL_INFO Response Sent - Command Code: 0x98 Data: 0x6500FF00 0xFFFFFFFF 0xFFFFFF00 0xFF00FFFF 0xFFFFFFFF 0xFF00FF00 0xFFFFFFFF 0xFFFFFF01 0x02000202 0x02FFFFFF Remaining bytes:  21) 
    8.533: IP: IP_COMMAND_QUERY_SUPPLY_LEVEL_INFO Response Sent - Command Code: 0x98 Data: 0xFF070001 0x00000000 0x00000000 0xFF01FFFF 0xFFFFFFFF 0xFF 
    8.547: PPCMD OpCode: OC_OPCODE_ILPS=0x1E Control: 0x02 Address: 0x92 Data: 0x00000000 0x00000005 0xB4
    8.549: PPCMD OpCode: OC_OPCODE_ILPS=0x1E Control: 0x03 Address: 0x92 Data: 0x00000000 0x00000005 0xB4
    8.623: INFO printengine_lxk::node_tree::engine::rpc: Notify SuppliesBranchAdded
    8.628: INFO serial_transport::packet_reader: rx ack 0x08
    8.633: INFO printengine_lxk::engine: PM: Running task
    8.633: INFO printengine_lxk::engine: PM: Idle state in Awake
    8.633: INFO printengine_lxk::engine: PM: engine cannot sleep
    8.633: INFO printengine_lxk::engine: PM: no change in power state Awake
    8.657: PPCMD OpCode: OC_OPCODE_ILPS=0x1E Control: 0x02 Address: 0x93 Data: 0x00000000 0x00000005 0xB4
    8.659: PPCMD OpCode: OC_OPCODE_ILPS=0x1E Control: 0x03 Address: 0x93 Data: 0x00000000 0x00000005 0xB4
    8.663: INFO printengine_lxk::node_tree::engine::rpc: Notify CurrentPrintingState(Idle)
    8.664: INFO printengine_lxk::engine: PM: Running task
    8.664: INFO printengine_lxk::engine: PM: Idle state in Awake
    8.664: INFO printengine_lxk::engine: PM: engine cannot sleep
    8.664: INFO printengine_lxk::engine: PM: no change in power state Awake
    8.666: Option Manager State: OPT_MGR_POWER_SAVER
    8.670: INFO serial_transport::packet_reader: rx ack 0x09
    8.693: IP: IP_COMMAND_STORE_ALL_BYTES_TO_NVRAM Command  Rcvd - Command Code: 0x6F Data: None 
    8.693: IP: IP_COMMAND_STORE_ALL_BYTES_TO_NVRAM Response Sent - Command Code: 0x6F Data: 0x6398180C 0x0000008F 0x6600021D 0x009D0000 0x009D0000 0x00000000 0x01007226 0x463200AA 
    8.721: FAN: _FanSetNewPWM() [File: fanctl.c; Line: 2976] - LVPSFan; FanPwm: 67
    8.795, 0.000, 'FuserMainPwrPercentAct',         33,        230, 0, 0
    8.845, 0.000, 'FuserMainPwrPercentReq',         22,         68, 0, 0
    8.880, 0.000, 'EdgeTherm_AFT',                 117,         63, 0, 0
    8.879: MOTOR: BLDC motorID FUSER, Shutdown Condition Met HallCnt: 80 Desired 80
    8.880, 0.000, 'MtrFuser_mmpsec',                   0.00,  115, 0, 0
    8.880: MOTOR: BLDC motorID FUSER, Behavior: FUSER_RUN_FORWARD State: BLDC_STOPPING
    8.891: FMECH: Fuser Motor Vendor = (Nidec): CurrentLimit = 75.0
    8.891: FMECH: MtrToFuserMechCurrentCBHandler(): AvgIntegratorValue=15.0
<BLDC_HEALTH_CHECK EngineTime='    8.890' StringId='55' PrinterSideCount='157' RealTime='2026-09-23 05:58' MotorId='FUSER' Behavior='FUSER_RUN_FORWARD' RampTime_ms='0' AvgIntegratorValue='15.0' MaxRampIntegratorValue='19.0' MaxIntegratorValue='0.0' AvgSpeed_RadPerS='98.8' PhaseAdvance='0' RailV='24.9' Vendor_ID='0' />
    8.930: mtr_hw.c: line 2686 - Turnoff Mtr FUSER MtrActive 0
    8.930: MOTOR: BLDC motorID FUSER, Behavior: FUSER_RUN_FORWARD State: BLDC_WAIT_TO_REPORT_STOP
    8.997: BUR sensor iterations 5, Object temp 76, Body temp 42
    9.192: FuserHasStoppedTurning() - Fuser Has Stopped turning.
    9.192, 0.000, 'FuserMtr',                        0,         40, 0, 0
    9.192: FMECH: MtrToFuserMechEventHandler(): Motor stop occurred, motorIsRunning = 0
    9.192: HB: J1 HbUpdateMotorRunningStatus() - FUSER IsMotorRunning = 0x0 FilteredSensorIsMade = 0x0 IgnoreTimeout = 0x1 MotorRunningTimer = 87
<BLDC_MONITOR EngineTime='    9.190'  StringId='52'  PrinterSideCount='157' RealTime='2026-09-23 05:58' MotorId='FUSER' Behavior='FUSER_RUN_FORWARD'  Event='Stop'   DistanceEdges='81' Vendor_ID='0'/>
    9.193: HB: J1 HbHangBuster() - FUSER IsMotorRunning = 0x0 FilteredSensorIsMade = 0x0 IgnoreTimeout = 0x1 MotorRunningTimer = 0
    9.190: MOTOR: BLDC motorID FUSER STOPPED: Running Hall Counts 81
    9.195: SUPPLIES: CheckForDifferentHallsEncsPerMotorRev: HALLS_SAME Fuser, Pass=1, HallPerRev=5 
    9.190, 0.000, 'MtrFuser_state',                  0,        169, 0, 0
    9.195, 0.000, 'FuserMainPwrPercentAct',          0,        230, 0, 0
    9.190, 0.000, 'MtrFuser_position',               126.42,  182, 0, 0
    9.190: MOTOR: BLDC motorID FUSER, Behavior: FUSER_RUN_FORWARD State: BLDC_TRANSITION_TO_IDLE
    9.198: FMECH: FmStopMotor(): Requesting fuser motor stop
    9.198: FMECH: FmSwitchFuserCamState(): switching state from FM_MOTOR_STATE_CLOSING_STAGE_POST_SLACK_REMOVAL_RUNNING to FM_MOTOR_STATE_CLOSING_STAGE_POST_SLACK_REMOVAL_WF_MOTOR_STOP
    9.198: HB: J2 HbUpdateMotorRunningStatus() - FUSER IsMotorRunning = 0x0 FilteredSensorIsMade = 0x0 IgnoreTimeout = 0x1 MotorRunningTimer = 88
    9.201: FMECH: MtrToFuserMechEventHandler(): Motor stop occurred, motorIsRunning = 0
    9.198: MOTOR: BLDC_ClientShutdownMotor motorID FUSER CMD Distance: 0
    9.198: HB: J2 HbHangBuster() - FUSER IsMotorRunning = 0x0 FilteredSensorIsMade = 0x0 IgnoreTimeout = 0x1 MotorRunningTimer = 0
    9.200: MOTOR: BLDC motorID FUSER, Behavior: FUSER_RUN_FORWARD State: BLDC_IDLE
    9.207: FMECH: FmFuserCamStateMachine(): Motor has run 81 of required 80 halls, going to state FM_MOTOR_STATE_CLOSING_WF_MOTOR_STOP_OR_TIMEOUT
    9.207: FMECH: FmSwitchFuserCamState(): switching state from FM_MOTOR_STATE_CLOSING_STAGE_POST_SLACK_REMOVAL_WF_MOTOR_STOP to FM_MOTOR_STATE_CLOSING_WF_MOTOR_STOP_OR_TIMEOUT
    9.215, 0.000, 'FuserMainPwrPercentReq',         12,         68, 0, 0
    9.218: FMECH: FmFuserCamStateMachine(): Motor has stopped in FM_MOTOR_STATE_CLOSING_WF_MOTOR_STOP_OR_TIMEOUT after running 81 halls
    9.218: FMECH: FuserMechRaiseEvent(): FUSER_MECH_EVENT_FSR_MTR_STOPPED
    9.218: FMECH: FuserMechRaiseEvent(): FUSER_MECH_EVENT_CAM_POS_CLOSED_STOPPED
    9.218: FUSER: FuserUpdateMechPosition(): FUSER_MECH_CLOSING (max power 50%) -> FUSER_MECH_CLOSED_STOPPED (max power 50%), LLV_Offset = 15
    9.218: FMECH: FmSwitchFuserNipPosition(): switching nip position from FM_NIP_POS_UNKNOWN to FM_NIP_POS_CLOSED_LOW_PRESSURE
    9.218: FMECH: FmFuserCamStateMachine(): Nip close operation took 2720 ms (ending in state FM_MOTOR_STATE_CLOSING_WF_MOTOR_STOP_OR_TIMEOUT)
    9.218: FMECH: FmSetOpTimer(): Op timer set to 0ms in state FM_MOTOR_STATE_CLOSING_WF_MOTOR_STOP_OR_TIMEOUT
    9.218: FMECH: FmSwitchFuserCamState(): switching state from FM_MOTOR_STATE_CLOSING_WF_MOTOR_STOP_OR_TIMEOUT to FM_MOTOR_STATE_LIGHTSPEED_INIT
    9.227: EngineDriverRequest(): ENG_RQST_CONTINUOUS_MODE_STATUS  
    9.227: FMECH: Continuous Mode: 0
    9.227: FMECH: FmFuserCamStateMachine(): Setting lightspeed CSJ timeout to 360000 ms and 19 motor halls (default halls 19) in state FM_MOTOR_STATE_LIGHTSPEED_INIT for BUR temp 74C and override request = 0.
    9.227: FMECH: FmSetOpTimer(): Op timer set to 360000ms in state FM_MOTOR_STATE_LIGHTSPEED_INIT
    9.227: FMECH: FuserMechRaiseEvent(): FUSER_MECH_EVENT_CAM_POS_CLOSED_STOPPED
    9.227: FMECH: FmSwitchFuserCamState(): switching state from FM_MOTOR_STATE_LIGHTSPEED_INIT to FM_MOTOR_STATE_CLOSED_STOPPED_LIGHTSPEED
    9.238: FMECH: FmFuserCamStateMachine(): Processing motorStartRequested in state FM_MOTOR_STATE_CLOSED_STOPPED_LIGHTSPEED, motorContext = FM_MTR_START_CONTEXT_LIGHTSPEED
    9.238: FMECH: FmFuserCamStateMachine(): Ignoring redundant motor start request with context FM_MTR_START_CONTEXT_LIGHTSPEED, as we are already in FM_MOTOR_STATE_CLOSED_STOPPED_LIGHTSPEED
    9.340: TpTriggerProcessTriggers: PolledEngineAtStandby = 1, FeedErrorStatus = 0 , 
    9.350: Nfy CALIBRATION_DATA_READY_NFY=0x76 0x01 0x00 0x00
    9.350: TP: TpTriggerSetRippingBlockedFlag: Resolution = 600     Mask = 0x04 BlockRipping = 0 StatusChange = 1 RippingIsBlocked_updated = 0x00 RippingIsBlocked_original = 0x04 ClearPending = 0x00, 
    9.350: TP: TpTriggerSetRippingBlockedFlag: Resolution = 600_STO Mask = 0x04 BlockRipping = 0 StatusChange = 0 RippingIsBlocked_updated = 0x00 RippingIsBlocked_original = 0x00 ClearPending = 0x00, 
    9.350: TP: TpTriggerSetRippingBlockedFlag: Resolution = 1200    Mask = 0x04 BlockRipping = 0 StatusChange = 0 RippingIsBlocked_updated = 0x02 RippingIsBlocked_original = 0x06 ClearPending = 0x00, 
    9.353: INFO printengine_lxk::node_tree::engine::rpc: Notify CalibrationValidUpdate(Calibration600Dpi, true)
    9.361: INFO serial_transport::packet_reader: rx ack 0x0a
    9.430, 0.000, 'FuserMainPwrPercentAct',         33,        230, 0, 0
    9.507: BUR sensor iterations 5, Object temp 77, Body temp 42
    9.630, 0.000, 'FuserMainPwrPercentAct',          0,        230, 0, 0
    9.706: SUPPLIES: Memory: MemoryCommoKernelThread; WRITE_MEMORY_CONTENTS; MemMgrState = 0
    9.706: SUPPLIES: Memory: WriteMemory: dev=7, devaddr=512, sz=16, src=2149c 
    9.706: SUPPLIES: Memory: MemManSubmitWork(): work=WRITE_MEMORY_CONTENTS  struct=2 rc=0 MemMgrState=MEM_MGR_IDLE  
    9.706: SUPPLIES: Memory: MemMgrNewState() MEM_MGR_IDLE  --> MEM_MGR_WR_W_F_WRITE  
    9.710: ssec: wm: devNum=7, encrypt=true, dataSize=0x10, offset=0x200
    9.751: SUPPLIES: Memory: rc=0 
    9.751: SUPPLIES: Memory: WriteMemory: dev=7, devaddr=528, sz=16, src=214ac 
    9.750: ssec: cmd=5, devNum=7, rc=0
    9.754: ssec: wm: devNum=7, encrypt=true, dataSize=0x10, offset=0x210
    9.791: SUPPLIES: Memory: rc=0 
    9.791: SUPPLIES: Memory: WriteMemory: dev=7, devaddr=544, sz=16, src=214bc 
    9.790: ssec: cmd=5, devNum=7, rc=0
    9.794: ssec: wm: devNum=7, encrypt=true, dataSize=0x10, offset=0x220
    9.831: SUPPLIES: Memory: rc=0 
    9.831: SUPPLIES: Memory: WriteMemory: dev=7, devaddr=560, sz=16, src=214cc 
    9.830: ssec: cmd=5, devNum=7, rc=0
    9.834: ssec: wm: devNum=7, encrypt=true, dataSize=0x10, offset=0x230
    9.871: SUPPLIES: Memory: rc=0 
    9.871: SUPPLIES: Memory: WriteMemory: dev=7, devaddr=576, sz=16, src=214dc 
    9.870: ssec: cmd=5, devNum=7, rc=0
    9.874: ssec: wm: devNum=7, encrypt=true, dataSize=0x10, offset=0x240
    9.912: SUPPLIES: Memory: rc=0 
    9.912: SUPPLIES: Memory: WriteMemory: dev=7, devaddr=592, sz=16, src=214ec 
    9.910: ssec: cmd=5, devNum=7, rc=0
    9.915: ssec: wm: devNum=7, encrypt=true, dataSize=0x10, offset=0x250
    9.953: ssec: cmd=5, devNum=7, rc=0
    9.958: SUPPLIES: Memory: rc=0 
    9.958: SUPPLIES: Memory: WriteMemory: dev=7, devaddr=608, sz=16, src=214fc 
    9.960: ssec: wm: devNum=7, encrypt=true, dataSize=0x10, offset=0x260
    9.995, 0.000, 'FuserMainPwrPercentAct',         33,        230, 0, 0
    9.998: SUPPLIES: Memory: rc=0 
    9.998: SUPPLIES: Memory: WriteMemory: dev=7, devaddr=624, sz=16, src=2150c 
    9.995: ssec: cmd=5, devNum=7, rc=0
   10.001: ssec: wm: devNum=7, encrypt=true, dataSize=0x10, offset=0x270
   10.017: BUR sensor iterations 5, Object temp 76, Body temp 42
   10.041: SUPPLIES: Memory: rc=0 
   10.041: SUPPLIES: Memory: WriteMemory: dev=7, devaddr=640, sz=16, src=2151c 
   10.040: ssec: cmd=5, devNum=7, rc=0
   10.045, 0.000, 'FuserMainPwrPercentAct',          0,        230, 0, 0
   10.044: ssec: wm: devNum=7, encrypt=true, dataSize=0x10, offset=0x280
   10.065: SUPPLIES: Memory; Supply = Bottle - Black; Rd Only Memory; Memory Valid = 1 
   10.065:                          0  1  2  3  4  5  6  7  8  9  A  B  C  D  E  F
   10.065:  Address 0x000 (   0): 0x43 41 44 32 33 31 30 37 35 38 38 45 20 20 20 32
   10.065, 0.000, 'FuserMainPwrPercentAct',         33,        230, 0, 0
   10.084: SUPPLIES: Memory: rc=0 
   10.084: SUPPLIES: Memory: WriteMemory: dev=7, devaddr=656, sz=16, src=2152c 
   10.083: ssec: cmd=5, devNum=7, rc=0
   10.088:  Address 0x010 (  16): 0x30 4C 33 34 31 4B 01 00 0E 7F FF FF 00 00 FF FF
   10.088: ssec: wm: devNum=7, encrypt=true, dataSize=0x10, offset=0x290
   10.108:  Address 0x020 (  32): 0x00 00 FF FF FF 00 88 B9 D4 0F 02 8A 01 0A FF 1E
   10.115, 0.000, 'FuserMainPwrPercentAct',          0,        230, 0, 0
   10.124: ssec: cmd=5, devNum=7, rc=0
   10.128: SUPPLIES: Memory: rc=0 
   10.128: SUPPLIES: Memory: WriteMemory: dev=7, devaddr=672, sz=16, src=2153c 
   10.129:  Address 0x030 (  48): 0x14 01 00 00 FF FF 14 5A 02 32 01 01 00 00 FF FF
   10.131: ssec: wm: devNum=7, encrypt=true, dataSize=0x10, offset=0x2a0
   10.150:  Address 0x040 (  64): 0x00 00 05 DC 1F 40 64 64 64 64 64 FF FF FF FF FF
   10.169: SUPPLIES: Memory: rc=0 
   10.169: SUPPLIES: Memory: WriteMemory: dev=7, devaddr=688, sz=16, src=2154c 
   10.167: ssec: cmd=5, devNum=7, rc=0
   10.171:  Address 0x050 (  80): 0xFF FF 00 00 00 00 00 05 00 00 00 00 01 2C 13 88
   10.172: ssec: wm: devNum=7, encrypt=true, dataSize=0x10, offset=0x2b0
   10.192:  Address 0x060 (  96): 0x00 00 00 00 00 00 00 01 01 00 00 14 1E 00 00 07
   10.205: INFO serial_transport::packet_reader: rx seq 0x06 CRC 0x39c6 len 23 accept cur 0x06
   10.205: INFO serial_transport::packet_reader: rx seq 0x07 CRC 0xba9e len 24 accept cur 0x07
   10.205: INFO serial_transport::packet_reader: rx seq 0x08 CRC 0xf5c8 len 62 accept cur 0x08
   10.205: INFO serial_transport::packet_reader: rx seq 0x09 CRC 0x89cc len 33 accept cur 0x09
   10.208: INFO printengine_lxk::node_tree::engine: Call: get("Status", "Version")
   10.210: SUPPLIES: Memory: rc=0 
   10.210: SUPPLIES: Memory: WriteMemory: dev=7, devaddr=704, sz=9, src=2155c 
   10.209: ssec: cmd=5, devNum=7, rc=0
   10.212: INFO printengine_lxk::node_tree::engine: Call: get("Status", "safeMode")
   10.213:  Address 0x070 ( 112): 0xD0 00 64 00 00 00 00 00 32 00 16 5A 39 13 88 28
   10.214: INFO printengine_lxk::node_tree::engine: Call: get("Settings", "CharacterizationData", "lsuCharacterizationData")
   10.213: ssec: wm: devNum=7, encrypt=true, dataSize=0x9, offset=0x2c0
   10.218: INFO printengine_lxk::node_tree::engine: Call: get("Status", "technologyIsColor")
   10.234: INFO serial_transport::packet_reader: rx ack 0x0b
   10.234:  Address 0x080 ( 128): 0x22 24 00 F0 00 00 00 00 00 06 8D 05 00 04 11 80
   10.244: INFO serial_transport::packet_reader: rx ack 0x0c
   10.244: INFO serial_transport::packet_reader: rx ack 0x0d
   10.249: INFO serial_transport::packet_reader: rx ack 0x0e
   10.249: INFO serial_transport::packet_reader: rx ack 0x0f
   10.249: INFO serial_transport::packet_reader: rx seq 0x0a CRC 0xd743 len 23 accept cur 0x0a
   10.250: SUPPLIES: Memory: rc=0 
   10.250: SUPPLIES: Memory: rc=0 
   10.250: SUPPLIES: Memory: MemoryCommoKernelThread; WRITE_MEMORY_CONTENTS complete; MemMgrState: 3, Passed: 1
   10.250: SUPPLIES: MemoryCommoKernelThread exit:  Total Run Time: 544 milliseconds 
   10.248: ssec: cmd=5, devNum=7, rc=0
   10.252: INFO printengine_lxk::node_tree::engine: Call: get("Status", "Version")
   10.255:  Address 0x090 ( 144): 0x00 01 E0 2A 00 58 32 64 0F 0F 0F 14 14 14 00 25
   10.257: SUPPLIES: Memory: MemMgrNewState() MEM_MGR_WR_W_F_WRITE  --> MEM_MGR_IDLE  
   10.268: INFO serial_transport::packet_reader: rx ack 0x00
   10.277: INFO serial_transport::packet_reader: rx ack 0x01
   10.277:  Address 0x0A0 ( 160): 0x87 93 00 22 7E 44 00 1F 55 6B 00 1C 0A 5A 00 18
   10.298:  Address 0x0B0 ( 176): 0x9A 0E 00 15 01 14 00 11 3B 7C 00 0D 44 BA 00 09
   10.319:  Address 0x0C0 ( 192): 0x17 87 00 04 AD B6 00 00 00 05 27 BC 00 01 79 11
   10.340:  Address 0x0D0 ( 208): 0x00 00 BC 88 00 00 36 35 00 25 87 93 00 00 00 00
   10.361:  Address 0x0E0 ( 224): 0x00 09 B0 78 0C 01 0C 7B 0C FF 0D 8F 0E 2C 0E D8
   10.382:  Address 0x0F0 ( 240): 0x0F 94 10 64 11 4C 12 4E 13 70 00 00 00 00 00 00
   10.403:  Address 0x100 ( 256): 0x00 00 00 00 00 00 00 00 00 00 00 00 00 0B B8 07
   10.415, 0.000, 'FuserMainPwrPercentAct',         33,        230, 0, 0
   10.424:  Address 0x110 ( 272): 0xD0 47 65 6E 75 69 6E 65 20 4C 65 78 6D 61 72 6B
   10.445:  Address 0x120 ( 288): 0x00 00 00 00 00 00 00 00 00 00 00 00 00 00 00 00
   10.565, 0.000, 'FuserMainPwrPercentAct',          0,        230, 0, 0
   10.657: SUPPLIES: Memory; Supply = Bottle - Black; R/W Starndard Endurance Memory; Memory Valid = 1 
   10.657:                          0  1  2  3  4  5  6  7  8  9  A  B  C  D  E  F
   10.657:  Address 0x000 (   0): 0x00 00 FF FF 00 00 FF FF FF 7F FF 40 00 00 00 00
   10.678:  Address 0x010 (  16): 0x00 32 2E 53 4C 20 74 6F 4E 37 35 36 36 34 31 34
   10.699:  Address 0x020 (  32): 0x30 31 30 32 30 37 61 00 00 00 00 00 00 00 00 00
   10.720:  Address 0x030 (  48): 0x00 00 00 00 00 00 00 00 00 00 00 00 00 00 00 00
   10.741:  Address 0x040 (  64): 0x00 00 00 00 00 00 61 C0 00 00 00 00 00 00 00 00
   10.762:  Address 0x050 (  80): 0x00 00 00 00 00 00 00 00 00 00 08 75 00 00 00 00
   10.783:  Address 0x060 (  96): 0x00 00 00 00 00 00 00 00 00 00 00 00 00 00 00 00
   10.804:  Address 0x070 ( 112): 0x00 00 00 00 00 00 00 00 00 00 00 00 00 00 4C 00
   10.825:  Address 0x080 ( 128): 0x00 00 00 00 00 00 00 00 00 1C 13 80 00 00 00 00
   10.848:  Address 0x090 ( 144): 0x00 00 00 00 00 00 00 00 00 00 00 00 00 00 00 00
   10.868:  Address 0x0A0 ( 160): 0x00 00 00 00 00 00 00 00 00 00 00 00 00 00 00 00
   10.889:  Address 0x0B0 ( 176): 0x00 00 00 00 00 00 00 00 00 01 A0 00 00 01 00 00
   10.910:  Address 0x0C0 ( 192): 0x00 00 00 00 00 00 00 00 00 00 00 00 00 00 00 00
   10.930, 0.000, 'FuserMainPwrPercentAct',         33,        230, 0, 0
   10.931:  Address 0x0D0 ( 208): 0x00 00 00 00 00 00 00 00 00 00 00 00 00 00 00 00
   10.980, 0.000, 'FuserMainPwrPercentAct',          0,        230, 0, 0
   11.000, 0.000, 'FuserMainPwrPercentAct',         33,        230, 0, 0
   11.050, 0.000, 'FuserMainPwrPercentAct',          0,        230, 0, 0
   11.142: SUPPLIES: Memory; Supply = Bottle - Black; R/W High Endurance Memory; Memory Valid = 1 
   11.142:                          0  1  2  3  4  5  6  7  8  9  A  B  C  D  E  F
   11.142:  Address 0x000 (   0): 0x00 00 5A B7 00 00 24 2A 00 00 00 00 00 00 00 00
   11.143: INFO serial_transport::packet_reader: rx seq 0x0b CRC 0x1736 len 28 accept cur 0x0b
   11.144: INFO printengine_lxk::node_tree::engine: Call: get("PrintOptions", "scaled")
   11.158: INFO serial_transport::packet_reader: rx ack 0x02
   11.158: INFO serial_transport::packet_reader: rx seq 0x0c CRC 0xa25c len 42 accept cur 0x0c
   11.158: INFO serial_transport::packet_reader: rx seq 0x0d CRC 0x0f11 len 51 accept cur 0x0d
   11.159: INFO printengine_lxk::node_tree::engine: Call: get("Settings", "CustomFeatures", "burstMode")
   11.161: INFO printengine_lxk::node_tree::engine: Call: get("Settings", "CustomFeatures", "usageBasedTonerLow")
   11.163:  Address 0x010 (  16): 0x00 00 00 00 12 D5 00 00 0C E8 00 00 04 6D 00 00
   11.168: INFO serial_transport::packet_reader: rx ack 0x03
   11.168: INFO serial_transport::packet_reader: rx ack 0x04
   11.184:  Address 0x020 (  32): 0x00 00 00 00 00 00 00 00 00 00 5B 89 00 07 C5 BE
   11.190, 0.000, 'MainTherm2_AFT',                121,        222, 0, 0
   11.205:  Address 0x030 (  48): 0x00 00 01 01 00 01 01 01 01 01 00 1C 7D 55 01 00
   11.227:  Address 0x040 (  64): 0x00 00 00 00 00 00 00 00 00 00 00 00 00 00 09 0A
   11.248:  Address 0x050 (  80): 0x3E 00 00 00 00 00 00 00 00 00 00 00 00 00 00 00
   11.269:  Address 0x060 (  96): 0x00 00 01 01 01 01 01 01 01 01 01 01 01 01 01 01
   11.290:  Address 0x070 ( 112): 0x01 01 00 00 00 00 00 00 00 00 00 00 00 00 00 00
   11.450, 0.000, 'FuserMainPwrPercentAct',         33,        230, 0, 0
   11.501: SUPPLIES: Memory; Supply = Bottle - Cyan; Rd Only Memory; Memory Valid = 1 
   11.501:                          0  1  2  3  4  5  6  7  8  9  A  B  C  D  E  F
   11.501:  Address 0x000 (   0): 0x43 41 44 32 33 31 30 34 35 42 31 34 20 20 20 32
   11.522:  Address 0x010 (  16): 0x30 4C 33 34 31 43 01 00 0E 7F FF FF 00 00 FF FF
   11.543:  Address 0x020 (  32): 0x00 00 FF FF FF 00 75 31 D4 0F 02 8A 01 0A FF 1E
   11.564:  Address 0x030 (  48): 0x14 01 00 00 FF FF 14 5A 02 32 01 01 00 00 FF FF
   11.585:  Address 0x040 (  64): 0x00 00 05 DC 21 34 64 64 64 64 64 FF FF FF FF FF
   11.600, 0.000, 'FuserMainPwrPercentAct',          0,        230, 0, 0
   11.607:  Address 0x050 (  80): 0xFF FF 00 00 00 00 00 05 00 00 00 00 01 2C 13 88
   11.628:  Address 0x060 (  96): 0x00 00 00 00 00 00 00 01 01 00 00 14 1E 00 00 07
   11.649:  Address 0x070 ( 112): 0xD0 00 64 00 00 00 00 00 32 00 16 5A 39 13 88 28
   11.670:  Address 0x080 ( 128): 0x22 24 00 F0 00 00 00 00 00 07 D2 A9 00 04 63 DB
   11.691:  Address 0x090 ( 144): 0x00 02 05 F1 00 57 32 64 0F 0F 0F 14 14 14 00 28
   11.712:  Address 0x0A0 ( 160): 0xB2 0B 00 25 63 6D 00 21 F3 10 00 1E 5E 28 00 1A
   11.733:  Address 0x0B0 ( 176): 0xA1 88 00 16 B9 98 00 12 A2 3D 00 0E 56 BE 00 09
   11.754:  Address 0x0C0 ( 192): 0xD1 A3 00 05 0C 8E 00 00 00 05 96 EF 00 01 98 D6
   11.775:  Address 0x0D0 ( 208): 0x00 00 CC 6B 00 00 36 35 00 28 B2 0B 00 00 00 00
   11.782: INFO serial_transport::packet_reader: rx seq 0x0e CRC 0xe4ee len 34 accept cur 0x0e
   11.783: INFO printengine_lxk::node_tree::engine: Call: set("Status", "currentMode", "Normal")
   11.783: IP: IP_COMMAND_SET_PRINTER_STATE Command  Rcvd - Command Code: 0x16 Data: 0x0000 
   11.783: SUPPLIES: Rx ENG_EVENT_SET_PRINTER_STATE, State: 0, IgnoreIRs: 0 
   11.783: FUSER: EngToFuserEvent() - Received event ENG_EVENT_EVERREADY_DISABLED                        (40) 
   11.783: FUSER: EngToFuserEvent() - NWM paper path flags will now be trusted.
   11.784: IP: IP_COMMAND_SET_PRINTER_STATE Response Sent - Command Code: 0x16 Data: None 
   11.798:  Address 0x0E0 ( 224): 0x00 09 B0 78 0D 14 0D 97 0E 24 0E BE 0F 65 10 1B
   11.805: INFO serial_transport::packet_reader: rx ack 0x05
   11.805: INFO serial_transport::packet_reader: rx seq 0x0f CRC 0x7d75 len 22 accept cur 0x0f
   11.808: INFO serial_transport::packet_reader: rx seq 0x00 CRC 0xb993 len 50 accept cur 0x00
   11.808: INFO serial_transport::packet_reader: rx seq 0x01 CRC 0x7195 len 56 accept cur 0x01
   11.808: INFO serial_transport::packet_reader: rx seq 0x02 CRC 0x292d len 52 accept cur 0x02
   11.809: INFO printengine_lxk::node_tree::engine: Call: set("Settings", "sfp", false)
   11.809: IP: NODE_TREE_INTERFACE Command  Rcvd - Command Code: 0x08 Data: 0x08020100 
   11.810: IP: NODE_TREE_INTERFACE Response Sent - Command Code: 0x08 Data: None 
   11.812: INFO printengine_lxk::node_tree::engine: Call: set("Settings", "HardwareConfig", "mpFeederCapacity", 50)
   11.810: FAN: EngToFanEvent() - Event: ENG_EVENT_MACHINE_TYPE                             
   11.814: INFO printengine_lxk::node_tree::engine: Call: set("Settings", "HardwareConfig", "duplexCapability", "Single")
   11.815: IP: NODE_TREE_INTERFACE Command  Rcvd - Command Code: 0x08 Data: 0x08020501 
   11.815: IP: NODE_TREE_INTERFACE Response Sent - Command Code: 0x08 Data: None 
   11.818: INFO printengine_lxk::node_tree::engine: Call: set("Settings", "HardwareConfig", "tray1CanSensePaper", false)
   11.819:  Address 0x0F0 ( 240): 0x10 E4 11 C0 12 B5 13 C5 14 F6 00 00 00 00 00 00
   11.840:  Address 0x100 ( 256): 0x00 00 00 00 00 00 00 00 00 00 00 00 00 0B B8 07
   11.844: INFO serial_transport::packet_reader: rx seq 0x03 CRC 0xb93b len 53 accept cur 0x03
   11.844: INFO serial_transport::packet_reader: rx seq 0x04 CRC 0x4fd2 len 51 accept cur 0x04
   11.844: INFO serial_transport::packet_reader: rx seq 0x05 CRC 0x6f80 len 57 accept cur 0x05
   11.844: INFO serial_transport::packet_reader: rx seq 0x06 CRC 0x7a25 len 48 accept cur 0x06
   11.844: INFO serial_transport::packet_reader: rx ack 0x06
   11.844: INFO serial_transport::packet_reader: rx ack 0x07
   11.844: INFO serial_transport::packet_reader: rx ack 0x08
   11.844: INFO serial_transport::packet_reader: rx ack 0x09
   11.848: INFO printengine_lxk::node_tree::engine: Call: set("Settings", "HardwareConfig", "tray1CanSenseDrawer", false)
   11.849: INFO printengine_lxk::node_tree::engine: Call: set("Settings", "HardwareConfig", "tray1HasLiftPlate", false)
   11.852: INFO printengine_lxk::node_tree::engine: Call: set("Settings", "HardwareConfig", "tray1HasPassthruRollers", false)
   11.853: INFO printengine_lxk::node_tree::engine: Call: set("Settings", "HardwareConfig", "tray1Capacity", 250)
   11.861:  Address 0x110 ( 272): 0xD0 47 65 6E 75 69 6E 65 20 4C 65 78 6D 61 72 6B
   11.879: INFO serial_transport::packet_reader: rx seq 0x07 CRC 0x305b len 57 accept cur 0x07
   11.879: INFO serial_transport::packet_reader: rx seq 0x08 CRC 0x86d8 len 48 accept cur 0x08
   11.879: INFO serial_transport::packet_reader: rx seq 0x09 CRC 0x8341 len 51 accept cur 0x09
   11.879: INFO serial_transport::packet_reader: rx seq 0x0a CRC 0x2c70 len 50 accept cur 0x0a
   11.879: INFO serial_transport::packet_reader: rx ack 0x0a
   11.879: INFO serial_transport::packet_reader: rx ack 0x0b
   11.879: INFO serial_transport::packet_reader: rx ack 0x0c
   11.879: INFO serial_transport::packet_reader: rx ack 0x0d
   11.882: INFO printengine_lxk::node_tree::engine: Call: set("Settings", "HardwareConfig", "stdBinHasNearFullSensor", false)
   11.882:  Address 0x120 ( 288): 0x00 00 00 00 00 00 00 00 00 00 00 00 00 00 00 00
   11.883: INFO printengine_lxk::node_tree::engine: Call: set("Settings", "HardwareConfig", "stdBinCapacity", 0)
   11.885: INFO printengine_lxk::node_tree::engine: Call: set("Settings", "HardwareConfig", "tonerLevelSensing", false)
   11.888: INFO printengine_lxk::node_tree::engine: Call: set("Settings", "HardwareConfig", "cardFanInstalled", false)
   11.915: INFO serial_transport::packet_reader: rx seq 0x0b CRC 0x0cbb len 50 accept cur 0x0b
   11.915: INFO serial_transport::packet_reader: rx seq 0x0c CRC 0xbab8 len 65 accept cur 0x0c
   11.915: INFO serial_transport::packet_reader: rx seq 0x0d CRC 0x4339 len 48 accept cur 0x0d
   11.915: INFO serial_transport::packet_reader: rx seq 0x0e CRC 0x8166 len 55 accept cur 0x0e
   11.915: INFO serial_transport::packet_reader: rx ack 0x0e
   11.918: INFO serial_transport::packet_reader: rx ack 0x0f
   11.918: INFO serial_transport::packet_reader: rx ack 0x00
   11.918: INFO serial_transport::packet_reader: rx ack 0x01
   11.919: INFO printengine_lxk::node_tree::engine: Call: set("Settings", "CustomFeatures", "maxOptionalTrays", 6)
   11.919: IP: NODE_TREE_INTERFACE Command  Rcvd - Command Code: 0x08 Data: 0x08020E06 
   11.920: IP: NODE_TREE_INTERFACE Response Sent - Command Code: 0x08 Data: None 
   11.922: INFO printengine_lxk::node_tree::engine: Call: set("Settings", "CustomFeatures", "finisherConfiguration", "NoFinisher")
   11.922: IP: NODE_TREE_INTERFACE Command  Rcvd - Command Code: 0x08 Data: 0x08021D00 
   11.922: IP: NODE_TREE_INTERFACE Response Sent - Command Code: 0x08 Data: None 
   11.924: INFO printengine_lxk::node_tree::engine: Call: set("Settings", "CustomFeatures", "mailboxEnabled", false)
   11.925: INFO printengine_lxk::node_tree::engine: Call: set("Settings", "CustomFeatures", "outputExpanderEnabled", false)
   11.954: INFO serial_transport::packet_reader: rx seq 0x0f CRC 0x7d7c len 60 accept cur 0x0f
   11.954: INFO serial_transport::packet_reader: rx seq 0x00 CRC 0xe47b len 61 accept cur 0x00
   11.955: INFO serial_transport::packet_reader: rx seq 0x01 CRC 0xf167 len 53 accept cur 0x01
   11.955: INFO serial_transport::packet_reader: rx seq 0x02 CRC 0xa5b8 len 54 accept cur 0x02
   11.955: INFO serial_transport::packet_reader: rx ack 0x02
   11.955: INFO serial_transport::packet_reader: rx ack 0x03
   11.955: INFO serial_transport::packet_reader: rx ack 0x04
   11.955: INFO serial_transport::packet_reader: rx ack 0x05
   11.958: INFO printengine_lxk::node_tree::engine: Call: set("Settings", "CustomFeatures", "horizontalTransportEnabled", false)
   11.960: INFO printengine_lxk::node_tree::engine: Call: set("Settings", "CustomFeatures", "multiPositionStaplerEnabled", false)
   11.962: INFO printengine_lxk::node_tree::engine: Call: set("Settings", "CustomFeatures", "smartStaplerEnabled", false)
   11.963: INFO printengine_lxk::node_tree::engine: Call: set("Settings", "CustomFeatures", "inlineStaplerEnabled", false)
   11.988: INFO serial_transport::packet_reader: rx seq 0x03 CRC 0x24e5 len 58 accept cur 0x03
   11.988: INFO serial_transport::packet_reader: rx seq 0x04 CRC 0x0c94 len 29 accept cur 0x04
   11.988: INFO serial_transport::packet_reader: rx seq 0x05 CRC 0x73c4 len 57 accept cur 0x05
   11.989: INFO serial_transport::packet_reader: rx seq 0x06 CRC 0x0cd6 len 58 accept cur 0x06
   11.989: INFO serial_transport::packet_reader: rx ack 0x06
   11.989: INFO serial_transport::packet_reader: rx ack 0x07
   11.989: INFO serial_transport::packet_reader: rx ack 0x08
   11.989: INFO serial_transport::packet_reader: rx ack 0x09
   11.990: INFO printengine_lxk::node_tree::engine: Call: set("Settings", "CustomFeatures", "highCapacityTraysAllowed", false)
   11.993: INFO printengine_lxk::node_tree::engine: Call: set("Settings", "modelType", "H")
   11.993: IP: NODE_TREE_INTERFACE Command  Rcvd - Command Code: 0x08 Data: 0x08020002 
   11.993: TP ENG_EVENT_MODEL_UPDATE model type 2 model has changed 0
   11.993: TPS StringId='88' Comment='TP: TpAsyncThreadReq()' TpAsyncReqId='19'
   11.993: EngineDriverRequest(): GET_ENGINE_DRIVER_MACHINE_INFO   
   11.993: SUPPLIES: ENG_EVENT_MODEL_UPDATE: ENGINE_DRIVER_INFO_MODEL = 1 
   11.994: EngineDriverRequest(): ENG_RQST_DEFAULT_SPEED_INDEX     
   11.994: XLATE: XlatePrintPage(OpPoint=01,MediaType=00,source=99,dest=90,BannerFlag,GeneralFlags1=00,Size=00,CustomWidth=0000,RunAtDefaultSpeed=01,PageHasMedia=01,PageIsInternal=00)
   11.994: XLATE: TPSFullCalibrationRule
   11.994: XLATE: Supports600DpiJobsRule
   11.994: XLATE: XlatePrintPage() - fastest_speed: 55 MachineInfo.Model: 1 TargetResolution: 1 ReturnVal: 0
   11.994: TP: TpSetNominalWhiteVector: NominalWhiteVector=-735 and DefaultSpeedIndex=0 unchanged. , 
   11.994: IP: NODE_TREE_INTERFACE Response Sent - Command Code: 0x08 Data: None 
   11.994: IP: NODE_TREE_INTERFACE Command  Rcvd - Command Code: 0x08 Data: 0x0C 
   11.994: IP: NODE_TREE_INTERFACE Response Sent - Command Code: 0x08 Data: 0x37D0F6B3 0xBA00 
   11.995: INFO printengine_lxk::node_tree::engine: Call: set("Settings", "CustomFeatures", "inhibitInitialBurstMode", false)
   11.999: INFO printengine_lxk::node_tree::engine: Call: set("Settings", "HardwareConfig", "alternateHalftoneScreens", false)
   11.999: IP: NODE_TREE_INTERFACE Command  Rcvd - Command Code: 0x08 Data: 0x08021A00 
   11.999: TP ENG_EVENT_ALTERNATE_HALFTONE_SCREEN_UPDATE AltScreen type 0 AltScreen has changed 0
   11.999: IP: NODE_TREE_INTERFACE Response Sent - Command Code: 0x08 Data: None 
   12.001: INFO printengine_lxk::node_tree::engine::rpc: Notify MaxSpeedPPMUpdate(55)
   12.021: INFO serial_transport::packet_reader: rx seq 0x07 CRC 0x3d7a len 44 accept cur 0x07
   12.021: INFO serial_transport::packet_reader: rx seq 0x08 CRC 0xee3c len 45 accept cur 0x08
   12.022: INFO serial_transport::packet_reader: rx seq 0x09 CRC 0x68c4 len 50 accept cur 0x09
   12.022: INFO serial_transport::packet_reader: rx seq 0x0a CRC 0x0071 len 30 accept cur 0x0a
   12.022: INFO serial_transport::packet_reader: rx ack 0x0a
   12.022: INFO serial_transport::packet_reader: rx ack 0x0b
   12.022: INFO serial_transport::packet_reader: rx ack 0x0c
   12.022: INFO serial_transport::packet_reader: rx ack 0x0d
   12.024: INFO printengine_lxk::node_tree::engine: Call: set("Settings", "Supplies", "machineClassID", 65535)
   12.028: IP: SET_SUPPLY_COMPATIBILITY_DATA_CMDCODE Command  Rcvd - Command Code: 0x73 Data: 0xFFFFFF02 0xFFFF0000 0xFFFF0000 0xFFFF0000 0x00000000 
   12.028: SUPPLIES: SupplyMgr External Request: SUPPLY_RQST_SET_COMPAT_DATA_COMMO 
   12.028: SUPPLIES: @@@@ ServicePlan Rip Event: OrigState: 0, PrinterServicePlan: 2, NewState: 0, PrinterRegion: 0xffff 
   12.028: SUPPLIES: SupplyCartImageUnitCompatCheck: Pass: 1, CartId: 0x04, CartToner: 0, IuId: 0x00, IuToner: 0
   12.028: SUPPLIES: SupplyCC_MC_Check: SupplyID: 0x04, PrinterState: 0, SuppliesSupported: 1, PrinterMachineClass: 0xffff, Printer MC: 0x0000ffff, Printer CC: 0x0000ffff, Supply MC: 0x0000ffff, Supply CC: 0x0000ffff
   12.028: SUPPLIES: SupplyOEM_Check SupplyID: Bottle - Black, Test skipped, Escape Hatch Active 
   12.028: SUPPLIES: Region compatibility test skipped due to Esc hatch 
   12.028: SUPPLIES: SupplyMarriageCheck: Supply ID=0x04, SupplyAlreadyMarried=0, MarriageEscHatchSet=1, AnyMarriageEscHatchSet=1, NvMarriageID=0x00, SupplyMarriageID=0xec, OkToMarrySupply=0, SupplyIsSWE=0, UnMarrySettingSet=0 
   12.028: SUPPLIES: AM Cartridge Lock Check: SupplyID=0x04 SupplyIsAM=1 CartridgeLockSetting=0 CartLockInErrorFlag=0 BottleID=0x3107588e NvCartLockID=0x00000000
   12.028: SUPPLIES: BottleServicePlanCompatCheck: SupplyID: 0x04, Test skipped. Settings unavailable. PrinterMachClassSettingRcvd=1, TnrBottleDataValidFlag=1, PrinterRegionSettingReceived=1 
   12.028: SUPPLIES: SupplyCartImageUnitCompatCheck: Pass: 1, CartId: 0x03, CartToner: 0, IuId: 0x00, IuToner: 0
   12.028: SUPPLIES: SupplyCC_MC_Check: SupplyID: 0x03, PrinterState: 0, SuppliesSupported: 1, PrinterMachineClass: 0xffff, Printer MC: 0x0000ffff, Printer CC: 0x0000ffff, Supply MC: 0x0000ffff, Supply CC: 0x0000ffff
   12.028: SUPPLIES: SupplyOEM_Check SupplyID: Bottle - Cyan, Test skipped, Escape Hatch Active 
   12.028: SUPPLIES: Region compatibility test skipped due to Esc hatch 
   12.028: SUPPLIES: SupplyMarriageCheck: Supply ID=0x03, SupplyAlreadyMarried=0, MarriageEscHatchSet=1, AnyMarriageEscHatchSet=1, NvMarriageID=0x00, SupplyMarriageID=0x4d, OkToMarrySupply=0, SupplyIsSWE=0, UnMarrySettingSet=0 
   12.028: SUPPLIES: AM Cartridge Lock Check: SupplyID=0x03 SupplyIsAM=1 CartridgeLockSetting=0 CartLockInErrorFlag=0 BottleID=0x31045b14 NvCartLockID=0x00000000
   12.028: SUPPLIES: BottleServicePlanCompatCheck: SupplyID: 0x03, Test skipped. Settings unavailable. PrinterMachClassSettingRcvd=1, TnrBottleDataValidFlag=1, PrinterRegionSettingReceived=1 
   12.028: SUPPLIES: SupplyCartImageUnitCompatCheck: Pass: 1, CartId: 0x02, CartToner: 0, IuId: 0x00, IuToner: 0
   12.028: SUPPLIES: SupplyCC_MC_Check: SupplyID: 0x02, PrinterState: 0, SuppliesSupported: 1, PrinterMachineClass: 0xffff, Printer MC: 0x0000ffff, Printer CC: 0x0000ffff, Supply MC: 0x0000ffff, Supply CC: 0x0000ffff
   12.028: SUPPLIES: SupplyOEM_Check SupplyID: Bottle - Magenta, Test skipped, Escape Hatch Active 
   12.028: SUPPLIES: Region compatibility test skipped due to Esc hatch 
   12.028: SUPPLIES: SupplyMarriageCheck: Supply ID=0x02, SupplyAlreadyMarried=0, MarriageEscHatchSet=1, AnyMarriageEscHatchSet=1, NvMarriageID=0x00, SupplyMarriageID=0x14, OkToMarrySupply=0, SupplyIsSWE=0, UnMarrySettingSet=0 
   12.028: SUPPLIES: AM Cartridge Lock Check: SupplyID=0x02 SupplyIsAM=1 CartridgeLockSetting=0 CartLockInErrorFlag=0 BottleID=0x31095739 NvCartLockID=0x00000000
   12.028: SUPPLIES: BottleServicePlanCompatCheck: SupplyID: 0x02, Test skipped. Settings unavailable. PrinterMachClassSettingRcvd=1, TnrBottleDataValidFlag=1, PrinterRegionSettingReceived=1 
   12.028: SUPPLIES: SupplyCartImageUnitCompatCheck: Pass: 1, CartId: 0x01, CartToner: 0, IuId: 0x00, IuToner: 0
   12.028: SUPPLIES: SupplyCC_MC_Check: SupplyID: 0x01, PrinterState: 0, SuppliesSupported: 1, PrinterMachineClass: 0xffff, Printer MC: 0x0000ffff, Printer CC: 0x0000ffff, Supply MC: 0x0000ffff, Supply CC: 0x0000ffff
   12.028: SUPPLIES: SupplyOEM_Check SupplyID: Bottle - Yellow, Test skipped, Escape Hatch Active 
   12.028: SUPPLIES: Region compatibility test skipped due to Esc hatch 
   12.028: SUPPLIES: SupplyMarriageCheck: Supply ID=0x01, SupplyAlreadyMarried=0, MarriageEscHatchSet=1, AnyMarriageEscHatchSet=1, NvMarriageID=0x00, SupplyMarriageID=0xb2, OkToMarrySupply=0, SupplyIsSWE=0, UnMarrySettingSet=0 
   12.028: SUPPLIES: AM Cartridge Lock Check: SupplyID=0x01 SupplyIsAM=1 CartridgeLockSetting=0 CartLockInErrorFlag=0 BottleID=0x311467e4 NvCartLockID=0x00000000
   12.028: SUPPLIES: BottleServicePlanCompatCheck: SupplyID: 0x01, Test skipped. Settings unavailable. PrinterMachClassSettingRcvd=1, TnrBottleDataValidFlag=1, PrinterRegionSettingReceived=1 
   12.028: SUPPLIES: SupplyCC_MC_Check: SupplyID: 0x06, PrinterState: 0, SuppliesSupported: 1, PrinterMachineClass: 0xffff, Printer MC: 0x0000ffff, Printer CC: 0x0000ffff, Supply MC: 0xffffffff, Supply CC: 0xffffffff
   12.028: SUPPLIES: SupplyOEM_Check: SupplyID: 0x06, OemId: 0xff, ShipWithType: 0, SuppliesSupported: 1, PrinterState: 0, Printer Machine Class: 0xffff  
   12.028: SUPPLIES: Region compatibility test skipped due to Esc hatch 
   12.028: SUPPLIES: SupplyMarriageCheck: Supply ID=0x06, SupplyAlreadyMarried=0, MarriageEscHatchSet=1, AnyMarriageEscHatchSet=1, NvMarriageID=0x00, SupplyMarriageID=0x00, OkToMarrySupply=0, SupplyIsSWE=1, UnMarrySettingSet=0 
   12.028: SUPPLIES: SupplyCC_MC_Check: SupplyID: 0x05, PrinterState: 0, SuppliesSupported: 1, PrinterMachineClass: 0xffff, Printer MC: 0x0000ffff, Printer CC: 0x0000ffff, Supply MC: 0xffffffff, Supply CC: 0xffffffff
   12.028: SUPPLIES: SupplyOEM_Check SupplyID: ITM, Test skipped, Escape Hatch Active 
   12.028: SUPPLIES: Region compatibility test skipped due to Esc hatch 
   12.028: SUPPLIES: SupplyCC_MC_Check: SupplyID: 0x19, PrinterState: 0, SuppliesSupported: 1, PrinterMachineClass: 0xffff, Printer MC: 0x0000ffff, Printer CC: 0x0000ffff, Supply MC: 0xffffffff, Supply CC: 0xffffffff
   12.028: SUPPLIES: SupplyOEM_Check: SupplyID: 0x19, OemId: 0xff, ShipWithType: 0, SuppliesSupported: 1, PrinterState: 0, Printer Machine Class: 0xffff  
   12.028: SUPPLIES: RegionCheck SupplyID: 0x19, PrinterState: 0, Pass: 1, Printer Region: 0xFFFF, Supply Region: 0x7FFF, PrinterMachineClass: 0xffff 
   12.028: SUPPLIES: SupplyMarriageCheck: Supply ID=0x19, SupplyAlreadyMarried=0, MarriageEscHatchSet=0, AnyMarriageEscHatchSet=0, NvMarriageID=0x00, SupplyMarriageID=0x9e, OkToMarrySupply=1, SupplyIsSWE=1, UnMarrySettingSet=0 
   12.028: SUPPLIES: SupplyCC_MC_Check: SupplyID: 0x0f, PrinterState: 0, SuppliesSupported: 1, PrinterMachineClass: 0xffff, Printer MC: 0x0000ffff, Printer CC: 0x0000ffff, Supply MC: 0xffffffff, Supply CC: 0xffffffff
   12.028: SUPPLIES: SupplyOEM_Check: SupplyID: 0x0f, OemId: 0xff, ShipWithType: 0, SuppliesSupported: 1, PrinterState: 0, Printer Machine Class: 0xffff  
   12.028: SUPPLIES: RegionCheck SupplyID: 0x0f, PrinterState: 0, Pass: 1, Printer Region: 0xFFFF, Supply Region: 0x7FFF, PrinterMachineClass: 0xffff 
   12.028: SUPPLIES: SupplyMarriageCheck: Supply ID=0x0f, SupplyAlreadyMarried=0, MarriageEscHatchSet=0, AnyMarriageEscHatchSet=0, NvMarriageID=0x00, SupplyMarriageID=0xb7, OkToMarrySupply=1, SupplyIsSWE=1, UnMarrySettingSet=0 
   12.030: INFO serial_transport::packet_reader: rx ack 0x0e
   12.030: IP: SET_SUPPLY_COMPATIBILITY_DATA_CMDCODE Response Sent - Command Code: 0x73 Data: None 
   12.032: INFO printengine_lxk::node_tree::engine: Call: set("Settings", "Supplies", "capacityClassID", 65535)
   12.034: IP: SET_SUPPLY_COMPATIBILITY_DATA_CMDCODE Command  Rcvd - Command Code: 0x73 Data: 0xFFFFFF02 0xFFFF0000 0xFFFF0000 0xFFFF0000 0x00000000 
   12.034: SUPPLIES: SupplyMgr External Request: SUPPLY_RQST_SET_COMPAT_DATA_COMMO 
   12.034: SUPPLIES: @@@@ ServicePlan Rip Event: OrigState: 0, PrinterServicePlan: 2, NewState: 0, PrinterRegion: 0xffff 
   12.034: SUPPLIES: SupplyCartImageUnitCompatCheck: Pass: 1, CartId: 0x04, CartToner: 0, IuId: 0x00, IuToner: 0
   12.034: SUPPLIES: SupplyCC_MC_Check: SupplyID: 0x04, PrinterState: 0, SuppliesSupported: 1, PrinterMachineClass: 0xffff, Printer MC: 0x0000ffff, Printer CC: 0x0000ffff, Supply MC: 0x0000ffff, Supply CC: 0x0000ffff
   12.034: SUPPLIES: SupplyOEM_Check SupplyID: Bottle - Black, Test skipped, Escape Hatch Active 
   12.034: SUPPLIES: Region compatibility test skipped due to Esc hatch 
   12.034: SUPPLIES: SupplyMarriageCheck: Supply ID=0x04, SupplyAlreadyMarried=0, MarriageEscHatchSet=1, AnyMarriageEscHatchSet=1, NvMarriageID=0x00, SupplyMarriageID=0xec, OkToMarrySupply=0, SupplyIsSWE=0, UnMarrySettingSet=0 
   12.034: SUPPLIES: AM Cartridge Lock Check: SupplyID=0x04 SupplyIsAM=1 CartridgeLockSetting=0 CartLockInErrorFlag=0 BottleID=0x3107588e NvCartLockID=0x00000000
   12.034: SUPPLIES: BottleServicePlanCompatCheck: SupplyID: 0x04, Test skipped. Settings unavailable. PrinterMachClassSettingRcvd=1, TnrBottleDataValidFlag=1, PrinterRegionSettingReceived=1 
   12.034: SUPPLIES: SupplyCartImageUnitCompatCheck: Pass: 1, CartId: 0x03, CartToner: 0, IuId: 0x00, IuToner: 0
   12.034: SUPPLIES: SupplyCC_MC_Check: SupplyID: 0x03, PrinterState: 0, SuppliesSupported: 1, PrinterMachineClass: 0xffff, Printer MC: 0x0000ffff, Printer CC: 0x0000ffff, Supply MC: 0x0000ffff, Supply CC: 0x0000ffff
   12.034: SUPPLIES: SupplyOEM_Check SupplyID: Bottle - Cyan, Test skipped, Escape Hatch Active 
   12.034: SUPPLIES: Region compatibility test skipped due to Esc hatch 
   12.034: SUPPLIES: SupplyMarriageCheck: Supply ID=0x03, SupplyAlreadyMarried=0, MarriageEscHatchSet=1, AnyMarriageEscHatchSet=1, NvMarriageID=0x00, SupplyMarriageID=0x4d, OkToMarrySupply=0, SupplyIsSWE=0, UnMarrySettingSet=0 
   12.034: SUPPLIES: AM Cartridge Lock Check: SupplyID=0x03 SupplyIsAM=1 CartridgeLockSetting=0 CartLockInErrorFlag=0 BottleID=0x31045b14 NvCartLockID=0x00000000
   12.034: SUPPLIES: BottleServicePlanCompatCheck: SupplyID: 0x03, Test skipped. Settings unavailable. PrinterMachClassSettingRcvd=1, TnrBottleDataValidFlag=1, PrinterRegionSettingReceived=1 
   12.034: SUPPLIES: SupplyCartImageUnitCompatCheck: Pass: 1, CartId: 0x02, CartToner: 0, IuId: 0x00, IuToner: 0
   12.034: SUPPLIES: SupplyCC_MC_Check: SupplyID: 0x02, PrinterState: 0, SuppliesSupported: 1, PrinterMachineClass: 0xffff, Printer MC: 0x0000ffff, Printer CC: 0x0000ffff, Supply MC: 0x0000ffff, Supply CC: 0x0000ffff
   12.034: SUPPLIES: SupplyOEM_Check SupplyID: Bottle - Magenta, Test skipped, Escape Hatch Active 
   12.034: SUPPLIES: Region compatibility test skipped due to Esc hatch 
   12.034: SUPPLIES: SupplyMarriageCheck: Supply ID=0x02, SupplyAlreadyMarried=0, MarriageEscHatchSet=1, AnyMarriageEscHatchSet=1, NvMarriageID=0x00, SupplyMarriageID=0x14, OkToMarrySupply=0, SupplyIsSWE=0, UnMarrySettingSet=0 
   12.034: SUPPLIES: AM Cartridge Lock Check: SupplyID=0x02 SupplyIsAM=1 CartridgeLockSetting=0 CartLockInErrorFlag=0 BottleID=0x31095739 NvCartLockID=0x00000000
   12.034: SUPPLIES: BottleServicePlanCompatCheck: SupplyID: 0x02, Test skipped. Settings unavailable. PrinterMachClassSettingRcvd=1, TnrBottleDataValidFlag=1, PrinterRegionSettingReceived=1 
   12.034: SUPPLIES: SupplyCartImageUnitCompatCheck: Pass: 1, CartId: 0x01, CartToner: 0, IuId: 0x00, IuToner: 0
   12.034: SUPPLIES: SupplyCC_MC_Check: SupplyID: 0x01, PrinterState: 0, SuppliesSupported: 1, PrinterMachineClass: 0xffff, Printer MC: 0x0000ffff, Printer CC: 0x0000ffff, Supply MC: 0x0000ffff, Supply CC: 0x0000ffff
   12.034: SUPPLIES: SupplyOEM_Check SupplyID: Bottle - Yellow, Test skipped, Escape Hatch Active 
   12.034: SUPPLIES: Region compatibility test skipped due to Esc hatch 
   12.034: SUPPLIES: SupplyMarriageCheck: Supply ID=0x01, SupplyAlreadyMarried=0, MarriageEscHatchSet=1, AnyMarriageEscHatchSet=1, NvMarriageID=0x00, SupplyMarriageID=0xb2, OkToMarrySupply=0, SupplyIsSWE=0, UnMarrySettingSet=0 
   12.034: SUPPLIES: AM Cartridge Lock Check: SupplyID=0x01 SupplyIsAM=1 CartridgeLockSetting=0 CartLockInErrorFlag=0 BottleID=0x311467e4 NvCartLockID=0x00000000
   12.034: SUPPLIES: BottleServicePlanCompatCheck: SupplyID: 0x01, Test skipped. Settings unavailable. PrinterMachClassSettingRcvd=1, TnrBottleDataValidFlag=1, PrinterRegionSettingReceived=1 
   12.034: SUPPLIES: SupplyCC_MC_Check: SupplyID: 0x06, PrinterState: 0, SuppliesSupported: 1, PrinterMachineClass: 0xffff, Printer MC: 0x0000ffff, Printer CC: 0x0000ffff, Supply MC: 0xffffffff, Supply CC: 0xffffffff
   12.034: SUPPLIES: SupplyOEM_Check: SupplyID: 0x06, OemId: 0xff, ShipWithType: 0, SuppliesSupported: 1, PrinterState: 0, Printer Machine Class: 0xffff  
   12.034: SUPPLIES: Region compatibility test skipped due to Esc hatch 
   12.034: SUPPLIES: SupplyMarriageCheck: Supply ID=0x06, SupplyAlreadyMarried=0, MarriageEscHatchSet=1, AnyMarriageEscHatchSet=1, NvMarriageID=0x00, SupplyMarriageID=0x00, OkToMarrySupply=0, SupplyIsSWE=1, UnMarrySettingSet=0 
   12.034: SUPPLIES: SupplyCC_MC_Check: SupplyID: 0x05, PrinterState: 0, SuppliesSupported: 1, PrinterMachineClass: 0xffff, Printer MC: 0x0000ffff, Printer CC: 0x0000ffff, Supply MC: 0xffffffff, Supply CC: 0xffffffff
   12.034: SUPPLIES: SupplyOEM_Check SupplyID: ITM, Test skipped, Escape Hatch Active 
   12.034: SUPPLIES: Region compatibility test skipped due to Esc hatch 
   12.034: SUPPLIES: SupplyCC_MC_Check: SupplyID: 0x19, PrinterState: 0, SuppliesSupported: 1, PrinterMachineClass: 0xffff, Printer MC: 0x0000ffff, Printer CC: 0x0000ffff, Supply MC: 0xffffffff, Supply CC: 0xffffffff
   12.034: SUPPLIES: SupplyOEM_Check: SupplyID: 0x19, OemId: 0xff, ShipWithType: 0, SuppliesSupported: 1, PrinterState: 0, Printer Machine Class: 0xffff  
   12.034: SUPPLIES: RegionCheck SupplyID: 0x19, PrinterState: 0, Pass: 1, Printer Region: 0xFFFF, Supply Region: 0x7FFF, PrinterMachineClass: 0xffff 
   12.034: SUPPLIES: SupplyMarriageCheck: Supply ID=0x19, SupplyAlreadyMarried=0, MarriageEscHatchSet=0, AnyMarriageEscHatchSet=0, NvMarriageID=0x00, SupplyMarriageID=0x9e, OkToMarrySupply=1, SupplyIsSWE=1, UnMarrySettingSet=0 
   12.034: SUPPLIES: SupplyCC_MC_Check: SupplyID: 0x0f, PrinterState: 0, SuppliesSupported: 1, PrinterMachineClass: 0xffff, Printer MC: 0x0000ffff, Printer CC: 0x0000ffff, Supply MC: 0xffffffff, Supply CC: 0xffffffff
   12.034: SUPPLIES: SupplyOEM_Check: SupplyID: 0x0f, OemId: 0xff, ShipWithType: 0, SuppliesSupported: 1, PrinterState: 0, Printer Machine Class: 0xffff  
   12.034: SUPPLIES: RegionCheck SupplyID: 0x0f, PrinterState: 0, Pass: 1, Printer Region: 0xFFFF, Supply Region: 0x7FFF, PrinterMachineClass: 0xffff 
   12.034: SUPPLIES: SupplyMarriageCheck: Supply ID=0x0f, SupplyAlreadyMarried=0, MarriageEscHatchSet=0, AnyMarriageEscHatchSet=0, NvMarriageID=0x00, SupplyMarriageID=0xb7, OkToMarrySupply=1, SupplyIsSWE=1, UnMarrySettingSet=0 
   12.036: IP: SET_SUPPLY_COMPATIBILITY_DATA_CMDCODE Response Sent - Command Code: 0x73 Data: None 
   12.039: INFO printengine_lxk::node_tree::engine: Call: set("Settings", "Supplies", "compatibilityClassID", 65535)
   12.042: IP: SET_SUPPLY_COMPATIBILITY_DATA_CMDCODE Command  Rcvd - Command Code: 0x73 Data: 0xFFFFFF02 0xFFFF0000 0xFFFF0000 0xFFFF0000 0x00000000 
   12.042: SUPPLIES: SupplyMgr External Request: SUPPLY_RQST_SET_COMPAT_DATA_COMMO 
   12.042: SUPPLIES: @@@@ ServicePlan Rip Event: OrigState: 0, PrinterServicePlan: 2, NewState: 0, PrinterRegion: 0xffff 
   12.042: SUPPLIES: SupplyCartImageUnitCompatCheck: Pass: 1, CartId: 0x04, CartToner: 0, IuId: 0x00, IuToner: 0
   12.042: SUPPLIES: SupplyCC_MC_Check: SupplyID: 0x04, PrinterState: 0, SuppliesSupported: 1, PrinterMachineClass: 0xffff, Printer MC: 0x0000ffff, Printer CC: 0x0000ffff, Supply MC: 0x0000ffff, Supply CC: 0x0000ffff
   12.042: SUPPLIES: SupplyOEM_Check SupplyID: Bottle - Black, Test skipped, Escape Hatch Active 
   12.042: SUPPLIES: Region compatibility test skipped due to Esc hatch 
   12.042: SUPPLIES: SupplyMarriageCheck: Supply ID=0x04, SupplyAlreadyMarried=0, MarriageEscHatchSet=1, AnyMarriageEscHatchSet=1, NvMarriageID=0x00, SupplyMarriageID=0xec, OkToMarrySupply=0, SupplyIsSWE=0, UnMarrySettingSet=0 
   12.042: SUPPLIES: AM Cartridge Lock Check: SupplyID=0x04 SupplyIsAM=1 CartridgeLockSetting=0 CartLockInErrorFlag=0 BottleID=0x3107588e NvCartLockID=0x00000000
   12.042: SUPPLIES: BottleServicePlanCompatCheck: SupplyID: 0x04, Test skipped. Settings unavailable. PrinterMachClassSettingRcvd=1, TnrBottleDataValidFlag=1, PrinterRegionSettingReceived=1 
   12.042: SUPPLIES: SupplyCartImageUnitCompatCheck: Pass: 1, CartId: 0x03, CartToner: 0, IuId: 0x00, IuToner: 0
   12.042: SUPPLIES: SupplyCC_MC_Check: SupplyID: 0x03, PrinterState: 0, SuppliesSupported: 1, PrinterMachineClass: 0xffff, Printer MC: 0x0000ffff, Printer CC: 0x0000ffff, Supply MC: 0x0000ffff, Supply CC: 0x0000ffff
   12.042: SUPPLIES: SupplyOEM_Check SupplyID: Bottle - Cyan, Test skipped, Escape Hatch Active 
   12.042: SUPPLIES: Region compatibility test skipped due to Esc hatch 
   12.042: SUPPLIES: SupplyMarriageCheck: Supply ID=0x03, SupplyAlreadyMarried=0, MarriageEscHatchSet=1, AnyMarriageEscHatchSet=1, NvMarriageID=0x00, SupplyMarriageID=0x4d, OkToMarrySupply=0, SupplyIsSWE=0, UnMarrySettingSet=0 
   12.042: SUPPLIES: AM Cartridge Lock Check: SupplyID=0x03 SupplyIsAM=1 CartridgeLockSetting=0 CartLockInErrorFlag=0 BottleID=0x31045b14 NvCartLockID=0x00000000
   12.042: SUPPLIES: BottleServicePlanCompatCheck: SupplyID: 0x03, Test skipped. Settings unavailable. PrinterMachClassSettingRcvd=1, TnrBottleDataValidFlag=1, PrinterRegionSettingReceived=1 
   12.042: SUPPLIES: SupplyCartImageUnitCompatCheck: Pass: 1, CartId: 0x02, CartToner: 0, IuId: 0x00, IuToner: 0
   12.042: SUPPLIES: SupplyCC_MC_Check: SupplyID: 0x02, PrinterState: 0, SuppliesSupported: 1, PrinterMachineClass: 0xffff, Printer MC: 0x0000ffff, Printer CC: 0x0000ffff, Supply MC: 0x0000ffff, Supply CC: 0x0000ffff
   12.042: SUPPLIES: SupplyOEM_Check SupplyID: Bottle - Magenta, Test skipped, Escape Hatch Active 
   12.042: SUPPLIES: Region compatibility test skipped due to Esc hatch 
   12.042: SUPPLIES: SupplyMarriageCheck: Supply ID=0x02, SupplyAlreadyMarried=0, MarriageEscHatchSet=1, AnyMarriageEscHatchSet=1, NvMarriageID=0x00, SupplyMarriageID=0x14, OkToMarrySupply=0, SupplyIsSWE=0, UnMarrySettingSet=0 
   12.042: SUPPLIES: AM Cartridge Lock Check: SupplyID=0x02 SupplyIsAM=1 CartridgeLockSetting=0 CartLockInErrorFlag=0 BottleID=0x31095739 NvCartLockID=0x00000000
   12.042: SUPPLIES: BottleServicePlanCompatCheck: SupplyID: 0x02, Test skipped. Settings unavailable. PrinterMachClassSettingRcvd=1, TnrBottleDataValidFlag=1, PrinterRegionSettingReceived=1 
   12.042: SUPPLIES: SupplyCartImageUnitCompatCheck: Pass: 1, CartId: 0x01, CartToner: 0, IuId: 0x00, IuToner: 0
   12.042: SUPPLIES: SupplyCC_MC_Check: SupplyID: 0x01, PrinterState: 0, SuppliesSupported: 1, PrinterMachineClass: 0xffff, Printer MC: 0x0000ffff, Printer CC: 0x0000ffff, Supply MC: 0x0000ffff, Supply CC: 0x0000ffff
   12.042: SUPPLIES: SupplyOEM_Check SupplyID: Bottle - Yellow, Test skipped, Escape Hatch Active 
   12.042: SUPPLIES: Region compatibility test skipped due to Esc hatch 
   12.042: SUPPLIES: SupplyMarriageCheck: Supply ID=0x01, SupplyAlreadyMarried=0, MarriageEscHatchSet=1, AnyMarriageEscHatchSet=1, NvMarriageID=0x00, SupplyMarriageID=0xb2, OkToMarrySupply=0, SupplyIsSWE=0, UnMarrySettingSet=0 
   12.042: SUPPLIES: AM Cartridge Lock Check: SupplyID=0x01 SupplyIsAM=1 CartridgeLockSetting=0 CartLockInErrorFlag=0 BottleID=0x311467e4 NvCartLockID=0x00000000
   12.042: SUPPLIES: BottleServicePlanCompatCheck: SupplyID: 0x01, Test skipped. Settings unavailable. PrinterMachClassSettingRcvd=1, TnrBottleDataValidFlag=1, PrinterRegionSettingReceived=1 
   12.042: SUPPLIES: SupplyCC_MC_Check: SupplyID: 0x06, PrinterState: 0, SuppliesSupported: 1, PrinterMachineClass: 0xffff, Printer MC: 0x0000ffff, Printer CC: 0x0000ffff, Supply MC: 0xffffffff, Supply CC: 0xffffffff
   12.042: SUPPLIES: SupplyOEM_Check: SupplyID: 0x06, OemId: 0xff, ShipWithType: 0, SuppliesSupported: 1, PrinterState: 0, Printer Machine Class: 0xffff  
   12.042: SUPPLIES: Region compatibility test skipped due to Esc hatch 
   12.042: SUPPLIES: SupplyMarriageCheck: Supply ID=0x06, SupplyAlreadyMarried=0, MarriageEscHatchSet=1, AnyMarriageEscHatchSet=1, NvMarriageID=0x00, SupplyMarriageID=0x00, OkToMarrySupply=0, SupplyIsSWE=1, UnMarrySettingSet=0 
   12.042: SUPPLIES: SupplyCC_MC_Check: SupplyID: 0x05, PrinterState: 0, SuppliesSupported: 1, PrinterMachineClass: 0xffff, Printer MC: 0x0000ffff, Printer CC: 0x0000ffff, Supply MC: 0xffffffff, Supply CC: 0xffffffff
   12.042: SUPPLIES: SupplyOEM_Check SupplyID: ITM, Test skipped, Escape Hatch Active 
   12.042: SUPPLIES: Region compatibility test skipped due to Esc hatch 
   12.042: SUPPLIES: SupplyCC_MC_Check: SupplyID: 0x19, PrinterState: 0, SuppliesSupported: 1, PrinterMachineClass: 0xffff, Printer MC: 0x0000ffff, Printer CC: 0x0000ffff, Supply MC: 0xffffffff, Supply CC: 0xffffffff
   12.042: SUPPLIES: SupplyOEM_Check: SupplyID: 0x19, OemId: 0xff, ShipWithType: 0, SuppliesSupported: 1, PrinterState: 0, Printer Machine Class: 0xffff  
   12.042: SUPPLIES: RegionCheck SupplyID: 0x19, PrinterState: 0, Pass: 1, Printer Region: 0xFFFF, Supply Region: 0x7FFF, PrinterMachineClass: 0xffff 
   12.042: SUPPLIES: SupplyMarriageCheck: Supply ID=0x19, SupplyAlreadyMarried=0, MarriageEscHatchSet=0, AnyMarriageEscHatchSet=0, NvMarriageID=0x00, SupplyMarriageID=0x9e, OkToMarrySupply=1, SupplyIsSWE=1, UnMarrySettingSet=0 
   12.042: SUPPLIES: SupplyCC_MC_Check: SupplyID: 0x0f, PrinterState: 0, SuppliesSupported: 1, PrinterMachineClass: 0xffff, Printer MC: 0x0000ffff, Printer CC: 0x0000ffff, Supply MC: 0xffffffff, Supply CC: 0xffffffff
   12.042: SUPPLIES: SupplyOEM_Check: SupplyID: 0x0f, OemId: 0xff, ShipWithType: 0, SuppliesSupported: 1, PrinterState: 0, Printer Machine Class: 0xffff  
   12.042: SUPPLIES: RegionCheck SupplyID: 0x0f, PrinterState: 0, Pass: 1, Printer Region: 0xFFFF, Supply Region: 0x7FFF, PrinterMachineClass: 0xffff 
   12.042: SUPPLIES: SupplyMarriageCheck: Supply ID=0x0f, SupplyAlreadyMarried=0, MarriageEscHatchSet=0, AnyMarriageEscHatchSet=0, NvMarriageID=0x00, SupplyMarriageID=0xb7, OkToMarrySupply=1, SupplyIsSWE=1, UnMarrySettingSet=0 
   12.043: IP: SET_SUPPLY_COMPATIBILITY_DATA_CMDCODE Response Sent - Command Code: 0x73 Data: None 
   12.044: INFO printengine_lxk::node_tree::engine: Call: get("Settings", "serialNumber")
   12.045: INFO printengine_lxk::node_tree::engine::settings: serialNumber get:''
   12.065, 0.000, 'FuserMainPwrPercentAct',         33,        230, 0, 0
   12.068: INFO serial_transport::packet_reader: rx seq 0x0b CRC 0xb29b len 43 accept cur 0x0b
   12.068: INFO serial_transport::packet_reader: rx seq 0x0c CRC 0x49a4 len 44 accept cur 0x0c
   12.068: INFO serial_transport::packet_reader: rx seq 0x0d CRC 0xacbf len 45 accept cur 0x0d
   12.068: INFO serial_transport::packet_reader: rx seq 0x0e CRC 0x3fd5 len 46 accept cur 0x0e
   12.068: INFO serial_transport::packet_reader: rx ack 0x0f
   12.068: INFO serial_transport::packet_reader: rx ack 0x00
   12.068: INFO serial_transport::packet_reader: rx ack 0x01
   12.068: INFO serial_transport::packet_reader: rx ack 0x02
   12.069: INFO printengine_lxk::node_tree::engine: Call: set("Settings", "Registration", "Margins", "top", 0)
   12.073: IP: IP_COMMAND_SET_ENGINE_MARGIN_OFFSETS Command  Rcvd - Command Code: 0x05 Data: 0x00000000 0x00000000 0x00000000 0x00000000 0x00000000 0x00000000 0x00000000 0x00000000 0x00000000 0x00000000 Remaining bytes:  45) 
   12.073: IP: IP_COMMAND_SET_ENGINE_MARGIN_OFFSETS Command  Rcvd - Command Code: 0x05 Data: 0x00000000 0x00000000 0x00000000 0x00000000 0x00000000 0x00000000 0x00000000 0x00000000 0x00000000 0x00000000 Remaining bytes:   5) 
   12.073: IP: IP_COMMAND_SET_ENGINE_MARGIN_OFFSETS Command  Rcvd - Command Code: 0x05 Data: 0x00000000 0x00 
   12.073: phDriverRequest: PH_CONVERT_TOP_MARGIN_TO_FIX16_MM
   12.073: EP: Engine event: name = ENG_EVENT_SET_MARGIN_OFFSETS                       , num = 82
   12.073: MOTOR: EngToMtrEvent: ENG_EVENT_SET_MARGIN_OFFSETS                       
   12.073: MOTOR: MtrAdjCalculateMarginScalars() - BottomMarginOffset = 0x00 = 0, Scalar = 0x80000000 = 2147483648, ProcessMarginsTimeScalarFix16 = 0x00010000 = 1.000000
   12.073: MOTOR: MtrAdjCalculateMarginScalars() - BottomMarginOffset = 0x00 = 0, Scalar = 0x00008000 = 32768, ProcessMarginsFreqScalarFix16 = 0x00010000 = 1.000000
   12.073: User Margins - BottomK = 0: TopK=0:TopM=0:TopC=0:TopY=0:LeftK=0:LeftM=0:LeftC=0:LeftY=0:RightK=0:RightM=0:RightC=0:RightY=0:SkewK=0:SkewM=0:SkewC=0:SkewY=0:CopySkew=0:DuplexSkew=0:DuplexTop=0:DuplexLeft=0:BowM=0:BowC=0:BowY=0, 
   12.073: PH: PhLimitMarginValues() - DebugBitFlags1 = 0: DebugBitFlags2 = 0: DebugBitFlags3 = 0
   12.073: phDriverRequest: PH_CONVERT_TOP_MARGIN_TO_FIX16_MM
   12.073: IP: IP_COMMAND_SET_ENGINE_MARGIN_OFFSETS Response Sent - Command Code: 0x05 Data: None 
   12.074: INFO printengine_lxk::node_tree::engine: Call: set("Settings", "Registration", "Margins", "left", 0)
   12.078: IP: IP_COMMAND_SET_ENGINE_MARGIN_OFFSETS Command  Rcvd - Command Code: 0x05 Data: 0x00000000 0x00000000 0x00000000 0x00000000 0x00000000 0x00000000 0x00000000 0x00000000 0x00000000 0x00000000 Remaining bytes:  45) 
   12.078: IP: IP_COMMAND_SET_ENGINE_MARGIN_OFFSETS Command  Rcvd - Command Code: 0x05 Data: 0x00000000 0x00000000 0x00000000 0x00000000 0x00000000 0x00000000 0x00000000 0x00000000 0x00000000 0x00000000 Remaining bytes:   5) 
   12.078: IP: IP_COMMAND_SET_ENGINE_MARGIN_OFFSETS Command  Rcvd - Command Code: 0x05 Data: 0x00000000 0x00 
   12.078: phDriverRequest: PH_CONVERT_TOP_MARGIN_TO_FIX16_MM
   12.078: EP: Engine event: name = ENG_EVENT_SET_MARGIN_OFFSETS                       , num = 82
   12.078: MOTOR: EngToMtrEvent: ENG_EVENT_SET_MARGIN_OFFSETS                       
   12.078: MOTOR: MtrAdjCalculateMarginScalars() - BottomMarginOffset = 0x00 = 0, Scalar = 0x80000000 = 2147483648, ProcessMarginsTimeScalarFix16 = 0x00010000 = 1.000000
   12.078: MOTOR: MtrAdjCalculateMarginScalars() - BottomMarginOffset = 0x00 = 0, Scalar = 0x00008000 = 32768, ProcessMarginsFreqScalarFix16 = 0x00010000 = 1.000000
   12.078: User Margins - BottomK = 0: TopK=0:TopM=0:TopC=0:TopY=0:LeftK=0:LeftM=0:LeftC=0:LeftY=0:RightK=0:RightM=0:RightC=0:RightY=0:SkewK=0:SkewM=0:SkewC=0:SkewY=0:CopySkew=0:DuplexSkew=0:DuplexTop=0:DuplexLeft=0:BowM=0:BowC=0:BowY=0, 
   12.078: PH: PhLimitMarginValues() - DebugBitFlags1 = 0: DebugBitFlags2 = 0: DebugBitFlags3 = 0
   12.078: phDriverRequest: PH_CONVERT_TOP_MARGIN_TO_FIX16_MM
   12.076: PH: PhRemoteJakeLinearityAdjustmentReceived() - ColorPlane = 2: LinearityLeft = 0: : LinearityCenter = 0: LinearityRight = 0
   12.080: IP: IP_COMMAND_SET_ENGINE_MARGIN_OFFSETS Response Sent - Command Code: 0x05 Data: None 
   12.082: INFO printengine_lxk::node_tree::engine: Call: set("Settings", "Registration", "Margins", "right", 0)
   12.083: IP: IP_COMMAND_SET_ENGINE_MARGIN_OFFSETS Command  Rcvd - Command Code: 0x05 Data: 0x00000000 0x00000000 0x00000000 0x00000000 0x00000000 0x00000000 0x00000000 0x00000000 0x00000000 0x00000000 Remaining bytes:  45) 
   12.083: IP: IP_COMMAND_SET_ENGINE_MARGIN_OFFSETS Command  Rcvd - Command Code: 0x05 Data: 0x00000000 0x00000000 0x00000000 0x00000000 0x00000000 0x00000000 0x00000000 0x00000000 0x00000000 0x00000000 Remaining bytes:   5) 
   12.083: IP: IP_COMMAND_SET_ENGINE_MARGIN_OFFSETS Command  Rcvd - Command Code: 0x05 Data: 0x00000000 0x00 
   12.083: phDriverRequest: PH_CONVERT_TOP_MARGIN_TO_FIX16_MM
   12.083: EP: Engine event: name = ENG_EVENT_SET_MARGIN_OFFSETS                       , num = 82
   12.083: MOTOR: EngToMtrEvent: ENG_EVENT_SET_MARGIN_OFFSETS                       
   12.083: MOTOR: MtrAdjCalculateMarginScalars() - BottomMarginOffset = 0x00 = 0, Scalar = 0x80000000 = 2147483648, ProcessMarginsTimeScalarFix16 = 0x00010000 = 1.000000
   12.083: MOTOR: MtrAdjCalculateMarginScalars() - BottomMarginOffset = 0x00 = 0, Scalar = 0x00008000 = 32768, ProcessMarginsFreqScalarFix16 = 0x00010000 = 1.000000
   12.083: User Margins - BottomK = 0: TopK=0:TopM=0:TopC=0:TopY=0:LeftK=0:LeftM=0:LeftC=0:LeftY=0:RightK=0:RightM=0:RightC=0:RightY=0:SkewK=0:SkewM=0:SkewC=0:SkewY=0:CopySkew=0:DuplexSkew=0:DuplexTop=0:DuplexLeft=0:BowM=0:BowC=0:BowY=0, 
   12.083: PH: PhLimitMarginValues() - DebugBitFlags1 = 0: DebugBitFlags2 = 0: DebugBitFlags3 = 0
   12.083: phDriverRequest: PH_CONVERT_TOP_MARGIN_TO_FIX16_MM
   12.084: IP: IP_COMMAND_SET_ENGINE_MARGIN_OFFSETS Response Sent - Command Code: 0x05 Data: None 
   12.085: INFO printengine_lxk::node_tree::engine: Call: set("Settings", "Registration", "Margins", "bottom", 0)
   12.086: PH: PhRemoteJakeLinearityAdjustmentReceived() - ColorPlane = 2: LinearityLeft = 0: : LinearityCenter = 0: LinearityRight = 0
   12.086: PH: PhRemoteJakeLinearityAdjustmentReceived() - ColorPlane = 2: LinearityLeft = 0: : LinearityCenter = 0: LinearityRight = 0
   12.090: IP: IP_COMMAND_SET_ENGINE_MARGIN_OFFSETS Command  Rcvd - Command Code: 0x05 Data: 0x00000000 0x00000000 0x00000000 0x00000000 0x00000000 0x00000000 0x00000000 0x00000000 0x00000000 0x00000000 Remaining bytes:  45) 
   12.090: IP: IP_COMMAND_SET_ENGINE_MARGIN_OFFSETS Command  Rcvd - Command Code: 0x05 Data: 0x00000000 0x00000000 0x00000000 0x00000000 0x00000000 0x00000000 0x00000000 0x00000000 0x00000000 0x00000000 Remaining bytes:   5) 
   12.090: IP: IP_COMMAND_SET_ENGINE_MARGIN_OFFSETS Command  Rcvd - Command Code: 0x05 Data: 0x00000000 0x00 
   12.090: phDriverRequest: PH_CONVERT_TOP_MARGIN_TO_FIX16_MM
   12.090: EP: Engine event: name = ENG_EVENT_SET_MARGIN_OFFSETS                       , num = 82
   12.090: MOTOR: EngToMtrEvent: ENG_EVENT_SET_MARGIN_OFFSETS                       
   12.090: MOTOR: MtrAdjCalculateMarginScalars() - BottomMarginOffset = 0x00 = 0, Scalar = 0x80000000 = 2147483648, ProcessMarginsTimeScalarFix16 = 0x00010000 = 1.000000
   12.090: MOTOR: MtrAdjCalculateMarginScalars() - BottomMarginOffset = 0x00 = 0, Scalar = 0x00008000 = 32768, ProcessMarginsFreqScalarFix16 = 0x00010000 = 1.000000
   12.090: User Margins - BottomK = 0: TopK=0:TopM=0:TopC=0:TopY=0:LeftK=0:LeftM=0:LeftC=0:LeftY=0:RightK=0:RightM=0:RightC=0:RightY=0:SkewK=0:SkewM=0:SkewC=0:SkewY=0:CopySkew=0:DuplexSkew=0:DuplexTop=0:DuplexLeft=0:BowM=0:BowC=0:BowY=0, 
   12.090: PH: PhLimitMarginValues() - DebugBitFlags1 = 0: DebugBitFlags2 = 0: DebugBitFlags3 = 0
   12.090: phDriverRequest: PH_CONVERT_TOP_MARGIN_TO_FIX16_MM
   12.090: IP: IP_COMMAND_SET_ENGINE_MARGIN_OFFSETS Response Sent - Command Code: 0x05 Data: None 
   12.093: SUPPLIES: Memory; Supply = Bottle - Cyan; R/W Starndard Endurance Memory; Memory Valid = 1 
   12.093:                          0  1  2  3  4  5  6  7  8  9  A  B  C  D  E  F
   12.093:  Address 0x000 (   0): 0x00 00 FF FF 00 00 FF FF FF 7F FF 00 00 00 00 00
   12.096: PH: PhRemoteJakeLinearityAdjustmentReceived() - ColorPlane = 2: LinearityLeft = 0: : LinearityCenter = 0: LinearityRight = 0
   12.114:  Address 0x010 (  16): 0x00 32 2E 53 4C 20 74 6F 4E 37 35 36 36 46 53 54
   12.115, 0.000, 'FuserMainPwrPercentAct',          0,        230, 0, 0
   12.118: INFO serial_transport::packet_reader: rx seq 0x0f CRC 0x092b len 49 accept cur 0x0f
   12.118: INFO serial_transport::packet_reader: rx seq 0x00 CRC 0x69c0 len 50 accept cur 0x00
   12.118: INFO serial_transport::packet_reader: rx seq 0x01 CRC 0xbf32 len 46 accept cur 0x01
   12.118: INFO serial_transport::packet_reader: rx seq 0x02 CRC 0x39aa len 57 accept cur 0x02
   12.118: INFO serial_transport::packet_reader: rx ack 0x03
   12.118: INFO serial_transport::packet_reader: rx ack 0x04
   12.118: INFO serial_transport::packet_reader: rx ack 0x05
   12.118: INFO serial_transport::packet_reader: rx ack 0x06
   12.119: INFO printengine_lxk::node_tree::engine: Call: set("Settings", "Registration", "Margins", "duplexTop", 0)
   12.122: IP: IP_COMMAND_SET_ENGINE_MARGIN_OFFSETS Command  Rcvd - Command Code: 0x05 Data: 0x00000000 0x00000000 0x00000000 0x00000000 0x00000000 0x00000000 0x00000000 0x00000000 0x00000000 0x00000000 Remaining bytes:  45) 
   12.122: IP: IP_COMMAND_SET_ENGINE_MARGIN_OFFSETS Command  Rcvd - Command Code: 0x05 Data: 0x00000000 0x00000000 0x00000000 0x00000000 0x00000000 0x00000000 0x00000000 0x00000000 0x00000000 0x00000000 Remaining bytes:   5) 
   12.122: IP: IP_COMMAND_SET_ENGINE_MARGIN_OFFSETS Command  Rcvd - Command Code: 0x05 Data: 0x00000000 0x00 
   12.122: phDriverRequest: PH_CONVERT_TOP_MARGIN_TO_FIX16_MM
   12.122: EP: Engine event: name = ENG_EVENT_SET_MARGIN_OFFSETS                       , num = 82
   12.122: MOTOR: EngToMtrEvent: ENG_EVENT_SET_MARGIN_OFFSETS                       
   12.122: MOTOR: MtrAdjCalculateMarginScalars() - BottomMarginOffset = 0x00 = 0, Scalar = 0x80000000 = 2147483648, ProcessMarginsTimeScalarFix16 = 0x00010000 = 1.000000
   12.122: MOTOR: MtrAdjCalculateMarginScalars() - BottomMarginOffset = 0x00 = 0, Scalar = 0x00008000 = 32768, ProcessMarginsFreqScalarFix16 = 0x00010000 = 1.000000
   12.122: User Margins - BottomK = 0: TopK=0:TopM=0:TopC=0:TopY=0:LeftK=0:LeftM=0:LeftC=0:LeftY=0:RightK=0:RightM=0:RightC=0:RightY=0:SkewK=0:SkewM=0:SkewC=0:SkewY=0:CopySkew=0:DuplexSkew=0:DuplexTop=0:DuplexLeft=0:BowM=0:BowC=0:BowY=0, 
   12.122: PH: PhLimitMarginValues() - DebugBitFlags1 = 0: DebugBitFlags2 = 0: DebugBitFlags3 = 0
   12.122: phDriverRequest: PH_CONVERT_TOP_MARGIN_TO_FIX16_MM
   12.123: IP: IP_COMMAND_SET_ENGINE_MARGIN_OFFSETS Response Sent - Command Code: 0x05 Data: None 
   12.124: INFO printengine_lxk::node_tree::engine: Call: set("Settings", "Registration", "Margins", "duplexLeft", 0)
   12.128: IP: IP_COMMAND_SET_ENGINE_MARGIN_OFFSETS Command  Rcvd - Command Code: 0x05 Data: 0x00000000 0x00000000 0x00000000 0x00000000 0x00000000 0x00000000 0x00000000 0x00000000 0x00000000 0x00000000 Remaining bytes:  45) 
   12.128: IP: IP_COMMAND_SET_ENGINE_MARGIN_OFFSETS Command  Rcvd - Command Code: 0x05 Data: 0x00000000 0x00000000 0x00000000 0x00000000 0x00000000 0x00000000 0x00000000 0x00000000 0x00000000 0x00000000 Remaining bytes:   5) 
   12.128: IP: IP_COMMAND_SET_ENGINE_MARGIN_OFFSETS Command  Rcvd - Command Code: 0x05 Data: 0x00000000 0x00 
   12.128: phDriverRequest: PH_CONVERT_TOP_MARGIN_TO_FIX16_MM
   12.128: EP: Engine event: name = ENG_EVENT_SET_MARGIN_OFFSETS                       , num = 82
   12.128: MOTOR: EngToMtrEvent: ENG_EVENT_SET_MARGIN_OFFSETS                       
   12.128: MOTOR: MtrAdjCalculateMarginScalars() - BottomMarginOffset = 0x00 = 0, Scalar = 0x80000000 = 2147483648, ProcessMarginsTimeScalarFix16 = 0x00010000 = 1.000000
   12.128: MOTOR: MtrAdjCalculateMarginScalars() - BottomMarginOffset = 0x00 = 0, Scalar = 0x00008000 = 32768, ProcessMarginsFreqScalarFix16 = 0x00010000 = 1.000000
   12.128: User Margins - BottomK = 0: TopK=0:TopM=0:TopC=0:TopY=0:LeftK=0:LeftM=0:LeftC=0:LeftY=0:RightK=0:RightM=0:RightC=0:RightY=0:SkewK=0:SkewM=0:SkewC=0:SkewY=0:CopySkew=0:DuplexSkew=0:DuplexTop=0:DuplexLeft=0:BowM=0:BowC=0:BowY=0, 
   12.128: PH: PhLimitMarginValues() - DebugBitFlags1 = 0: DebugBitFlags2 = 0: DebugBitFlags3 = 0
   12.128: phDriverRequest: PH_CONVERT_TOP_MARGIN_TO_FIX16_MM
   12.126: PH: PhRemoteJakeLinearityAdjustmentReceived() - ColorPlane = 2: LinearityLeft = 0: : LinearityCenter = 0: LinearityRight = 0
   12.129: IP: IP_COMMAND_SET_ENGINE_MARGIN_OFFSETS Response Sent - Command Code: 0x05 Data: None 
   12.132: INFO printengine_lxk::node_tree::engine: Call: set("Settings", "Registration", "Skew", "Top", "black", 0)
   12.133: IP: IP_COMMAND_SET_ENGINE_MARGIN_OFFSETS Command  Rcvd - Command Code: 0x05 Data: 0x00000000 0x00000000 0x00000000 0x00000000 0x00000000 0x00000000 0x00000000 0x00000000 0x00000000 0x00000000 Remaining bytes:  45) 
   12.133: IP: IP_COMMAND_SET_ENGINE_MARGIN_OFFSETS Command  Rcvd - Command Code: 0x05 Data: 0x00000000 0x00000000 0x00000000 0x00000000 0x00000000 0x00000000 0x00000000 0x00000000 0x00000000 0x00000000 Remaining bytes:   5) 
   12.133: IP: IP_COMMAND_SET_ENGINE_MARGIN_OFFSETS Command  Rcvd - Command Code: 0x05 Data: 0x00000000 0x00 
   12.133: phDriverRequest: PH_CONVERT_TOP_MARGIN_TO_FIX16_MM
   12.133: EP: Engine event: name = ENG_EVENT_SET_MARGIN_OFFSETS                       , num = 82
   12.133: MOTOR: EngToMtrEvent: ENG_EVENT_SET_MARGIN_OFFSETS                       
   12.133: MOTOR: MtrAdjCalculateMarginScalars() - BottomMarginOffset = 0x00 = 0, Scalar = 0x80000000 = 2147483648, ProcessMarginsTimeScalarFix16 = 0x00010000 = 1.000000
   12.133: MOTOR: MtrAdjCalculateMarginScalars() - BottomMarginOffset = 0x00 = 0, Scalar = 0x00008000 = 32768, ProcessMarginsFreqScalarFix16 = 0x00010000 = 1.000000
   12.133: User Margins - BottomK = 0: TopK=0:TopM=0:TopC=0:TopY=0:LeftK=0:LeftM=0:LeftC=0:LeftY=0:RightK=0:RightM=0:RightC=0:RightY=0:SkewK=0:SkewM=0:SkewC=0:SkewY=0:CopySkew=0:DuplexSkew=0:DuplexTop=0:DuplexLeft=0:BowM=0:BowC=0:BowY=0, 
   12.133: PH: PhLimitMarginValues() - DebugBitFlags1 = 0: DebugBitFlags2 = 0: DebugBitFlags3 = 0
   12.133: phDriverRequest: PH_CONVERT_TOP_MARGIN_TO_FIX16_MM
   12.134: IP: IP_COMMAND_SET_ENGINE_MARGIN_OFFSETS Response Sent - Command Code: 0x05 Data: None 
   12.135: INFO printengine_lxk::node_tree::engine: Call: set("Settings", "Registration", "Skew", "Top", "duplexSkewOffset", 0)
   12.135:  Address 0x020 (  32): 0x4D 46 48 32 31 30 00 00 00 00 00 00 00 00 00 00
   12.136: PH: PhRemoteJakeLinearityAdjustmentReceived() - ColorPlane = 2: LinearityLeft = 0: : LinearityCenter = 0: LinearityRight = 0
   12.136: PH: PhRemoteJakeLinearityAdjustmentReceived() - ColorPlane = 2: LinearityLeft = 0: : LinearityCenter = 0: LinearityRight = 0
   12.140: IP: IP_COMMAND_SET_ENGINE_MARGIN_OFFSETS Command  Rcvd - Command Code: 0x05 Data: 0x00000000 0x00000000 0x00000000 0x00000000 0x00000000 0x00000000 0x00000000 0x00000000 0x00000000 0x00000000 Remaining bytes:  45) 
   12.140: IP: IP_COMMAND_SET_ENGINE_MARGIN_OFFSETS Command  Rcvd - Command Code: 0x05 Data: 0x00000000 0x00000000 0x00000000 0x00000000 0x00000000 0x00000000 0x00000000 0x00000000 0x00000000 0x00000000 Remaining bytes:   5) 
   12.140: IP: IP_COMMAND_SET_ENGINE_MARGIN_OFFSETS Command  Rcvd - Command Code: 0x05 Data: 0x00000000 0x00 
   12.140: phDriverRequest: PH_CONVERT_TOP_MARGIN_TO_FIX16_MM
   12.140: EP: Engine event: name = ENG_EVENT_SET_MARGIN_OFFSETS                       , num = 82
   12.140: MOTOR: EngToMtrEvent: ENG_EVENT_SET_MARGIN_OFFSETS                       
   12.140: MOTOR: MtrAdjCalculateMarginScalars() - BottomMarginOffset = 0x00 = 0, Scalar = 0x80000000 = 2147483648, ProcessMarginsTimeScalarFix16 = 0x00010000 = 1.000000
   12.140: MOTOR: MtrAdjCalculateMarginScalars() - BottomMarginOffset = 0x00 = 0, Scalar = 0x00008000 = 32768, ProcessMarginsFreqScalarFix16 = 0x00010000 = 1.000000
   12.140: User Margins - BottomK = 0: TopK=0:TopM=0:TopC=0:TopY=0:LeftK=0:LeftM=0:LeftC=0:LeftY=0:RightK=0:RightM=0:RightC=0:RightY=0:SkewK=0:SkewM=0:SkewC=0:SkewY=0:CopySkew=0:DuplexSkew=0:DuplexTop=0:DuplexLeft=0:BowM=0:BowC=0:BowY=0, 
   12.140: PH: PhLimitMarginValues() - DebugBitFlags1 = 0: DebugBitFlags2 = 0: DebugBitFlags3 = 0
   12.140: phDriverRequest: PH_CONVERT_TOP_MARGIN_TO_FIX16_MM
   12.140: IP: IP_COMMAND_SET_ENGINE_MARGIN_OFFSETS Response Sent - Command Code: 0x05 Data: None 
   12.146: PH: PhRemoteJakeLinearityAdjustmentReceived() - ColorPlane = 2: LinearityLeft = 0: : LinearityCenter = 0: LinearityRight = 0
   12.158:  Address 0x030 (  48): 0x00 00 00 00 00 00 00 37 35 36 36 34 31 34 30 31
   12.168: INFO serial_transport::packet_reader: rx seq 0x03 CRC 0xa2e2 len 50 accept cur 0x03
   12.168: INFO serial_transport::packet_reader: rx seq 0x04 CRC 0x0914 len 56 accept cur 0x04
   12.168: INFO serial_transport::packet_reader: rx seq 0x05 CRC 0x5660 len 43 accept cur 0x05
   12.168: INFO serial_transport::packet_reader: rx seq 0x06 CRC 0x66a3 len 58 accept cur 0x06
   12.168: INFO serial_transport::packet_reader: rx ack 0x07
   12.168: INFO serial_transport::packet_reader: rx ack 0x08
   12.168: INFO serial_transport::packet_reader: rx ack 0x09
   12.168: INFO serial_transport::packet_reader: rx ack 0x0a
   12.169: INFO printengine_lxk::node_tree::engine: Call: set("Settings", "Registration", "Skew", "Side", "sideSkew", 0)
   12.172: IP: IP_COMMAND_SET_ENGINE_MARGIN_OFFSETS Command  Rcvd - Command Code: 0x05 Data: 0x00000000 0x00000000 0x00000000 0x00000000 0x00000000 0x00000000 0x00000000 0x00000000 0x00000000 0x00000000 Remaining bytes:  45) 
   12.172: IP: IP_COMMAND_SET_ENGINE_MARGIN_OFFSETS Command  Rcvd - Command Code: 0x05 Data: 0x00000000 0x00000000 0x00000000 0x00000000 0x00000000 0x00000000 0x00000000 0x00000000 0x00000000 0x00000000 Remaining bytes:   5) 
   12.172: IP: IP_COMMAND_SET_ENGINE_MARGIN_OFFSETS Command  Rcvd - Command Code: 0x05 Data: 0x00000000 0x00 
   12.172: phDriverRequest: PH_CONVERT_TOP_MARGIN_TO_FIX16_MM
   12.172: EP: Engine event: name = ENG_EVENT_SET_MARGIN_OFFSETS                       , num = 82
   12.172: MOTOR: EngToMtrEvent: ENG_EVENT_SET_MARGIN_OFFSETS                       
   12.172: MOTOR: MtrAdjCalculateMarginScalars() - BottomMarginOffset = 0x00 = 0, Scalar = 0x80000000 = 2147483648, ProcessMarginsTimeScalarFix16 = 0x00010000 = 1.000000
   12.172: MOTOR: MtrAdjCalculateMarginScalars() - BottomMarginOffset = 0x00 = 0, Scalar = 0x00008000 = 32768, ProcessMarginsFreqScalarFix16 = 0x00010000 = 1.000000
   12.172: User Margins - BottomK = 0: TopK=0:TopM=0:TopC=0:TopY=0:LeftK=0:LeftM=0:LeftC=0:LeftY=0:RightK=0:RightM=0:RightC=0:RightY=0:SkewK=0:SkewM=0:SkewC=0:SkewY=0:CopySkew=0:DuplexSkew=0:DuplexTop=0:DuplexLeft=0:BowM=0:BowC=0:BowY=0, 
   12.172: PH: PhLimitMarginValues() - DebugBitFlags1 = 0: DebugBitFlags2 = 0: DebugBitFlags3 = 0
   12.172: phDriverRequest: PH_CONVERT_TOP_MARGIN_TO_FIX16_MM
   12.173: IP: IP_COMMAND_SET_ENGINE_MARGIN_OFFSETS Response Sent - Command Code: 0x05 Data: None 
   12.174: INFO printengine_lxk::node_tree::engine: Call: set("Settings", "Registration", "Skew", "Side", "duplexSideSkew", 0)
   12.176: PH: PhRemoteJakeLinearityAdjustmentReceived() - ColorPlane = 2: LinearityLeft = 0: : LinearityCenter = 0: LinearityRight = 0
   12.179: IP: IP_COMMAND_SET_ENGINE_MARGIN_OFFSETS Command  Rcvd - Command Code: 0x05 Data: 0x00000000 0x00000000 0x00000000 0x00000000 0x00000000 0x00000000 0x00000000 0x00000000 0x00000000 0x00000000 Remaining bytes:  45) 
   12.179: IP: IP_COMMAND_SET_ENGINE_MARGIN_OFFSETS Command  Rcvd - Command Code: 0x05 Data: 0x00000000 0x00000000 0x00000000 0x00000000 0x00000000 0x00000000 0x00000000 0x00000000 0x00000000 0x00000000 Remaining bytes:   5) 
   12.179: IP: IP_COMMAND_SET_ENGINE_MARGIN_OFFSETS Command  Rcvd - Command Code: 0x05 Data: 0x00000000 0x00 
   12.179: phDriverRequest: PH_CONVERT_TOP_MARGIN_TO_FIX16_MM
   12.179: EP: Engine event: name = ENG_EVENT_SET_MARGIN_OFFSETS                       , num = 82
   12.179: MOTOR: EngToMtrEvent: ENG_EVENT_SET_MARGIN_OFFSETS                       
   12.179: MOTOR: MtrAdjCalculateMarginScalars() - BottomMarginOffset = 0x00 = 0, Scalar = 0x80000000 = 2147483648, ProcessMarginsTimeScalarFix16 = 0x00010000 = 1.000000
   12.179: MOTOR: MtrAdjCalculateMarginScalars() - BottomMarginOffset = 0x00 = 0, Scalar = 0x00008000 = 32768, ProcessMarginsFreqScalarFix16 = 0x00010000 = 1.000000
   12.179: User Margins - BottomK = 0: TopK=0:TopM=0:TopC=0:TopY=0:LeftK=0:LeftM=0:LeftC=0:LeftY=0:RightK=0:RightM=0:RightC=0:RightY=0:SkewK=0:SkewM=0:SkewC=0:SkewY=0:CopySkew=0:DuplexSkew=0:DuplexTop=0:DuplexLeft=0:BowM=0:BowC=0:BowY=0, 
   12.179:  Address 0x040 (  64): 0x30 32 30 37 61 00 5E CF 00 00 62 2E 00 00 00 00
   12.179: PH: PhLimitMarginValues() - DebugBitFlags1 = 0: DebugBitFlags2 = 0: DebugBitFlags3 = 0
   12.179: phDriverRequest: PH_CONVERT_TOP_MARGIN_TO_FIX16_MM
   12.179: IP: IP_COMMAND_SET_ENGINE_MARGIN_OFFSETS Response Sent - Command Code: 0x05 Data: None 
   12.182: INFO printengine_lxk::node_tree::engine: Call: set("Settings", "Supplies", "cartridgeLockIn", false)
   12.183: IP: SET_SUPPLY_COMPATIBILITY_DATA_CMDCODE Command  Rcvd - Command Code: 0x73 Data: 0xFFFFFF02 0xFFFF0000 0xFFFF0000 0xFFFF0000 0x00000000 
   12.183: SUPPLIES: SupplyMgr External Request: SUPPLY_RQST_SET_COMPAT_DATA_COMMO 
   12.183: SUPPLIES: @@@@ ServicePlan Rip Event: OrigState: 0, PrinterServicePlan: 2, NewState: 0, PrinterRegion: 0xffff 
   12.183: SUPPLIES: SupplyCartImageUnitCompatCheck: Pass: 1, CartId: 0x04, CartToner: 0, IuId: 0x00, IuToner: 0
   12.183: SUPPLIES: SupplyCC_MC_Check: SupplyID: 0x04, PrinterState: 0, SuppliesSupported: 1, PrinterMachineClass: 0xffff, Printer MC: 0x0000ffff, Printer CC: 0x0000ffff, Supply MC: 0x0000ffff, Supply CC: 0x0000ffff
   12.183: SUPPLIES: SupplyOEM_Check SupplyID: Bottle - Black, Test skipped, Escape Hatch Active 
   12.183: SUPPLIES: Region compatibility test skipped due to Esc hatch 
   12.183: SUPPLIES: SupplyMarriageCheck: Supply ID=0x04, SupplyAlreadyMarried=0, MarriageEscHatchSet=1, AnyMarriageEscHatchSet=1, NvMarriageID=0x00, SupplyMarriageID=0xec, OkToMarrySupply=0, SupplyIsSWE=0, UnMarrySettingSet=0 
   12.183: SUPPLIES: AM Cartridge Lock Check: SupplyID=0x04 SupplyIsAM=1 CartridgeLockSetting=0 CartLockInErrorFlag=0 BottleID=0x3107588e NvCartLockID=0x00000000
   12.183: SUPPLIES: BottleServicePlanCompatCheck: SupplyID: 0x04, Test skipped. Settings unavailable. PrinterMachClassSettingRcvd=1, TnrBottleDataValidFlag=1, PrinterRegionSettingReceived=1 
   12.183: SUPPLIES: SupplyCartImageUnitCompatCheck: Pass: 1, CartId: 0x03, CartToner: 0, IuId: 0x00, IuToner: 0
   12.183: SUPPLIES: SupplyCC_MC_Check: SupplyID: 0x03, PrinterState: 0, SuppliesSupported: 1, PrinterMachineClass: 0xffff, Printer MC: 0x0000ffff, Printer CC: 0x0000ffff, Supply MC: 0x0000ffff, Supply CC: 0x0000ffff
   12.183: SUPPLIES: SupplyOEM_Check SupplyID: Bottle - Cyan, Test skipped, Escape Hatch Active 
   12.183: SUPPLIES: Region compatibility test skipped due to Esc hatch 
   12.183: SUPPLIES: SupplyMarriageCheck: Supply ID=0x03, SupplyAlreadyMarried=0, MarriageEscHatchSet=1, AnyMarriageEscHatchSet=1, NvMarriageID=0x00, SupplyMarriageID=0x4d, OkToMarrySupply=0, SupplyIsSWE=0, UnMarrySettingSet=0 
   12.183: SUPPLIES: AM Cartridge Lock Check: SupplyID=0x03 SupplyIsAM=1 CartridgeLockSetting=0 CartLockInErrorFlag=0 BottleID=0x31045b14 NvCartLockID=0x00000000
   12.183: SUPPLIES: BottleServicePlanCompatCheck: SupplyID: 0x03, Test skipped. Settings unavailable. PrinterMachClassSettingRcvd=1, TnrBottleDataValidFlag=1, PrinterRegionSettingReceived=1 
   12.183: SUPPLIES: SupplyCartImageUnitCompatCheck: Pass: 1, CartId: 0x02, CartToner: 0, IuId: 0x00, IuToner: 0
   12.183: SUPPLIES: SupplyCC_MC_Check: SupplyID: 0x02, PrinterState: 0, SuppliesSupported: 1, PrinterMachineClass: 0xffff, Printer MC: 0x0000ffff, Printer CC: 0x0000ffff, Supply MC: 0x0000ffff, Supply CC: 0x0000ffff
   12.183: SUPPLIES: SupplyOEM_Check SupplyID: Bottle - Magenta, Test skipped, Escape Hatch Active 
   12.183: SUPPLIES: Region compatibility test skipped due to Esc hatch 
   12.183: SUPPLIES: SupplyMarriageCheck: Supply ID=0x02, SupplyAlreadyMarried=0, MarriageEscHatchSet=1, AnyMarriageEscHatchSet=1, NvMarriageID=0x00, SupplyMarriageID=0x14, OkToMarrySupply=0, SupplyIsSWE=0, UnMarrySettingSet=0 
   12.183: SUPPLIES: AM Cartridge Lock Check: SupplyID=0x02 SupplyIsAM=1 CartridgeLockSetting=0 CartLockInErrorFlag=0 BottleID=0x31095739 NvCartLockID=0x00000000
   12.183: SUPPLIES: BottleServicePlanCompatCheck: SupplyID: 0x02, Test skipped. Settings unavailable. PrinterMachClassSettingRcvd=1, TnrBottleDataValidFlag=1, PrinterRegionSettingReceived=1 
   12.183: SUPPLIES: SupplyCartImageUnitCompatCheck: Pass: 1, CartId: 0x01, CartToner: 0, IuId: 0x00, IuToner: 0
   12.183: SUPPLIES: SupplyCC_MC_Check: SupplyID: 0x01, PrinterState: 0, SuppliesSupported: 1, PrinterMachineClass: 0xffff, Printer MC: 0x0000ffff, Printer CC: 0x0000ffff, Supply MC: 0x0000ffff, Supply CC: 0x0000ffff
   12.183: SUPPLIES: SupplyOEM_Check SupplyID: Bottle - Yellow, Test skipped, Escape Hatch Active 
   12.183: SUPPLIES: Region compatibility test skipped due to Esc hatch 
   12.183: SUPPLIES: SupplyMarriageCheck: Supply ID=0x01, SupplyAlreadyMarried=0, MarriageEscHatchSet=1, AnyMarriageEscHatchSet=1, NvMarriageID=0x00, SupplyMarriageID=0xb2, OkToMarrySupply=0, SupplyIsSWE=0, UnMarrySettingSet=0 
   12.183: SUPPLIES: AM Cartridge Lock Check: SupplyID=0x01 SupplyIsAM=1 CartridgeLockSetting=0 CartLockInErrorFlag=0 BottleID=0x311467e4 NvCartLockID=0x00000000
   12.183: SUPPLIES: BottleServicePlanCompatCheck: SupplyID: 0x01, Test skipped. Settings unavailable. PrinterMachClassSettingRcvd=1, TnrBottleDataValidFlag=1, PrinterRegionSettingReceived=1 
   12.183: SUPPLIES: SupplyCC_MC_Check: SupplyID: 0x06, PrinterState: 0, SuppliesSupported: 1, PrinterMachineClass: 0xffff, Printer MC: 0x0000ffff, Printer CC: 0x0000ffff, Supply MC: 0xffffffff, Supply CC: 0xffffffff
   12.183: SUPPLIES: SupplyOEM_Check: SupplyID: 0x06, OemId: 0xff, ShipWithType: 0, SuppliesSupported: 1, PrinterState: 0, Printer Machine Class: 0xffff  
   12.183: SUPPLIES: Region compatibility test skipped due to Esc hatch 
   12.183: SUPPLIES: SupplyMarriageCheck: Supply ID=0x06, SupplyAlreadyMarried=0, MarriageEscHatchSet=1, AnyMarriageEscHatchSet=1, NvMarriageID=0x00, SupplyMarriageID=0x00, OkToMarrySupply=0, SupplyIsSWE=1, UnMarrySettingSet=0 
   12.183: SUPPLIES: SupplyCC_MC_Check: SupplyID: 0x05, PrinterState: 0, SuppliesSupported: 1, PrinterMachineClass: 0xffff, Printer MC: 0x0000ffff, Printer CC: 0x0000ffff, Supply MC: 0xffffffff, Supply CC: 0xffffffff
   12.183: SUPPLIES: SupplyOEM_Check SupplyID: ITM, Test skipped, Escape Hatch Active 
   12.183: SUPPLIES: Region compatibility test skipped due to Esc hatch 
   12.183: SUPPLIES: SupplyCC_MC_Check: SupplyID: 0x19, PrinterState: 0, SuppliesSupported: 1, PrinterMachineClass: 0xffff, Printer MC: 0x0000ffff, Printer CC: 0x0000ffff, Supply MC: 0xffffffff, Supply CC: 0xffffffff
   12.183: SUPPLIES: SupplyOEM_Check: SupplyID: 0x19, OemId: 0xff, ShipWithType: 0, SuppliesSupported: 1, PrinterState: 0, Printer Machine Class: 0xffff  
   12.183: SUPPLIES: RegionCheck SupplyID: 0x19, PrinterState: 0, Pass: 1, Printer Region: 0xFFFF, Supply Region: 0x7FFF, PrinterMachineClass: 0xffff 
   12.183: SUPPLIES: SupplyMarriageCheck: Supply ID=0x19, SupplyAlreadyMarried=0, MarriageEscHatchSet=0, AnyMarriageEscHatchSet=0, NvMarriageID=0x00, SupplyMarriageID=0x9e, OkToMarrySupply=1, SupplyIsSWE=1, UnMarrySettingSet=0 
   12.183: SUPPLIES: SupplyCC_MC_Check: SupplyID: 0x0f, PrinterState: 0, SuppliesSupported: 1, PrinterMachineClass: 0xffff, Printer MC: 0x0000ffff, Printer CC: 0x0000ffff, Supply MC: 0xffffffff, Supply CC: 0xffffffff
   12.183: SUPPLIES: SupplyOEM_Check: SupplyID: 0x0f, OemId: 0xff, ShipWithType: 0, SuppliesSupported: 1, PrinterState: 0, Printer Machine Class: 0xffff  
   12.183: SUPPLIES: RegionCheck SupplyID: 0x0f, PrinterState: 0, Pass: 1, Printer Region: 0xFFFF, Supply Region: 0x7FFF, PrinterMachineClass: 0xffff 
   12.183: SUPPLIES: SupplyMarriageCheck: Supply ID=0x0f, SupplyAlreadyMarried=0, MarriageEscHatchSet=0, AnyMarriageEscHatchSet=0, NvMarriageID=0x00, SupplyMarriageID=0xb7, OkToMarrySupply=1, SupplyIsSWE=1, UnMarrySettingSet=0 
   12.184: IP: SET_SUPPLY_COMPATIBILITY_DATA_CMDCODE Response Sent - Command Code: 0x73 Data: None 
   12.188: INFO printengine_lxk::node_tree::engine: Call: set("Settings", "Finishers", "Holepunch", "punchPositionAdjSub", 15)
   12.188: IP: NODE_TREE_INTERFACE Command  Rcvd - Command Code: 0x08 Data: 0x12000000 0x000000 
   12.188: IP: NODE_TREE_INTERFACE Response Sent - Command Code: 0x08 Data: 0x00000000 0x0000 
   12.188: IP: NODE_TREE_INTERFACE Command  Rcvd - Command Code: 0x08 Data: 0x12000100 0x000000 
   12.188: IP: NODE_TREE_INTERFACE Response Sent - Command Code: 0x08 Data: 0x00010000 0x0000 
   12.188: IP: NODE_TREE_INTERFACE Command  Rcvd - Command Code: 0x08 Data: 0x12000200 0x000000 
   12.188: IP: NODE_TREE_INTERFACE Response Sent - Command Code: 0x08 Data: 0x00020000 0x0000 
   12.188: IP: NODE_TREE_INTERFACE Command  Rcvd - Command Code: 0x08 Data: 0x12000300 0x000000 
   12.188: IP: NODE_TREE_INTERFACE Response Sent - Command Code: 0x08 Data: 0x00030000 0x0000 
   12.188: IP: NODE_TREE_INTERFACE Command  Rcvd - Command Code: 0x08 Data: 0x12000400 0x000000 
   12.188: IP: NODE_TREE_INTERFACE Response Sent - Command Code: 0x08 Data: 0x00040000 0x0000 
   12.188: IP: NODE_TREE_INTERFACE Command  Rcvd - Command Code: 0x08 Data: 0x12000500 0x000000 
   12.188: IP: NODE_TREE_INTERFACE Response Sent - Command Code: 0x08 Data: 0x00050000 0x0000 
   12.188: IP: NODE_TREE_INTERFACE Command  Rcvd - Command Code: 0x08 Data: 0x12000600 0x000000 
   12.188: IP: NODE_TREE_INTERFACE Response Sent - Command Code: 0x08 Data: 0x00060000 0x0000 
   12.188: IP: NODE_TREE_INTERFACE Command  Rcvd - Command Code: 0x08 Data: 0x12000700 0x000000 
   12.188: IP: NODE_TREE_INTERFACE Response Sent - Command Code: 0x08 Data: 0x00070000 0x0000 
   12.186: PH: PhRemoteJakeLinearityAdjustmentReceived() - ColorPlane = 2: LinearityLeft = 0: : LinearityCenter = 0: LinearityRight = 0
   12.200:  Address 0x050 (  80): 0x00 00 00 00 00 00 00 00 00 01 28 7D 00 00 00 00
   12.214: INFO serial_transport::packet_reader: rx seq 0x07 CRC 0x7a25 len 59 accept cur 0x07
   12.214: INFO serial_transport::packet_reader: rx seq 0x08 CRC 0x7a11 len 50 accept cur 0x08
   12.214: INFO serial_transport::packet_reader: rx seq 0x09 CRC 0xbbee len 48 accept cur 0x09
   12.214: INFO serial_transport::packet_reader: rx seq 0x0a CRC 0xd80d len 52 accept cur 0x0a
   12.214: INFO serial_transport::packet_reader: rx ack 0x0b
   12.214: INFO serial_transport::packet_reader: rx ack 0x0c
   12.215: INFO serial_transport::packet_reader: rx ack 0x0d
   12.215: INFO serial_transport::packet_reader: rx ack 0x0e
   12.218: INFO printengine_lxk::node_tree::engine: Call: set("Settings", "Finishers", "Holepunch", "punchPositionAdjMain", 5)
   12.218: IP: NODE_TREE_INTERFACE Command  Rcvd - Command Code: 0x08 Data: 0x12000000 0x000000 
   12.218: IP: NODE_TREE_INTERFACE Response Sent - Command Code: 0x08 Data: 0x00000000 0x0000 
   12.218: IP: NODE_TREE_INTERFACE Command  Rcvd - Command Code: 0x08 Data: 0x12000100 0x000000 
   12.218: IP: NODE_TREE_INTERFACE Response Sent - Command Code: 0x08 Data: 0x00010000 0x0000 
   12.218: IP: NODE_TREE_INTERFACE Command  Rcvd - Command Code: 0x08 Data: 0x12000200 0x000000 
   12.218: IP: NODE_TREE_INTERFACE Response Sent - Command Code: 0x08 Data: 0x00020000 0x0000 
   12.218: IP: NODE_TREE_INTERFACE Command  Rcvd - Command Code: 0x08 Data: 0x12000300 0x000000 
   12.218: IP: NODE_TREE_INTERFACE Response Sent - Command Code: 0x08 Data: 0x00030000 0x0000 
   12.218: IP: NODE_TREE_INTERFACE Command  Rcvd - Command Code: 0x08 Data: 0x12000400 0x000000 
   12.218: IP: NODE_TREE_INTERFACE Response Sent - Command Code: 0x08 Data: 0x00040000 0x0000 
   12.218: IP: NODE_TREE_INTERFACE Command  Rcvd - Command Code: 0x08 Data: 0x12000500 0x000000 
   12.218: IP: NODE_TREE_INTERFACE Response Sent - Command Code: 0x08 Data: 0x00050000 0x0000 
   12.218: IP: NODE_TREE_INTERFACE Command  Rcvd - Command Code: 0x08 Data: 0x12000600 0x000000 
   12.218: IP: NODE_TREE_INTERFACE Response Sent - Command Code: 0x08 Data: 0x00060000 0x0000 
   12.218: IP: NODE_TREE_INTERFACE Command  Rcvd - Command Code: 0x08 Data: 0x12000700 0x000000 
   12.218: IP: NODE_TREE_INTERFACE Response Sent - Command Code: 0x08 Data: 0x00070000 0x0000 
   12.220: INFO printengine_lxk::node_tree::engine: Call: set("Settings", "HardwareConfig", "mpFeederCapacity", 50)
   12.221:  Address 0x060 (  96): 0x00 00 0F 26 00 00 00 00 00 00 00 00 00 00 00 00
   12.223: INFO printengine_lxk::node_tree::engine: Call: set("Settings", "HardwareConfig", "tray1Capacity", 250)
   12.225: INFO printengine_lxk::node_tree::engine: Call: set("Settings", "HardwareConfig", "tray1CanSensePaper", false)
   12.242:  Address 0x070 ( 112): 0x00 00 00 00 00 00 00 00 00 00 19 08 00 00 4C 00
   12.252: INFO serial_transport::packet_reader: rx seq 0x0b CRC 0x758e len 53 accept cur 0x0b
   12.252: INFO serial_transport::packet_reader: rx seq 0x0c CRC 0x59e6 len 51 accept cur 0x0c
   12.252: INFO serial_transport::packet_reader: rx seq 0x0d CRC 0x2d03 len 48 accept cur 0x0d
   12.253: INFO serial_transport::packet_reader: rx seq 0x0e CRC 0xa815 len 57 accept cur 0x0e
   12.253: INFO serial_transport::packet_reader: rx ack 0x0f
   12.253: INFO serial_transport::packet_reader: rx ack 0x00
   12.253: INFO serial_transport::packet_reader: rx ack 0x01
   12.253: INFO serial_transport::packet_reader: rx ack 0x02
   12.254: INFO printengine_lxk::node_tree::engine: Call: set("Settings", "HardwareConfig", "tray1CanSenseDrawer", false)
   12.258: INFO printengine_lxk::node_tree::engine: Call: set("Settings", "HardwareConfig", "tray1HasLiftPlate", false)
   12.260: INFO printengine_lxk::node_tree::engine: Call: set("Settings", "HardwareConfig", "stdBinCapacity", 0)
   12.262: INFO printengine_lxk::node_tree::engine: Call: set("Settings", "HardwareConfig", "stdBinHasNearFullSensor", false)
   12.263:  Address 0x080 ( 128): 0x00 00 00 00 00 00 00 00 00 1C 13 80 00 00 00 00
   12.284:  Address 0x090 ( 144): 0x00 00 00 00 00 00 00 00 00 00 00 00 00 00 00 00
   12.288: INFO serial_transport::packet_reader: rx seq 0x0f CRC 0xfb40 len 51 accept cur 0x0f
   12.288: INFO serial_transport::packet_reader: rx seq 0x00 CRC 0x5924 len 50 accept cur 0x00
   12.288: INFO serial_transport::packet_reader: rx seq 0x01 CRC 0x7195 len 56 accept cur 0x01
   12.289: INFO serial_transport::packet_reader: rx seq 0x02 CRC 0x7123 len 57 accept cur 0x02
   12.289: INFO serial_transport::packet_reader: rx ack 0x03
   12.289: INFO serial_transport::packet_reader: rx ack 0x04
   12.289: INFO serial_transport::packet_reader: rx ack 0x05
   12.289: INFO serial_transport::packet_reader: rx ack 0x06
   12.290: INFO printengine_lxk::node_tree::engine: Call: set("Settings", "HardwareConfig", "tonerLevelSensing", false)
   12.293: INFO printengine_lxk::node_tree::engine: Call: set("Settings", "HardwareConfig", "cardFanInstalled", false)
   12.294: INFO printengine_lxk::node_tree::engine: Call: set("Settings", "HardwareConfig", "duplexCapability", "Single")
   12.295: IP: NODE_TREE_INTERFACE Command  Rcvd - Command Code: 0x08 Data: 0x08020501 
   12.295: IP: NODE_TREE_INTERFACE Response Sent - Command Code: 0x08 Data: None 
   12.298: INFO printengine_lxk::node_tree::engine: Call: set("Settings", "HardwareConfig", "tray1HasPassthruRollers", false)
   12.305:  Address 0x0A0 ( 160): 0x00 00 00 00 00 00 00 00 00 00 00 00 00 00 00 00
   12.308: INFO serial_transport::packet_reader: rx seq 0x03 CRC 0xf25b len 17 accept cur 0x03
   12.308: INFO serial_transport::packet_reader: rx seq 0x04 CRC 0xd06c len 23 accept cur 0x04
   12.308: INFO serial_transport::packet_reader: rx ack 0x07
   12.308: INFO serial_transport::packet_reader: rx ack 0x08
   12.309: INFO serial_transport::packet_reader: rx ack 0x09
   12.309: INFO serial_transport::packet_reader: rx ack 0x0a
   12.310: INFO printengine_lxk::node_tree::engine: Call: get("Settings")
   12.310: IP: NODE_TREE_INTERFACE Command  Rcvd - Command Code: 0x08 Data: 0x12000000 0x000000 
   12.310: IP: NODE_TREE_INTERFACE Response Sent - Command Code: 0x08 Data: 0x00000000 0x0000 
   12.310: IP: NODE_TREE_INTERFACE Command  Rcvd - Command Code: 0x08 Data: 0x12000100 0x000000 
   12.310: IP: NODE_TREE_INTERFACE Response Sent - Command Code: 0x08 Data: 0x00010000 0x0000 
   12.310: IP: NODE_TREE_INTERFACE Command  Rcvd - Command Code: 0x08 Data: 0x12000200 0x000000 
   12.312: IP: NODE_TREE_INTERFACE Response Sent - Command Code: 0x08 Data: 0x00020000 0x0000 
   12.312: IP: NODE_TREE_INTERFACE Command  Rcvd - Command Code: 0x08 Data: 0x12000300 0x000000 
   12.312: IP: NODE_TREE_INTERFACE Response Sent - Command Code: 0x08 Data: 0x00030000 0x0000 
   12.312: IP: NODE_TREE_INTERFACE Command  Rcvd - Command Code: 0x08 Data: 0x12000400 0x000000 
   12.312: IP: NODE_TREE_INTERFACE Response Sent - Command Code: 0x08 Data: 0x00040000 0x0000 
   12.312: IP: NODE_TREE_INTERFACE Command  Rcvd - Command Code: 0x08 Data: 0x12000500 0x000000 
   12.312: IP: NODE_TREE_INTERFACE Response Sent - Command Code: 0x08 Data: 0x00050000 0x0000 
   12.312: IP: NODE_TREE_INTERFACE Command  Rcvd - Command Code: 0x08 Data: 0x12000600 0x000000 
   12.312: IP: NODE_TREE_INTERFACE Response Sent - Command Code: 0x08 Data: 0x00060000 0x0000 
   12.312: IP: NODE_TREE_INTERFACE Command  Rcvd - Command Code: 0x08 Data: 0x12000700 0x000000 
   12.312: IP: NODE_TREE_INTERFACE Response Sent - Command Code: 0x08 Data: 0x00070000 0x0000 
   12.313: INFO printengine_lxk::node_tree::engine::settings: serialNumber get:''
   12.328:  Address 0x0B0 ( 176): 0x00 00 00 00 00 00 00 00 00 01 A0 00 00 03 00 00
   12.335: INFO serial_transport::packet_reader: rx ack 0x0b
   12.348: INFO serial_transport::packet_reader: rx ack 0x0c
   12.348:  Address 0x0C0 ( 192): 0x00 00 00 00 00 00 00 00 00 00 00 00 00 00 00 00
   12.358: INFO serial_transport::packet_reader: rx ack 0x0d
   12.365, 0.000, 'FuserMainPwrPercentAct',         33,        230, 0, 0
   12.369:  Address 0x0D0 ( 208): 0x00 00 00 00 00 00 00 00 00 00 00 00 00 00 00 00
   12.369: INFO serial_transport::packet_reader: rx ack 0x0e
   12.383: INFO serial_transport::packet_reader: rx ack 0x0f
   12.394: INFO serial_transport::packet_reader: rx ack 0x00
   12.402: WARN serial_transport::packet_reader: rx seq 0x04 CRC 0xd06c len 23 drop (dup already consumed) cur 0x05
   12.405: INFO serial_transport::packet_reader: rx ack 0x01
   12.408: WARN serial_transport::packet_writer: Dropping packet with seq 0x04. Last sent ack: Some(Seq(3))
   12.415, 0.000, 'FuserMainPwrPercentAct',          0,        230, 0, 0
   12.423: INFO serial_transport::packet_reader: rx ack 0x02
   12.435: INFO serial_transport::packet_reader: rx ack 0x03
   12.448: INFO serial_transport::packet_reader: rx ack 0x04
   12.458: INFO serial_transport::packet_reader: rx ack 0x05
   12.469: INFO serial_transport::packet_reader: rx ack 0x06
   12.481: INFO serial_transport::packet_reader: rx ack 0x07
   12.499: WARN serial_transport::packet_reader: rx seq 0x04 CRC 0xd06c len 23 drop (dup already consumed) cur 0x05
   12.501: INFO serial_transport::packet_reader: rx ack 0x08
   12.512: INFO serial_transport::packet_reader: rx ack 0x09
   12.518: WARN serial_transport::packet_writer: Dropping packet with seq 0x04. Last sent ack: Some(Seq(3))
   12.524: INFO serial_transport::packet_reader: rx ack 0x0a
   12.535: INFO serial_transport::packet_reader: rx ack 0x0b
   12.548: INFO serial_transport::packet_reader: rx ack 0x0c
   12.558: INFO serial_transport::packet_reader: rx ack 0x0d
   12.570: INFO serial_transport::packet_reader: rx ack 0x0e
   12.580: SUPPLIES: Memory; Supply = Bottle - Cyan; R/W High Endurance Memory; Memory Valid = 1 
   12.580:                          0  1  2  3  4  5  6  7  8  9  A  B  C  D  E  F
   12.580:  Address 0x000 (   0): 0x00 00 95 0B 00 00 2B F5 00 00 00 00 00 00 00 00
   12.581: INFO serial_transport::packet_reader: rx ack 0x0f
   12.593: INFO serial_transport::packet_reader: rx ack 0x00
   12.600, 0.000, 'FuserMainPwrPercentAct',         33,        230, 0, 0
   12.602:  Address 0x010 (  16): 0x00 00 00 00 25 3F 00 00 0E 78 00 00 0A A2 00 00
   12.604: INFO serial_transport::packet_reader: rx ack 0x01
   12.618: INFO serial_transport::packet_reader: rx ack 0x02
   12.622:  Address 0x020 (  32): 0x00 00 00 00 00 00 00 00 00 00 63 CD 00 00 63 CD
   12.628: INFO serial_transport::packet_reader: rx ack 0x03
   12.639: INFO serial_transport::packet_reader: rx ack 0x04
   12.643:  Address 0x030 (  48): 0x00 00 01 01 01 01 01 01 01 01 00 20 EA BB 01 00
   12.650: INFO serial_transport::packet_reader: rx ack 0x05
   12.650, 0.000, 'FuserMainPwrPercentAct',          0,        230, 0, 0
   12.662: INFO serial_transport::packet_reader: rx ack 0x06
   12.664:  Address 0x040 (  64): 0x00 00 00 00 00 00 00 00 00 00 00 00 00 00 07 C7
   12.673: INFO serial_transport::packet_reader: rx ack 0x07
   12.685: INFO serial_transport::packet_reader: rx ack 0x08
   12.685:  Address 0x050 (  80): 0x50 00 00 00 00 00 00 00 00 00 00 00 00 00 00 00
   12.698: INFO serial_transport::packet_reader: rx ack 0x09
   12.708:  Address 0x060 (  96): 0x00 00 01 01 01 01 01 01 01 01 01 01 01 01 01 01
   12.708: INFO serial_transport::packet_reader: rx ack 0x0a
   12.719: INFO serial_transport::packet_reader: rx ack 0x0b
   12.728:  Address 0x070 ( 112): 0x01 01 14 A9 00 00 00 00 00 00 00 00 00 00 00 00
   12.732: INFO serial_transport::packet_reader: rx ack 0x0c
   12.743: INFO serial_transport::packet_reader: rx ack 0x0d
   12.755: INFO serial_transport::packet_reader: rx ack 0x0e
   12.768: INFO serial_transport::packet_reader: rx ack 0x0f
   12.778: INFO serial_transport::packet_reader: rx ack 0x00
   12.790: INFO serial_transport::packet_reader: rx ack 0x01
   12.800: INFO serial_transport::packet_reader: rx ack 0x02
   12.812: INFO serial_transport::packet_reader: rx ack 0x03
   12.823: INFO serial_transport::packet_reader: rx ack 0x04
   12.835: INFO serial_transport::packet_reader: rx ack 0x05
   12.848: INFO serial_transport::packet_reader: rx ack 0x06
   12.858: INFO serial_transport::packet_reader: rx ack 0x07
   12.870: INFO serial_transport::packet_reader: rx ack 0x08
   12.883: INFO serial_transport::packet_reader: rx ack 0x09
   12.893: INFO serial_transport::packet_reader: rx ack 0x0a
   12.900, 0.000, 'FuserMainPwrPercentAct',         33,        230, 0, 0
   12.904: INFO serial_transport::packet_reader: rx ack 0x0b
   12.918: INFO serial_transport::packet_reader: rx ack 0x0c
   12.928: INFO serial_transport::packet_reader: rx ack 0x0d
   12.939: INFO serial_transport::packet_reader: rx ack 0x0e
   12.939: SUPPLIES: Memory; Supply = Bottle - Magenta; Rd Only Memory; Memory Valid = 1 
   12.939:                          0  1  2  3  4  5  6  7  8  9  A  B  C  D  E  F
   12.939:  Address 0x000 (   0): 0x43 41 44 32 33 31 30 39 35 37 33 39 20 20 20 32
   12.948: IP: NODE_TREE_INTERFACE Command  Rcvd - Command Code: 0x08 Data: 0x12000000 0x000000 
   12.949: IP: NODE_TREE_INTERFACE Response Sent - Command Code: 0x08 Data: 0x00000000 0x0000 
   12.949: IP: NODE_TREE_INTERFACE Command  Rcvd - Command Code: 0x08 Data: 0x12000100 0x000000 
   12.949: IP: NODE_TREE_INTERFACE Response Sent - Command Code: 0x08 Data: 0x00010000 0x0000 
   12.949: IP: NODE_TREE_INTERFACE Command  Rcvd - Command Code: 0x08 Data: 0x12000200 0x000000 
   12.949: IP: NODE_TREE_INTERFACE Response Sent - Command Code: 0x08 Data: 0x00020000 0x0000 
   12.949: IP: NODE_TREE_INTERFACE Command  Rcvd - Command Code: 0x08 Data: 0x12000300 0x000000 
   12.949: IP: NODE_TREE_INTERFACE Response Sent - Command Code: 0x08 Data: 0x00030000 0x0000 
   12.949: IP: NODE_TREE_INTERFACE Command  Rcvd - Command Code: 0x08 Data: 0x12000400 0x000000 
   12.949: IP: NODE_TREE_INTERFACE Response Sent - Command Code: 0x08 Data: 0x00040000 0x0000 
   12.949: IP: NODE_TREE_INTERFACE Command  Rcvd - Command Code: 0x08 Data: 0x12000500 0x000000 
   12.949: IP: NODE_TREE_INTERFACE Response Sent - Command Code: 0x08 Data: 0x00050000 0x0000 
   12.949: IP: NODE_TREE_INTERFACE Command  Rcvd - Command Code: 0x08 Data: 0x12000600 0x000000 
   12.949: IP: NODE_TREE_INTERFACE Response Sent - Command Code: 0x08 Data: 0x00060000 0x0000 
   12.949: IP: NODE_TREE_INTERFACE Command  Rcvd - Command Code: 0x08 Data: 0x12000700 0x000000 
   12.949: IP: NODE_TREE_INTERFACE Response Sent - Command Code: 0x08 Data: 0x00070000 0x0000 
   12.951: INFO serial_transport::packet_reader: rx ack 0x0f
   12.960:  Address 0x010 (  16): 0x30 4C 33 34 31 4D 01 00 0E 7F FF FF 00 00 FF FF
   12.962: INFO serial_transport::packet_reader: rx ack 0x00
   12.974: INFO serial_transport::packet_reader: rx ack 0x01
   12.981:  Address 0x020 (  32): 0x00 00 FF FF FF 00 75 31 D4 0F 02 8A 01 0A FF 1E
   12.988: INFO serial_transport::packet_reader: rx ack 0x02
   12.998: INFO serial_transport::packet_reader: rx ack 0x03
   13.002:  Address 0x030 (  48): 0x14 01 00 00 FF FF 14 5A 02 32 01 01 00 00 FF FF
   13.005: INFO printengine_lxk::node_tree::engine: Call: mirrorSettings(get)
   13.009: INFO serial_transport::packet_reader: rx ack 0x04
   13.020: INFO serial_transport::packet_reader: rx ack 0x05
   13.019: ssec: cmd=29, devNum=255, rc=0
   13.023:  Address 0x040 (  64): 0x00 00 05 DC 1F 40 64 64 64 64 64 FF FF FF FF FF
   13.044:  Address 0x050 (  80): 0xFF FF 00 00 00 00 00 05 00 00 00 00 01 2C 13 88
   13.050, 0.000, 'FuserMainPwrPercentAct',          0,        230, 0, 0
   13.065:  Address 0x060 (  96): 0x00 00 00 00 00 00 00 01 01 00 00 14 1E 00 00 07
   13.068: INFO serial_transport::packet_reader: rx ack 0x06
   13.080: INFO serial_transport::packet_reader: rx ack 0x07
   13.083: INFO serial_transport::packet_reader: rx ack 0x08
   13.088:  Address 0x070 ( 112): 0xD0 00 64 00 00 00 00 00 32 00 16 5A 39 13 88 28
   13.088: INFO serial_transport::packet_reader: rx seq 0x05 CRC 0xe214 len 20 accept cur 0x05
   13.094: INFO serial_transport::packet_reader: rx ack 0x09
   13.102: INFO printengine_lxk::node_tree::engine: Call: get("Destination")
   13.108:  Address 0x080 ( 128): 0x22 24 00 F0 00 00 00 00 00 07 18 0C 00 04 6B 37
   13.118: INFO serial_transport::packet_reader: rx ack 0x0a
   13.128: INFO serial_transport::packet_reader: rx ack 0x0b
   13.129:  Address 0x090 ( 144): 0x00 02 0A F0 00 58 32 64 0F 0F 0F 14 14 14 00 27
   13.135: INFO serial_transport::packet_reader: rx ack 0x0c
   13.135: INFO serial_transport::packet_reader: rx ack 0x0d
   13.150:  Address 0x0A0 ( 160): 0x60 4C 00 24 49 BE 00 21 0F 34 00 1D AD 40 00 1A
   13.171:  Address 0x0B0 ( 176): 0x1F F0 00 16 62 AF 00 12 70 29 00 0E 42 15 00 09
   13.178: INFO serial_transport::packet_reader: rx seq 0x06 CRC 0xd7f9 len 15 accept cur 0x06
   13.179: INFO printengine_lxk::node_tree::engine: Call: get("Source")
   13.192:  Address 0x0C0 ( 192): 0xD0 FD 00 05 13 EC 00 00 00 05 69 87 00 01 8B DD
   13.198: INFO serial_transport::packet_reader: rx ack 0x0e
   13.209: INFO serial_transport::packet_reader: rx ack 0x0f
   13.213:  Address 0x0D0 ( 208): 0x00 00 C5 EE 00 00 36 35 00 27 60 4C 00 00 00 00
   13.221: INFO serial_transport::packet_reader: rx ack 0x00
   13.232: INFO serial_transport::packet_reader: rx ack 0x01
   13.234:  Address 0x0E0 ( 224): 0x00 09 B0 78 0C 2E 0C B9 0D 51 0D F7 0E AF 0F 7A
   13.244: INFO serial_transport::packet_reader: rx ack 0x02
   13.255: INFO serial_transport::packet_reader: rx ack 0x03
   13.255:  Address 0x0F0 ( 240): 0x10 5D 11 5B 12 7A 13 C1 15 38 00 00 00 00 00 00
   13.268: INFO serial_transport::packet_reader: rx ack 0x04
   13.278:  Address 0x100 ( 256): 0x00 00 00 00 00 00 00 00 00 00 00 00 00 0B B8 07
   13.278: INFO serial_transport::packet_reader: rx ack 0x05
   13.290: INFO serial_transport::packet_reader: rx ack 0x06
   13.294: INFO serial_transport::packet_reader: rx ack 0x07
   13.298:  Address 0x110 ( 272): 0xD0 47 65 6E 75 69 6E 65 20 4C 65 78 6D 61 72 6B
   13.319:  Address 0x120 ( 288): 0x00 00 00 00 00 00 00 00 00 00 00 00 00 00 00 00
   13.338: INFO serial_transport::packet_reader: rx seq 0x07 CRC 0x4d9f len 23 accept cur 0x07
   13.339: INFO printengine_lxk::node_tree::engine: Call: get("PhysicalDevice")
   13.342: IP: IP_QUERY_ENGINE_DEBUG_DATA Command  Rcvd - Command Code: 0xF9 Data: 0xAD0D0000 
   13.342: IP: IP_QUERY_ENGINE_DEBUG_DATA Response Sent - Command Code: 0xF9 Data: 0x00000000 
   13.342: IP: IP_QUERY_ENGINE_DEBUG_DATA Command  Rcvd - Command Code: 0xF9 Data: 0xAD0D0000 
   13.342: IP: IP_QUERY_ENGINE_DEBUG_DATA Response Sent - Command Code: 0xF9 Data: 0x00000000 
   13.342: IP: IP_QUERY_ENGINE_DEBUG_DATA Command  Rcvd - Command Code: 0xF9 Data: 0xAC0D0000 
   13.343: IP: IP_QUERY_ENGINE_DEBUG_DATA Response Sent - Command Code: 0xF9 Data: 0x82000000 
   13.343: IP: IP_QUERY_ENGINE_DEBUG_DATA Command  Rcvd - Command Code: 0xF9 Data: 0xAC0D0000 
   13.343: IP: IP_QUERY_ENGINE_DEBUG_DATA Response Sent - Command Code: 0xF9 Data: 0x82000000 
   13.344: IP: IP_QUERY_ENGINE_DEBUG_DATA Command  Rcvd - Command Code: 0xF9 Data: 0xAB0D0000 
   13.344: IP: IP_QUERY_ENGINE_DEBUG_DATA Response Sent - Command Code: 0xF9 Data: 0x00000000 
   13.344: IP: IP_QUERY_ENGINE_DEBUG_DATA Command  Rcvd - Command Code: 0xF9 Data: 0xAB0D0000 
   13.344: IP: IP_QUERY_ENGINE_DEBUG_DATA Response Sent - Command Code: 0xF9 Data: 0x00000000 
   13.359: INFO serial_transport::packet_reader: rx ack 0x08
   13.370: INFO serial_transport::packet_reader: rx ack 0x09
   13.382: INFO serial_transport::packet_reader: rx ack 0x0a
   13.388: IP: IP_QUERY_ENGINE_DEBUG_DATA Command  Rcvd - Command Code: 0xF9 Data: 0xAA0D0000 
   13.388: IP: IP_QUERY_ENGINE_DEBUG_DATA Response Sent - Command Code: 0xF9 Data: 0x00000000 
   13.388: IP: IP_QUERY_ENGINE_DEBUG_DATA Command  Rcvd - Command Code: 0xF9 Data: 0xAA0D0000 
   13.389: IP: IP_QUERY_ENGINE_DEBUG_DATA Response Sent - Command Code: 0xF9 Data: 0x00000000 
   13.389: IP: IP_QUERY_ENGINE_DEBUG_DATA Command  Rcvd - Command Code: 0xF9 Data: 0xA90D0000 
   13.389: IP: IP_QUERY_ENGINE_DEBUG_DATA Response Sent - Command Code: 0xF9 Data: 0x00000000 
   13.389: IP: IP_QUERY_ENGINE_DEBUG_DATA Command  Rcvd - Command Code: 0xF9 Data: 0xA90D0000 
   13.389: IP: IP_QUERY_ENGINE_DEBUG_DATA Response Sent - Command Code: 0xF9 Data: 0x00000000 
   13.393: INFO serial_transport::packet_reader: rx ack 0x0b
   13.405: INFO serial_transport::packet_reader: rx ack 0x0c
   13.417: INFO serial_transport::packet_reader: rx ack 0x0d
   13.421: INFO serial_transport::packet_reader: rx ack 0x0e
   13.467: INFO serial_transport::packet_reader: rx seq 0x08 CRC 0xfd42 len 15 accept cur 0x08
   13.468: INFO printengine_lxk::node_tree::engine: Call: get("Covers")
   13.484: INFO serial_transport::packet_reader: rx ack 0x0f
   13.530: INFO serial_transport::packet_reader: rx seq 0x09 CRC 0xb626 len 14 accept cur 0x09
   13.530: SUPPLIES: Memory; Supply = Bottle - Magenta; R/W Starndard Endurance Memory; Memory Valid = 1 
   13.530:                          0  1  2  3  4  5  6  7  8  9  A  B  C  D  E  F
   13.530:  Address 0x000 (   0): 0x00 00 FF FF 00 00 FF FF FF 7F FF 00 00 00 00 00
   13.532: INFO printengine_lxk::node_tree::engine: Call: get("Video")
   13.551:  Address 0x010 (  16): 0x00 32 2E 53 4C 20 74 6F 4E 37 35 36 36 34 31 34
   13.552: INFO serial_transport::packet_reader: rx ack 0x00
   13.564: INFO serial_transport::packet_reader: rx ack 0x01
   13.572:  Address 0x020 (  32): 0x30 31 30 32 30 37 61 00 00 00 00 00 00 00 00 00
   13.575: INFO serial_transport::packet_reader: rx ack 0x02
   13.588: INFO serial_transport::packet_reader: rx ack 0x03
   13.593:  Address 0x030 (  48): 0x00 00 00 00 00 00 00 00 00 00 00 00 00 00 00 00
   13.598: INFO serial_transport::packet_reader: rx ack 0x04
   13.610: INFO serial_transport::packet_reader: rx ack 0x05
   13.614:  Address 0x040 (  64): 0x00 00 00 00 00 00 61 D4 00 00 00 00 00 00 00 00
   13.621: INFO serial_transport::packet_reader: rx ack 0x06
   13.634: INFO serial_transport::packet_reader: rx ack 0x07
   13.635:  Address 0x050 (  80): 0x00 00 00 00 00 00 00 00 00 00 09 20 00 00 00 00
   13.645: INFO serial_transport::packet_reader: rx ack 0x08
   13.658:  Address 0x060 (  96): 0x00 00 00 00 00 00 00 00 00 00 00 00 00 00 00 00
   13.658: INFO serial_transport::packet_reader: rx ack 0x09
   13.662: INFO serial_transport::packet_reader: rx ack 0x0a
   13.678:  Address 0x070 ( 112): 0x00 00 00 00 00 00 00 00 00 00 00 00 00 00 4C 00
   13.699:  Address 0x080 ( 128): 0x00 00 00 00 00 00 00 00 00 1C 13 80 00 00 00 00
   13.700, 0.000, 'FuserMainPwrPercentAct',         33,        230, 0, 0
   13.710: INFO serial_transport::packet_reader: rx seq 0x0a CRC 0x1deb len 20 accept cur 0x0a
   13.710: INFO serial_transport::packet_reader: rx seq 0x0b CRC 0xc33f len 15 accept cur 0x0b
   13.710: INFO serial_transport::packet_reader: rx seq 0x0c CRC 0x6a7a len 15 accept cur 0x0c
   13.712: INFO printengine_lxk::node_tree::engine: Call: get("Destination")
   13.713: INFO printengine_lxk::node_tree::engine: Call: get("Source")
   13.720:  Address 0x090 ( 144): 0x00 00 00 00 00 00 00 00 00 00 00 00 00 00 00 00
   13.723: INFO serial_transport::packet_reader: rx ack 0x0b
   13.734: INFO serial_transport::packet_reader: rx ack 0x0c
   13.742:  Address 0x0A0 ( 160): 0x00 00 00 00 00 00 00 00 00 00 00 00 00 00 00 00
   13.748: INFO serial_transport::packet_reader: rx ack 0x0d
   13.758: INFO serial_transport::packet_reader: rx ack 0x0e
   13.762:  Address 0x0B0 ( 176): 0x00 00 00 00 00 00 00 00 00 01 A0 00 00 02 00 00
   13.768: INFO serial_transport::packet_reader: rx seq 0x0d CRC 0xf168 len 17 accept cur 0x0d
   13.768: INFO serial_transport::packet_reader: rx ack 0x0f
   13.780: INFO serial_transport::packet_reader: rx ack 0x00
   13.783:  Address 0x0C0 ( 192): 0x00 00 00 00 00 00 00 00 00 00 00 00 00 00 00 00
   13.792: INFO serial_transport::packet_reader: rx ack 0x01
   13.800, 0.000, 'FuserMainPwrPercentAct',          0,        230, 0, 0
   13.804:  Address 0x0D0 ( 208): 0x00 00 00 00 00 00 00 00 00 00 00 00 00 00 00 00
   13.805: WARN serial_transport::packet_reader: rx seq 0x0c CRC 0x6a7a len 15 drop (dup already consumed) cur 0x0e
   13.805: WARN serial_transport::packet_reader: rx seq 0x0d CRC 0xf168 len 17 drop (dup already consumed) cur 0x0e
   13.805: INFO serial_transport::packet_reader: rx ack 0x02
   13.814: INFO serial_transport::packet_reader: rx ack 0x03
   13.820: WARN serial_transport::packet_writer: Dropping packet with seq 0x0c. Last sent ack: Some(Seq(11))
   13.820: WARN serial_transport::packet_writer: Dropping packet with seq 0x0d. Last sent ack: Some(Seq(11))
   13.822: INFO printengine_lxk::node_tree::engine: Call: get("Status")
   13.823: IP: NODE_TREE_INTERFACE Command  Rcvd - Command Code: 0x08 Data: 0x0B 
   13.823: EP: Request = EP_REQUEST_PS_DEBUG
   13.823: EP: PS_DEBUG: id = 1047, ReturnValue = 756
   13.823: EP: Request = EP_REQUEST_PS_DEBUG
   13.823: EP: PS_DEBUG: id = 1048, ReturnValue = 490
   13.823: IP: NODE_TREE_INTERFACE Response Sent - Command Code: 0x08 Data: 0x03F40200 0x00EA0100 0x00 
   13.823: IP: NODE_TREE_INTERFACE Command  Rcvd - Command Code: 0x08 Data: 0x03 
   13.823: IP: NODE_TREE_INTERFACE Response Sent - Command Code: 0x08 Data: 0x0000009D 0x0000009D 
   13.828: INFO serial_transport::packet_reader: rx ack 0x04
   13.838: INFO serial_transport::packet_reader: rx ack 0x05
   13.848: INFO serial_transport::packet_reader: rx ack 0x06
   13.852: IP: NODE_TREE_INTERFACE Command  Rcvd - Command Code: 0x08 Data: 0x0B 
   13.852: EP: Request = EP_REQUEST_PS_DEBUG
   13.852: EP: PS_DEBUG: id = 1047, ReturnValue = 756
   13.852: EP: Request = EP_REQUEST_PS_DEBUG
   13.852: EP: PS_DEBUG: id = 1048, ReturnValue = 490
   13.852: IP: NODE_TREE_INTERFACE Response Sent - Command Code: 0x08 Data: 0x03F40200 0x00EA0100 0x00 
   13.853: IP: NODE_TREE_INTERFACE Command  Rcvd - Command Code: 0x08 Data: 0x03 
   13.853: IP: NODE_TREE_INTERFACE Response Sent - Command Code: 0x08 Data: 0x0000009D 0x0000009D 
   13.853: IP: NODE_TREE_INTERFACE Command  Rcvd - Command Code: 0x08 Data: 0x03 
   13.853: IP: NODE_TREE_INTERFACE Response Sent - Command Code: 0x08 Data: 0x0000009D 0x0000009D 
   13.858: INFO serial_transport::packet_reader: rx ack 0x07
   13.864: INFO printengine_lxk::node_tree::engine: Call: get("Supplies")
   13.869: INFO serial_transport::packet_reader: rx ack 0x08
   13.881: INFO serial_transport::packet_reader: rx ack 0x09
   13.888: SUPPLIES: SupplyMgr External Request: QUERY_EXT_SUPPLY_INFO_COMMO 
   13.888: SUPPLIES: QRY_SUPPLY_EXT_INFO_CMD: Supply='Bottle - Yellow' New=0 SerialNumber=CAD2311467E4 KeystoneYieldSides=0x00007531 KeystoneYieldMg=0x0009b078 KeystoneYieldRevsTacs=0x00252383
   13.889: IP: IP_COMMAND_QUERY_SUPPLY_LEVEL_INFO Command  Rcvd - Command Code: 0x98 Data: 0x01 
   13.889: SUPPLIES: SupplyMgr External Request: SUPPLIES_RQST_QRY_LEVEL_INFO 
   13.889: Supplies; QUERY_SUPPLY_LEVEL_INFO; (Bottle - Yellow) SupplyID=0x01 EOLLvl=0 EOLSupported=7 EOLHardStop=0 PEOLLvl=255 PEOLSupported=0 PEOLHardStop=1 
   13.889: IP: IP_COMMAND_QUERY_SUPPLY_LEVEL_INFO Response Sent - Command Code: 0x98 Data: 0x6500FF00 0xFFFFFFFF 0xFFFFFF01 0x1E00145A 0x1EFFFFFF 0xFF011400 0x023214FF 0xFFFFFF01 0x01000101 0x01FFFFFF Remaining bytes:  21) 
   13.889: IP: IP_COMMAND_QUERY_SUPPLY_LEVEL_INFO Response Sent - Command Code: 0x98 Data: 0xFF070000 0x00000000 0x00000000 0xFF01FFFF 0xFFFFFFFF 0xFF 
   13.890: SUPPLIES: SupplyMgr External Request: QUERY_EXT_SUPPLY_INFO_COMMO 
   13.890: SUPPLIES: QRY_SUPPLY_EXT_INFO_CMD: Supply='Bottle - Yellow' New=0 SerialNumber=CAD2311467E4 KeystoneYieldSides=0x00007531 KeystoneYieldMg=0x0009b078 KeystoneYieldRevsTacs=0x00252383
   13.892: INFO serial_transport::packet_reader: rx ack 0x0a
   13.918: INFO serial_transport::packet_reader: rx ack 0x0b
   13.918: INFO serial_transport::packet_reader: rx seq 0x0e CRC 0x5587 len 25 accept cur 0x0e
   13.918: INFO serial_transport::packet_reader: rx seq 0x0f CRC 0x5e79 len 45 accept cur 0x0f
   13.918: INFO serial_transport::packet_reader: rx seq 0x00 CRC 0x0352 len 43 accept cur 0x00
   13.918: INFO serial_transport::packet_reader: rx seq 0x01 CRC 0xab9c len 43 accept cur 0x01
   13.918: INFO serial_transport::packet_reader: rx ack 0x0c
   13.920: IP: IP_COMMAND_QUERY_SUPPLY_LEVEL_INFO Command  Rcvd - Command Code: 0x98 Data: 0x01 
   13.920: SUPPLIES: SupplyMgr External Request: SUPPLIES_RQST_QRY_LEVEL_INFO 
   13.920: Supplies; QUERY_SUPPLY_LEVEL_INFO; (Bottle - Yellow) SupplyID=0x01 EOLLvl=0 EOLSupported=7 EOLHardStop=0 PEOLLvl=255 PEOLSupported=0 PEOLHardStop=1 
   13.920: IP: IP_COMMAND_QUERY_SUPPLY_LEVEL_INFO Response Sent - Command Code: 0x98 Data: 0x6500FF00 0xFFFFFFFF 0xFFFFFF01 0x1E00145A 0x1EFFFFFF 0xFF011400 0x023214FF 0xFFFFFF01 0x01000101 0x01FFFFFF Remaining bytes:  21) 
   13.921: IP: IP_COMMAND_QUERY_SUPPLY_LEVEL_INFO Response Sent - Command Code: 0x98 Data: 0xFF070000 0x00000000 0x00000000 0xFF01FFFF 0xFFFFFFFF 0xFF 
   13.923: INFO serial_transport::packet_reader: rx ack 0x0d
   13.935: INFO serial_transport::packet_reader: rx ack 0x0e
   13.948: INFO serial_transport::packet_reader: rx ack 0x0f
   13.952: SUPPLIES: SupplyMgr External Request: QUERY_EXT_SUPPLY_INFO_COMMO 
   13.952: SUPPLIES: QRY_SUPPLY_EXT_INFO_CMD: Supply='Bottle - Magenta' New=0 SerialNumber=CAD231095739 KeystoneYieldSides=0x00007531 KeystoneYieldMg=0x0009b078 KeystoneYieldRevsTacs=0x0027604c
   13.953: IP: IP_COMMAND_QUERY_SUPPLY_LEVEL_INFO Command  Rcvd - Command Code: 0x98 Data: 0x02 
   13.953: SUPPLIES: SupplyMgr External Request: SUPPLIES_RQST_QRY_LEVEL_INFO 
   13.953: Supplies; QUERY_SUPPLY_LEVEL_INFO; (Bottle - Magenta) SupplyID=0x02 EOLLvl=0 EOLSupported=7 EOLHardStop=0 PEOLLvl=255 PEOLSupported=0 PEOLHardStop=1 
   13.953: IP: IP_COMMAND_QUERY_SUPPLY_LEVEL_INFO Response Sent - Command Code: 0x98 Data: 0x6500FF00 0xFFFFFFFF 0xFFFFFF01 0x1E00145A 0x1EFFFFFF 0xFF011400 0x023214FF 0xFFFFFF01 0x01000101 0x01FFFFFF Remaining bytes:  21) 
   13.953: IP: IP_COMMAND_QUERY_SUPPLY_LEVEL_INFO Response Sent - Command Code: 0x98 Data: 0xFF070000 0x00000000 0x00000000 0xFF01FFFF 0xFFFFFFFF 0xFF 
   13.954: SUPPLIES: SupplyMgr External Request: QUERY_EXT_SUPPLY_INFO_COMMO 
   13.954: SUPPLIES: QRY_SUPPLY_EXT_INFO_CMD: Supply='Bottle - Magenta' New=0 SerialNumber=CAD231095739 KeystoneYieldSides=0x00007531 KeystoneYieldMg=0x0009b078 KeystoneYieldRevsTacs=0x0027604c
   13.958: INFO serial_transport::packet_reader: rx ack 0x00
   13.971: INFO serial_transport::packet_reader: rx ack 0x01
   13.983: INFO serial_transport::packet_reader: rx ack 0x02
   13.995: INFO serial_transport::packet_reader: rx ack 0x03
   14.014: WARN serial_transport::packet_reader: rx seq 0x0e drop (dup already consumed) cur 0x02
   14.014: INFO serial_transport::packet_reader: Discarded 27 escaped bytes waiting for EOP
   14.014: WARN serial_transport::packet_reader: rx seq 0x0f drop (dup already consumed) cur 0x02
   14.014: INFO serial_transport::packet_reader: Discarded 47 escaped bytes waiting for EOP
   14.014: WARN serial_transport::packet_reader: rx seq 0x00 drop (dup already consumed) cur 0x02
   14.014: INFO serial_transport::packet_reader: Discarded 45 escaped bytes waiting for EOP
   14.014: WARN serial_transport::packet_reader: rx seq 0x01 drop (dup already consumed) cur 0x02
   14.014: INFO serial_transport::packet_reader: Discarded 45 escaped bytes waiting for EOP
   14.014: INFO serial_transport::packet_reader: rx ack 0x04
   14.015: SUPPLIES: Memory; Supply = Bottle - Magenta; R/W High Endurance Memory; Memory Valid = 1 
   14.015:                          0  1  2  3  4  5  6  7  8  9  A  B  C  D  E  F
   14.015:  Address 0x000 (   0): 0x00 00 62 BF 00 00 15 00 00 00 00 00 00 00 00 00
   14.018: INFO serial_transport::packet_reader: rx ack 0x05
   14.023: IP: IP_COMMAND_QUERY_SUPPLY_LEVEL_INFO Command  Rcvd - Command Code: 0x98 Data: 0x02 
   14.023: SUPPLIES: SupplyMgr External Request: SUPPLIES_RQST_QRY_LEVEL_INFO 
   14.023: Supplies; QUERY_SUPPLY_LEVEL_INFO; (Bottle - Magenta) SupplyID=0x02 EOLLvl=0 EOLSupported=7 EOLHardStop=0 PEOLLvl=255 PEOLSupported=0 PEOLHardStop=1 
   14.023: IP: IP_COMMAND_QUERY_SUPPLY_LEVEL_INFO Response Sent - Command Code: 0x98 Data: 0x6500FF00 0xFFFFFFFF 0xFFFFFF01 0x1E00145A 0x1EFFFFFF 0xFF011400 0x023214FF 0xFFFFFF01 0x01000101 0x01FFFFFF Remaining bytes:  21) 
   14.023: IP: IP_COMMAND_QUERY_SUPPLY_LEVEL_INFO Response Sent - Command Code: 0x98 Data: 0xFF070000 0x00000000 0x00000000 0xFF01FFFF 0xFFFFFFFF 0xFF 
   14.029: INFO serial_transport::packet_reader: rx ack 0x06
   14.035: SUPPLIES: SupplyMgr External Request: QUERY_EXT_SUPPLY_INFO_COMMO 
   14.035: SUPPLIES: QRY_SUPPLY_EXT_INFO_CMD: Supply='Bottle - Cyan' New=0 SerialNumber=CAD231045B14 KeystoneYieldSides=0x00007531 KeystoneYieldMg=0x0009b078 KeystoneYieldRevsTacs=0x0028b20b
   14.038:  Address 0x010 (  16): 0x00 00 00 00 12 DA 00 00 0C E8 00 00 03 FB 00 00
   14.038: IP: IP_COMMAND_QUERY_SUPPLY_LEVEL_INFO Command  Rcvd - Command Code: 0x98 Data: 0x03 
   14.038: SUPPLIES: SupplyMgr External Request: SUPPLIES_RQST_QRY_LEVEL_INFO 
   14.038: Supplies; QUERY_SUPPLY_LEVEL_INFO; (Bottle - Cyan) SupplyID=0x03 EOLLvl=0 EOLSupported=7 EOLHardStop=0 PEOLLvl=255 PEOLSupported=0 PEOLHardStop=1 
   14.038: IP: IP_COMMAND_QUERY_SUPPLY_LEVEL_INFO Response Sent - Command Code: 0x98 Data: 0x6500FF00 0xFFFFFFFF 0xFFFFFF01 0x1E00145A 0x1EFFFFFF 0xFF011400 0x023214FF 0xFFFFFF01 0x01000101 0x01FFFFFF Remaining bytes:  21) 
   14.038: IP: IP_COMMAND_QUERY_SUPPLY_LEVEL_INFO Response Sent - Command Code: 0x98 Data: 0xFF070000 0x00000000 0x00000000 0xFF01FFFF 0xFFFFFFFF 0xFF 
   14.039: SUPPLIES: SupplyMgr External Request: QUERY_EXT_SUPPLY_INFO_COMMO 
   14.039: SUPPLIES: QRY_SUPPLY_EXT_INFO_CMD: Supply='Bottle - Cyan' New=0 SerialNumber=CAD231045B14 KeystoneYieldSides=0x00007531 KeystoneYieldMg=0x0009b078 KeystoneYieldRevsTacs=0x0028b20b
   14.040: INFO serial_transport::packet_reader: rx ack 0x07
   14.055: INFO serial_transport::packet_reader: rx ack 0x08
   14.059:  Address 0x020 (  32): 0x00 00 00 00 00 00 00 00 00 00 56 FE 00 00 56 FE
   14.068: INFO serial_transport::packet_reader: rx ack 0x09
   14.078: INFO serial_transport::packet_reader: rx ack 0x0a
   14.080:  Address 0x030 (  48): 0x00 00 01 01 01 01 01 01 01 01 00 21 D3 F3 01 01
   14.090: INFO serial_transport::packet_reader: rx ack 0x0b
   14.099: IP: IP_COMMAND_QUERY_SUPPLY_LEVEL_INFO Command  Rcvd - Command Code: 0x98 Data: 0x03 
   14.099: SUPPLIES: SupplyMgr External Request: SUPPLIES_RQST_QRY_LEVEL_INFO 
   14.099: Supplies; QUERY_SUPPLY_LEVEL_INFO; (Bottle - Cyan) SupplyID=0x03 EOLLvl=0 EOLSupported=7 EOLHardStop=0 PEOLLvl=255 PEOLSupported=0 PEOLHardStop=1 
   14.099: IP: IP_COMMAND_QUERY_SUPPLY_LEVEL_INFO Response Sent - Command Code: 0x98 Data: 0x6500FF00 0xFFFFFFFF 0xFFFFFF01 0x1E00145A 0x1EFFFFFF 0xFF011400 0x023214FF 0xFFFFFF01 0x01000101 0x01FFFFFF Remaining bytes:  21) 
   14.099: IP: IP_COMMAND_QUERY_SUPPLY_LEVEL_INFO Response Sent - Command Code: 0x98 Data: 0xFF070000 0x00000000 0x00000000 0xFF01FFFF 0xFFFFFFFF 0xFF 
   14.101:  Address 0x040 (  64): 0xB8 00 00 00 00 00 00 00 00 00 00 00 00 00 05 8C
   14.112: WARN serial_transport::packet_reader: rx seq 0x0e drop (dup already consumed) cur 0x02
   14.112: INFO serial_transport::packet_reader: Discarded 27 escaped bytes waiting for EOP
   14.112: WARN serial_transport::packet_reader: rx seq 0x0f drop (dup already consumed) cur 0x02
   14.112: INFO serial_transport::packet_reader: Discarded 47 escaped bytes waiting for EOP
   14.112: WARN serial_transport::packet_reader: rx seq 0x00 drop (dup already consumed) cur 0x02
   14.112: INFO serial_transport::packet_reader: Discarded 45 escaped bytes waiting for EOP
   14.112: WARN serial_transport::packet_reader: rx seq 0x01 drop (dup already consumed) cur 0x02
   14.113: INFO serial_transport::packet_reader: Discarded 45 escaped bytes waiting for EOP
   14.113: INFO serial_transport::packet_reader: rx ack 0x0c
   14.113: INFO serial_transport::packet_reader: rx ack 0x0d
   14.122:  Address 0x050 (  80): 0x59 00 00 00 00 00 00 00 00 00 00 00 00 00 00 00
   14.125: INFO serial_transport::packet_reader: rx ack 0x0e
   14.132: SUPPLIES: SupplyMgr External Request: QUERY_EXT_SUPPLY_INFO_COMMO 
   14.132: SUPPLIES: QRY_SUPPLY_EXT_INFO_CMD: Supply='Bottle - Black' New=0 SerialNumber=CAD23107588E KeystoneYieldSides=0x000088b9 KeystoneYieldMg=0x0009b078 KeystoneYieldRevsTacs=0x00258793
   14.133: IP: IP_COMMAND_QUERY_SUPPLY_LEVEL_INFO Command  Rcvd - Command Code: 0x98 Data: 0x04 
   14.133: SUPPLIES: SupplyMgr External Request: SUPPLIES_RQST_QRY_LEVEL_INFO 
   14.133: Supplies; QUERY_SUPPLY_LEVEL_INFO; (Bottle - Black) SupplyID=0x04 EOLLvl=0 EOLSupported=7 EOLHardStop=0 PEOLLvl=255 PEOLSupported=0 PEOLHardStop=1 
   14.133: IP: IP_COMMAND_QUERY_SUPPLY_LEVEL_INFO Response Sent - Command Code: 0x98 Data: 0x6500FF00 0xFFFFFFFF 0xFFFFFF01 0x1E00145A 0x1EFFFFFF 0xFF011400 0x023214FF 0xFFFFFF01 0x01000101 0x01FFFFFF Remaining bytes:  21) 
   14.133: IP: IP_COMMAND_QUERY_SUPPLY_LEVEL_INFO Response Sent - Command Code: 0x98 Data: 0xFF070000 0x00000000 0x00000000 0xFF01FFFF 0xFFFFFFFF 0xFF 
   14.134: SUPPLIES: SupplyMgr External Request: QUERY_EXT_SUPPLY_INFO_COMMO 
   14.134: SUPPLIES: QRY_SUPPLY_EXT_INFO_CMD: Supply='Bottle - Black' New=0 SerialNumber=CAD23107588E KeystoneYieldSides=0x000088b9 KeystoneYieldMg=0x0009b078 KeystoneYieldRevsTacs=0x00258793
   14.138: INFO serial_transport::packet_reader: rx ack 0x0f
   14.143:  Address 0x060 (  96): 0x00 00 01 01 01 01 01 01 01 01 01 01 01 01 01 01
   14.153: INFO serial_transport::packet_reader: rx ack 0x00
   14.164:  Address 0x070 ( 112): 0x01 01 1A 48 00 00 00 00 00 00 00 00 00 00 00 00
   14.164: INFO serial_transport::packet_reader: rx ack 0x01
   14.178: INFO serial_transport::packet_reader: rx ack 0x02
   14.182: IP: IP_COMMAND_QUERY_SUPPLY_LEVEL_INFO Command  Rcvd - Command Code: 0x98 Data: 0x04 
   14.182: SUPPLIES: SupplyMgr External Request: SUPPLIES_RQST_QRY_LEVEL_INFO 
   14.182: Supplies; QUERY_SUPPLY_LEVEL_INFO; (Bottle - Black) SupplyID=0x04 EOLLvl=0 EOLSupported=7 EOLHardStop=0 PEOLLvl=255 PEOLSupported=0 PEOLHardStop=1 
   14.182: IP: IP_COMMAND_QUERY_SUPPLY_LEVEL_INFO Response Sent - Command Code: 0x98 Data: 0x6500FF00 0xFFFFFFFF 0xFFFFFF01 0x1E00145A 0x1EFFFFFF 0xFF011400 0x023214FF 0xFFFFFF01 0x01000101 0x01FFFFFF Remaining bytes:  21) 
   14.182: IP: IP_COMMAND_QUERY_SUPPLY_LEVEL_INFO Response Sent - Command Code: 0x98 Data: 0xFF070000 0x00000000 0x00000000 0xFF01FFFF 0xFFFFFFFF 0xFF 
   14.188: INFO serial_transport::packet_reader: rx ack 0x03
   14.199: INFO serial_transport::packet_reader: rx ack 0x04
   14.211: INFO serial_transport::packet_reader: rx ack 0x05
   14.215: SUPPLIES: SupplyMgr External Request: QUERY_EXT_SUPPLY_INFO_COMMO 
   14.215: SUPPLY_SYS; RQST; Supply ITU Request -  ITU_QRY_SUPPLY_EXT_INFO_CMD, Supply ID = 5;
   14.218: IP: IP_COMMAND_QUERY_SUPPLY_LEVEL_INFO Command  Rcvd - Command Code: 0x98 Data: 0x05 
   14.218: SUPPLIES: SupplyMgr External Request: SUPPLIES_RQST_QRY_LEVEL_INFO 
   14.218: SUPPLY_QRY_LEVEL_INFO; ITU; Supply ID = 0x05; EOL Lvl; 255; EOL Supported; 0; EOL HardStop; 0; PEOL Lvl; 255; PEOL Supported; 0; PEOL HardStop; 0;
   14.218: SUPPLY_SYS; RQST; Supply ITU Request -  ITU_QRY_SUPPLY_LEVEL_INFO_CMD, Supply ID = 5;
   14.218: IP: IP_COMMAND_QUERY_SUPPLY_LEVEL_INFO Response Sent - Command Code: 0x98 Data: 0x6500FF00 0xFFFFFFFF 0xFFFFFF00 0xFF00FFFF 0xFFFFFFFF 0xFF00FF00 0xFFFFFFFF 0xFFFFFF00 0xFF00FFFF 0xFFFFFFFF Remaining bytes:  21) 
   14.218: IP: IP_COMMAND_QUERY_SUPPLY_LEVEL_INFO Response Sent - Command Code: 0x98 Data: 0xFF00FF00 0xFFFFFF00 0x00000000 0xFF00FFFF 0xFFFFFFFF 0xFF 
   14.219: SUPPLIES: SupplyMgr External Request: QUERY_EXT_SUPPLY_INFO_COMMO 
   14.219: SUPPLY_SYS; RQST; Supply ITU Request -  ITU_QRY_SUPPLY_EXT_INFO_CMD, Supply ID = 5;
   14.221: INFO serial_transport::packet_reader: rx ack 0x06
   14.235: INFO serial_transport::packet_reader: rx ack 0x07
   14.242: IP: IP_COMMAND_QUERY_SUPPLY_LEVEL_INFO Command  Rcvd - Command Code: 0x98 Data: 0x05 
   14.242: SUPPLIES: SupplyMgr External Request: SUPPLIES_RQST_QRY_LEVEL_INFO 
   14.242: SUPPLY_QRY_LEVEL_INFO; ITU; Supply ID = 0x05; EOL Lvl; 255; EOL Supported; 0; EOL HardStop; 0; PEOL Lvl; 255; PEOL Supported; 0; PEOL HardStop; 0;
   14.242: SUPPLY_SYS; RQST; Supply ITU Request -  ITU_QRY_SUPPLY_LEVEL_INFO_CMD, Supply ID = 5;
   14.242: IP: IP_COMMAND_QUERY_SUPPLY_LEVEL_INFO Response Sent - Command Code: 0x98 Data: 0x6500FF00 0xFFFFFFFF 0xFFFFFF00 0xFF00FFFF 0xFFFFFFFF 0xFF00FF00 0xFFFFFFFF 0xFFFFFF00 0xFF00FFFF 0xFFFFFFFF Remaining bytes:  21) 
   14.242: IP: IP_COMMAND_QUERY_SUPPLY_LEVEL_INFO Response Sent - Command Code: 0x98 Data: 0xFF00FF00 0xFFFFFF00 0x00000000 0xFF00FFFF 0xFFFFFFFF 0xFF 
   14.242: SUPPLIES: SupplyMgr External Request: QUERY_EXT_SUPPLY_INFO_COMMO 
   14.243: IP: IP_COMMAND_QUERY_SUPPLY_LEVEL_INFO Command  Rcvd - Command Code: 0x98 Data: 0x06 
   14.243: SUPPLIES: SupplyMgr External Request: SUPPLIES_RQST_QRY_LEVEL_INFO 
   14.243: SUPPLY_QRY_LEVEL_INFO; Fuser; Supply ID = 0x06; EOL Lvl; 0; EOL Supported; 7; EOL HardStop; 0; PEOL Lvl; 255; PEOL Supported; 0; PEOL HardStop; 1;
   14.243: IP: IP_COMMAND_QUERY_SUPPLY_LEVEL_INFO Response Sent - Command Code: 0x98 Data: 0x6500FF00 0xFFFFFFFF 0xFFFFFF01 0x0A000A5A 0x0AFFFFFF 0xFF010500 0x023205FF 0xFFFFFF01 0x01000101 0x01FFFFFF Remaining bytes:  21) 
   14.243: IP: IP_COMMAND_QUERY_SUPPLY_LEVEL_INFO Response Sent - Command Code: 0x98 Data: 0xFF070000 0x00000000 0x00000000 0xFF01FFFF 0xFFFFFFFF 0xFF 
   14.244: SUPPLIES: SupplyMgr External Request: QUERY_EXT_SUPPLY_INFO_COMMO 
   14.248: INFO serial_transport::packet_reader: rx ack 0x08
   14.258: INFO serial_transport::packet_reader: rx ack 0x09
   14.270: INFO serial_transport::packet_reader: rx ack 0x0a
   14.283: INFO serial_transport::packet_reader: rx ack 0x0b
   14.285, 0.000, 'FuserMainPwrPercentAct',         33,        230, 0, 0
   14.288: IP: IP_COMMAND_QUERY_SUPPLY_LEVEL_INFO Command  Rcvd - Command Code: 0x98 Data: 0x06 
   14.288: SUPPLIES: SupplyMgr External Request: SUPPLIES_RQST_QRY_LEVEL_INFO 
   14.288: SUPPLY_QRY_LEVEL_INFO; Fuser; Supply ID = 0x06; EOL Lvl; 0; EOL Supported; 7; EOL HardStop; 0; PEOL Lvl; 255; PEOL Supported; 0; PEOL HardStop; 1;
   14.288: IP: IP_COMMAND_QUERY_SUPPLY_LEVEL_INFO Response Sent - Command Code: 0x98 Data: 0x6500FF00 0xFFFFFFFF 0xFFFFFF01 0x0A000A5A 0x0AFFFFFF 0xFF010500 0x023205FF 0xFFFFFF01 0x01000101 0x01FFFFFF Remaining bytes:  21) 
   14.288: IP: IP_COMMAND_QUERY_SUPPLY_LEVEL_INFO Response Sent - Command Code: 0x98 Data: 0xFF070000 0x00000000 0x00000000 0xFF01FFFF 0xFFFFFFFF 0xFF 
   14.293: INFO serial_transport::packet_reader: rx ack 0x0c
   14.305: INFO serial_transport::packet_reader: rx ack 0x0d
   14.318: INFO serial_transport::packet_reader: rx ack 0x0e
   14.322: SUPPLIES: SupplyMgr External Request: QUERY_EXT_SUPPLY_INFO_COMMO 
   14.322: IP: IP_COMMAND_QUERY_SUPPLY_LEVEL_INFO Command  Rcvd - Command Code: 0x98 Data: 0x08 
   14.322: SUPPLIES: SupplyMgr External Request: SUPPLIES_RQST_QRY_LEVEL_INFO 
   14.322: SUPPLY_QRY_LEVEL_INFO; WTB; Supply ID = 0x08; NearEolLvl=2 NearEolSupported=1 EOL Lvl; 0; EOL Supported; 7; EOL HardStop; 1; PEOL Lvl; 255; PEOL Supported; 0; PEOL HardStop; 1;
   14.323: IP: IP_COMMAND_QUERY_SUPPLY_LEVEL_INFO Response Sent - Command Code: 0x98 Data: 0x6500FF00 0xFFFFFFFF 0xFFFFFF00 0xFF00FFFF 0xFFFFFFFF 0xFF00FF00 0xFFFFFFFF 0xFFFFFF01 0x02000202 0x02FFFFFF Remaining bytes:  21) 
   14.323: IP: IP_COMMAND_QUERY_SUPPLY_LEVEL_INFO Response Sent - Command Code: 0x98 Data: 0xFF070001 0x00000000 0x00000000 0xFF01FFFF 0xFFFFFFFF 0xFF 
   14.324: SUPPLIES: SupplyMgr External Request: QUERY_EXT_SUPPLY_INFO_COMMO 
   14.329: INFO serial_transport::packet_reader: rx ack 0x0f
   14.340: INFO serial_transport::packet_reader: rx ack 0x00
   14.348: IP: IP_COMMAND_QUERY_SUPPLY_LEVEL_INFO Command  Rcvd - Command Code: 0x98 Data: 0x08 
   14.348: SUPPLIES: SupplyMgr External Request: SUPPLIES_RQST_QRY_LEVEL_INFO 
   14.348: SUPPLY_QRY_LEVEL_INFO; WTB; Supply ID = 0x08; NearEolLvl=2 NearEolSupported=1 EOL Lvl; 0; EOL Supported; 7; EOL HardStop; 1; PEOL Lvl; 255; PEOL Supported; 0; PEOL HardStop; 1;
   14.348: IP: IP_COMMAND_QUERY_SUPPLY_LEVEL_INFO Response Sent - Command Code: 0x98 Data: 0x6500FF00 0xFFFFFFFF 0xFFFFFF00 0xFF00FFFF 0xFFFFFFFF 0xFF00FF00 0xFFFFFFFF 0xFFFFFF01 0x02000202 0x02FFFFFF Remaining bytes:  21) 
   14.348: IP: IP_COMMAND_QUERY_SUPPLY_LEVEL_INFO Response Sent - Command Code: 0x98 Data: 0xFF070001 0x00000000 0x00000000 0xFF01FFFF 0xFFFFFFFF 0xFF 
   14.352: INFO serial_transport::packet_reader: rx ack 0x01
   14.359: SUPPLIES: SupplyMgr External Request: QUERY_EXT_SUPPLY_INFO_COMMO 
   14.359: Supplies;  QRY_SUPPLY_EXT_INFO_CMD: Supply='Image Kit - Black' SerialNumber='CAH232900C5C'
   14.359: SUPPLIES: RQST; Supply Iu Request -  IU_QRY_SUPPLY_EXT_INFO_CMD, Supply ID = 15;
   14.359: IP: IP_COMMAND_QUERY_SUPPLY_LEVEL_INFO Command  Rcvd - Command Code: 0x98 Data: 0x0F 
   14.359: SUPPLIES: SupplyMgr External Request: SUPPLIES_RQST_QRY_LEVEL_INFO 
   14.359: SUPPLY_QRY_LEVEL_INFO; Iu; Supply ID = 0x0f; EOL Lvl; 0; EOL Supported; 7; EOL HardStop; 0; PEOL Lvl; 255; PEOL Supported; 0; PEOL HardStop; 1;
   14.359: SUPPLIES: RQST; Supply Iu Request -  IU_QRY_SUPPLY_LEVEL_INFO_CMD, Supply ID = 15;
   14.359: IP: IP_COMMAND_QUERY_SUPPLY_LEVEL_INFO Response Sent - Command Code: 0x98 Data: 0x6500FF00 0xFFFFFFFF 0xFFFFFF01 0x0A000A5A 0x0AFFFFFF 0xFF010500 0x023205FF 0xFFFFFF01 0x01000101 0x01FFFFFF Remaining bytes:  21) 
   14.359: IP: IP_COMMAND_QUERY_SUPPLY_LEVEL_INFO Response Sent - Command Code: 0x98 Data: 0xFF070000 0xFFFF0000 0x00000000 0xFF01FFFF 0xFFFFFFFF 0xFF 
   14.364: INFO serial_transport::packet_reader: rx ack 0x02
   14.374: INFO serial_transport::packet_reader: rx ack 0x03
   14.375: SUPPLIES: Memory; Supply = Bottle - Yellow; Rd Only Memory; Memory Valid = 1 
   14.375:                          0  1  2  3  4  5  6  7  8  9  A  B  C  D  E  F
   14.375:  Address 0x000 (   0): 0x43 41 44 32 33 31 31 34 36 37 45 34 20 20 20 32
   14.381: SUPPLIES: SupplyMgr External Request: QUERY_EXT_SUPPLY_INFO_COMMO 
   14.381: Supplies;  QRY_SUPPLY_EXT_INFO_CMD: Supply='Image Kit - Black' SerialNumber='CAH232900C5C'
   14.381: SUPPLIES: RQST; Supply Iu Request -  IU_QRY_SUPPLY_EXT_INFO_CMD, Supply ID = 15;
   14.385, 0.000, 'FuserMainPwrPercentAct',          0,        230, 0, 0
   14.388: INFO serial_transport::packet_reader: rx ack 0x04
   14.398:  Address 0x010 (  16): 0x30 4C 33 34 31 59 01 00 0E 7F FF FF 00 00 FF FF
   14.398: INFO serial_transport::packet_reader: rx ack 0x05
   14.409: INFO serial_transport::packet_reader: rx ack 0x06
   14.415: IP: IP_COMMAND_QUERY_SUPPLY_LEVEL_INFO Command  Rcvd - Command Code: 0x98 Data: 0x0F 
   14.415: SUPPLIES: SupplyMgr External Request: SUPPLIES_RQST_QRY_LEVEL_INFO 
   14.415: SUPPLY_QRY_LEVEL_INFO; Iu; Supply ID = 0x0f; EOL Lvl; 0; EOL Supported; 7; EOL HardStop; 0; PEOL Lvl; 255; PEOL Supported; 0; PEOL HardStop; 1;
   14.415: SUPPLIES: RQST; Supply Iu Request -  IU_QRY_SUPPLY_LEVEL_INFO_CMD, Supply ID = 15;
   14.418: IP: IP_COMMAND_QUERY_SUPPLY_LEVEL_INFO Response Sent - Command Code: 0x98 Data: 0x6500FF00 0xFFFFFFFF 0xFFFFFF01 0x0A000A5A 0x0AFFFFFF 0xFF010500 0x023205FF 0xFFFFFF01 0x01000101 0x01FFFFFF Remaining bytes:  21) 
   14.418: IP: IP_COMMAND_QUERY_SUPPLY_LEVEL_INFO Response Sent - Command Code: 0x98 Data: 0xFF070000 0xFFFF0000 0x00000000 0xFF01FFFF 0xFFFFFFFF 0xFF 
   14.418:  Address 0x020 (  32): 0x00 00 FF FF FF 00 75 31 D4 0F 02 8A 01 0A FF 1E
   14.420: INFO serial_transport::packet_reader: rx ack 0x07
   14.432: INFO serial_transport::packet_reader: rx ack 0x08
   14.439:  Address 0x030 (  48): 0x14 01 00 00 FF FF 14 5A 02 32 01 01 00 00 FF FF
   14.443: INFO serial_transport::packet_reader: rx ack 0x09
   14.450: SUPPLIES: SupplyMgr External Request: QUERY_EXT_SUPPLY_INFO_COMMO 
   14.450: Supplies;  QRY_SUPPLY_EXT_INFO_CMD: Supply='Image Kit - Color' SerialNumber='CAH232930294'
   14.450: SUPPLIES: RQST; Supply Iu Request -  IU_QRY_SUPPLY_EXT_INFO_CMD, Supply ID = 25;
   14.452: IP: IP_COMMAND_QUERY_SUPPLY_LEVEL_INFO Command  Rcvd - Command Code: 0x98 Data: 0x19 
   14.452: SUPPLIES: SupplyMgr External Request: SUPPLIES_RQST_QRY_LEVEL_INFO 
   14.452: SUPPLY_QRY_LEVEL_INFO; Iu; Supply ID = 0x19; EOL Lvl; 0; EOL Supported; 7; EOL HardStop; 0; PEOL Lvl; 255; PEOL Supported; 0; PEOL HardStop; 1;
   14.452: SUPPLIES: RQST; Supply Iu Request -  IU_QRY_SUPPLY_LEVEL_INFO_CMD, Supply ID = 25;
   14.452: IP: IP_COMMAND_QUERY_SUPPLY_LEVEL_INFO Response Sent - Command Code: 0x98 Data: 0x6500FF00 0xFFFFFFFF 0xFFFFFF01 0x0A000A5A 0x0AFFFFFF 0xFF010500 0x023205FF 0xFFFFFF01 0x01000101 0x01FFFFFF Remaining bytes:  21) 
   14.452: IP: IP_COMMAND_QUERY_SUPPLY_LEVEL_INFO Response Sent - Command Code: 0x98 Data: 0xFF070000 0xFFFF0000 0x00000000 0xFF01FFFF 0xFFFFFFFF 0xFF 
   14.453: SUPPLIES: SupplyMgr External Request: QUERY_EXT_SUPPLY_INFO_COMMO 
   14.453: Supplies;  QRY_SUPPLY_EXT_INFO_CMD: Supply='Image Kit - Color' SerialNumber='CAH232930294'
   14.453: SUPPLIES: RQST; Supply Iu Request -  IU_QRY_SUPPLY_EXT_INFO_CMD, Supply ID = 25;
   14.455: INFO serial_transport::packet_reader: rx ack 0x0a
   14.460:  Address 0x040 (  64): 0x00 00 05 DC 1C 20 64 64 64 64 64 FF FF FF FF FF
   14.468: INFO serial_transport::packet_reader: rx ack 0x0b
   14.480: INFO serial_transport::packet_reader: rx ack 0x0c
   14.481:  Address 0x050 (  80): 0xFF FF 00 00 00 00 00 05 00 00 00 00 01 2C 13 88
   14.492: INFO serial_transport::packet_reader: rx ack 0x0d
   14.498: IP: IP_COMMAND_QUERY_SUPPLY_LEVEL_INFO Command  Rcvd - Command Code: 0x98 Data: 0x19 
   14.498: SUPPLIES: SupplyMgr External Request: SUPPLIES_RQST_QRY_LEVEL_INFO 
   14.498: SUPPLY_QRY_LEVEL_INFO; Iu; Supply ID = 0x19; EOL Lvl; 0; EOL Supported; 7; EOL HardStop; 0; PEOL Lvl; 255; PEOL Supported; 0; PEOL HardStop; 1;
   14.498: SUPPLIES: RQST; Supply Iu Request -  IU_QRY_SUPPLY_LEVEL_INFO_CMD, Supply ID = 25;
   14.498: IP: IP_COMMAND_QUERY_SUPPLY_LEVEL_INFO Response Sent - Command Code: 0x98 Data: 0x6500FF00 0xFFFFFFFF 0xFFFFFF01 0x0A000A5A 0x0AFFFFFF 0xFF010500 0x023205FF 0xFFFFFF01 0x01000101 0x01FFFFFF Remaining bytes:  21) 
   14.498: IP: IP_COMMAND_QUERY_SUPPLY_LEVEL_INFO Response Sent - Command Code: 0x98 Data: 0xFF070000 0xFFFF0000 0x00000000 0xFF01FFFF 0xFFFFFFFF 0xFF 
   14.502:  Address 0x060 (  96): 0x00 00 00 00 00 00 00 01 01 00 00 14 1E 00 00 07
   14.503: INFO serial_transport::packet_reader: rx ack 0x0e
   14.515: INFO serial_transport::packet_reader: rx ack 0x0f
   14.523: INFO printengine_lxk::node_tree::engine: Call: delete("Status", "Errors")
   14.523: IP: IP_COMMAND_CLEAR_INTERVENTION_REQUIRED Command  Rcvd - Command Code: 0x10 Data: None 
   14.523: Nfy PRINT_NOT_READY_NFY=0x0B 0x00 0x00 0x00
   14.523: IP: IP_COMMAND_CLEAR_INTERVENTION_REQUIRED Response Sent - Command Code: 0x10 Data: None 
   14.523:  Address 0x070 ( 112): 0xD0 00 64 00 00 00 00 00 32 00 16 5A 39 13 88 28
   14.524: EM: CheckToSendPrintReadyNotify: chhb.PrintReady = 0, chhb.LockCollision = 0, chem.HoldOffRipJobs = 0, chem.RqstPrint = 0, SendPrintReady = 0, PrintPageQueueBufferCount = 1 ModeSwitchNeeded = 0
   14.524: Nfy PRINT_READY_NFY=0x02 0x00 0x00 0x00
   14.524: EM: CheckToSendPrintReadyNotify: chhb.PrintReady = 1, chhb.LockCollision = 0, chem.HoldOffRipJobs = 0, chem.RqstPrint = 0, SendPrintReady = 1, PrintPageQueueBufferCount = 1 ModeSwitchNeeded = 0
   14.524: INFO printengine_lxk::node_tree::engine:        Ok("Ok")
   14.524: INFO printengine_lxk::node_tree::engine::rpc: Notify PrintReady(true)
   14.528: INFO serial_transport::packet_reader: rx ack 0x00
   14.533: INFO printengine_lxk::node_tree::engine: Call: get("PhysicalDevice", "MPFeeder", "pickAttempts")
   14.534: EM: CheckToSendPrintReadyNotify: chhb.PrintReady = 1, chhb.LockCollision = 0, chem.HoldOffRipJobs = 0, chem.RqstPrint = 0, SendPrintReady = 0, PrintPageQueueBufferCount = 1 ModeSwitchNeeded = 0
   14.534: IP: IP_QUERY_ENGINE_DEBUG_DATA Command  Rcvd - Command Code: 0xF9 Data: 0xAD0D0000 
   14.534: IP: IP_QUERY_ENGINE_DEBUG_DATA Response Sent - Command Code: 0xF9 Data: 0x00000000 
   14.542: INFO serial_transport::packet_reader: rx ack 0x01
   14.542: INFO serial_transport::packet_reader: rx seq 0x02 CRC 0x1fd5 len 43 accept cur 0x02
   14.544:  Address 0x080 ( 128): 0x22 24 00 F0 00 00 00 00 00 07 04 16 00 03 ED DD
   14.550: INFO serial_transport::packet_reader: rx ack 0x02
   14.554: INFO printengine_lxk::node_tree::engine: Call: get("PhysicalDevice", "Tray 1", "pickAttempts")
   14.554: IP: IP_QUERY_ENGINE_DEBUG_DATA Command  Rcvd - Command Code: 0xF9 Data: 0xAC0D0000 
   14.554: IP: IP_QUERY_ENGINE_DEBUG_DATA Response Sent - Command Code: 0xF9 Data: 0x82000000 
   14.558: INFO printengine_lxk::node_tree::engine: Call: get("PhysicalDevice", "Tray 2", "pickAttempts")
   14.558: IP: IP_QUERY_ENGINE_DEBUG_DATA Command  Rcvd - Command Code: 0xF9 Data: 0xAB0D0000 
   14.558: IP: IP_QUERY_ENGINE_DEBUG_DATA Response Sent - Command Code: 0xF9 Data: 0x00000000 
   14.565:  Address 0x090 ( 144): 0x00 01 CE E5 00 57 32 64 0F 0F 0F 14 14 14 00 25
   14.580: INFO serial_transport::packet_reader: rx ack 0x03
   14.580: INFO serial_transport::packet_reader: rx ack 0x04
   14.580: INFO serial_transport::packet_reader: rx seq 0x03 CRC 0x3d09 len 43 accept cur 0x03
   14.580: INFO serial_transport::packet_reader: rx seq 0x04 CRC 0x6930 len 27 accept cur 0x04
   14.580: INFO serial_transport::packet_reader: rx seq 0x05 CRC 0x2e1e len 37 accept cur 0x05
   14.580: INFO serial_transport::packet_reader: rx ack 0x05
   14.580: INFO serial_transport::packet_reader: rx ack 0x06
   14.583: INFO printengine_lxk::node_tree::engine: Call: get("PhysicalDevice", "Tray 3", "pickAttempts")
   14.583: IP: IP_QUERY_ENGINE_DEBUG_DATA Command  Rcvd - Command Code: 0xF9 Data: 0xAA0D0000 
   14.583: IP: IP_QUERY_ENGINE_DEBUG_DATA Response Sent - Command Code: 0xF9 Data: 0x00000000 
   14.584: INFO printengine_lxk::node_tree::engine: Call: get("PhysicalDevice", "Tray 4", "pickAttempts")
   14.584: IP: IP_QUERY_ENGINE_DEBUG_DATA Command  Rcvd - Command Code: 0xF9 Data: 0xA90D0000 
   14.585: IP: IP_QUERY_ENGINE_DEBUG_DATA Response Sent - Command Code: 0xF9 Data: 0x00000000 
   14.588:  Address 0x0A0 ( 160): 0x23 83 00 22 11 16 00 1E E1 9F 00 1B 92 E5 00 18
   14.588: INFO printengine_lxk::node_tree::engine: Call: getCalibration("600dpi", false)
   14.588: IP: IP_COMMAND_QUERY_LINEARIZATION_DATA Command  Rcvd - Command Code: 0x76 Data: 0x01000000 0x00 
   14.588: TPS: Query Linearization Data: Resolution: 1, Flags: 0, Color: 0 Len: 5
   14.588: TP_SYS: TpDriverRequestHndlr: TP_REQUEST_GET_LINEARIZATION_DATA, 
   14.588: IP: IP_COMMAND_QUERY_LINEARIZATION_DATA Response Sent - Command Code: 0x76 Data: 0x00000000 0x00000000 0x42BE0000 0x00000000 0x00000000 0x00000000 0x41500000 0x42BE0000 0x00000000 0x00000000 Remaining bytes:  65) 
   14.588: IP: IP_COMMAND_QUERY_LINEARIZATION_DATA Response Sent - Command Code: 0x76 Data: 0xBA3C8603 0x43260000 0x42C32C9A 0xBE8C1C8F 0xBB7AA0F0 0x378C2C74 0x437F0000 0x42966064 0xBEEDAE77 0x3A6E9D2C Remaining bytes:  25) 
   14.588: IP: IP_COMMAND_QUERY_LINEARIZATION_DATA Response Sent - Command Code: 0x76 Data: 0x00000000 0x4479C000 0x41800000 0x00000000 0x00000000 0x00000000 0xFF 
   14.588: IP: IP_COMMAND_QUERY_LINEARIZATION_DATA Command  Rcvd - Command Code: 0x76 Data: 0x01000100 0x00 
   14.588: TPS: Query Linearization Data: Resolution: 1, Flags: 0, Color: 1 Len: 5
   14.588: TP_SYS: TpDriverRequestHndlr: TP_REQUEST_GET_LINEARIZATION_DATA, 
   14.588: IP: IP_COMMAND_QUERY_LINEARIZATION_DATA Response Sent - Command Code: 0x76 Data: 0x00000000 0x00000000 0x42BE0000 0x00000000 0x00000000 0x00000000 0x41F80000 0x42BE0000 0x00000000 0x00000000 Remaining bytes:  65) 
   14.588: IP: IP_COMMAND_QUERY_LINEARIZATION_DATA Response Sent - Command Code: 0x76 Data: 0xB8F446B9 0x434C0000 0x42CD1FE3 0xBEC016C7 0x3A1C8EC1 0x35596EC7 0x437F0000 0x42988000 0xBE1A9A9A 0x399B35D1 Remaining bytes:  25) 
   14.588: IP: IP_COMMAND_QUERY_LINEARIZATION_DATA Response Sent - Command Code: 0x76 Data: 0x00000000 0x4479C000 0x42640000 0x00000000 0x00000000 0x00000000 0xFF 
   14.588: IP: IP_COMMAND_QUERY_LINEARIZATION_DATA Command  Rcvd - Command Code: 0x76 Data: 0x01000200 0x00 
   14.588: TPS: Query Linearization Data: Resolution: 1, Flags: 0, Color: 2 Len: 5
   14.588: TP_SYS: TpDriverRequestHndlr: TP_REQUEST_GET_LINEARIZATION_DATA, 
   14.588: IP: IP_COMMAND_QUERY_LINEARIZATION_DATA Response Sent - Command Code: 0x76 Data: 0x00000000 0x40A00000 0x42BE0000 0x00000000 0x00000000 0x00000000 0x41B80000 0x42BE1798 0xBCE28088 0x3BB533A9 Remaining bytes:  65) 
   14.588: IP: IP_COMMAND_QUERY_LINEARIZATION_DATA Response Sent - Command Code: 0x76 Data: 0xB9C148B5 0x434C0000 0x42CA4FDB 0xBEB99229 0xB6F3F0D3 0x363BE7A2 0x43BF8000 0x425EF854 0xBD0A4538 0x3838D7CD Remaining bytes:  25) 
   14.588: IP: IP_COMMAND_QUERY_LINEARIZATION_DATA Response Sent - Command Code: 0x76 Data: 0x00000000 0x4479C000 0x42451CA2 0x00000000 0x00000000 0x00000000 0xFF 
   14.588: IP: IP_COMMAND_QUERY_LINEARIZATION_DATA Command  Rcvd - Command Code: 0x76 Data: 0x01000300 0x00 
   14.588: TPS: Query Linearization Data: Resolution: 1, Flags: 0, Color: 3 Len: 5
   14.588: TP_SYS: TpDriverRequestHndlr: TP_REQUEST_GET_LINEARIZATION_DATA, 
   14.588: IP: IP_COMMAND_QUERY_LINEARIZATION_DATA Response Sent - Command Code: 0x76 Data: 0x00000000 0x41000000 0x00000000 0x3D970A3D 0x00000000 0x00000000 0x41900000 0xBF535A86 0x3EC44674 0xBD1E83E4 Remaining bytes:  65) 
   14.588: IP: IP_COMMAND_QUERY_LINEARIZATION_DATA Response Sent - Command Code: 0x76 Data: 0x3AD35A86 0x43000000 0xC0B14B21 0x3EBFBBE6 0x3BC2AEE7 0xB8052B4E 0x438C8000 0x41463EB5 0x3F1D5553 0xBA8F55C9 Remaining bytes:  25) 
   14.588: IP: IP_COMMAND_QUERY_LINEARIZATION_DATA Response Sent - Command Code: 0x76 Data: 0x00000000 0x4479C000 0x42C57A7F 0x00000000 0x00000000 0x00000000 0xFF 
   14.589: INFO printengine_lxk::engine::tps: Discontinuity at x:13 in TPS equation! fx(limit[1]):95 fx(limit[2]):93.38329
   14.594: INFO serial_transport::packet_reader: rx ack 0x07
   14.594: INFO serial_transport::packet_reader: rx ack 0x08
   14.598: INFO serial_transport::packet_reader: rx ack 0x09
   14.608:  Address 0x0B0 ( 176): 0x22 6A 00 14 8D 5F 00 10 D0 9B 00 0C E8 85 00 08
   14.610: INFO serial_transport::packet_reader: rx seq 0x06 CRC 0xb183 len 47 accept cur 0x06
   14.610: INFO serial_transport::packet_reader: rx ack 0x0a
   14.619: INFO serial_transport::packet_reader: rx ack 0x0b
   14.629:  Address 0x0C0 ( 192): 0xD0 FE 00 04 85 4F 00 00 00 05 19 65 00 01 74 F8
   14.630: INFO serial_transport::packet_reader: rx ack 0x0c
   14.642: INFO serial_transport::packet_reader: rx ack 0x0d
   14.650:  Address 0x0D0 ( 208): 0x00 00 BA 7C 00 00 36 35 00 25 23 83 00 00 00 00
   14.654: INFO serial_transport::packet_reader: rx ack 0x0e
   14.671:  Address 0x0E0 ( 224): 0x00 09 B0 78 0C 2A 0C 9B 0D 14 0D 97 0E 25 0E BE
   14.673: WARN serial_transport::packet_reader: rx seq 0x05 CRC 0x2e1e len 37 drop (dup already consumed) cur 0x07
   14.673: WARN serial_transport::packet_reader: rx seq 0x06 CRC 0xb183 len 47 drop (dup already consumed) cur 0x07
   14.673: INFO serial_transport::packet_reader: rx ack 0x0f
   14.678: INFO serial_transport::packet_reader: rx ack 0x00
   14.688: INFO serial_transport::packet_reader: rx ack 0x01
   14.692:  Address 0x0F0 ( 240): 0x0F 65 10 1C 10 E4 11 C1 12 B6 00 00 00 00 00 00
   14.694: WARN serial_transport::packet_writer: Dropping packet with seq 0x05. Last sent ack: Some(Seq(4))
   14.694: WARN serial_transport::packet_writer: Dropping packet with seq 0x06. Last sent ack: Some(Seq(4))
   14.694: INFO printengine_lxk::engine::tps: Discontinuity at x:31 in TPS equation! fx(limit[1]):95 fx(limit[2]):91.50582
   14.700: INFO serial_transport::packet_reader: rx ack 0x02
   14.711: INFO serial_transport::packet_reader: rx ack 0x03
   14.713:  Address 0x100 ( 256): 0x00 00 00 00 00 00 00 00 00 00 00 00 00 0B B8 07
   14.723: INFO serial_transport::packet_reader: rx ack 0x04
   14.734: INFO serial_transport::packet_reader: rx ack 0x05
   14.734:  Address 0x110 ( 272): 0xD0 47 65 6E 75 69 6E 65 20 4C 65 78 6D 61 72 6B
   14.748: INFO serial_transport::packet_reader: rx ack 0x06
   14.755:  Address 0x120 ( 288): 0x00 00 00 00 00 00 00 00 00 00 00 00 00 00 00 00
   14.758: INFO serial_transport::packet_reader: rx ack 0x07
   14.771: WARN serial_transport::packet_reader: rx seq 0x05 CRC 0x2e1e len 37 drop (dup already consumed) cur 0x07
   14.772: WARN serial_transport::packet_reader: rx seq 0x06 CRC 0xb183 len 47 drop (dup already consumed) cur 0x07
   14.772: INFO serial_transport::packet_reader: rx ack 0x08
   14.781: INFO serial_transport::packet_reader: rx ack 0x09
   14.792: INFO serial_transport::packet_reader: rx ack 0x0a
   14.798: WARN serial_transport::packet_writer: Dropping packet with seq 0x05. Last sent ack: Some(Seq(4))
   14.798: WARN serial_transport::packet_writer: Dropping packet with seq 0x06. Last sent ack: Some(Seq(4))
   14.799: INFO printengine_lxk::engine::tps: Discontinuity at x:5 in TPS equation! fx(limit[0]):95 fx(limit[1]):95.04608
   14.804: INFO serial_transport::packet_reader: rx ack 0x0b
   14.815: INFO serial_transport::packet_reader: rx ack 0x0c
   14.828: INFO serial_transport::packet_reader: rx ack 0x0d
   14.838: INFO serial_transport::packet_reader: rx ack 0x0e
   14.850: INFO serial_transport::packet_reader: rx ack 0x0f
   14.862: INFO serial_transport::packet_reader: rx ack 0x00
   14.873: INFO serial_transport::packet_reader: rx ack 0x01
   14.885: INFO serial_transport::packet_reader: rx ack 0x02
   14.885, 0.000, 'FuserMainPwrPercentAct',         33,        230, 0, 0
   14.898: INFO serial_transport::packet_reader: rx ack 0x03
   14.908: INFO serial_transport::packet_reader: rx ack 0x04
   14.920: INFO serial_transport::packet_reader: rx ack 0x05
   14.931: INFO serial_transport::packet_reader: rx ack 0x06
   14.938: INFO printengine_lxk::engine::tps: Discontinuity at x:8 in TPS equation! fx(limit[0]):0.59 fx(limit[1]):-0.2356
   14.943: INFO serial_transport::packet_reader: rx ack 0x07
   14.954: INFO serial_transport::packet_reader: rx ack 0x08
   14.968: INFO serial_transport::packet_reader: rx ack 0x09
   14.968: SUPPLIES: Memory; Supply = Bottle - Yellow; R/W Starndard Endurance Memory; Memory Valid = 1 
   14.968:                          0  1  2  3  4  5  6  7  8  9  A  B  C  D  E  F
   14.968:  Address 0x000 (   0): 0x00 00 FF FF 00 00 FF FF FF 7F FF 00 00 00 00 00
   14.978: INFO serial_transport::packet_reader: rx ack 0x0a
   14.985, 0.000, 'FuserMainPwrPercentAct',          0,        230, 0, 0
   14.989: INFO serial_transport::packet_reader: rx ack 0x0b
   14.989:  Address 0x010 (  16): 0x00 32 2E 53 4C 20 74 6F 4E 37 35 36 36 34 31 34
   15.001: INFO serial_transport::packet_reader: rx ack 0x0c
   15.010:  Address 0x020 (  32): 0x30 31 30 32 30 37 61 00 00 00 00 00 00 00 00 00
   15.012: INFO serial_transport::packet_reader: rx ack 0x0d
   15.024: INFO serial_transport::packet_reader: rx ack 0x0e
   15.031:  Address 0x030 (  48): 0x00 00 00 00 00 00 00 00 00 00 00 00 00 00 00 00
   15.035: INFO serial_transport::packet_reader: rx ack 0x0f
   15.043: INFO printengine_lxk::node_tree::engine: Call: getCalibration("600dpiStochastic", false)
   15.043: IP: IP_COMMAND_QUERY_LINEARIZATION_DATA Command  Rcvd - Command Code: 0x76 Data: 0x01010000 0x00 
   15.043: TPS: Query Linearization Data: Resolution: 1, Flags: 1, Color: 0 Len: 5
   15.043: TP_SYS: TpDriverRequestHndlr: TP_REQUEST_GET_LINEARIZATION_DATA, 
   15.043: IP: IP_COMMAND_QUERY_LINEARIZATION_DATA Response Sent - Command Code: 0x76 Data: 0x00000000 0x00000000 0x42BE0000 0xBE1E9E9F 0x00000000 0x00000000 0x42800000 0x42BE0000 0xBE1E9E9F 0x00000000 Remaining bytes:  65) 
   15.043: IP: IP_COMMAND_QUERY_LINEARIZATION_DATA Response Sent - Command Code: 0x76 Data: 0xB88BBBB5 0x43260000 0x43200DED 0xBFFC85CE 0x3C1620D4 0xB76D0FE3 0x437F0000 0x4250CF64 0xBE9160C5 0x3A11F2DC Remaining bytes:  25) 
   15.043: IP: IP_COMMAND_QUERY_LINEARIZATION_DATA Response Sent - Command Code: 0x76 Data: 0x00000000 0x4479C000 0x41800000 0x00000000 0x00000000 0x00000000 0xFF 
   15.043: IP: IP_COMMAND_QUERY_LINEARIZATION_DATA Command  Rcvd - Command Code: 0x76 Data: 0x01010100 0x00 
   15.043: TPS: Query Linearization Data: Resolution: 1, Flags: 1, Color: 1 Len: 5
   15.043: TP_SYS: TpDriverRequestHndlr: TP_REQUEST_GET_LINEARIZATION_DATA, 
   15.043: IP: IP_COMMAND_QUERY_LINEARIZATION_DATA Response Sent - Command Code: 0x76 Data: 0x00000000 0x41000000 0x42BE0000 0xBCEB851F 0x00000000 0x00000000 0x42800000 0x42BE0B4D 0xBD17A8D4 0x3A879911 Remaining bytes:  65) 
   15.043: IP: IP_COMMAND_QUERY_LINEARIZATION_DATA Response Sent - Command Code: 0x76 Data: 0xB834D103 0x434C0000 0x42F5A9A9 0xBF3DED07 0x3B3087C8 0xB64B5701 0x43BF8000 0x4280FAFF 0xBD345A4A 0x387116AE Remaining bytes:  25) 
   15.043: IP: IP_COMMAND_QUERY_LINEARIZATION_DATA Response Sent - Command Code: 0x76 Data: 0x00000000 0x4479C000 0x42603B9C 0x00000000 0x00000000 0x00000000 0xFF 
   15.043: IP: IP_COMMAND_QUERY_LINEARIZATION_DATA Command  Rcvd - Command Code: 0x76 Data: 0x01010200 0x00 
   15.043: TPS: Query Linearization Data: Resolution: 1, Flags: 1, Color: 2 Len: 5
   15.043: TP_SYS: TpDriverRequestHndlr: TP_REQUEST_GET_LINEARIZATION_DATA, 
   15.043: IP: IP_COMMAND_QUERY_LINEARIZATION_DATA Response Sent - Command Code: 0x76 Data: 0x00000000 0x41200000 0x42BE0000 0xBD3851EC 0x00000000 0x00000000 0x42800000 0x42BE1B37 0xBD79A30A 0x3AD10393 Remaining bytes:  65) 
   15.043: IP: IP_COMMAND_QUERY_LINEARIZATION_DATA Response Sent - Command Code: 0x76 Data: 0xB85EF81E 0x43260000 0x42F1272E 0xBF1DDE26 0x398C12F3 0x36C5F89D 0x439F8000 0x427B94BA 0xBDAC854A 0x390A7438 Remaining bytes:  25) 
   15.043: IP: IP_COMMAND_QUERY_LINEARIZATION_DATA Response Sent - Command Code: 0x76 Data: 0x00000000 0x4479C000 0x4245D634 0x00000000 0x00000000 0x00000000 0xFF 
   15.043: IP: IP_COMMAND_QUERY_LINEARIZATION_DATA Command  Rcvd - Command Code: 0x76 Data: 0x01010300 0x00 
   15.043: TPS: Query Linearization Data: Resolution: 1, Flags: 1, Color: 3 Len: 5
   15.043: TP_SYS: TpDriverRequestHndlr: TP_REQUEST_GET_LINEARIZATION_DATA, 
   15.043: IP: IP_COMMAND_QUERY_LINEARIZATION_DATA Response Sent - Command Code: 0x76 Data: 0x00000000 0x41000000 0x00000000 0x3D8F5C29 0x00000000 0x00000000 0x42800000 0xBD82E185 0x3DC070BA 0xBB445255 Remaining bytes:  65) 
   15.043: IP: IP_COMMAND_QUERY_LINEARIZATION_DATA Response Sent - Command Code: 0x76 Data: 0x3902E21D 0x43260000 0xC2B1D3AA 0x401B10FC 0xBC2F4E97 0x37825BE5 0x438C8000 0x4234A515 0x3EC236CA 0xBA30EF21 Remaining bytes:  25) 
   15.043: IP: IP_COMMAND_QUERY_LINEARIZATION_DATA Response Sent - Command Code: 0x76 Data: 0x00000000 0x4479C000 0x42C4E99C 0x00000000 0x00000000 0x00000000 0xFF 
   15.048: INFO serial_transport::packet_reader: rx ack 0x00
   15.052:  Address 0x040 (  64): 0x00 00 00 00 00 00 62 8F 00 00 00 00 00 00 00 00
   15.059: INFO serial_transport::packet_reader: rx ack 0x01
   15.068: INFO printengine_lxk::engine::tps: Discontinuity at x:64 in TPS equation! fx(limit[1]):85.08627 fx(limit[2]):71.32512
   15.070: INFO serial_transport::packet_reader: rx ack 0x02
   15.073:  Address 0x050 (  80): 0x00 00 00 00 00 00 00 00 00 00 11 13 00 00 00 00
   15.084: INFO serial_transport::packet_reader: rx ack 0x03
   15.084: INFO serial_transport::packet_reader: rx ack 0x04
   15.094:  Address 0x060 (  96): 0x00 00 00 00 00 00 00 00 00 00 00 00 00 00 00 00
   15.098: INFO serial_transport::packet_reader: rx ack 0x05
   15.108: INFO serial_transport::packet_reader: rx ack 0x06
   15.115:  Address 0x070 ( 112): 0x00 00 00 00 00 00 00 00 00 00 00 00 00 00 4C 00
   15.125: INFO serial_transport::packet_reader: rx seq 0x07 CRC 0x5b80 len 30 accept cur 0x07
   15.125: INFO serial_transport::packet_reader: rx seq 0x08 CRC 0x7a62 len 52 accept cur 0x08
   15.128: INFO serial_transport::packet_reader: rx ack 0x07
   15.130: INFO serial_transport::packet_reader: rx ack 0x08
   15.138:  Address 0x080 ( 128): 0x00 00 00 00 00 00 00 00 00 1C 13 80 00 00 00 00
   15.142: INFO serial_transport::packet_reader: rx ack 0x09
   15.153: INFO serial_transport::packet_reader: rx ack 0x0a
   15.158:  Address 0x090 ( 144): 0x00 00 00 00 00 00 00 00 00 00 00 00 00 00 00 00
   15.165: INFO serial_transport::packet_reader: rx ack 0x0b
   15.178: INFO serial_transport::packet_reader: rx ack 0x0c
   15.179:  Address 0x0A0 ( 160): 0x00 00 00 00 00 00 00 00 00 00 00 00 00 00 00 00
   15.182: INFO printengine_lxk::engine::tps: Discontinuity at x:8 in TPS equation! fx(limit[0]):94.77 fx(limit[1]):94.79207
   15.188: INFO serial_transport::packet_reader: rx ack 0x0d
   15.199: INFO serial_transport::packet_reader: rx ack 0x0e
   15.200:  Address 0x0B0 ( 176): 0x00 00 00 00 00 00 00 00 00 01 A0 00 00 01 00 00
   15.211: INFO serial_transport::packet_reader: rx ack 0x0f
   15.221:  Address 0x0C0 ( 192): 0x00 00 00 00 00 00 00 00 00 00 00 00 00 00 00 00
   15.228: WARN serial_transport::packet_reader: rx seq 0x06 CRC 0xb183 len 47 drop (dup already consumed) cur 0x09
   15.228: WARN serial_transport::packet_reader: rx seq 0x07 CRC 0x5b80 len 30 drop (dup already consumed) cur 0x09
   15.228: WARN serial_transport::packet_reader: rx seq 0x08 CRC 0x7a62 len 52 drop (dup already consumed) cur 0x09
   15.228: INFO serial_transport::packet_reader: rx ack 0x00
   15.235: INFO serial_transport::packet_reader: rx ack 0x01
   15.242:  Address 0x0D0 ( 208): 0x00 00 00 00 00 00 00 00 00 00 00 00 00 00 00 00
   15.248: INFO serial_transport::packet_reader: rx ack 0x02
   15.251: WARN serial_transport::packet_writer: Dropping packet with seq 0x06. Last sent ack: Some(Seq(5))
   15.251: WARN serial_transport::packet_writer: Dropping packet with seq 0x07. Last sent ack: Some(Seq(5))
   15.252: WARN serial_transport::packet_writer: Dropping packet with seq 0x08. Last sent ack: Some(Seq(5))
   15.258: INFO serial_transport::packet_reader: rx ack 0x03
   15.269: INFO serial_transport::packet_reader: rx ack 0x04
   15.281: INFO serial_transport::packet_reader: rx ack 0x05
   15.288: INFO printengine_lxk::engine::tps: Discontinuity at x:10 in TPS equation! fx(limit[0]):94.55 fx(limit[1]):94.60315
   15.292: INFO serial_transport::packet_reader: rx ack 0x06
   15.304: INFO serial_transport::packet_reader: rx ack 0x07
   15.323: WARN serial_transport::packet_reader: rx seq 0x06 CRC 0xb183 len 47 drop (dup already consumed) cur 0x09
   15.323: WARN serial_transport::packet_reader: rx seq 0x07 CRC 0x5b80 len 30 drop (dup already consumed) cur 0x09
   15.323: WARN serial_transport::packet_reader: rx seq 0x08 CRC 0x7a62 len 52 drop (dup already consumed) cur 0x09
   15.324: INFO serial_transport::packet_reader: rx ack 0x08
   15.328: INFO serial_transport::packet_reader: rx ack 0x09
   15.338: INFO serial_transport::packet_reader: rx ack 0x0a
   15.344: WARN serial_transport::packet_writer: Dropping packet with seq 0x06. Last sent ack: Some(Seq(5))
   15.344: WARN serial_transport::packet_writer: Dropping packet with seq 0x07. Last sent ack: Some(Seq(5))
   15.344: WARN serial_transport::packet_writer: Dropping packet with seq 0x08. Last sent ack: Some(Seq(5))
   15.350: INFO serial_transport::packet_reader: rx ack 0x0b
   15.361: INFO serial_transport::packet_reader: rx ack 0x0c
   15.374: INFO serial_transport::packet_reader: rx ack 0x0d
   15.388: INFO serial_transport::packet_reader: rx ack 0x0e
   15.398: INFO serial_transport::packet_reader: rx ack 0x0f
   15.409: INFO serial_transport::packet_reader: rx ack 0x00
   15.414: INFO printengine_lxk::engine::tps: Discontinuity at x:8 in TPS equation! fx(limit[0]):0.56 fx(limit[1]):0.49609303
   15.420: INFO serial_transport::packet_reader: rx ack 0x01
   15.432: INFO serial_transport::packet_reader: rx ack 0x02
   15.443: INFO serial_transport::packet_reader: rx ack 0x03
   15.453: SUPPLIES: Memory; Supply = Bottle - Yellow; R/W High Endurance Memory; Memory Valid = 1 
   15.453:                          0  1  2  3  4  5  6  7  8  9  A  B  C  D  E  F
   15.453:  Address 0x000 (   0): 0x00 00 64 A1 00 00 12 B1 00 00 00 00 00 00 00 00
   15.455: INFO serial_transport::packet_reader: rx ack 0x04
   15.468: INFO serial_transport::packet_reader: rx ack 0x05
   15.474:  Address 0x010 (  16): 0x00 00 00 00 0D 00 00 00 0C E8 00 00 03 46 00 00
   15.478: INFO serial_transport::packet_reader: rx ack 0x06
   15.485, 0.000, 'FuserMainPwrPercentAct',         33,        230, 0, 0
   15.489: INFO serial_transport::packet_reader: rx ack 0x07
   15.495:  Address 0x020 (  32): 0x00 00 00 00 00 00 00 00 00 00 53 12 00 00 53 12
   15.502: INFO serial_transport::packet_reader: rx ack 0x08
   15.512: INFO serial_transport::packet_reader: rx ack 0x09
   15.518:  Address 0x030 (  48): 0x00 00 01 01 01 01 01 01 01 01 00 20 3D 29 01 01
   15.519: INFO printengine_lxk::node_tree::engine: Call: securityAction("QueryRevocationList", "YBottle")
   15.524: INFO serial_transport::packet_reader: rx ack 0x0a
   15.538: INFO serial_transport::packet_reader: rx ack 0x0b
   15.538:  Address 0x040 (  64): 0x09 00 00 00 00 00 00 00 00 00 00 00 00 00 04 E6
   15.544: IP: IP_COMMAND_REQUEST_REVOCATION_LIST_BLOCK_CMDCODE Command  Rcvd - Command Code: 0xC9 Data: 0x0100 
   15.544: SUPPLIES: SupplyMgr External Request: SUPPLY_RQST_READ_REVOC_LIST_BLK 
   15.544: **** Request Revocation List Block rcvd. id=1, blk=0
   15.545: IP: IP_COMMAND_REQUEST_REVOCATION_LIST_BLOCK_CMDCODE Response Sent - Command Code: 0xC9 Data: 0x01 
   15.546: SUPPLIES: MemoryCommoKernelThread WORKTASK_READ_BLOCK_DATA begin. 
   15.546: SUPPLIES: Memory: MemManSubmitWork(): work=WORKTASK_READ_BLOCK_DATA  struct=2 rc=0 MemMgrState=MEM_MGR_IDLE  
   15.546: SUPPLIES: Memory: MemMgrNewState() MEM_MGR_IDLE  --> MEM_MGR_RD_BLOCK_WF_READ  
   15.548: INFO serial_transport::packet_reader: rx ack 0x0c
   15.548: SUPPLIES: Jake2: Tx Read Cmd to SS: Dev=4, Sz=128, Addr=9096
   15.548: ssec: rm: devNum=4, encrypt=true, dataSize=0x80, offset=0x2388
   15.559:  Address 0x050 (  80): 0x5A 00 00 00 00 00 00 00 00 00 00 00 00 00 00 00
   15.561: INFO serial_transport::packet_reader: rx ack 0x0d
   15.569: ssec: cmd=4, devNum=4, rc=0
   15.580:  Address 0x060 (  96): 0x00 00 01 01 01 01 00 01 01 02 01 00 01 01 01 01
   15.585, 0.000, 'FuserMainPwrPercentAct',          0,        230, 0, 0
   15.601: INFO serial_transport::packet_reader: rx seq 0x09 CRC 0x2421 len 52 accept cur 0x09
   15.601:  Address 0x070 ( 112): 0x01 01 00 00 00 00 00 00 00 00 00 00 00 00 00 00
   15.663: SUPPLIES: MemoryCommoKernelThread WORKTASK_READ_BLOCK_DATA finished. 
   15.663: SUPPLIES: MemoryCommoKernelThread exit:  Total Run Time: 117 milliseconds 
   15.666: Nfy REVOCATION_LIST_BLOCK_AVAIL_NFY=0xD5 0x01 0x00 0x00
   15.666: SUPPLIES: Memory: MemMgrNewState() MEM_MGR_RD_BLOCK_WF_READ  --> MEM_MGR_IDLE  
   15.673: IP: IP_COMMAND_QUERY_REVOCATION_LIST_BLOCK_CMDCODE Command  Rcvd - Command Code: 0xCA Data: 0x0100 
   15.673: SUPPLIES: SupplyMgr External Request: SUPPLY_RQST_QRY_REVOC_LIST_BLK_DATA 
   15.673: IP: IP_COMMAND_QUERY_REVOCATION_LIST_BLOCK_CMDCODE Response Sent - Command Code: 0xCA Data: 0x00000000 0x00000000 0x00000000 0x00000000 0x00000000 0x00000000 0x00000000 0x00000000 0x00000000 0x00000000 Remaining bytes:  88) 
   15.673: IP: IP_COMMAND_QUERY_REVOCATION_LIST_BLOCK_CMDCODE Response Sent - Command Code: 0xCA Data: 0x00000000 0x00000000 0x00000000 0x00000000 0x00000000 0x00000000 0x00000000 0x00000000 0x00000000 0x00000000 Remaining bytes:  48) 
   15.673: IP: IP_COMMAND_QUERY_REVOCATION_LIST_BLOCK_CMDCODE Response Sent - Command Code: 0xCA Data: 0x00000000 0x00000000 0x00000000 0x00000000 0x00000000 0x00000000 0x00000000 0x00000000 0x00000000 0x00000000 Remaining bytes:   8) 
   15.673: IP: IP_COMMAND_QUERY_REVOCATION_LIST_BLOCK_CMDCODE Response Sent - Command Code: 0xCA Data: 0x00000000 0x00000000 
   15.673: IP: IP_COMMAND_REQUEST_REVOCATION_LIST_BLOCK_CMDCODE Command  Rcvd - Command Code: 0xC9 Data: 0x0101 
   15.673: SUPPLIES: SupplyMgr External Request: SUPPLY_RQST_READ_REVOC_LIST_BLK 
   15.673: **** Request Revocation List Block rcvd. id=1, blk=1
   15.673: IP: IP_COMMAND_REQUEST_REVOCATION_LIST_BLOCK_CMDCODE Response Sent - Command Code: 0xC9 Data: 0x01 
   15.677: SUPPLIES: MemoryCommoKernelThread WORKTASK_READ_BLOCK_DATA begin. 
   15.677: SUPPLIES: Memory: MemManSubmitWork(): work=WORKTASK_READ_BLOCK_DATA  struct=2 rc=0 MemMgrState=MEM_MGR_IDLE  
   15.677: SUPPLIES: Memory: MemMgrNewState() MEM_MGR_IDLE  --> MEM_MGR_RD_BLOCK_WF_READ  
   15.678: SUPPLIES: Jake2: Tx Read Cmd to SS: Dev=4, Sz=4, Addr=9224
   15.678: ssec: rm: devNum=4, encrypt=true, dataSize=0x4, offset=0x2408
   15.688: INFO serial_transport::packet_reader: rx ack 0x0e
   15.697: ssec: cmd=4, devNum=4, rc=0
   15.707: WARN serial_transport::packet_reader: rx seq 0x07 CRC 0x5b80 len 30 drop (dup already consumed) cur 0x0a
   15.708: WARN serial_transport::packet_reader: rx seq 0x08 CRC 0x7a62 len 52 drop (dup already consumed) cur 0x0a
   15.708: WARN serial_transport::packet_reader: rx seq 0x09 CRC 0x2421 len 52 drop (dup already consumed) cur 0x0a
   15.708: WARN serial_transport::packet_writer: Dropping packet with seq 0x07. Last sent ack: Some(Seq(6))
   15.708: WARN serial_transport::packet_writer: Dropping packet with seq 0x08. Last sent ack: Some(Seq(6))
   15.708: WARN serial_transport::packet_writer: Dropping packet with seq 0x09. Last sent ack: Some(Seq(6))
   15.731: FAN: CalculateNewPWMPI() called - LVPSFan: RPM Error = -159; IntegralPWM = 65; WorkingPWM = 63
   15.731: FAN: _FanSetNewPWM() [File: fanctl.c; Line: 3427] - LVPSFan; FanPwm: 63
   15.758: WeatherThread: Calc Temp: 24.26 C, Calc RH: 49.07 (percent)
   15.767: WeatherThread: Filtered Temp: 24.26 C, Filtered RH: 49.07 (percent), Filtered Average RH: 49.50 (percent)
   15.790: SUPPLIES: MemoryCommoKernelThread WORKTASK_READ_BLOCK_DATA finished. 
   15.790: SUPPLIES: MemoryCommoKernelThread exit:  Total Run Time: 113 milliseconds 
   15.796: Nfy REVOCATION_LIST_BLOCK_AVAIL_NFY=0xD5 0x01 0x01 0x00
   15.796: SUPPLIES: Memory: MemMgrNewState() MEM_MGR_RD_BLOCK_WF_READ  --> MEM_MGR_IDLE  
   15.803: IP: IP_COMMAND_QUERY_REVOCATION_LIST_BLOCK_CMDCODE Command  Rcvd - Command Code: 0xCA Data: 0x0101 
   15.803: SUPPLIES: SupplyMgr External Request: SUPPLY_RQST_QRY_REVOC_LIST_BLK_DATA 
   15.803: IP: IP_COMMAND_QUERY_REVOCATION_LIST_BLOCK_CMDCODE Response Sent - Command Code: 0xCA Data: 0x2D3C00A0 0x00000000 0x00000000 0x00000000 0x00000000 0x00000000 0x00000000 0x00000000 0x00000000 0x00000000 Remaining bytes:  88) 
   15.803: IP: IP_COMMAND_QUERY_REVOCATION_LIST_BLOCK_CMDCODE Response Sent - Command Code: 0xCA Data: 0x00000000 0x00000000 0x00000000 0x00000000 0x00000000 0x00000000 0x00000000 0x00000000 0x00000000 0x00000000 Remaining bytes:  48) 
   15.803: IP: IP_COMMAND_QUERY_REVOCATION_LIST_BLOCK_CMDCODE Response Sent - Command Code: 0xCA Data: 0x00000000 0x00000000 0x00000000 0x00000000 0x00000000 0x00000000 0x00000000 0x00000000 0x00000000 0x00000000 Remaining bytes:   8) 
   15.803: IP: IP_COMMAND_QUERY_REVOCATION_LIST_BLOCK_CMDCODE Response Sent - Command Code: 0xCA Data: 0x00000000 0x00000000 
   15.803: IP: IP_COMMAND_REQUEST_REVOCATION_LIST_BLOCK_CMDCODE Command  Rcvd - Command Code: 0xC9 Data: 0x0102 
   15.803: SUPPLIES: SupplyMgr External Request: SUPPLY_RQST_READ_REVOC_LIST_BLK 
   15.803: **** Request Revocation List Block rcvd. id=1, blk=2
   15.803: IP: IP_COMMAND_REQUEST_REVOCATION_LIST_BLOCK_CMDCODE Response Sent - Command Code: 0xC9 Data: 0x01 
   15.804: WARN serial_transport::packet_reader: rx seq 0x07 CRC 0x5b80 len 30 drop (dup already consumed) cur 0x0a
   15.804: WARN serial_transport::packet_reader: rx seq 0x08 CRC 0x7a62 len 52 drop (dup already consumed) cur 0x0a
   15.804: WARN serial_transport::packet_reader: rx seq 0x09 CRC 0x2421 len 52 drop (dup already consumed) cur 0x0a
   15.806: SUPPLIES: MemoryCommoKernelThread WORKTASK_READ_BLOCK_DATA begin. 
   15.806: SUPPLIES: Memory: MemManSubmitWork(): work=WORKTASK_READ_BLOCK_DATA  struct=2 rc=0 MemMgrState=MEM_MGR_IDLE  
   15.806: SUPPLIES: Memory: MemMgrNewState() MEM_MGR_IDLE  --> MEM_MGR_RD_BLOCK_WF_READ  
   15.811: WARN serial_transport::packet_writer: Dropping packet with seq 0x07. Last sent ack: Some(Seq(6))
   15.811: WARN serial_transport::packet_writer: Dropping packet with seq 0x08. Last sent ack: Some(Seq(6))
   15.812: WARN serial_transport::packet_writer: Dropping packet with seq 0x09. Last sent ack: Some(Seq(6))
   15.812: SUPPLIES: Memory; Supply = Image Kit - Black; Rd Only Memory; Memory Valid = 1 
   15.812:                          0  1  2  3  4  5  6  7  8  9  A  B  C  D  E  F
   15.812:  Address 0x000 (   0): 0x43 41 48 32 33 32 39 30 30 43 35 43 20 20 32 30
   15.818: INFO serial_transport::packet_reader: rx ack 0x0f
   15.833:  Address 0x010 (  16): 0x4C 55 30 30 30 4B 01 00 FF FF FF FF FF FF FF FF
   15.854:  Address 0x020 (  32): 0xFF 7F FF FF 33 00 00 00 00 00 02 BF 20 00 0E EC
   15.875:  Address 0x030 (  48): 0x50 00 05 25 59 00 00 00 00 00 00 7A 78 00 00 1B
   15.897:  Address 0x040 (  64): 0x58 00 00 64 00 00 00 00 00 00 0A 00 00 00 00 00
   15.903: SUPPLIES: MemoryCommoKernelThread WORKTASK_READ_BLOCK_DATA finished. 
   15.903: SUPPLIES: MemoryCommoKernelThread exit:  Total Run Time: 97 milliseconds 
   15.906: Nfy REVOCATION_LIST_BLOCK_AVAIL_NFY=0xD5 0x01 0x02 0x00
   15.906: SUPPLIES: Memory: MemMgrNewState() MEM_MGR_RD_BLOCK_WF_READ  --> MEM_MGR_IDLE  
   15.913: IP: IP_COMMAND_QUERY_REVOCATION_LIST_BLOCK_CMDCODE Command  Rcvd - Command Code: 0xCA Data: 0x0102 
   15.913: SUPPLIES: SupplyMgr External Request: SUPPLY_RQST_QRY_REVOC_LIST_BLK_DATA 
   15.913: IP: IP_COMMAND_QUERY_REVOCATION_LIST_BLOCK_CMDCODE Response Sent - Command Code: 0xCA Data: 0x00000000 0x00000000 0x00000000 0x00000000 0x00000000 0x00000000 0x00000000 0x00000000 0x00000000 0x00000000 Remaining bytes:  88) 
   15.913: IP: IP_COMMAND_QUERY_REVOCATION_LIST_BLOCK_CMDCODE Response Sent - Command Code: 0xCA Data: 0x00000000 0x00000000 0x00000000 0x00000000 0x00000000 0x00000000 0x00000000 0x00000000 0x00000000 0x00000000 Remaining bytes:  48) 
   15.913: IP: IP_COMMAND_QUERY_REVOCATION_LIST_BLOCK_CMDCODE Response Sent - Command Code: 0xCA Data: 0x00000000 0x00000000 0x00000000 0x00000000 0x00000000 0x00000000 0x00000000 0x00000000 0x00000000 0x00000000 Remaining bytes:   8) 
   15.913: IP: IP_COMMAND_QUERY_REVOCATION_LIST_BLOCK_CMDCODE Response Sent - Command Code: 0xCA Data: 0x00000000 0x00000000 
   15.913: IP: IP_COMMAND_REQUEST_REVOCATION_LIST_BLOCK_CMDCODE Command  Rcvd - Command Code: 0xC9 Data: 0x0103 
   15.913: SUPPLIES: SupplyMgr External Request: SUPPLY_RQST_READ_REVOC_LIST_BLK 
   15.913: **** Request Revocation List Block rcvd. id=1, blk=3
   15.913: IP: IP_COMMAND_REQUEST_REVOCATION_LIST_BLOCK_CMDCODE Response Sent - Command Code: 0xC9 Data: 0x01 
   15.916: SUPPLIES: MemoryCommoKernelThread WORKTASK_READ_BLOCK_DATA begin. 
   15.916: SUPPLIES: Memory: MemManSubmitWork(): work=WORKTASK_READ_BLOCK_DATA  struct=2 rc=0 MemMgrState=MEM_MGR_IDLE  
   15.916: SUPPLIES: Memory: MemMgrNewState() MEM_MGR_IDLE  --> MEM_MGR_RD_BLOCK_WF_READ  
   15.918:  Address 0x050 (  80): 0x00 00 00 00 00 00 00 00 00 00 64 64 64 64 64 64
   15.928: INFO serial_transport::packet_reader: rx ack 0x00
   15.939:  Address 0x060 (  96): 0x64 64 64 64 64 64 64 64 64 64 64 64 64 64 64 64
   15.960:  Address 0x070 ( 112): 0x64 64 32 04 B0 14 0A FF FF 59 54 01 D1 7F 00 0B
   15.981:  Address 0x080 ( 128): 0xB8 00 00 EA 60 01 4F B1 80 FE ED 57 80 01 4F B1
   16.002:  Address 0x090 ( 144): 0x80 00 00 00 B3 00 00 01 B3 00 00 00 4A 65 00 00
   16.013: SUPPLIES: MemoryCommoKernelThread WORKTASK_READ_BLOCK_DATA finished. 
   16.013: SUPPLIES: MemoryCommoKernelThread exit:  Total Run Time: 97 milliseconds 
   16.016: Nfy REVOCATION_LIST_BLOCK_AVAIL_NFY=0xD5 0x01 0x03 0x00
   16.016: SUPPLIES: Memory: MemMgrNewState() MEM_MGR_RD_BLOCK_WF_READ  --> MEM_MGR_IDLE  
   16.019: ssec: cmd=27, devNum=255, rc=0
   16.023: IP: IP_COMMAND_QUERY_REVOCATION_LIST_BLOCK_CMDCODE Command  Rcvd - Command Code: 0xCA Data: 0x0103 
   16.023: SUPPLIES: SupplyMgr External Request: SUPPLY_RQST_QRY_REVOC_LIST_BLK_DATA 
   16.023: IP: IP_COMMAND_QUERY_REVOCATION_LIST_BLOCK_CMDCODE Response Sent - Command Code: 0xCA Data: 0x0B05F2C5 0x04250810 0x00000000 0x00000000 0x00000000 0x00000000 0x00000000 0x00000000 0xFD360760 0x00000000 Remaining bytes:  88) 
   16.023: IP: IP_COMMAND_QUERY_REVOCATION_LIST_BLOCK_CMDCODE Response Sent - Command Code: 0xCA Data: 0x00000000 0x00000000 0x00000000 0xB92D0760 0x00000000 0x00000000 0x00000000 0x00000000 0x4D2E0760 0x30E30300 Remaining bytes:  48) 
   16.023: IP: IP_COMMAND_QUERY_REVOCATION_LIST_BLOCK_CMDCODE Response Sent - Command Code: 0xCA Data: 0x00000000 0x00000000 0x00000000 0xF93E0760 0x30E30300 0x00000000 0x00000000 0x00000000 0x11360760 0x00000000 Remaining bytes:   8) 
   16.023: IP: IP_COMMAND_QUERY_REVOCATION_LIST_BLOCK_CMDCODE Response Sent - Command Code: 0xCA Data: 0x00000000 0x00000000 
   16.023: IP: IP_COMMAND_REQUEST_REVOCATION_LIST_BLOCK_CMDCODE Command  Rcvd - Command Code: 0xC9 Data: 0x0104 
   16.023: SUPPLIES: SupplyMgr External Request: SUPPLY_RQST_READ_REVOC_LIST_BLK 
   16.023: **** Request Revocation List Block rcvd. id=1, blk=4
   16.023: IP: IP_COMMAND_REQUEST_REVOCATION_LIST_BLOCK_CMDCODE Response Sent - Command Code: 0xC9 Data: 0x01 
   16.023:  Address 0x0A0 ( 160): 0x07 D0 00 64 FF 0A 05 01 00 00 FF FF 0A 5A 02 32
   16.026: SUPPLIES: MemoryCommoKernelThread WORKTASK_READ_BLOCK_DATA begin. 
   16.026: SUPPLIES: Memory: MemManSubmitWork(): work=WORKTASK_READ_BLOCK_DATA  struct=2 rc=0 MemMgrState=MEM_MGR_IDLE  
   16.026: SUPPLIES: Memory: MemMgrNewState() MEM_MGR_IDLE  --> MEM_MGR_RD_BLOCK_WF_READ  
   16.038: INFO serial_transport::packet_reader: rx ack 0x01
   16.044:  Address 0x0B0 ( 176): 0x01 01 00 00 FF FF 00 00 00 00 00 00 00 00 00 13
   16.065:  Address 0x0C0 ( 192): 0x48 86 00 06 A6 40 00 00 00 00 00 00 00 00 73 BE
   16.087:  Address 0x0D0 ( 208): 0x9B 73 C8 DC 00 00 00 00 00 04 93 E0 00 00 FC E0
   16.108:  Address 0x0E0 ( 224): 0x5F 91 91 00 00 5A F5 5F 6E 6E 00 00 00 00 00 04
   16.120, 0.000, 'FuserMainPwrPercentAct',         33,        230, 0, 0
   16.123: SUPPLIES: MemoryCommoKernelThread WORKTASK_READ_BLOCK_DATA finished. 
   16.123: SUPPLIES: MemoryCommoKernelThread exit:  Total Run Time: 97 milliseconds 
   16.126: Nfy REVOCATION_LIST_BLOCK_AVAIL_NFY=0xD5 0x01 0x04 0x00
   16.126: SUPPLIES: Memory: MemMgrNewState() MEM_MGR_RD_BLOCK_WF_READ  --> MEM_MGR_IDLE  
   16.129:  Address 0x0F0 ( 240): 0x93 E0 FF 38 00 00 05 80 00 00 01 80 46 28 19 FF
   16.133: IP: IP_COMMAND_QUERY_REVOCATION_LIST_BLOCK_CMDCODE Command  Rcvd - Command Code: 0xCA Data: 0x0104 
   16.133: SUPPLIES: SupplyMgr External Request: SUPPLY_RQST_QRY_REVOC_LIST_BLK_DATA 
   16.133: IP: IP_COMMAND_QUERY_REVOCATION_LIST_BLOCK_CMDCODE Response Sent - Command Code: 0xCA Data: 0x00000000 0x892E0760 0x00000000 0x00000000 0x00000000 0x00000000 0xE52E0760 0x00000000 0x00000000 0x00000000 Remaining bytes:  88) 
   16.133: IP: IP_COMMAND_QUERY_REVOCATION_LIST_BLOCK_CMDCODE Response Sent - Command Code: 0xCA Data: 0x00000000 0x292F0760 0x30E30300 0x00000000 0x00000000 0x00000000 0x692F0760 0x00000000 0x00000000 0x00000000 Remaining bytes:  48) 
   16.133: IP: IP_COMMAND_QUERY_REVOCATION_LIST_BLOCK_CMDCODE Response Sent - Command Code: 0xCA Data: 0x00000000 0xA92F0760 0x30E30300 0x00000000 0x00000000 0x00000000 0xD92F0760 0x00000000 0x00000000 0x00000000 Remaining bytes:   8) 
   16.133: IP: IP_COMMAND_QUERY_REVOCATION_LIST_BLOCK_CMDCODE Response Sent - Command Code: 0xCA Data: 0x00000000 0x09300760 
   16.133: IP: IP_COMMAND_REQUEST_REVOCATION_LIST_BLOCK_CMDCODE Command  Rcvd - Command Code: 0xC9 Data: 0x0105 
   16.133: SUPPLIES: SupplyMgr External Request: SUPPLY_RQST_READ_REVOC_LIST_BLK 
   16.133: **** Request Revocation List Block rcvd. id=1, blk=5
   16.133: IP: IP_COMMAND_REQUEST_REVOCATION_LIST_BLOCK_CMDCODE Response Sent - Command Code: 0xC9 Data: 0x01 
   16.136: SUPPLIES: MemoryCommoKernelThread WORKTASK_READ_BLOCK_DATA begin. 
   16.136: SUPPLIES: Memory: MemManSubmitWork(): work=WORKTASK_READ_BLOCK_DATA  struct=2 rc=0 MemMgrState=MEM_MGR_IDLE  
   16.136: SUPPLIES: Memory: MemMgrNewState() MEM_MGR_IDLE  --> MEM_MGR_RD_BLOCK_WF_READ  
   16.148: INFO serial_transport::packet_reader: rx ack 0x02
   16.150:  Address 0x100 ( 256): 0xFF FF C7 1D 00 00 00 00 00 01 55 55 00 00 00 00
   16.171:  Address 0x110 ( 272): 0x00 00 00 00 00 00 47 65 6E 75 69 6E 65 20 4C 65
   16.192:  Address 0x120 ( 288): 0x78 6D 61 72 6B 00 00 00 32 00 64 00 C8 01 90 03
   16.213:  Address 0x130 ( 304): 0xB7 03 B7 05 83 08 D3 0D 80 06 40 06 40 07 2F 0A
   16.233: SUPPLIES: MemoryCommoKernelThread WORKTASK_READ_BLOCK_DATA finished. 
   16.233: SUPPLIES: MemoryCommoKernelThread exit:  Total Run Time: 97 milliseconds 
   16.234:  Address 0x140 ( 320): 0xDE 11 81 05 78 05 78 06 7D 09 EF 11 9C 03 89 03
   16.236: Nfy REVOCATION_LIST_BLOCK_AVAIL_NFY=0xD5 0x01 0x05 0x00
   16.236: SUPPLIES: Memory: MemMgrNewState() MEM_MGR_RD_BLOCK_WF_READ  --> MEM_MGR_IDLE  
   16.243: IP: IP_COMMAND_QUERY_REVOCATION_LIST_BLOCK_CMDCODE Command  Rcvd - Command Code: 0xCA Data: 0x0105 
   16.243: SUPPLIES: SupplyMgr External Request: SUPPLY_RQST_QRY_REVOC_LIST_BLK_DATA 
   16.243: IP: IP_COMMAND_QUERY_REVOCATION_LIST_BLOCK_CMDCODE Response Sent - Command Code: 0xCA Data: 0x00000000 0x00000000 0x00000000 0x00000000 0x552D0760 0x30E30300 0x00000000 0x00000000 0x00000000 0x59380760 Remaining bytes:  88) 
   16.243: IP: IP_COMMAND_QUERY_REVOCATION_LIST_BLOCK_CMDCODE Response Sent - Command Code: 0xCA Data: 0x30E30300 0x00000000 0x00000000 0x00000000 0x39300760 0x30E30300 0x00000000 0x00000000 0x00000000 0xAD300760 Remaining bytes:  48) 
   16.243: IP: IP_COMMAND_QUERY_REVOCATION_LIST_BLOCK_CMDCODE Response Sent - Command Code: 0xCA Data: 0x30E30300 0x00000000 0x00000000 0x00000000 0xDD300760 0x00000000 0x00000000 0x00000000 0x00000000 0x1D310760 Remaining bytes:   8) 
   16.243: IP: IP_COMMAND_QUERY_REVOCATION_LIST_BLOCK_CMDCODE Response Sent - Command Code: 0xCA Data: 0x30E30300 0x00000000 
   16.244: INFO printengine_lxk::node_tree::engine: Call: securityAction("QueryNonce")
   16.244: IP: IP_COMMAND_REQUEST_SECURE_TIME_NONCE Command  Rcvd - Command Code: 0x94 Data: None 
   16.244: SUPPLIES: SupplyMgr External Request: SUPPLY_RQST_GET_SECURE_TIME_NONCE_RCVD 
   16.244: IP: IP_COMMAND_REQUEST_SECURE_TIME_NONCE Response Sent - Command Code: 0x94 Data: 0x01 
   16.247: SUPPLIES: Memory: MemManSubmitWork(): work=WORKTASK_GET_SS_SECURE_TIME_NONCE  struct=2 rc=0 MemMgrState=MEM_MGR_IDLE  
   16.247: SUPPLIES: Memory: MemMgrNewState() MEM_MGR_IDLE  --> MEM_MGR_WF_GET_SS_SECURE_TIME_NONCE  
   16.248: INFO printengine_lxk::node_tree::engine::rpc: Notify PrintReady(false)
   16.248: INFO printengine_lxk::node_tree::engine::rpc: Notify PrintReady(true)
   16.249: INFO printengine_lxk::engine: PM: Running task
   16.249: INFO printengine_lxk::engine: PM: Idle state in Awake
   16.249: INFO printengine_lxk::engine: PM: engine can sleep
   16.249: INFO printengine_lxk::engine: PM: no change in power state Awake
   16.252: (((( WORKTASK_GET_SS_SECURE_TIME_NONCE rc=0, Nonce=1232e002 b8fcbe90 6ca5ec7a 9bc8c19a
   16.249: ssec: cmd=21, devNum=255, rc=0
   16.255:  Address 0x150 ( 336): 0x89 05 00 08 43 0D 9B 02 BC 03 12 04 27 04 4C 04
   16.256: Nfy SECURE_TIME_NONCE_AVAIL_NFY=0x9D 0x00 0x00 0x00
   16.256: SUPPLIES: Memory: MemMgrNewState() MEM_MGR_WF_GET_SS_SECURE_TIME_NONCE  --> MEM_MGR_IDLE  
   16.259: INFO serial_transport::packet_reader: rx ack 0x03
   16.261: INFO serial_transport::packet_reader: rx ack 0x04
   16.263: INFO serial_transport::packet_reader: rx ack 0x05
   16.263: IP: IP_COMMAND_QUERY_SECURE_TIME_NONCE Command  Rcvd - Command Code: 0x95 Data: None 
   16.263: SUPPLIES: SupplyMgr External Request: SUPPLY_RQST_QUERY_SECURE_TIME_NONCE_RCVD 
   16.263: IP: IP_COMMAND_QUERY_SECURE_TIME_NONCE Response Sent - Command Code: 0x95 Data: 0x1232E002 0xB8FCBE90 0x6CA5EC7A 0x9BC8C19A 
   16.265: INFO printengine_lxk::node_tree::engine: Call: get("Settings", "EngineData", "printerCalibrationCount")
   16.268: INFO serial_transport::packet_reader: rx ack 0x06
   16.270: INFO printengine_lxk::node_tree::engine: Call: get("Settings", "EngineData", "printerCalibrationCount")
   16.270, 0.000, 'FuserMainPwrPercentAct',          0,        230, 0, 0
   16.272: INFO serial_transport::packet_reader: rx ack 0x07
   16.273: INFO serial_transport::packet_reader: rx ack 0x08
   16.278: INFO serial_transport::packet_reader: rx ack 0x09
   16.278: INFO serial_transport::packet_reader: rx ack 0x0a
   16.278:  Address 0x160 ( 352): 0x4C 00 C8 01 2D 02 4E 02 BC 02 BC 03 AA 03 AA 05
   16.299:  Address 0x170 ( 368): 0x34 08 5D 08 FC 05 46 05 46 06 84 09 1F 0D BE 08
   16.317: INFO serial_transport::packet_reader: rx seq 0x0a CRC 0x2c43 len 47 accept cur 0x0a
   16.318: INFO serial_transport::packet_reader: rx seq 0x0b CRC 0x3b36 len 67 accept cur 0x0b
   16.319: INFO printengine_lxk::node_tree::engine: Call: securityAction("QueryRevocationList", "MBottle")
   16.319: IP: IP_COMMAND_REQUEST_REVOCATION_LIST_BLOCK_CMDCODE Command  Rcvd - Command Code: 0xC9 Data: 0x0200 
   16.319: SUPPLIES: SupplyMgr External Request: SUPPLY_RQST_READ_REVOC_LIST_BLK 
   16.319: **** Request Revocation List Block rcvd. id=2, blk=0
   16.319: IP: IP_COMMAND_REQUEST_REVOCATION_LIST_BLOCK_CMDCODE Response Sent - Command Code: 0xC9 Data: 0x01 
   16.320:  Address 0x180 ( 384): 0x34 08 34 08 5D 0A CE 0F B0 06 A4 06 A4 07 E0 0A
   16.326: SUPPLIES: MemoryCommoKernelThread WORKTASK_READ_BLOCK_DATA begin. 
   16.326: SUPPLIES: Memory: MemManSubmitWork(): work=WORKTASK_READ_BLOCK_DATA  struct=2 rc=0 MemMgrState=MEM_MGR_IDLE  
   16.326: SUPPLIES: Memory: MemMgrNewState() MEM_MGR_IDLE  --> MEM_MGR_RD_BLOCK_WF_READ  
   16.328: SUPPLIES: Jake2: Tx Read Cmd to SS: Dev=3, Sz=128, Addr=9096
   16.328: ssec: rm: devNum=3, encrypt=true, dataSize=0x80, offset=0x2388
   16.341:  Address 0x190 ( 400): 0xB4 0F D1 04 CB 04 CB 06 31 08 8F 0D 04 03 20 03
   16.349: ssec: cmd=4, devNum=3, rc=0
   16.355, 0.000, 'FuserMainPwrPercentReq',          1,         68, 0, 0
   16.362:  Address 0x1A0 ( 416): 0xEB 05 4F 05 78 05 78 01 90 02 57 03 95 03 E8 03
   16.383:  Address 0x1B0 ( 432): 0xE8 04 7C 04 7C 06 0D 0A 02 0A F0 05 0D 05 0D 06
   16.404:  Address 0x1C0 ( 448): 0xBF 09 A8 0F 8B 08 34 08 34 09 C1 0C FE 11 B2 07
   16.413: WARN serial_transport::packet_reader: rx seq 0x0b CRC 0x3b36 len 67 drop (dup already consumed) cur 0x0c
   16.414: WARN serial_transport::packet_writer: Dropping packet with seq 0x0b. Last sent ack: Some(Seq(10))
   16.425:  Address 0x1D0 ( 464): 0x6C 07 6C 08 EE 0C 81 11 AA 05 55 05 55 06 AB 09
   16.443: SUPPLIES: MemoryCommoKernelThread WORKTASK_READ_BLOCK_DATA finished. 
   16.443: SUPPLIES: MemoryCommoKernelThread exit:  Total Run Time: 117 milliseconds 
   16.446: Nfy REVOCATION_LIST_BLOCK_AVAIL_NFY=0xD5 0x02 0x00 0x00
   16.446: SUPPLIES: Memory: MemMgrNewState() MEM_MGR_RD_BLOCK_WF_READ  --> MEM_MGR_IDLE  
   16.448:  Address 0x1E0 ( 480): 0xA2 0E 2C 03 84 04 06 05 48 05 78 05 78 01 F4 03
   16.453: IP: IP_COMMAND_QUERY_REVOCATION_LIST_BLOCK_CMDCODE Command  Rcvd - Command Code: 0xCA Data: 0x0200 
   16.453: SUPPLIES: SupplyMgr External Request: SUPPLY_RQST_QRY_REVOC_LIST_BLK_DATA 
   16.453: IP: IP_COMMAND_QUERY_REVOCATION_LIST_BLOCK_CMDCODE Response Sent - Command Code: 0xCA Data: 0x00000000 0x00000000 0x00000000 0x00000000 0x00000000 0x00000000 0x00000000 0x00000000 0x00000000 0x00000000 Remaining bytes:  88) 
   16.453: IP: IP_COMMAND_QUERY_REVOCATION_LIST_BLOCK_CMDCODE Response Sent - Command Code: 0xCA Data: 0x00000000 0x00000000 0x00000000 0x00000000 0x00000000 0x00000000 0x00000000 0x00000000 0x00000000 0x00000000 Remaining bytes:  48) 
   16.453: IP: IP_COMMAND_QUERY_REVOCATION_LIST_BLOCK_CMDCODE Response Sent - Command Code: 0xCA Data: 0x00000000 0x00000000 0x00000000 0x00000000 0x00000000 0x00000000 0x00000000 0x00000000 0x00000000 0x00000000 Remaining bytes:   8) 
   16.453: IP: IP_COMMAND_QUERY_REVOCATION_LIST_BLOCK_CMDCODE Response Sent - Command Code: 0xCA Data: 0x00000000 0x00000000 
   16.453: IP: IP_COMMAND_REQUEST_REVOCATION_LIST_BLOCK_CMDCODE Command  Rcvd - Command Code: 0xC9 Data: 0x0201 
   16.453: SUPPLIES: SupplyMgr External Request: SUPPLY_RQST_READ_REVOC_LIST_BLK 
   16.453: **** Request Revocation List Block rcvd. id=2, blk=1
   16.453: IP: IP_COMMAND_REQUEST_REVOCATION_LIST_BLOCK_CMDCODE Response Sent - Command Code: 0xC9 Data: 0x01 
   16.456: SUPPLIES: MemoryCommoKernelThread WORKTASK_READ_BLOCK_DATA begin. 
   16.456: SUPPLIES: Memory: MemManSubmitWork(): work=WORKTASK_READ_BLOCK_DATA  struct=2 rc=0 MemMgrState=MEM_MGR_IDLE  
   16.456: SUPPLIES: Memory: MemMgrNewState() MEM_MGR_IDLE  --> MEM_MGR_RD_BLOCK_WF_READ  
   16.458: SUPPLIES: Jake2: Tx Read Cmd to SS: Dev=3, Sz=4, Addr=9224
   16.458: ssec: rm: devNum=3, encrypt=true, dataSize=0x4, offset=0x2408
   16.468: INFO serial_transport::packet_reader: rx ack 0x0b
   16.468:  Address 0x1F0 ( 496): 0x05 03 FF 04 4C 04 4C 04 D8 04 D8 06 AB 0A 44 0B
   16.477: ssec: cmd=4, devNum=3, rc=0
   16.489:  Address 0x200 ( 512): 0x54 05 D2 05 D2 07 9F 0A 09 0F 82 08 98 08 98 09
   16.510:  Address 0x210 ( 528): 0x7F 0C 32 11 A3 07 D0 07 D0 09 51 0C 53 11 AA 05
   16.510: WARN serial_transport::packet_reader: rx seq 0x0b CRC 0x3b36 len 67 drop (dup already consumed) cur 0x0c
   16.511: WARN serial_transport::packet_writer: Dropping packet with seq 0x0b. Last sent ack: Some(Seq(10))
   16.531:  Address 0x220 ( 544): 0x69 05 69 07 22 09 A2 0E 2C 03 E8 04 F2 06 56 06
   16.552:  Address 0x230 ( 560): 0xA4 06 A4 02 58 03 75 04 B7 05 14 05 14 04 D8 04
   16.570: SUPPLIES: MemoryCommoKernelThread WORKTASK_READ_BLOCK_DATA finished. 
   16.570: SUPPLIES: MemoryCommoKernelThread exit:  Total Run Time: 114 milliseconds 
   16.573:  Address 0x240 ( 576): 0xD8 06 D3 0A 44 0B B8 00 00 00 00 00 00 00 00 00
   16.576: Nfy REVOCATION_LIST_BLOCK_AVAIL_NFY=0xD5 0x02 0x01 0x00
   16.576: SUPPLIES: Memory: MemMgrNewState() MEM_MGR_RD_BLOCK_WF_READ  --> MEM_MGR_IDLE  
   16.583: IP: IP_COMMAND_QUERY_REVOCATION_LIST_BLOCK_CMDCODE Command  Rcvd - Command Code: 0xCA Data: 0x0201 
   16.583: SUPPLIES: SupplyMgr External Request: SUPPLY_RQST_QRY_REVOC_LIST_BLK_DATA 
   16.583: IP: IP_COMMAND_QUERY_REVOCATION_LIST_BLOCK_CMDCODE Response Sent - Command Code: 0xCA Data: 0xA13400A0 0x00000000 0x00000000 0x00000000 0x00000000 0x00000000 0x00000000 0x00000000 0x00000000 0x00000000 Remaining bytes:  88) 
   16.583: IP: IP_COMMAND_QUERY_REVOCATION_LIST_BLOCK_CMDCODE Response Sent - Command Code: 0xCA Data: 0x00000000 0x00000000 0x00000000 0x00000000 0x00000000 0x00000000 0x00000000 0x00000000 0x00000000 0x00000000 Remaining bytes:  48) 
   16.583: IP: IP_COMMAND_QUERY_REVOCATION_LIST_BLOCK_CMDCODE Response Sent - Command Code: 0xCA Data: 0x00000000 0x00000000 0x00000000 0x00000000 0x00000000 0x00000000 0x00000000 0x00000000 0x00000000 0x00000000 Remaining bytes:   8) 
   16.583: IP: IP_COMMAND_QUERY_REVOCATION_LIST_BLOCK_CMDCODE Response Sent - Command Code: 0xCA Data: 0x00000000 0x00000000 
   16.583: IP: IP_COMMAND_REQUEST_REVOCATION_LIST_BLOCK_CMDCODE Command  Rcvd - Command Code: 0xC9 Data: 0x0202 
   16.583: SUPPLIES: SupplyMgr External Request: SUPPLY_RQST_READ_REVOC_LIST_BLK 
   16.583: **** Request Revocation List Block rcvd. id=2, blk=2
   16.583: IP: IP_COMMAND_REQUEST_REVOCATION_LIST_BLOCK_CMDCODE Response Sent - Command Code: 0xC9 Data: 0x01 
   16.586: SUPPLIES: MemoryCommoKernelThread WORKTASK_READ_BLOCK_DATA begin. 
   16.586: SUPPLIES: Memory: MemManSubmitWork(): work=WORKTASK_READ_BLOCK_DATA  struct=2 rc=0 MemMgrState=MEM_MGR_IDLE  
   16.586: SUPPLIES: Memory: MemMgrNewState() MEM_MGR_IDLE  --> MEM_MGR_RD_BLOCK_WF_READ  
   16.594:  Address 0x250 ( 592): 0x00 00 00 00 00 00 00 00 00 00 00 00 00 00 00 00
   16.598: INFO serial_transport::packet_reader: rx ack 0x0c
   16.615:  Address 0x260 ( 608): 0x00 00 00 00 00 00 00 00 00 00 00 00 00 00 00 00
   16.637:  Address 0x270 ( 624): 0x00 00 00 00 00 00 00 00 00 00 00 00 00 00 00 00
   16.683: SUPPLIES: MemoryCommoKernelThread WORKTASK_READ_BLOCK_DATA finished. 
   16.683: SUPPLIES: MemoryCommoKernelThread exit:  Total Run Time: 97 milliseconds 
   16.686: Nfy REVOCATION_LIST_BLOCK_AVAIL_NFY=0xD5 0x02 0x02 0x00
   16.686: SUPPLIES: Memory: MemMgrNewState() MEM_MGR_RD_BLOCK_WF_READ  --> MEM_MGR_IDLE  
   16.693: IP: IP_COMMAND_QUERY_REVOCATION_LIST_BLOCK_CMDCODE Command  Rcvd - Command Code: 0xCA Data: 0x0202 
   16.693: SUPPLIES: SupplyMgr External Request: SUPPLY_RQST_QRY_REVOC_LIST_BLK_DATA 
   16.693: IP: IP_COMMAND_QUERY_REVOCATION_LIST_BLOCK_CMDCODE Response Sent - Command Code: 0xCA Data: 0x00000000 0x00000000 0x00000000 0x00000000 0x00000000 0x00000000 0x00000000 0x00000000 0x00000000 0x00000000 Remaining bytes:  88) 
   16.693: IP: IP_COMMAND_QUERY_REVOCATION_LIST_BLOCK_CMDCODE Response Sent - Command Code: 0xCA Data: 0x00000000 0x00000000 0x00000000 0x00000000 0x00000000 0x00000000 0x00000000 0x00000000 0x00000000 0x00000000 Remaining bytes:  48) 
   16.693: IP: IP_COMMAND_QUERY_REVOCATION_LIST_BLOCK_CMDCODE Response Sent - Command Code: 0xCA Data: 0x00000000 0x00000000 0x00000000 0x00000000 0x00000000 0x00000000 0x00000000 0x00000000 0x00000000 0x00000000 Remaining bytes:   8) 
   16.693: IP: IP_COMMAND_QUERY_REVOCATION_LIST_BLOCK_CMDCODE Response Sent - Command Code: 0xCA Data: 0x00000000 0x00000000 
   16.693: IP: IP_COMMAND_REQUEST_REVOCATION_LIST_BLOCK_CMDCODE Command  Rcvd - Command Code: 0xC9 Data: 0x0203 
   16.693: SUPPLIES: SupplyMgr External Request: SUPPLY_RQST_READ_REVOC_LIST_BLK 
   16.693: **** Request Revocation List Block rcvd. id=2, blk=3
   16.693: IP: IP_COMMAND_REQUEST_REVOCATION_LIST_BLOCK_CMDCODE Response Sent - Command Code: 0xC9 Data: 0x01 
   16.696: SUPPLIES: MemoryCommoKernelThread WORKTASK_READ_BLOCK_DATA begin. 
   16.696: SUPPLIES: Memory: MemManSubmitWork(): work=WORKTASK_READ_BLOCK_DATA  struct=2 rc=0 MemMgrState=MEM_MGR_IDLE  
   16.696: SUPPLIES: Memory: MemMgrNewState() MEM_MGR_IDLE  --> MEM_MGR_RD_BLOCK_WF_READ  
   16.708: INFO serial_transport::packet_reader: rx ack 0x0d
   16.720, 0.000, 'FuserMainPwrPercentReq',         11,         68, 0, 0
   16.793: SUPPLIES: MemoryCommoKernelThread WORKTASK_READ_BLOCK_DATA finished. 
   16.793: SUPPLIES: MemoryCommoKernelThread exit:  Total Run Time: 97 milliseconds 
   16.796: Nfy REVOCATION_LIST_BLOCK_AVAIL_NFY=0xD5 0x02 0x03 0x00
   16.796: SUPPLIES: Memory: MemMgrNewState() MEM_MGR_RD_BLOCK_WF_READ  --> MEM_MGR_IDLE  
   16.803: IP: IP_COMMAND_QUERY_REVOCATION_LIST_BLOCK_CMDCODE Command  Rcvd - Command Code: 0xCA Data: 0x0203 
   16.803: SUPPLIES: SupplyMgr External Request: SUPPLY_RQST_QRY_REVOC_LIST_BLK_DATA 
   16.803: IP: IP_COMMAND_QUERY_REVOCATION_LIST_BLOCK_CMDCODE Response Sent - Command Code: 0xCA Data: 0x0B05F5C5 0x03250810 0x00000000 0x00000000 0x00000000 0x00000000 0x00000000 0x00000000 0xFD360760 0x00000000 Remaining bytes:  88) 
   16.803: IP: IP_COMMAND_QUERY_REVOCATION_LIST_BLOCK_CMDCODE Response Sent - Command Code: 0xCA Data: 0x00000000 0x00000000 0x00000000 0xB92D0760 0x00000000 0x00000000 0x00000000 0x00000000 0x4D2E0760 0x30E30300 Remaining bytes:  48) 
   16.803: IP: IP_COMMAND_QUERY_REVOCATION_LIST_BLOCK_CMDCODE Response Sent - Command Code: 0xCA Data: 0x00000000 0x00000000 0x00000000 0xF93E0760 0x30E30300 0x00000000 0x00000000 0x00000000 0x11360760 0x00000000 Remaining bytes:   8) 
   16.803: IP: IP_COMMAND_QUERY_REVOCATION_LIST_BLOCK_CMDCODE Response Sent - Command Code: 0xCA Data: 0x00000000 0x00000000 
   16.803: IP: IP_COMMAND_REQUEST_REVOCATION_LIST_BLOCK_CMDCODE Command  Rcvd - Command Code: 0xC9 Data: 0x0204 
   16.803: SUPPLIES: SupplyMgr External Request: SUPPLY_RQST_READ_REVOC_LIST_BLK 
   16.803: **** Request Revocation List Block rcvd. id=2, blk=4
   16.803: IP: IP_COMMAND_REQUEST_REVOCATION_LIST_BLOCK_CMDCODE Response Sent - Command Code: 0xC9 Data: 0x01 
   16.806: SUPPLIES: MemoryCommoKernelThread WORKTASK_READ_BLOCK_DATA begin. 
   16.806: SUPPLIES: Memory: MemManSubmitWork(): work=WORKTASK_READ_BLOCK_DATA  struct=2 rc=0 MemMgrState=MEM_MGR_IDLE  
   16.806: SUPPLIES: Memory: MemMgrNewState() MEM_MGR_IDLE  --> MEM_MGR_RD_BLOCK_WF_READ  
   16.818: INFO serial_transport::packet_reader: rx ack 0x0e
   16.848: SUPPLIES: Memory; Supply = Image Kit - Black; R/W Starndard Endurance Memory; Memory Valid = 1 
   16.848:                          0  1  2  3  4  5  6  7  8  9  A  B  C  D  E  F
   16.848:  Address 0x000 (   0): 0x00 FF FF FF FF FF FF FF FF FF 7F FF 35 30 36 36
   16.869:  Address 0x010 (  16): 0x46 53 54 53 46 48 30 32 35 00 00 00 00 00 00 00
   16.890:  Address 0x020 (  32): 0x00 00 00 00 00 00 00 00 00 00 00 00 00 00 00 00
   16.903: SUPPLIES: MemoryCommoKernelThread WORKTASK_READ_BLOCK_DATA finished. 
   16.903: SUPPLIES: MemoryCommoKernelThread exit:  Total Run Time: 97 milliseconds 
   16.906: Nfy REVOCATION_LIST_BLOCK_AVAIL_NFY=0xD5 0x02 0x04 0x00
   16.906: SUPPLIES: Memory: MemMgrNewState() MEM_MGR_RD_BLOCK_WF_READ  --> MEM_MGR_IDLE  
   16.911:  Address 0x030 (  48): 0x00 00 00 00 00 00 00 00 00 00 00 00 65 EB 00 00
   16.913: IP: IP_COMMAND_QUERY_REVOCATION_LIST_BLOCK_CMDCODE Command  Rcvd - Command Code: 0xCA Data: 0x0204 
   16.913: SUPPLIES: SupplyMgr External Request: SUPPLY_RQST_QRY_REVOC_LIST_BLK_DATA 
   16.913: IP: IP_COMMAND_QUERY_REVOCATION_LIST_BLOCK_CMDCODE Response Sent - Command Code: 0xCA Data: 0x00000000 0x892E0760 0x30E30300 0x00000000 0x00000000 0x00000000 0xE52E0760 0x00000000 0x00000000 0x00000000 Remaining bytes:  88) 
   16.913: IP: IP_COMMAND_QUERY_REVOCATION_LIST_BLOCK_CMDCODE Response Sent - Command Code: 0xCA Data: 0x00000000 0x292F0760 0x30E30300 0x00000000 0x00000000 0x00000000 0x692F0760 0x00000000 0x00000000 0x00000000 Remaining bytes:  48) 
   16.913: IP: IP_COMMAND_QUERY_REVOCATION_LIST_BLOCK_CMDCODE Response Sent - Command Code: 0xCA Data: 0x00000000 0xA92F0760 0x30E30300 0x00000000 0x00000000 0x00000000 0xD92F0760 0x00000000 0x00000000 0x00000000 Remaining bytes:   8) 
   16.913: IP: IP_COMMAND_QUERY_REVOCATION_LIST_BLOCK_CMDCODE Response Sent - Command Code: 0xCA Data: 0x00000000 0x09300760 
   16.913: IP: IP_COMMAND_REQUEST_REVOCATION_LIST_BLOCK_CMDCODE Command  Rcvd - Command Code: 0xC9 Data: 0x0205 
   16.913: SUPPLIES: SupplyMgr External Request: SUPPLY_RQST_READ_REVOC_LIST_BLK 
   16.913: **** Request Revocation List Block rcvd. id=2, blk=5
   16.913: IP: IP_COMMAND_REQUEST_REVOCATION_LIST_BLOCK_CMDCODE Response Sent - Command Code: 0xC9 Data: 0x01 
   16.916: SUPPLIES: MemoryCommoKernelThread WORKTASK_READ_BLOCK_DATA begin. 
   16.916: SUPPLIES: Memory: MemManSubmitWork(): work=WORKTASK_READ_BLOCK_DATA  struct=2 rc=0 MemMgrState=MEM_MGR_IDLE  
   16.916: SUPPLIES: Memory: MemMgrNewState() MEM_MGR_IDLE  --> MEM_MGR_RD_BLOCK_WF_READ  
   16.928: INFO serial_transport::packet_reader: rx ack 0x0f
   16.932:  Address 0x040 (  64): 0x00 00 00 00 00 63 00 00 00 00 00 00 00 00 00 00
   16.953:  Address 0x050 (  80): 0x00 00 00 00 00 00 00 00 00 00 00 00 00 00 00 00
   16.974:  Address 0x060 (  96): 0x00 00 00 00 00 00 00 00 00 00 00 00 00 00 00 00
   16.995:  Address 0x070 ( 112): 0x00 00 00 00 00 00 00 00 00 00 00 00 00 00 00 00
   17.010: SUPPLIES: MemoryCommoKernelThread WORKTASK_READ_BLOCK_DATA finished. 
   17.010: SUPPLIES: MemoryCommoKernelThread exit:  Total Run Time: 94 milliseconds 
   17.016: Nfy REVOCATION_LIST_BLOCK_AVAIL_NFY=0xD5 0x02 0x05 0x00
   17.016: SUPPLIES: Memory: MemMgrNewState() MEM_MGR_RD_BLOCK_WF_READ  --> MEM_MGR_IDLE  
   17.018:  Address 0x080 ( 128): 0x00 00 00 00 00 00 00 00 00 02 32 2E 53 4C 20 74
   17.020, 0.000, 'FuserMainPwrPercentAct',         33,        230, 0, 0
   17.023: IP: IP_COMMAND_QUERY_REVOCATION_LIST_BLOCK_CMDCODE Command  Rcvd - Command Code: 0xCA Data: 0x0205 
   17.023: SUPPLIES: SupplyMgr External Request: SUPPLY_RQST_QRY_REVOC_LIST_BLK_DATA 
   17.023: IP: IP_COMMAND_QUERY_REVOCATION_LIST_BLOCK_CMDCODE Response Sent - Command Code: 0xCA Data: 0x00000000 0x00000000 0x00000000 0x00000000 0x552D0760 0x30E30300 0x00000000 0x00000000 0x00000000 0x59380760 Remaining bytes:  88) 
   17.023: IP: IP_COMMAND_QUERY_REVOCATION_LIST_BLOCK_CMDCODE Response Sent - Command Code: 0xCA Data: 0x30E30300 0x00000000 0x00000000 0x00000000 0x39300760 0x30E30300 0x00000000 0x00000000 0x00000000 0xAD300760 Remaining bytes:  48) 
   17.023: IP: IP_COMMAND_QUERY_REVOCATION_LIST_BLOCK_CMDCODE Response Sent - Command Code: 0xCA Data: 0x30E30300 0x00000000 0x00000000 0x00000000 0xDD300760 0x00000000 0x00000000 0x00000000 0x00000000 0x1D310760 Remaining bytes:   8) 
   17.023: IP: IP_COMMAND_QUERY_REVOCATION_LIST_BLOCK_CMDCODE Response Sent - Command Code: 0xCA Data: 0x30E30300 0x00000000 
   17.024: INFO printengine_lxk::node_tree::engine: Call: securityAction("SetSecureTime", [113, 228, 224, 59, 206, 20, 205, 74, 75, 209, 39
   17.024: , 228, 231, 212, 159, 128, 227, 124, 55, 19, 21, 44, 239, 251, 207, 222, 197, 235, 248, 19, 30, 250])
   17.024: IP: IP_COMMAND_SET_SECURE_TIME Command  Rcvd - Command Code: 0x96 Data: 0x71E4E03B 0xCE14CD4A 0x4BD127E4 0xE7D49F80 0xE37C3713 0x152CEFFB 0xCFDEC5EB 0xF8131EFA 
   17.024: SUPPLIES: SupplyMgr External Request: SUPPLY_RQST_SET_SECURE_TIME_RCVD 
   17.024: IP: IP_COMMAND_SET_SECURE_TIME Response Sent - Command Code: 0x96 Data: 0x01 
   17.026: SUPPLIES: Memory: MemManSubmitWork(): work=WORKTASK_SET_SS_SECURE_TIME  struct=2 rc=0 MemMgrState=MEM_MGR_IDLE  
   17.026: SUPPLIES: Memory: MemMgrNewState() MEM_MGR_IDLE  --> MEM_MGR_WF_SET_SS_SECURE_TIME  
   17.038:  Address 0x090 ( 144): 0x6F 4E 00 5E EA 00 00 76 5F 00 00 00 00 00 00 00
   17.039: INFO serial_transport::packet_reader: rx ack 0x00
   17.042: INFO serial_transport::packet_reader: rx ack 0x01
   17.042: INFO serial_transport::packet_reader: rx ack 0x02
   17.040: ssec: st: time=0x0000000018f767f3
   17.040: ssec: rm: devNum=0, encrypt=true, dataSize=0x8, offset=0x65
   17.059: ssec: st: time=0x0000000018f767f4
   17.059: ssec: srtc: uptime=0x18f767f3, encrypt=true, forceUpdate=0
   17.062: ssec: cmd=22, devNum=255, rc=0
   17.074: (((( ss_st_set_time() rc=0
   17.077: (((( Write Secure Time finished
   17.077: SUPPLIES: Memory: MemMgrNewState() MEM_MGR_WF_SET_SS_SECURE_TIME  --> MEM_MGR_IDLE  
   17.092: INFO serial_transport::packet_reader: rx seq 0x0c CRC 0xa2e6 len 47 accept cur 0x0c
   17.093: INFO printengine_lxk::node_tree::engine: Call: securityAction("QueryRevocationList", "CBottle")
   17.093: IP: IP_COMMAND_REQUEST_REVOCATION_LIST_BLOCK_CMDCODE Command  Rcvd - Command Code: 0xC9 Data: 0x0300 
   17.093: SUPPLIES: SupplyMgr External Request: SUPPLY_RQST_READ_REVOC_LIST_BLK 
   17.093: **** Request Revocation List Block rcvd. id=3, blk=0
   17.093: IP: IP_COMMAND_REQUEST_REVOCATION_LIST_BLOCK_CMDCODE Response Sent - Command Code: 0xC9 Data: 0x01 
   17.097: SUPPLIES: MemoryCommoKernelThread WORKTASK_READ_BLOCK_DATA begin. 
   17.097: SUPPLIES: Memory: MemManSubmitWork(): work=WORKTASK_READ_BLOCK_DATA  struct=2 rc=0 MemMgrState=MEM_MGR_IDLE  
   17.097: SUPPLIES: Memory: MemMgrNewState() MEM_MGR_IDLE  --> MEM_MGR_RD_BLOCK_WF_READ  
   17.098: SUPPLIES: Jake2: Tx Read Cmd to SS: Dev=2, Sz=128, Addr=9096
   17.098: ssec: rm: devNum=2, encrypt=true, dataSize=0x80, offset=0x2388
   17.120, 0.000, 'FuserMainPwrPercentAct',          0,        230, 0, 0
   17.119: ssec: cmd=4, devNum=2, rc=0
   17.213: SUPPLIES: MemoryCommoKernelThread WORKTASK_READ_BLOCK_DATA finished. 
   17.213: SUPPLIES: MemoryCommoKernelThread exit:  Total Run Time: 116 milliseconds 
   17.217: Nfy REVOCATION_LIST_BLOCK_AVAIL_NFY=0xD5 0x03 0x00 0x00
   17.217: SUPPLIES: Memory: MemMgrNewState() MEM_MGR_RD_BLOCK_WF_READ  --> MEM_MGR_IDLE  
   17.224: IP: IP_COMMAND_QUERY_REVOCATION_LIST_BLOCK_CMDCODE Command  Rcvd - Command Code: 0xCA Data: 0x0300 
   17.224: SUPPLIES: SupplyMgr External Request: SUPPLY_RQST_QRY_REVOC_LIST_BLK_DATA 
   17.224: IP: IP_COMMAND_QUERY_REVOCATION_LIST_BLOCK_CMDCODE Response Sent - Command Code: 0xCA Data: 0x00000000 0x00000000 0x00000000 0x00000000 0x00000000 0x00000000 0x00000000 0x00000000 0x00000000 0x00000000 Remaining bytes:  88) 
   17.224: IP: IP_COMMAND_QUERY_REVOCATION_LIST_BLOCK_CMDCODE Response Sent - Command Code: 0xCA Data: 0x00000000 0x00000000 0x00000000 0x00000000 0x00000000 0x00000000 0x00000000 0x00000000 0x00000000 0x00000000 Remaining bytes:  48) 
   17.224: IP: IP_COMMAND_QUERY_REVOCATION_LIST_BLOCK_CMDCODE Response Sent - Command Code: 0xCA Data: 0x00000000 0x00000000 0x00000000 0x00000000 0x00000000 0x00000000 0x00000000 0x00000000 0x00000000 0x00000000 Remaining bytes:   8) 
   17.224: IP: IP_COMMAND_QUERY_REVOCATION_LIST_BLOCK_CMDCODE Response Sent - Command Code: 0xCA Data: 0x00000000 0x00000000 
   17.224: IP: IP_COMMAND_REQUEST_REVOCATION_LIST_BLOCK_CMDCODE Command  Rcvd - Command Code: 0xC9 Data: 0x0301 
   17.224: SUPPLIES: SupplyMgr External Request: SUPPLY_RQST_READ_REVOC_LIST_BLK 
   17.224: **** Request Revocation List Block rcvd. id=3, blk=1
   17.224: IP: IP_COMMAND_REQUEST_REVOCATION_LIST_BLOCK_CMDCODE Response Sent - Command Code: 0xC9 Data: 0x01 
   17.227: SUPPLIES: MemoryCommoKernelThread WORKTASK_READ_BLOCK_DATA begin. 
   17.227: SUPPLIES: Memory: MemManSubmitWork(): work=WORKTASK_READ_BLOCK_DATA  struct=2 rc=0 MemMgrState=MEM_MGR_IDLE  
   17.227: SUPPLIES: Memory: MemMgrNewState() MEM_MGR_IDLE  --> MEM_MGR_RD_BLOCK_WF_READ  
   17.228: SUPPLIES: Jake2: Tx Read Cmd to SS: Dev=2, Sz=4, Addr=9224
   17.228: ssec: rm: devNum=2, encrypt=true, dataSize=0x4, offset=0x2408
   17.238: INFO serial_transport::packet_reader: rx ack 0x03
   17.249: SUPPLIES: Memory; Supply = Image Kit - Black; R/W High Endurance Memory; Memory Valid = 1 
   17.249:                          0  1  2  3  4  5  6  7  8  9  A  B  C  D  E  F
   17.249:  Address 0x000 (   0): 0x00 00 00 00 00 00 00 00 00 00 00 00 00 B2 DE 00
   17.247: ssec: cmd=4, devNum=2, rc=0
   17.270:  Address 0x010 (  16): 0x00 00 00 00 00 00 00 00 00 00 00 01 BA 26 A2 01
   17.291:  Address 0x020 (  32): 0xD4 C0 00 01 D4 C0 00 01 D4 C0 00 04 44 85 51 00
   17.312:  Address 0x030 (  48): 0x00 00 00 00 00 00 00 00 00 00 00 FE ED 57 80 00
   17.333:  Address 0x040 (  64): 0x00 00 00 00 00 00 00 00 00 00 00 0B E7 04 48 C5
   17.338: SUPPLIES: MemoryCommoKernelThread WORKTASK_READ_BLOCK_DATA finished. 
   17.338: SUPPLIES: MemoryCommoKernelThread exit:  Total Run Time: 111 milliseconds 
   17.347: Nfy REVOCATION_LIST_BLOCK_AVAIL_NFY=0xD5 0x03 0x01 0x00
   17.347: SUPPLIES: Memory: MemMgrNewState() MEM_MGR_RD_BLOCK_WF_READ  --> MEM_MGR_IDLE  
   17.354: IP: IP_COMMAND_QUERY_REVOCATION_LIST_BLOCK_CMDCODE Command  Rcvd - Command Code: 0xCA Data: 0x0301 
   17.354: SUPPLIES: SupplyMgr External Request: SUPPLY_RQST_QRY_REVOC_LIST_BLK_DATA 
   17.354: IP: IP_COMMAND_QUERY_REVOCATION_LIST_BLOCK_CMDCODE Response Sent - Command Code: 0xCA Data: 0xE22D00A0 0x00000000 0x00000000 0x00000000 0x00000000 0x00000000 0x00000000 0x00000000 0x00000000 0x00000000 Remaining bytes:  88) 
   17.354: IP: IP_COMMAND_QUERY_REVOCATION_LIST_BLOCK_CMDCODE Response Sent - Command Code: 0xCA Data: 0x00000000 0x00000000 0x00000000 0x00000000 0x00000000 0x00000000 0x00000000 0x00000000 0x00000000 0x00000000 Remaining bytes:  48) 
   17.354: IP: IP_COMMAND_QUERY_REVOCATION_LIST_BLOCK_CMDCODE Response Sent - Command Code: 0xCA Data: 0x00000000 0x00000000 0x00000000 0x00000000 0x00000000 0x00000000 0x00000000 0x00000000 0x00000000 0x00000000 Remaining bytes:   8) 
   17.354: IP: IP_COMMAND_QUERY_REVOCATION_LIST_BLOCK_CMDCODE Response Sent - Command Code: 0xCA Data: 0x00000000 0x00000000 
   17.354: IP: IP_COMMAND_REQUEST_REVOCATION_LIST_BLOCK_CMDCODE Command  Rcvd - Command Code: 0xC9 Data: 0x0302 
   17.354: SUPPLIES: SupplyMgr External Request: SUPPLY_RQST_READ_REVOC_LIST_BLK 
   17.354:  Address 0x050 (  80): 0x07 00 07 C1 00 00 00 00 A1 F9 00 00 00 00 00 04
   17.354: **** Request Revocation List Block rcvd. id=3, blk=2
   17.354: IP: IP_COMMAND_REQUEST_REVOCATION_LIST_BLOCK_CMDCODE Response Sent - Command Code: 0xC9 Data: 0x01 
   17.357: SUPPLIES: MemoryCommoKernelThread WORKTASK_READ_BLOCK_DATA begin. 
   17.357: SUPPLIES: Memory: MemManSubmitWork(): work=WORKTASK_READ_BLOCK_DATA  struct=2 rc=0 MemMgrState=MEM_MGR_IDLE  
   17.357: SUPPLIES: Memory: MemMgrNewState() MEM_MGR_IDLE  --> MEM_MGR_RD_BLOCK_WF_READ  
   17.368: INFO serial_transport::packet_reader: rx ack 0x04
   17.375:  Address 0x060 (  96): 0x48 B4 00 04 4B 98 00 00 00 00 88 0F 00 00 0E 66
   17.396:  Address 0x070 ( 112): 0x00 00 1B 0F 00 00 00 00 00 00 00 00 00 00 00 00
   17.418:  Address 0x080 ( 128): 0x00 00 00 00 00 00 00 00 00 00 00 00 03 21 00 00
   17.438:  Address 0x090 ( 144): 0x00 00 00 04 44 85 00 00 00 00 00 00 00 00 37 37
   17.448: SUPPLIES: MemoryCommoKernelThread WORKTASK_READ_BLOCK_DATA finished. 
   17.448: SUPPLIES: MemoryCommoKernelThread exit:  Total Run Time: 91 milliseconds 
   17.457: Nfy REVOCATION_LIST_BLOCK_AVAIL_NFY=0xD5 0x03 0x02 0x00
   17.457: SUPPLIES: Memory: MemMgrNewState() MEM_MGR_RD_BLOCK_WF_READ  --> MEM_MGR_IDLE  
   17.459:  Address 0x0A0 ( 160): 0x37 00 00 00 00 00 00 00 00 00 00 00 00 00 00 00
   17.464: IP: IP_COMMAND_QUERY_REVOCATION_LIST_BLOCK_CMDCODE Command  Rcvd - Command Code: 0xCA Data: 0x0302 
   17.464: SUPPLIES: SupplyMgr External Request: SUPPLY_RQST_QRY_REVOC_LIST_BLK_DATA 
   17.464: IP: IP_COMMAND_QUERY_REVOCATION_LIST_BLOCK_CMDCODE Response Sent - Command Code: 0xCA Data: 0x00000000 0x00000000 0x00000000 0x00000000 0x00000000 0x00000000 0x00000000 0x00000000 0x00000000 0x00000000 Remaining bytes:  88) 
   17.464: IP: IP_COMMAND_QUERY_REVOCATION_LIST_BLOCK_CMDCODE Response Sent - Command Code: 0xCA Data: 0x00000000 0x00000000 0x00000000 0x00000000 0x00000000 0x00000000 0x00000000 0x00000000 0x00000000 0x00000000 Remaining bytes:  48) 
   17.464: IP: IP_COMMAND_QUERY_REVOCATION_LIST_BLOCK_CMDCODE Response Sent - Command Code: 0xCA Data: 0x00000000 0x00000000 0x00000000 0x00000000 0x00000000 0x00000000 0x00000000 0x00000000 0x00000000 0x00000000 Remaining bytes:   8) 
   17.464: IP: IP_COMMAND_QUERY_REVOCATION_LIST_BLOCK_CMDCODE Response Sent - Command Code: 0xCA Data: 0x00000000 0x00000000 
   17.464: IP: IP_COMMAND_REQUEST_REVOCATION_LIST_BLOCK_CMDCODE Command  Rcvd - Command Code: 0xC9 Data: 0x0303 
   17.464: SUPPLIES: SupplyMgr External Request: SUPPLY_RQST_READ_REVOC_LIST_BLK 
   17.464: **** Request Revocation List Block rcvd. id=3, blk=3
   17.464: IP: IP_COMMAND_REQUEST_REVOCATION_LIST_BLOCK_CMDCODE Response Sent - Command Code: 0xC9 Data: 0x01 
   17.467: SUPPLIES: MemoryCommoKernelThread WORKTASK_READ_BLOCK_DATA begin. 
   17.467: SUPPLIES: Memory: MemManSubmitWork(): work=WORKTASK_READ_BLOCK_DATA  struct=2 rc=0 MemMgrState=MEM_MGR_IDLE  
   17.467: SUPPLIES: Memory: MemMgrNewState() MEM_MGR_IDLE  --> MEM_MGR_RD_BLOCK_WF_READ  
   17.478: INFO serial_transport::packet_reader: rx ack 0x05
   17.558: SUPPLIES: MemoryCommoKernelThread WORKTASK_READ_BLOCK_DATA finished. 
   17.558: SUPPLIES: MemoryCommoKernelThread exit:  Total Run Time: 91 milliseconds 
   17.567: Nfy REVOCATION_LIST_BLOCK_AVAIL_NFY=0xD5 0x03 0x03 0x00
   17.567: SUPPLIES: Memory: MemMgrNewState() MEM_MGR_RD_BLOCK_WF_READ  --> MEM_MGR_IDLE  
   17.574: IP: IP_COMMAND_QUERY_REVOCATION_LIST_BLOCK_CMDCODE Command  Rcvd - Command Code: 0xCA Data: 0x0303 
   17.574: SUPPLIES: SupplyMgr External Request: SUPPLY_RQST_QRY_REVOC_LIST_BLK_DATA 
   17.574: IP: IP_COMMAND_QUERY_REVOCATION_LIST_BLOCK_CMDCODE Response Sent - Command Code: 0xCA Data: 0x0B05F4C5 0x02250810 0x00000000 0x00000000 0x00000000 0x00000000 0x00000000 0x00000000 0xFD360760 0x00000000 Remaining bytes:  88) 
   17.574: IP: IP_COMMAND_QUERY_REVOCATION_LIST_BLOCK_CMDCODE Response Sent - Command Code: 0xCA Data: 0x00000000 0x00000000 0x00000000 0xB92D0760 0x00000000 0x00000000 0x00000000 0x00000000 0x4D2E0760 0x30E30300 Remaining bytes:  48) 
   17.574: IP: IP_COMMAND_QUERY_REVOCATION_LIST_BLOCK_CMDCODE Response Sent - Command Code: 0xCA Data: 0x00000000 0x00000000 0x00000000 0xF93E0760 0x30E30300 0x00000000 0x00000000 0x00000000 0x11360760 0x30E30300 Remaining bytes:   8) 
   17.574: IP: IP_COMMAND_QUERY_REVOCATION_LIST_BLOCK_CMDCODE Response Sent - Command Code: 0xCA Data: 0x00000000 0x00000000 
   17.574: IP: IP_COMMAND_REQUEST_REVOCATION_LIST_BLOCK_CMDCODE Command  Rcvd - Command Code: 0xC9 Data: 0x0304 
   17.574: SUPPLIES: SupplyMgr External Request: SUPPLY_RQST_READ_REVOC_LIST_BLK 
   17.574: **** Request Revocation List Block rcvd. id=3, blk=4
   17.574: IP: IP_COMMAND_REQUEST_REVOCATION_LIST_BLOCK_CMDCODE Response Sent - Command Code: 0xC9 Data: 0x01 
   17.577: SUPPLIES: MemoryCommoKernelThread WORKTASK_READ_BLOCK_DATA begin. 
   17.577: SUPPLIES: Memory: MemManSubmitWork(): work=WORKTASK_READ_BLOCK_DATA  struct=2 rc=0 MemMgrState=MEM_MGR_IDLE  
   17.577: SUPPLIES: Memory: MemMgrNewState() MEM_MGR_IDLE  --> MEM_MGR_RD_BLOCK_WF_READ  
   17.588: INFO serial_transport::packet_reader: rx ack 0x06
   17.655, 0.000, 'FuserMainPwrPercentAct',         33,        230, 0, 0
   17.668: SUPPLIES: MemoryCommoKernelThread WORKTASK_READ_BLOCK_DATA finished. 
   17.668: SUPPLIES: MemoryCommoKernelThread exit:  Total Run Time: 91 milliseconds 
   17.670: SUPPLIES: Memory; Supply = Image Kit - Color; Rd Only Memory; Memory Valid = 1 
   17.670:                          0  1  2  3  4  5  6  7  8  9  A  B  C  D  E  F
   17.670:  Address 0x000 (   0): 0x43 41 48 32 33 32 39 33 30 32 39 34 20 20 32 30
   17.677: Nfy REVOCATION_LIST_BLOCK_AVAIL_NFY=0xD5 0x03 0x04 0x00
   17.677: SUPPLIES: Memory: MemMgrNewState() MEM_MGR_RD_BLOCK_WF_READ  --> MEM_MGR_IDLE  
   17.684: IP: IP_COMMAND_QUERY_REVOCATION_LIST_BLOCK_CMDCODE Command  Rcvd - Command Code: 0xCA Data: 0x0304 
   17.684: SUPPLIES: SupplyMgr External Request: SUPPLY_RQST_QRY_REVOC_LIST_BLK_DATA 
   17.684: IP: IP_COMMAND_QUERY_REVOCATION_LIST_BLOCK_CMDCODE Response Sent - Command Code: 0xCA Data: 0x00000000 0x892E0760 0x30E30300 0x00000000 0x00000000 0x00000000 0xE52E0760 0x00000000 0x00000000 0x00000000 Remaining bytes:  88) 
   17.684: IP: IP_COMMAND_QUERY_REVOCATION_LIST_BLOCK_CMDCODE Response Sent - Command Code: 0xCA Data: 0x00000000 0x292F0760 0x30E30300 0x00000000 0x00000000 0x00000000 0x692F0760 0x00000000 0x00000000 0x00000000 Remaining bytes:  48) 
   17.684: IP: IP_COMMAND_QUERY_REVOCATION_LIST_BLOCK_CMDCODE Response Sent - Command Code: 0xCA Data: 0x00000000 0xA92F0760 0x30E30300 0x00000000 0x00000000 0x00000000 0xD92F0760 0x00000000 0x00000000 0x00000000 Remaining bytes:   8) 
   17.684: IP: IP_COMMAND_QUERY_REVOCATION_LIST_BLOCK_CMDCODE Response Sent - Command Code: 0xCA Data: 0x00000000 0x09300760 
   17.684: IP: IP_COMMAND_REQUEST_REVOCATION_LIST_BLOCK_CMDCODE Command  Rcvd - Command Code: 0xC9 Data: 0x0305 
   17.684: SUPPLIES: SupplyMgr External Request: SUPPLY_RQST_READ_REVOC_LIST_BLK 
   17.684: **** Request Revocation List Block rcvd. id=3, blk=5
   17.684: IP: IP_COMMAND_REQUEST_REVOCATION_LIST_BLOCK_CMDCODE Response Sent - Command Code: 0xC9 Data: 0x01 
   17.687: SUPPLIES: MemoryCommoKernelThread WORKTASK_READ_BLOCK_DATA begin. 
   17.687: SUPPLIES: Memory: MemManSubmitWork(): work=WORKTASK_READ_BLOCK_DATA  struct=2 rc=0 MemMgrState=MEM_MGR_IDLE  
   17.687: SUPPLIES: Memory: MemMgrNewState() MEM_MGR_IDLE  --> MEM_MGR_RD_BLOCK_WF_READ  
   17.691:  Address 0x010 (  16): 0x4C 50 30 30 30 30 01 00 FF FF FF FF FF FF FF FF
   17.698: INFO serial_transport::packet_reader: rx ack 0x07
   17.712:  Address 0x020 (  32): 0xFF 7F FF FF 33 00 00 00 00 00 02 BF 20 00 0E EC
   17.733:  Address 0x030 (  48): 0x50 00 05 25 59 00 00 00 00 00 00 7A 78 00 00 1B
<FAN EngineTime='   17.741' StringId='67' PrinterSideCount='157' StartTime='2026-09-23 05:58' RealTime='2026-09-23 05:58' FanName='LVPSFan' FanPWM='63' RequestedSpeed='2000' MeasuredSpeed='2073' StateTransition='EnteringClosedLoop' />
   17.754:  Address 0x040 (  64): 0x58 00 00 64 00 00 00 00 00 00 0A 00 00 00 00 00
   17.755, 0.000, 'FuserMainPwrPercentAct',          0,        230, 0, 0
   17.775:  Address 0x050 (  80): 0x00 00 00 00 00 00 00 00 00 00 64 64 64 64 64 64
   17.778: SUPPLIES: MemoryCommoKernelThread WORKTASK_READ_BLOCK_DATA finished. 
   17.778: SUPPLIES: MemoryCommoKernelThread exit:  Total Run Time: 91 milliseconds 
   17.787: Nfy REVOCATION_LIST_BLOCK_AVAIL_NFY=0xD5 0x03 0x05 0x00
   17.787: SUPPLIES: Memory: MemMgrNewState() MEM_MGR_RD_BLOCK_WF_READ  --> MEM_MGR_IDLE  
   17.794: IP: IP_COMMAND_QUERY_REVOCATION_LIST_BLOCK_CMDCODE Command  Rcvd - Command Code: 0xCA Data: 0x0305 
   17.794: SUPPLIES: SupplyMgr External Request: SUPPLY_RQST_QRY_REVOC_LIST_BLK_DATA 
   17.794: IP: IP_COMMAND_QUERY_REVOCATION_LIST_BLOCK_CMDCODE Response Sent - Command Code: 0xCA Data: 0x00000000 0x00000000 0x00000000 0x00000000 0x552D0760 0x30E30300 0x00000000 0x00000000 0x00000000 0x59380760 Remaining bytes:  88) 
   17.794: IP: IP_COMMAND_QUERY_REVOCATION_LIST_BLOCK_CMDCODE Response Sent - Command Code: 0xCA Data: 0x30E30300 0x00000000 0x00000000 0x00000000 0x39300760 0x30E30300 0x00000000 0x00000000 0x00000000 0xAD300760 Remaining bytes:  48) 
   17.794: IP: IP_COMMAND_QUERY_REVOCATION_LIST_BLOCK_CMDCODE Response Sent - Command Code: 0xCA Data: 0x30E30300 0x00000000 0x00000000 0x00000000 0xDD300760 0x00000000 0x00000000 0x00000000 0x00000000 0x1D310760 Remaining bytes:   8) 
   17.794: IP: IP_COMMAND_QUERY_REVOCATION_LIST_BLOCK_CMDCODE Response Sent - Command Code: 0xCA Data: 0x30E30300 0x00000000 
   17.796:  Address 0x060 (  96): 0x64 64 64 64 64 64 64 64 64 64 64 64 64 64 64 64
   17.810: INFO serial_transport::packet_reader: rx ack 0x08
   17.810: INFO serial_transport::packet_reader: rx ack 0x09
   17.818:  Address 0x070 ( 112): 0x64 64 32 04 B0 14 0A FF FF 59 54 01 D1 7F 00 0B
   17.839:  Address 0x080 ( 128): 0xB8 00 00 EA 60 01 4F B1 80 FE ED 57 80 01 4F B1
   17.859: INFO serial_transport::packet_reader: rx seq 0x0d CRC 0x8f02 len 47 accept cur 0x0d
   17.860:  Address 0x090 ( 144): 0x80 00 00 00 B3 00 00 01 B3 00 00 00 4A 65 00 00
   17.860: INFO printengine_lxk::node_tree::engine: Call: securityAction("QueryRevocationList", "KBottle")
   17.860: IP: IP_COMMAND_REQUEST_REVOCATION_LIST_BLOCK_CMDCODE Command  Rcvd - Command Code: 0xC9 Data: 0x0400 
   17.860: SUPPLIES: SupplyMgr External Request: SUPPLY_RQST_READ_REVOC_LIST_BLK 
   17.860: **** Request Revocation List Block rcvd. id=4, blk=0
   17.862: IP: IP_COMMAND_REQUEST_REVOCATION_LIST_BLOCK_CMDCODE Response Sent - Command Code: 0xC9 Data: 0x01 
   17.867: SUPPLIES: MemoryCommoKernelThread WORKTASK_READ_BLOCK_DATA begin. 
   17.867: SUPPLIES: Memory: MemManSubmitWork(): work=WORKTASK_READ_BLOCK_DATA  struct=2 rc=0 MemMgrState=MEM_MGR_IDLE  
   17.867: SUPPLIES: Memory: MemMgrNewState() MEM_MGR_IDLE  --> MEM_MGR_RD_BLOCK_WF_READ  
   17.868: SUPPLIES: Jake2: Tx Read Cmd to SS: Dev=1, Sz=128, Addr=9096
   17.868: ssec: rm: devNum=1, encrypt=true, dataSize=0x80, offset=0x2388
   17.881:  Address 0x0A0 ( 160): 0x07 D0 00 64 FF 0A 05 01 00 00 FF FF 0A 5A 02 32
   17.889: ssec: cmd=4, devNum=1, rc=0
   17.902:  Address 0x0B0 ( 176): 0x01 01 00 00 FF FF 00 00 00 00 00 00 00 00 00 13
   17.923:  Address 0x0C0 ( 192): 0x48 86 00 06 A6 40 00 00 00 00 00 00 00 00 73 BE
   17.944:  Address 0x0D0 ( 208): 0x9B 73 C8 DC 00 00 00 00 00 04 93 E0 00 00 FC E0
   17.965:  Address 0x0E0 ( 224): 0x5F 91 91 00 00 5A F5 5F 6E 6E 00 00 00 00 00 04
   17.978: SUPPLIES: MemoryCommoKernelThread WORKTASK_READ_BLOCK_DATA finished. 
   17.978: SUPPLIES: MemoryCommoKernelThread exit:  Total Run Time: 111 milliseconds 
   17.986:  Address 0x0F0 ( 240): 0x93 E0 FF 38 00 00 05 80 00 00 01 80 46 28 19 FF
   17.987: Nfy REVOCATION_LIST_BLOCK_AVAIL_NFY=0xD5 0x04 0x00 0x00
   17.987: SUPPLIES: Memory: MemMgrNewState() MEM_MGR_RD_BLOCK_WF_READ  --> MEM_MGR_IDLE  
   17.994: IP: IP_COMMAND_QUERY_REVOCATION_LIST_BLOCK_CMDCODE Command  Rcvd - Command Code: 0xCA Data: 0x0400 
   17.994: SUPPLIES: SupplyMgr External Request: SUPPLY_RQST_QRY_REVOC_LIST_BLK_DATA 
   17.994: IP: IP_COMMAND_QUERY_REVOCATION_LIST_BLOCK_CMDCODE Response Sent - Command Code: 0xCA Data: 0x00000000 0x00000000 0x00000000 0x00000000 0x00000000 0x00000000 0x00000000 0x00000000 0x00000000 0x00000000 Remaining bytes:  88) 
   17.994: IP: IP_COMMAND_QUERY_REVOCATION_LIST_BLOCK_CMDCODE Response Sent - Command Code: 0xCA Data: 0x00000000 0x00000000 0x00000000 0x00000000 0x00000000 0x00000000 0x00000000 0x00000000 0x00000000 0x00000000 Remaining bytes:  48) 
   17.994: IP: IP_COMMAND_QUERY_REVOCATION_LIST_BLOCK_CMDCODE Response Sent - Command Code: 0xCA Data: 0x00000000 0x00000000 0x00000000 0x00000000 0x00000000 0x00000000 0x00000000 0x00000000 0x00000000 0x00000000 Remaining bytes:   8) 
   17.994: IP: IP_COMMAND_QUERY_REVOCATION_LIST_BLOCK_CMDCODE Response Sent - Command Code: 0xCA Data: 0x00000000 0x00000000 
   17.994: IP: IP_COMMAND_REQUEST_REVOCATION_LIST_BLOCK_CMDCODE Command  Rcvd - Command Code: 0xC9 Data: 0x0401 
   17.994: SUPPLIES: SupplyMgr External Request: SUPPLY_RQST_READ_REVOC_LIST_BLK 
   17.994: **** Request Revocation List Block rcvd. id=4, blk=1
   17.994: IP: IP_COMMAND_REQUEST_REVOCATION_LIST_BLOCK_CMDCODE Response Sent - Command Code: 0xC9 Data: 0x01 
   17.997: SUPPLIES: MemoryCommoKernelThread WORKTASK_READ_BLOCK_DATA begin. 
   17.997: SUPPLIES: Memory: MemManSubmitWork(): work=WORKTASK_READ_BLOCK_DATA  struct=2 rc=0 MemMgrState=MEM_MGR_IDLE  
   17.997: SUPPLIES: Memory: MemMgrNewState() MEM_MGR_IDLE  --> MEM_MGR_RD_BLOCK_WF_READ  
   17.998: SUPPLIES: Jake2: Tx Read Cmd to SS: Dev=1, Sz=4, Addr=9224
   17.998: ssec: rm: devNum=1, encrypt=true, dataSize=0x4, offset=0x2408
   18.008:  Address 0x100 ( 256): 0xFF FF C7 1D 00 00 00 00 00 01 55 55 00 00 00 00
   18.008: INFO serial_transport::packet_reader: rx ack 0x0a
   18.017: ssec: cmd=4, devNum=1, rc=0
   18.028:  Address 0x110 ( 272): 0x00 00 00 00 00 00 47 65 6E 75 69 6E 65 20 4C 65
   18.049:  Address 0x120 ( 288): 0x78 6D 61 72 6B 00 00 00 32 00 64 00 C8 01 90 02
   18.070:  Address 0x130 ( 304): 0x8A 03 12 04 9D 07 5C 0D 80 05 14 05 14 05 F3 09
   18.091:  Address 0x140 ( 320): 0x0F 0F B0 03 E8 03 E8 05 69 08 C0 0F 9B 02 58 03
   18.106: SUPPLIES: MemoryCommoKernelThread WORKTASK_READ_BLOCK_DATA finished. 
   18.106: SUPPLIES: MemoryCommoKernelThread exit:  Total Run Time: 109 milliseconds 
   18.107: Nfy REVOCATION_LIST_BLOCK_AVAIL_NFY=0xD5 0x04 0x01 0x00
   18.107: SUPPLIES: Memory: MemMgrNewState() MEM_MGR_RD_BLOCK_WF_READ  --> MEM_MGR_IDLE  
   18.112:  Address 0x150 ( 336): 0x0C 04 7C 07 22 08 98 01 90 02 5E 03 7A 03 E8 03
   18.114: IP: IP_COMMAND_QUERY_REVOCATION_LIST_BLOCK_CMDCODE Command  Rcvd - Command Code: 0xCA Data: 0x0401 
   18.114: SUPPLIES: SupplyMgr External Request: SUPPLY_RQST_QRY_REVOC_LIST_BLK_DATA 
   18.114: IP: IP_COMMAND_QUERY_REVOCATION_LIST_BLOCK_CMDCODE Response Sent - Command Code: 0xCA Data: 0x6C3100A0 0x00000000 0x00000000 0x00000000 0x00000000 0x00000000 0x00000000 0x00000000 0x00000000 0x00000000 Remaining bytes:  88) 
   18.114: IP: IP_COMMAND_QUERY_REVOCATION_LIST_BLOCK_CMDCODE Response Sent - Command Code: 0xCA Data: 0x00000000 0x00000000 0x00000000 0x00000000 0x00000000 0x00000000 0x00000000 0x00000000 0x00000000 0x00000000 Remaining bytes:  48) 
   18.114: IP: IP_COMMAND_QUERY_REVOCATION_LIST_BLOCK_CMDCODE Response Sent - Command Code: 0xCA Data: 0x00000000 0x00000000 0x00000000 0x00000000 0x00000000 0x00000000 0x00000000 0x00000000 0x00000000 0x00000000 Remaining bytes:   8) 
   18.114: IP: IP_COMMAND_QUERY_REVOCATION_LIST_BLOCK_CMDCODE Response Sent - Command Code: 0xCA Data: 0x00000000 0x00000000 
   18.114: IP: IP_COMMAND_REQUEST_REVOCATION_LIST_BLOCK_CMDCODE Command  Rcvd - Command Code: 0xC9 Data: 0x0402 
   18.114: SUPPLIES: SupplyMgr External Request: SUPPLY_RQST_READ_REVOC_LIST_BLK 
   18.114: **** Request Revocation List Block rcvd. id=4, blk=2
   18.114: IP: IP_COMMAND_REQUEST_REVOCATION_LIST_BLOCK_CMDCODE Response Sent - Command Code: 0xC9 Data: 0x01 
   18.117: SUPPLIES: MemoryCommoKernelThread WORKTASK_READ_BLOCK_DATA begin. 
   18.117: SUPPLIES: Memory: MemManSubmitWork(): work=WORKTASK_READ_BLOCK_DATA  struct=2 rc=0 MemMgrState=MEM_MGR_IDLE  
   18.117: SUPPLIES: Memory: MemMgrNewState() MEM_MGR_IDLE  --> MEM_MGR_RD_BLOCK_WF_READ  
   18.128: INFO serial_transport::packet_reader: rx ack 0x0b
   18.133:  Address 0x160 ( 352): 0xE8 00 C8 01 2D 02 4E 02 BC 02 BC 03 12 03 12 04
   18.154:  Address 0x170 ( 368): 0x6F 07 15 07 D0 04 4C 04 C5 06 0A 08 CA 0D BE 07
   18.175:  Address 0x180 ( 384): 0x6C 07 6C 07 E7 0A CE 0F B6 06 40 06 40 07 56 0A
   18.196:  Address 0x190 ( 400): 0x79 0F 9B 03 20 04 19 05 9E 08 13 09 60 01 F4 03
   18.208: SUPPLIES: MemoryCommoKernelThread WORKTASK_READ_BLOCK_DATA finished. 
   18.208: SUPPLIES: MemoryCommoKernelThread exit:  Total Run Time: 91 milliseconds 
   18.217: Nfy REVOCATION_LIST_BLOCK_AVAIL_NFY=0xD5 0x04 0x02 0x00
   18.217: SUPPLIES: Memory: MemMgrNewState() MEM_MGR_RD_BLOCK_WF_READ  --> MEM_MGR_IDLE  
   18.218:  Address 0x1A0 ( 416): 0x89 04 BE 05 14 05 14 01 2C 01 EB 03 1C 03 E8 03
   18.224: IP: IP_COMMAND_QUERY_REVOCATION_LIST_BLOCK_CMDCODE Command  Rcvd - Command Code: 0xCA Data: 0x0402 
   18.224: SUPPLIES: SupplyMgr External Request: SUPPLY_RQST_QRY_REVOC_LIST_BLK_DATA 
   18.224: IP: IP_COMMAND_QUERY_REVOCATION_LIST_BLOCK_CMDCODE Response Sent - Command Code: 0xCA Data: 0x00000000 0x00000000 0x00000000 0x00000000 0x00000000 0x00000000 0x00000000 0x00000000 0x00000000 0x00000000 Remaining bytes:  88) 
   18.224: IP: IP_COMMAND_QUERY_REVOCATION_LIST_BLOCK_CMDCODE Response Sent - Command Code: 0xCA Data: 0x00000000 0x00000000 0x00000000 0x00000000 0x00000000 0x00000000 0x00000000 0x00000000 0x00000000 0x00000000 Remaining bytes:  48) 
   18.224: IP: IP_COMMAND_QUERY_REVOCATION_LIST_BLOCK_CMDCODE Response Sent - Command Code: 0xCA Data: 0x00000000 0x00000000 0x00000000 0x00000000 0x00000000 0x00000000 0x00000000 0x00000000 0x00000000 0x00000000 Remaining bytes:   8) 
   18.224: IP: IP_COMMAND_QUERY_REVOCATION_LIST_BLOCK_CMDCODE Response Sent - Command Code: 0xCA Data: 0x00000000 0x00000000 
   18.224: IP: IP_COMMAND_REQUEST_REVOCATION_LIST_BLOCK_CMDCODE Command  Rcvd - Command Code: 0xC9 Data: 0x0403 
   18.224: SUPPLIES: SupplyMgr External Request: SUPPLY_RQST_READ_REVOC_LIST_BLK 
   18.224: **** Request Revocation List Block rcvd. id=4, blk=3
   18.224: IP: IP_COMMAND_REQUEST_REVOCATION_LIST_BLOCK_CMDCODE Response Sent - Command Code: 0xC9 Data: 0x01 
   18.227: SUPPLIES: MemoryCommoKernelThread WORKTASK_READ_BLOCK_DATA begin. 
   18.227: SUPPLIES: Memory: MemManSubmitWork(): work=WORKTASK_READ_BLOCK_DATA  struct=2 rc=0 MemMgrState=MEM_MGR_IDLE  
   18.227: SUPPLIES: Memory: MemMgrNewState() MEM_MGR_IDLE  --> MEM_MGR_RD_BLOCK_WF_READ  
   18.238: INFO serial_transport::packet_reader: rx ack 0x0c
   18.239:  Address 0x1B0 ( 432): 0xE8 03 F8 03 F8 05 76 07 E7 08 98 04 B0 05 34 06
   18.260:  Address 0x1C0 ( 448): 0xCE 09 A8 0F 8B 08 34 08 34 08 D4 0C 2B 11 A3 06
   18.281:  Address 0x1D0 ( 464): 0xA4 06 A4 08 71 0B 8D 11 AA 03 E8 04 CB 06 42 08
   18.302:  Address 0x1E0 ( 480): 0xEE 0A 28 02 58 03 9C 04 EC 05 78 05 78 01 90 02
   18.318: SUPPLIES: MemoryCommoKernelThread WORKTASK_READ_BLOCK_DATA finished. 
   18.318: SUPPLIES: MemoryCommoKernelThread exit:  Total Run Time: 91 milliseconds 
   18.323:  Address 0x1F0 ( 496): 0xD1 03 FF 04 B0 04 B0 04 6F 04 6F 06 8A 09 A6 0A
   18.327: Nfy REVOCATION_LIST_BLOCK_AVAIL_NFY=0xD5 0x04 0x03 0x00
   18.327: SUPPLIES: Memory: MemMgrNewState() MEM_MGR_RD_BLOCK_WF_READ  --> MEM_MGR_IDLE  
   18.334: IP: IP_COMMAND_QUERY_REVOCATION_LIST_BLOCK_CMDCODE Command  Rcvd - Command Code: 0xCA Data: 0x0403 
   18.334: SUPPLIES: SupplyMgr External Request: SUPPLY_RQST_QRY_REVOC_LIST_BLK_DATA 
   18.334: IP: IP_COMMAND_QUERY_REVOCATION_LIST_BLOCK_CMDCODE Response Sent - Command Code: 0xCA Data: 0x0B05F7C5 0x01250810 0x00000000 0x00000000 0x00000000 0x00000000 0x00000000 0x00000000 0xFD360760 0x00000000 Remaining bytes:  88) 
   18.334: IP: IP_COMMAND_QUERY_REVOCATION_LIST_BLOCK_CMDCODE Response Sent - Command Code: 0xCA Data: 0x00000000 0x00000000 0x00000000 0xB92D0760 0x00000000 0x00000000 0x00000000 0x00000000 0x4D2E0760 0x30E30300 Remaining bytes:  48) 
   18.334: IP: IP_COMMAND_QUERY_REVOCATION_LIST_BLOCK_CMDCODE Response Sent - Command Code: 0xCA Data: 0x00000000 0x00000000 0x00000000 0xF93E0760 0x30E30300 0x00000000 0x00000000 0x00000000 0x11360760 0x30E30300 Remaining bytes:   8) 
   18.334: IP: IP_COMMAND_QUERY_REVOCATION_LIST_BLOCK_CMDCODE Response Sent - Command Code: 0xCA Data: 0x00000000 0x00000000 
   18.334: IP: IP_COMMAND_REQUEST_REVOCATION_LIST_BLOCK_CMDCODE Command  Rcvd - Command Code: 0xC9 Data: 0x0404 
   18.334: SUPPLIES: SupplyMgr External Request: SUPPLY_RQST_READ_REVOC_LIST_BLK 
   18.334: **** Request Revocation List Block rcvd. id=4, blk=4
   18.334: IP: IP_COMMAND_REQUEST_REVOCATION_LIST_BLOCK_CMDCODE Response Sent - Command Code: 0xC9 Data: 0x01 
   18.337: SUPPLIES: MemoryCommoKernelThread WORKTASK_READ_BLOCK_DATA begin. 
   18.337: SUPPLIES: Memory: MemManSubmitWork(): work=WORKTASK_READ_BLOCK_DATA  struct=2 rc=0 MemMgrState=MEM_MGR_IDLE  
   18.337: SUPPLIES: Memory: MemMgrNewState() MEM_MGR_IDLE  --> MEM_MGR_RD_BLOCK_WF_READ  
   18.344:  Address 0x200 ( 512): 0x28 04 B0 05 34 07 0D 09 A8 0F 8B 08 34 08 34 08
   18.348: INFO serial_transport::packet_reader: rx ack 0x0d
   18.355, 0.000, 'FuserMainPwrPercentAct',         33,        230, 0, 0
   18.365:  Address 0x210 ( 528): 0xFB 0C 17 11 A3 06 A4 06 A4 08 85 0C 3F 11 AA 03
   18.386:  Address 0x220 ( 544): 0xE8 04 D2 06 8A 09 A2 0A F0 02 58 03 B7 05 48 05
   18.405, 0.000, 'FuserMainPwrPercentAct',          0,        230, 0, 0
   18.408:  Address 0x230 ( 560): 0xDC 05 DC 01 90 02 D1 03 FF 04 B0 04 B0 04 6F 04
   18.428: SUPPLIES: MemoryCommoKernelThread WORKTASK_READ_BLOCK_DATA finished. 
   18.428: SUPPLIES: MemoryCommoKernelThread exit:  Total Run Time: 91 milliseconds 
   18.429:  Address 0x240 ( 576): 0x6F 06 49 09 A6 0A 28 00 00 00 00 00 00 00 00 00
   18.437: Nfy REVOCATION_LIST_BLOCK_AVAIL_NFY=0xD5 0x04 0x04 0x00
   18.437: SUPPLIES: Memory: MemMgrNewState() MEM_MGR_RD_BLOCK_WF_READ  --> MEM_MGR_IDLE  
   18.444: IP: IP_COMMAND_QUERY_REVOCATION_LIST_BLOCK_CMDCODE Command  Rcvd - Command Code: 0xCA Data: 0x0404 
   18.444: SUPPLIES: SupplyMgr External Request: SUPPLY_RQST_QRY_REVOC_LIST_BLK_DATA 
   18.444: IP: IP_COMMAND_QUERY_REVOCATION_LIST_BLOCK_CMDCODE Response Sent - Command Code: 0xCA Data: 0x00000000 0x892E0760 0x30E30300 0x00000000 0x00000000 0x00000000 0xE52E0760 0x00000000 0x00000000 0x00000000 Remaining bytes:  88) 
   18.444: IP: IP_COMMAND_QUERY_REVOCATION_LIST_BLOCK_CMDCODE Response Sent - Command Code: 0xCA Data: 0x00000000 0x292F0760 0x30E30300 0x00000000 0x00000000 0x00000000 0x692F0760 0x00000000 0x00000000 0x00000000 Remaining bytes:  48) 
   18.444: IP: IP_COMMAND_QUERY_REVOCATION_LIST_BLOCK_CMDCODE Response Sent - Command Code: 0xCA Data: 0x00000000 0xA92F0760 0x30E30300 0x00000000 0x00000000 0x00000000 0xD92F0760 0x00000000 0x00000000 0x00000000 Remaining bytes:   8) 
   18.444: IP: IP_COMMAND_QUERY_REVOCATION_LIST_BLOCK_CMDCODE Response Sent - Command Code: 0xCA Data: 0x00000000 0x09300760 
   18.444: IP: IP_COMMAND_REQUEST_REVOCATION_LIST_BLOCK_CMDCODE Command  Rcvd - Command Code: 0xC9 Data: 0x0405 
   18.444: SUPPLIES: SupplyMgr External Request: SUPPLY_RQST_READ_REVOC_LIST_BLK 
   18.444: **** Request Revocation List Block rcvd. id=4, blk=5
   18.444: IP: IP_COMMAND_REQUEST_REVOCATION_LIST_BLOCK_CMDCODE Response Sent - Command Code: 0xC9 Data: 0x01 
   18.447: SUPPLIES: MemoryCommoKernelThread WORKTASK_READ_BLOCK_DATA begin. 
   18.447: SUPPLIES: Memory: MemManSubmitWork(): work=WORKTASK_READ_BLOCK_DATA  struct=2 rc=0 MemMgrState=MEM_MGR_IDLE  
   18.447: SUPPLIES: Memory: MemMgrNewState() MEM_MGR_IDLE  --> MEM_MGR_RD_BLOCK_WF_READ  
   18.450:  Address 0x250 ( 592): 0x00 00 00 00 00 00 00 00 00 00 00 00 00 00 00 00
   18.458: INFO serial_transport::packet_reader: rx ack 0x0e
   18.471:  Address 0x260 ( 608): 0x00 00 00 00 00 00 00 00 00 00 00 00 00 00 00 00
   18.492:  Address 0x270 ( 624): 0x00 00 00 00 00 00 00 00 00 00 00 00 00 00 00 00
   18.538: SUPPLIES: MemoryCommoKernelThread WORKTASK_READ_BLOCK_DATA finished. 
   18.538: SUPPLIES: MemoryCommoKernelThread exit:  Total Run Time: 91 milliseconds 
   18.547: Nfy REVOCATION_LIST_BLOCK_AVAIL_NFY=0xD5 0x04 0x05 0x00
   18.547: SUPPLIES: Memory: MemMgrNewState() MEM_MGR_RD_BLOCK_WF_READ  --> MEM_MGR_IDLE  
   18.554: IP: IP_COMMAND_QUERY_REVOCATION_LIST_BLOCK_CMDCODE Command  Rcvd - Command Code: 0xCA Data: 0x0405 
   18.554: SUPPLIES: SupplyMgr External Request: SUPPLY_RQST_QRY_REVOC_LIST_BLK_DATA 
   18.554: IP: IP_COMMAND_QUERY_REVOCATION_LIST_BLOCK_CMDCODE Response Sent - Command Code: 0xCA Data: 0x00000000 0x00000000 0x00000000 0x00000000 0x552D0760 0x30E30300 0x00000000 0x00000000 0x00000000 0x59380760 Remaining bytes:  88) 
   18.554: IP: IP_COMMAND_QUERY_REVOCATION_LIST_BLOCK_CMDCODE Response Sent - Command Code: 0xCA Data: 0x30E30300 0x00000000 0x00000000 0x00000000 0x39300760 0x30E30300 0x00000000 0x00000000 0x00000000 0xAD300760 Remaining bytes:  48) 
   18.554: IP: IP_COMMAND_QUERY_REVOCATION_LIST_BLOCK_CMDCODE Response Sent - Command Code: 0xCA Data: 0x30E30300 0x00000000 0x00000000 0x00000000 0xDD300760 0x00000000 0x00000000 0x00000000 0x00000000 0x1D310760 Remaining bytes:   8) 
   18.554: IP: IP_COMMAND_QUERY_REVOCATION_LIST_BLOCK_CMDCODE Response Sent - Command Code: 0xCA Data: 0x30E30300 0x00000000 
   18.570: INFO serial_transport::packet_reader: rx ack 0x0f
   18.570: INFO serial_transport::packet_reader: rx ack 0x00
   18.625: INFO serial_transport::packet_reader: rx seq 0x0e CRC 0x52e0 len 45 accept cur 0x0e
   18.628: INFO printengine_lxk::node_tree::engine: Call: securityAction("QueryRevocationList", "Fuser")
   18.634: INFO serial_transport::packet_reader: rx ack 0x01
   18.682: INFO serial_transport::packet_reader: rx seq 0x0f CRC 0xd9a9 len 52 accept cur 0x0f
   18.683: INFO printengine_lxk::node_tree::engine: Call: securityAction("QueryRevocationList", "KImagingUnit")
   18.683: IP: IP_COMMAND_REQUEST_REVOCATION_LIST_BLOCK_CMDCODE Command  Rcvd - Command Code: 0xC9 Data: 0x0F00 
   18.683: SUPPLIES: SupplyMgr External Request: SUPPLY_RQST_READ_REVOC_LIST_BLK 
   18.683: **** Request Revocation List Block rcvd. id=15, blk=0
   18.683: IP: IP_COMMAND_REQUEST_REVOCATION_LIST_BLOCK_CMDCODE Response Sent - Command Code: 0xC9 Data: 0x01 
   18.687: SUPPLIES: MemoryCommoKernelThread WORKTASK_READ_BLOCK_DATA begin. 
   18.687: SUPPLIES: Memory: MemManSubmitWork(): work=WORKTASK_READ_BLOCK_DATA  struct=2 rc=0 MemMgrState=MEM_MGR_IDLE  
   18.687: SUPPLIES: Memory: MemMgrNewState() MEM_MGR_IDLE  --> MEM_MGR_RD_BLOCK_WF_READ  
   18.688: SUPPLIES: Jake2: Tx Read Cmd to SS: Dev=5, Sz=128, Addr=9096
   18.688: ssec: rm: devNum=5, encrypt=true, dataSize=0x80, offset=0x2388
   18.702: SUPPLIES: Memory; Supply = Image Kit - Color; R/W Starndard Endurance Memory; Memory Valid = 1 
   18.702:                          0  1  2  3  4  5  6  7  8  9  A  B  C  D  E  F
   18.702:  Address 0x000 (   0): 0x00 FF FF FF FF FF FF FF FF FF 7F FF 35 30 36 36
   18.709: ssec: cmd=4, devNum=5, rc=0
   18.723:  Address 0x010 (  16): 0x46 53 54 53 46 48 30 32 35 00 00 00 00 00 00 00
   18.744:  Address 0x020 (  32): 0x00 00 00 00 00 00 00 00 00 00 00 00 00 00 00 00
   18.755, 0.000, 'FuserMainPwrPercentAct',         33,        230, 0, 0
   18.765:  Address 0x030 (  48): 0x00 00 00 00 00 00 00 00 00 00 00 00 65 EB 00 00
   18.786:  Address 0x040 (  64): 0x00 00 00 00 19 02 00 00 00 00 00 00 00 00 00 00
   18.798: SUPPLIES: MemoryCommoKernelThread WORKTASK_READ_BLOCK_DATA finished. 
   18.798: SUPPLIES: MemoryCommoKernelThread exit:  Total Run Time: 111 milliseconds 
   18.807: Nfy REVOCATION_LIST_BLOCK_AVAIL_NFY=0xD5 0x0F 0x00 0x00
   18.807: SUPPLIES: Memory: MemMgrNewState() MEM_MGR_RD_BLOCK_WF_READ  --> MEM_MGR_IDLE  
   18.808:  Address 0x050 (  80): 0x00 00 00 00 00 00 00 00 00 00 00 00 00 00 00 00
   18.814: IP: IP_COMMAND_QUERY_REVOCATION_LIST_BLOCK_CMDCODE Command  Rcvd - Command Code: 0xCA Data: 0x0F00 
   18.814: SUPPLIES: SupplyMgr External Request: SUPPLY_RQST_QRY_REVOC_LIST_BLK_DATA 
   18.814: IP: IP_COMMAND_QUERY_REVOCATION_LIST_BLOCK_CMDCODE Response Sent - Command Code: 0xCA Data: 0x00000000 0x00000000 0x00000000 0x00000000 0x00000000 0x00000000 0x00000000 0x00000000 0x00000000 0x00000000 Remaining bytes:  88) 
   18.814: IP: IP_COMMAND_QUERY_REVOCATION_LIST_BLOCK_CMDCODE Response Sent - Command Code: 0xCA Data: 0x00000000 0x00000000 0x00000000 0x00000000 0x00000000 0x00000000 0x00000000 0x00000000 0x00000000 0x00000000 Remaining bytes:  48) 
   18.814: IP: IP_COMMAND_QUERY_REVOCATION_LIST_BLOCK_CMDCODE Response Sent - Command Code: 0xCA Data: 0x00000000 0x00000000 0x00000000 0x00000000 0x00000000 0x00000000 0x00000000 0x00000000 0x00000000 0x00000000 Remaining bytes:   8) 
   18.814: IP: IP_COMMAND_QUERY_REVOCATION_LIST_BLOCK_CMDCODE Response Sent - Command Code: 0xCA Data: 0x00000000 0x00000000 
   18.814: IP: IP_COMMAND_REQUEST_REVOCATION_LIST_BLOCK_CMDCODE Command  Rcvd - Command Code: 0xC9 Data: 0x0F01 
   18.814: SUPPLIES: SupplyMgr External Request: SUPPLY_RQST_READ_REVOC_LIST_BLK 
   18.814: **** Request Revocation List Block rcvd. id=15, blk=1
   18.814: IP: IP_COMMAND_REQUEST_REVOCATION_LIST_BLOCK_CMDCODE Response Sent - Command Code: 0xC9 Data: 0x01 
   18.817: SUPPLIES: MemoryCommoKernelThread WORKTASK_READ_BLOCK_DATA begin. 
   18.817: SUPPLIES: Memory: MemManSubmitWork(): work=WORKTASK_READ_BLOCK_DATA  struct=2 rc=0 MemMgrState=MEM_MGR_IDLE  
   18.817: SUPPLIES: Memory: MemMgrNewState() MEM_MGR_IDLE  --> MEM_MGR_RD_BLOCK_WF_READ  
   18.818: SUPPLIES: Jake2: Tx Read Cmd to SS: Dev=5, Sz=4, Addr=9224
   18.818: ssec: rm: devNum=5, encrypt=true, dataSize=0x4, offset=0x2408
   18.828: INFO serial_transport::packet_reader: rx ack 0x02
   18.829:  Address 0x060 (  96): 0x00 00 00 00 00 00 00 00 00 00 00 00 00 00 00 00
   18.837: ssec: cmd=4, devNum=5, rc=0
   18.850:  Address 0x070 ( 112): 0x00 00 00 00 00 00 00 00 00 00 00 00 00 00 00 00
   18.855, 0.000, 'FuserMainPwrPercentAct',          0,        230, 0, 0
   18.871:  Address 0x080 ( 128): 0x00 00 00 00 00 00 00 00 00 02 32 2E 53 4C 20 74
   18.892:  Address 0x090 ( 144): 0x6F 4E 00 5E EA 00 00 0D FA 00 00 00 00 00 00 00
   18.926: SUPPLIES: MemoryCommoKernelThread WORKTASK_READ_BLOCK_DATA finished. 
   18.926: SUPPLIES: MemoryCommoKernelThread exit:  Total Run Time: 109 milliseconds 
   18.927: Nfy REVOCATION_LIST_BLOCK_AVAIL_NFY=0xD5 0x0F 0x01 0x00
   18.927: SUPPLIES: Memory: MemMgrNewState() MEM_MGR_RD_BLOCK_WF_READ  --> MEM_MGR_IDLE  
   18.934: IP: IP_COMMAND_QUERY_REVOCATION_LIST_BLOCK_CMDCODE Command  Rcvd - Command Code: 0xCA Data: 0x0F01 
   18.934: SUPPLIES: SupplyMgr External Request: SUPPLY_RQST_QRY_REVOC_LIST_BLK_DATA 
   18.934: IP: IP_COMMAND_QUERY_REVOCATION_LIST_BLOCK_CMDCODE Response Sent - Command Code: 0xCA Data: 0x7E5500A0 0x00000000 0x00000000 0x00000000 0x00000000 0x00000000 0x00000000 0x00000000 0x00000000 0x00000000 Remaining bytes:  88) 
   18.934: IP: IP_COMMAND_QUERY_REVOCATION_LIST_BLOCK_CMDCODE Response Sent - Command Code: 0xCA Data: 0x00000000 0x00000000 0x00000000 0x00000000 0x00000000 0x00000000 0x00000000 0x00000000 0x00000000 0x00000000 Remaining bytes:  48) 
   18.934: IP: IP_COMMAND_QUERY_REVOCATION_LIST_BLOCK_CMDCODE Response Sent - Command Code: 0xCA Data: 0x00000000 0x00000000 0x00000000 0x00000000 0x00000000 0x00000000 0x00000000 0x00000000 0x00000000 0x00000000 Remaining bytes:   8) 
   18.934: IP: IP_COMMAND_QUERY_REVOCATION_LIST_BLOCK_CMDCODE Response Sent - Command Code: 0xCA Data: 0x00000000 0x00000000 
   18.934: IP: IP_COMMAND_REQUEST_REVOCATION_LIST_BLOCK_CMDCODE Command  Rcvd - Command Code: 0xC9 Data: 0x0F02 
   18.934: SUPPLIES: SupplyMgr External Request: SUPPLY_RQST_READ_REVOC_LIST_BLK 
   18.934: **** Request Revocation List Block rcvd. id=15, blk=2
   18.934: IP: IP_COMMAND_REQUEST_REVOCATION_LIST_BLOCK_CMDCODE Response Sent - Command Code: 0xC9 Data: 0x01 
   18.937: SUPPLIES: MemoryCommoKernelThread WORKTASK_READ_BLOCK_DATA begin. 
   18.937: SUPPLIES: Memory: MemManSubmitWork(): work=WORKTASK_READ_BLOCK_DATA  struct=2 rc=0 MemMgrState=MEM_MGR_IDLE  
   18.937: SUPPLIES: Memory: MemMgrNewState() MEM_MGR_IDLE  --> MEM_MGR_RD_BLOCK_WF_READ  
   18.948: INFO serial_transport::packet_reader: rx ack 0x03
   19.028: SUPPLIES: MemoryCommoKernelThread WORKTASK_READ_BLOCK_DATA finished. 
   19.028: SUPPLIES: MemoryCommoKernelThread exit:  Total Run Time: 91 milliseconds 
   19.037: Nfy REVOCATION_LIST_BLOCK_AVAIL_NFY=0xD5 0x0F 0x02 0x00
   19.037: SUPPLIES: Memory: MemMgrNewState() MEM_MGR_RD_BLOCK_WF_READ  --> MEM_MGR_IDLE  
   19.044: IP: IP_COMMAND_QUERY_REVOCATION_LIST_BLOCK_CMDCODE Command  Rcvd - Command Code: 0xCA Data: 0x0F02 
   19.044: SUPPLIES: SupplyMgr External Request: SUPPLY_RQST_QRY_REVOC_LIST_BLK_DATA 
   19.044: IP: IP_COMMAND_QUERY_REVOCATION_LIST_BLOCK_CMDCODE Response Sent - Command Code: 0xCA Data: 0x00000000 0x00000000 0x00000000 0x00000000 0x00000000 0x00000000 0x00000000 0x00000000 0x00000000 0x00000000 Remaining bytes:  88) 
   19.044: IP: IP_COMMAND_QUERY_REVOCATION_LIST_BLOCK_CMDCODE Response Sent - Command Code: 0xCA Data: 0x00000000 0x00000000 0x00000000 0x00000000 0x00000000 0x00000000 0x00000000 0x00000000 0x00000000 0x00000000 Remaining bytes:  48) 
   19.044: IP: IP_COMMAND_QUERY_REVOCATION_LIST_BLOCK_CMDCODE Response Sent - Command Code: 0xCA Data: 0x00000000 0x00000000 0x00000000 0x00000000 0x00000000 0x00000000 0x00000000 0x00000000 0x00000000 0x00000000 Remaining bytes:   8) 
   19.044: IP: IP_COMMAND_QUERY_REVOCATION_LIST_BLOCK_CMDCODE Response Sent - Command Code: 0xCA Data: 0x00000000 0x00000000 
   19.044: IP: IP_COMMAND_REQUEST_REVOCATION_LIST_BLOCK_CMDCODE Command  Rcvd - Command Code: 0xC9 Data: 0x0F03 
   19.044: SUPPLIES: SupplyMgr External Request: SUPPLY_RQST_READ_REVOC_LIST_BLK 
   19.044: **** Request Revocation List Block rcvd. id=15, blk=3
   19.044: IP: IP_COMMAND_REQUEST_REVOCATION_LIST_BLOCK_CMDCODE Response Sent - Command Code: 0xC9 Data: 0x01 
   19.047: SUPPLIES: MemoryCommoKernelThread WORKTASK_READ_BLOCK_DATA begin. 
   19.047: SUPPLIES: Memory: MemManSubmitWork(): work=WORKTASK_READ_BLOCK_DATA  struct=2 rc=0 MemMgrState=MEM_MGR_IDLE  
   19.047: SUPPLIES: Memory: MemMgrNewState() MEM_MGR_IDLE  --> MEM_MGR_RD_BLOCK_WF_READ  
   19.058: INFO serial_transport::packet_reader: rx ack 0x04
   19.103: SUPPLIES: Memory; Supply = Image Kit - Color; R/W High Endurance Memory; Memory Valid = 1 
   19.103:                          0  1  2  3  4  5  6  7  8  9  A  B  C  D  E  F
   19.103:  Address 0x000 (   0): 0x00 00 00 00 00 00 00 00 00 00 00 00 00 E3 0F 00
   19.124:  Address 0x010 (  16): 0x00 CE F7 00 01 4D 17 00 00 00 00 01 D4 C0 00 01
   19.138: SUPPLIES: MemoryCommoKernelThread WORKTASK_READ_BLOCK_DATA finished. 
   19.138: SUPPLIES: MemoryCommoKernelThread exit:  Total Run Time: 91 milliseconds 
   19.145:  Address 0x020 (  32): 0xAF D7 52 01 AD B0 0C 01 B5 12 57 00 00 00 00 01
   19.147: Nfy REVOCATION_LIST_BLOCK_AVAIL_NFY=0xD5 0x0F 0x03 0x00
   19.147: SUPPLIES: Memory: MemMgrNewState() MEM_MGR_RD_BLOCK_WF_READ  --> MEM_MGR_IDLE  
   19.154: IP: IP_COMMAND_QUERY_REVOCATION_LIST_BLOCK_CMDCODE Command  Rcvd - Command Code: 0xCA Data: 0x0F03 
   19.154: SUPPLIES: SupplyMgr External Request: SUPPLY_RQST_QRY_REVOC_LIST_BLK_DATA 
   19.154: IP: IP_COMMAND_QUERY_REVOCATION_LIST_BLOCK_CMDCODE Response Sent - Command Code: 0xCA Data: 0x0B05F3C5 0x05250810 0x00000000 0x00000000 0x00000000 0x00000000 0x00000000 0x00000000 0xFD360760 0x00000000 Remaining bytes:  88) 
   19.154: IP: IP_COMMAND_QUERY_REVOCATION_LIST_BLOCK_CMDCODE Response Sent - Command Code: 0xCA Data: 0x00000000 0x00000000 0x00000000 0xB92D0760 0x00000000 0x00000000 0x00000000 0x00000000 0x4D2E0760 0x30E30300 Remaining bytes:  48) 
   19.154: IP: IP_COMMAND_QUERY_REVOCATION_LIST_BLOCK_CMDCODE Response Sent - Command Code: 0xCA Data: 0x00000000 0x00000000 0x00000000 0xF93E0760 0x30E30300 0x00000000 0x00000000 0x00000000 0x11360760 0x30E30300 Remaining bytes:   8) 
   19.154: IP: IP_COMMAND_QUERY_REVOCATION_LIST_BLOCK_CMDCODE Response Sent - Command Code: 0xCA Data: 0x00000000 0x00000000 
   19.154: IP: IP_COMMAND_REQUEST_REVOCATION_LIST_BLOCK_CMDCODE Command  Rcvd - Command Code: 0xC9 Data: 0x0F04 
   19.154: SUPPLIES: SupplyMgr External Request: SUPPLY_RQST_READ_REVOC_LIST_BLK 
   19.154: **** Request Revocation List Block rcvd. id=15, blk=4
   19.154: IP: IP_COMMAND_REQUEST_REVOCATION_LIST_BLOCK_CMDCODE Response Sent - Command Code: 0xC9 Data: 0x01 
   19.157: SUPPLIES: MemoryCommoKernelThread WORKTASK_READ_BLOCK_DATA begin. 
   19.157: SUPPLIES: Memory: MemManSubmitWork(): work=WORKTASK_READ_BLOCK_DATA  struct=2 rc=0 MemMgrState=MEM_MGR_IDLE  
   19.157: SUPPLIES: Memory: MemMgrNewState() MEM_MGR_IDLE  --> MEM_MGR_RD_BLOCK_WF_READ  
   19.166:  Address 0x030 (  48): 0x86 DC 04 01 86 E1 6C 01 86 02 CE 00 00 00 00 FF
   19.168: INFO serial_transport::packet_reader: rx ack 0x05
   19.188:  Address 0x040 (  64): 0x0B 9F 70 FE FA 8C 27 FE FA D0 47 06 7F 01 86 E2
   19.209:  Address 0x050 (  80): 0xA4 00 06 B8 00 00 00 00 28 2E 00 00 00 00 00 01
   19.230:  Address 0x060 (  96): 0x86 D0 00 01 8A 92 00 00 00 00 72 84 00 00 0E 66
   19.248: SUPPLIES: MemoryCommoKernelThread WORKTASK_READ_BLOCK_DATA finished. 
   19.248: SUPPLIES: MemoryCommoKernelThread exit:  Total Run Time: 91 milliseconds 
   19.251:  Address 0x070 ( 112): 0x00 00 18 7C 00 00 00 00 00 00 00 00 00 00 00 00
   19.257: Nfy REVOCATION_LIST_BLOCK_AVAIL_NFY=0xD5 0x0F 0x04 0x00
   19.257: SUPPLIES: Memory: MemMgrNewState() MEM_MGR_RD_BLOCK_WF_READ  --> MEM_MGR_IDLE  
   19.264: IP: IP_COMMAND_QUERY_REVOCATION_LIST_BLOCK_CMDCODE Command  Rcvd - Command Code: 0xCA Data: 0x0F04 
   19.264: SUPPLIES: SupplyMgr External Request: SUPPLY_RQST_QRY_REVOC_LIST_BLK_DATA 
   19.264: IP: IP_COMMAND_QUERY_REVOCATION_LIST_BLOCK_CMDCODE Response Sent - Command Code: 0xCA Data: 0x00000000 0x892E0760 0x30E30300 0x00000000 0x00000000 0x00000000 0xE52E0760 0x00000000 0x00000000 0x00000000 Remaining bytes:  88) 
   19.264: IP: IP_COMMAND_QUERY_REVOCATION_LIST_BLOCK_CMDCODE Response Sent - Command Code: 0xCA Data: 0x00000000 0x292F0760 0x30E30300 0x00000000 0x00000000 0x00000000 0x692F0760 0x00000000 0x00000000 0x00000000 Remaining bytes:  48) 
   19.264: IP: IP_COMMAND_QUERY_REVOCATION_LIST_BLOCK_CMDCODE Response Sent - Command Code: 0xCA Data: 0x00000000 0xA92F0760 0x30E30300 0x00000000 0x00000000 0x00000000 0xD92F0760 0x00000000 0x00000000 0x00000000 Remaining bytes:   8) 
   19.264: IP: IP_COMMAND_QUERY_REVOCATION_LIST_BLOCK_CMDCODE Response Sent - Command Code: 0xCA Data: 0x00000000 0x09300760 
   19.264: IP: IP_COMMAND_REQUEST_REVOCATION_LIST_BLOCK_CMDCODE Command  Rcvd - Command Code: 0xC9 Data: 0x0F05 
   19.264: SUPPLIES: SupplyMgr External Request: SUPPLY_RQST_READ_REVOC_LIST_BLK 
   19.264: **** Request Revocation List Block rcvd. id=15, blk=5
   19.264: IP: IP_COMMAND_REQUEST_REVOCATION_LIST_BLOCK_CMDCODE Response Sent - Command Code: 0xC9 Data: 0x01 
   19.267: SUPPLIES: MemoryCommoKernelThread WORKTASK_READ_BLOCK_DATA begin. 
   19.267: SUPPLIES: Memory: MemManSubmitWork(): work=WORKTASK_READ_BLOCK_DATA  struct=2 rc=0 MemMgrState=MEM_MGR_IDLE  
   19.267: SUPPLIES: Memory: MemMgrNewState() MEM_MGR_IDLE  --> MEM_MGR_RD_BLOCK_WF_READ  
   19.272:  Address 0x080 ( 128): 0x00 00 00 00 00 00 00 00 00 00 00 00 00 00 00 00
   19.278: INFO serial_transport::packet_reader: rx ack 0x06
   19.293:  Address 0x090 ( 144): 0x00 78 00 01 86 DB 00 01 86 E1 00 01 86 02 00 00
   19.314:  Address 0x0A0 ( 160): 0x00 00 00 00 00 00 00 00 00 00 00 00 00 00 00 00
   19.358: SUPPLIES: MemoryCommoKernelThread WORKTASK_READ_BLOCK_DATA finished. 
   19.358: SUPPLIES: MemoryCommoKernelThread exit:  Total Run Time: 91 milliseconds 
   19.367: Nfy REVOCATION_LIST_BLOCK_AVAIL_NFY=0xD5 0x0F 0x05 0x00
   19.367: SUPPLIES: Memory: MemMgrNewState() MEM_MGR_RD_BLOCK_WF_READ  --> MEM_MGR_IDLE  
   19.374: IP: IP_COMMAND_QUERY_REVOCATION_LIST_BLOCK_CMDCODE Command  Rcvd - Command Code: 0xCA Data: 0x0F05 
   19.374: SUPPLIES: SupplyMgr External Request: SUPPLY_RQST_QRY_REVOC_LIST_BLK_DATA 
   19.374: IP: IP_COMMAND_QUERY_REVOCATION_LIST_BLOCK_CMDCODE Response Sent - Command Code: 0xCA Data: 0x00000000 0x00000000 0x00000000 0x00000000 0x552D0760 0x30E30300 0x00000000 0x00000000 0x00000000 0x59380760 Remaining bytes:  88) 
   19.374: IP: IP_COMMAND_QUERY_REVOCATION_LIST_BLOCK_CMDCODE Response Sent - Command Code: 0xCA Data: 0x30E30300 0x00000000 0x00000000 0x00000000 0x39300760 0x30E30300 0x00000000 0x00000000 0x00000000 0xAD300760 Remaining bytes:  48) 
   19.374: IP: IP_COMMAND_QUERY_REVOCATION_LIST_BLOCK_CMDCODE Response Sent - Command Code: 0xCA Data: 0x30E30300 0x00000000 0x00000000 0x00000000 0xDD300760 0x00000000 0x00000000 0x00000000 0x00000000 0x1D310760 Remaining bytes:   8) 
   19.374: IP: IP_COMMAND_QUERY_REVOCATION_LIST_BLOCK_CMDCODE Response Sent - Command Code: 0xCA Data: 0x30E30300 0x00000000 
   19.390: INFO serial_transport::packet_reader: rx ack 0x07
   19.390: INFO serial_transport::packet_reader: rx ack 0x08
   19.440, 0.000, 'FuserMainPwrPercentAct',         33,        230, 0, 0
   19.442: INFO serial_transport::packet_reader: rx seq 0x00 CRC 0xf847 len 54 accept cur 0x00
   19.443: INFO printengine_lxk::node_tree::engine: Call: securityAction("QueryRevocationList", "CMYImagingUnit")
   19.443: IP: IP_COMMAND_REQUEST_REVOCATION_LIST_BLOCK_CMDCODE Command  Rcvd - Command Code: 0xC9 Data: 0x1900 
   19.443: SUPPLIES: SupplyMgr External Request: SUPPLY_RQST_READ_REVOC_LIST_BLK 
   19.443: **** Request Revocation List Block rcvd. id=25, blk=0
   19.443: IP: IP_COMMAND_REQUEST_REVOCATION_LIST_BLOCK_CMDCODE Response Sent - Command Code: 0xC9 Data: 0x01 
   19.447: SUPPLIES: MemoryCommoKernelThread WORKTASK_READ_BLOCK_DATA begin. 
   19.447: SUPPLIES: Memory: MemManSubmitWork(): work=WORKTASK_READ_BLOCK_DATA  struct=2 rc=0 MemMgrState=MEM_MGR_IDLE  
   19.447: SUPPLIES: Memory: MemMgrNewState() MEM_MGR_IDLE  --> MEM_MGR_RD_BLOCK_WF_READ  
   19.448: SUPPLIES: Jake2: Tx Read Cmd to SS: Dev=6, Sz=128, Addr=9096
   19.448: ssec: rm: devNum=6, encrypt=true, dataSize=0x80, offset=0x2388
   19.469: ssec: cmd=4, devNum=6, rc=0
   19.525: SUPPLIES: Memory; Supply = Fuser; Rd Only Memory; Memory Valid = 1 
   19.525:                          0  1  2  3  4  5  6  7  8  9  A  B  C  D  E  F
   19.525:  Address 0x000 (   0): 0x43 41 48 32 33 32 35 31 30 30 30 31 20 20 20 32
   19.540, 0.000, 'FuserMainPwrPercentAct',          0,        230, 0, 0
   19.546:  Address 0x010 (  16): 0x30 4C 30 35 38 31 01 00 00 00 07 D0 00 00 00 00
   19.561: SUPPLIES: MemoryCommoKernelThread WORKTASK_READ_BLOCK_DATA finished. 
   19.561: SUPPLIES: MemoryCommoKernelThread exit:  Total Run Time: 114 milliseconds 
   19.567: Nfy REVOCATION_LIST_BLOCK_AVAIL_NFY=0xD5 0x19 0x00 0x00
   19.567: SUPPLIES: Memory: MemMgrNewState() MEM_MGR_RD_BLOCK_WF_READ  --> MEM_MGR_IDLE  
   19.568:  Address 0x020 (  32): 0x00 64 13 03 D0 90 00 1C FD E0 00 03 D0 90 00 2E
   19.574: IP: IP_COMMAND_QUERY_REVOCATION_LIST_BLOCK_CMDCODE Command  Rcvd - Command Code: 0xCA Data: 0x1900 
   19.574: SUPPLIES: SupplyMgr External Request: SUPPLY_RQST_QRY_REVOC_LIST_BLK_DATA 
   19.574: IP: IP_COMMAND_QUERY_REVOCATION_LIST_BLOCK_CMDCODE Response Sent - Command Code: 0xCA Data: 0x00000000 0x00000000 0x00000000 0x00000000 0x00000000 0x00000000 0x00000000 0x00000000 0x00000000 0x00000000 Remaining bytes:  88) 
   19.574: IP: IP_COMMAND_QUERY_REVOCATION_LIST_BLOCK_CMDCODE Response Sent - Command Code: 0xCA Data: 0x00000000 0x00000000 0x00000000 0x00000000 0x00000000 0x00000000 0x00000000 0x00000000 0x00000000 0x00000000 Remaining bytes:  48) 
   19.574: IP: IP_COMMAND_QUERY_REVOCATION_LIST_BLOCK_CMDCODE Response Sent - Command Code: 0xCA Data: 0x00000000 0x00000000 0x00000000 0x00000000 0x00000000 0x00000000 0x00000000 0x00000000 0x00000000 0x00000000 Remaining bytes:   8) 
   19.574: IP: IP_COMMAND_QUERY_REVOCATION_LIST_BLOCK_CMDCODE Response Sent - Command Code: 0xCA Data: 0x00000000 0x00000000 
   19.574: IP: IP_COMMAND_REQUEST_REVOCATION_LIST_BLOCK_CMDCODE Command  Rcvd - Command Code: 0xC9 Data: 0x1901 
   19.574: SUPPLIES: SupplyMgr External Request: SUPPLY_RQST_READ_REVOC_LIST_BLK 
   19.574: **** Request Revocation List Block rcvd. id=25, blk=1
   19.574: IP: IP_COMMAND_REQUEST_REVOCATION_LIST_BLOCK_CMDCODE Response Sent - Command Code: 0xC9 Data: 0x01 
   19.577: SUPPLIES: MemoryCommoKernelThread WORKTASK_READ_BLOCK_DATA begin. 
   19.577: SUPPLIES: Memory: MemManSubmitWork(): work=WORKTASK_READ_BLOCK_DATA  struct=2 rc=0 MemMgrState=MEM_MGR_IDLE  
   19.577: SUPPLIES: Memory: MemMgrNewState() MEM_MGR_IDLE  --> MEM_MGR_RD_BLOCK_WF_READ  
   19.578: SUPPLIES: Jake2: Tx Read Cmd to SS: Dev=6, Sz=4, Addr=9224
   19.578: ssec: rm: devNum=6, encrypt=true, dataSize=0x4, offset=0x2408
   19.588: INFO serial_transport::packet_reader: rx ack 0x09
   19.589:  Address 0x030 (  48): 0x63 00 00 06 1A 80 4A FF 0A 05 01 00 00 FF FF 0A
   19.597: ssec: cmd=4, devNum=6, rc=0
   19.610:  Address 0x040 (  64): 0x5A 02 32 01 01 00 00 FF FF 00 00 00 00 5A C9 00
   19.686: SUPPLIES: MemoryCommoKernelThread WORKTASK_READ_BLOCK_DATA finished. 
   19.686: SUPPLIES: MemoryCommoKernelThread exit:  Total Run Time: 109 milliseconds 
   19.687: Nfy REVOCATION_LIST_BLOCK_AVAIL_NFY=0xD5 0x19 0x01 0x00
   19.687: SUPPLIES: Memory: MemMgrNewState() MEM_MGR_RD_BLOCK_WF_READ  --> MEM_MGR_IDLE  
   19.694: IP: IP_COMMAND_QUERY_REVOCATION_LIST_BLOCK_CMDCODE Command  Rcvd - Command Code: 0xCA Data: 0x1901 
   19.694: SUPPLIES: SupplyMgr External Request: SUPPLY_RQST_QRY_REVOC_LIST_BLK_DATA 
   19.694: IP: IP_COMMAND_QUERY_REVOCATION_LIST_BLOCK_CMDCODE Response Sent - Command Code: 0xCA Data: 0x445A00A0 0x00000000 0x00000000 0x00000000 0x00000000 0x00000000 0x00000000 0x00000000 0x00000000 0x00000000 Remaining bytes:  88) 
   19.694: IP: IP_COMMAND_QUERY_REVOCATION_LIST_BLOCK_CMDCODE Response Sent - Command Code: 0xCA Data: 0x00000000 0x00000000 0x00000000 0x00000000 0x00000000 0x00000000 0x00000000 0x00000000 0x00000000 0x00000000 Remaining bytes:  48) 
   19.694: IP: IP_COMMAND_QUERY_REVOCATION_LIST_BLOCK_CMDCODE Response Sent - Command Code: 0xCA Data: 0x00000000 0x00000000 0x00000000 0x00000000 0x00000000 0x00000000 0x00000000 0x00000000 0x00000000 0x00000000 Remaining bytes:   8) 
   19.694: IP: IP_COMMAND_QUERY_REVOCATION_LIST_BLOCK_CMDCODE Response Sent - Command Code: 0xCA Data: 0x00000000 0x00000000 
   19.694: IP: IP_COMMAND_REQUEST_REVOCATION_LIST_BLOCK_CMDCODE Command  Rcvd - Command Code: 0xC9 Data: 0x1902 
   19.694: SUPPLIES: SupplyMgr External Request: SUPPLY_RQST_READ_REVOC_LIST_BLK 
   19.694: **** Request Revocation List Block rcvd. id=25, blk=2
   19.694: IP: IP_COMMAND_REQUEST_REVOCATION_LIST_BLOCK_CMDCODE Response Sent - Command Code: 0xC9 Data: 0x01 
   19.697: SUPPLIES: MemoryCommoKernelThread WORKTASK_READ_BLOCK_DATA begin. 
   19.697: SUPPLIES: Memory: MemManSubmitWork(): work=WORKTASK_READ_BLOCK_DATA  struct=2 rc=0 MemMgrState=MEM_MGR_IDLE  
   19.697: SUPPLIES: Memory: MemMgrNewState() MEM_MGR_IDLE  --> MEM_MGR_RD_BLOCK_WF_READ  
   19.708: INFO serial_transport::packet_reader: rx ack 0x0a
   19.788: SUPPLIES: MemoryCommoKernelThread WORKTASK_READ_BLOCK_DATA finished. 
   19.788: SUPPLIES: MemoryCommoKernelThread exit:  Total Run Time: 91 milliseconds 
   19.797: Nfy REVOCATION_LIST_BLOCK_AVAIL_NFY=0xD5 0x19 0x02 0x00
   19.797: SUPPLIES: Memory: MemMgrNewState() MEM_MGR_RD_BLOCK_WF_READ  --> MEM_MGR_IDLE  
   19.804: IP: IP_COMMAND_QUERY_REVOCATION_LIST_BLOCK_CMDCODE Command  Rcvd - Command Code: 0xCA Data: 0x1902 
   19.804: SUPPLIES: SupplyMgr External Request: SUPPLY_RQST_QRY_REVOC_LIST_BLK_DATA 
   19.804: IP: IP_COMMAND_QUERY_REVOCATION_LIST_BLOCK_CMDCODE Response Sent - Command Code: 0xCA Data: 0x00000000 0x00000000 0x00000000 0x00000000 0x00000000 0x00000000 0x00000000 0x00000000 0x00000000 0x00000000 Remaining bytes:  88) 
   19.804: IP: IP_COMMAND_QUERY_REVOCATION_LIST_BLOCK_CMDCODE Response Sent - Command Code: 0xCA Data: 0x00000000 0x00000000 0x00000000 0x00000000 0x00000000 0x00000000 0x00000000 0x00000000 0x00000000 0x00000000 Remaining bytes:  48) 
   19.804: IP: IP_COMMAND_QUERY_REVOCATION_LIST_BLOCK_CMDCODE Response Sent - Command Code: 0xCA Data: 0x00000000 0x00000000 0x00000000 0x00000000 0x00000000 0x00000000 0x00000000 0x00000000 0x00000000 0x00000000 Remaining bytes:   8) 
   19.804: IP: IP_COMMAND_QUERY_REVOCATION_LIST_BLOCK_CMDCODE Response Sent - Command Code: 0xCA Data: 0x00000000 0x00000000 
   19.804: IP: IP_COMMAND_REQUEST_REVOCATION_LIST_BLOCK_CMDCODE Command  Rcvd - Command Code: 0xC9 Data: 0x1903 
   19.804: SUPPLIES: SupplyMgr External Request: SUPPLY_RQST_READ_REVOC_LIST_BLK 
   19.804: **** Request Revocation List Block rcvd. id=25, blk=3
   19.804: IP: IP_COMMAND_REQUEST_REVOCATION_LIST_BLOCK_CMDCODE Response Sent - Command Code: 0xC9 Data: 0x01 
   19.807: SUPPLIES: MemoryCommoKernelThread WORKTASK_READ_BLOCK_DATA begin. 
   19.807: SUPPLIES: Memory: MemManSubmitWork(): work=WORKTASK_READ_BLOCK_DATA  struct=2 rc=0 MemMgrState=MEM_MGR_IDLE  
   19.807: SUPPLIES: Memory: MemMgrNewState() MEM_MGR_IDLE  --> MEM_MGR_RD_BLOCK_WF_READ  
   19.818: INFO serial_transport::packet_reader: rx ack 0x0b
   19.820: SUPPLIES: Memory; Supply = Fuser; R/W Starndard Endurance Memory; Memory Valid = 1 
   19.820:                          0  1  2  3  4  5  6  7  8  9  A  B  C  D  E  F
   19.820:  Address 0x000 (   0): 0x32 85 00 18 00 00 00 00 00 00 FF 37 35 36 36 46
   19.841:  Address 0x010 (  16): 0x53 54 4D 46 48 32 31 30 00 00 00 00 00 00 00 00
   19.862:  Address 0x020 (  32): 0x00 00 00 00 00 00 00 00 00 00 00 00 00 00 00 00
   19.883:  Address 0x030 (  48): 0x00 45 6D 70 74 79 50 4E 00 00 00 00 00 00 00 00
   19.898: SUPPLIES: MemoryCommoKernelThread WORKTASK_READ_BLOCK_DATA finished. 
   19.898: SUPPLIES: MemoryCommoKernelThread exit:  Total Run Time: 91 milliseconds 
   19.904:  Address 0x040 (  64): 0x00 00 00 00 00 00 00 00 00 00 00 00 00 20 E1 01
   19.907: Nfy REVOCATION_LIST_BLOCK_AVAIL_NFY=0xD5 0x19 0x03 0x00
   19.907: SUPPLIES: Memory: MemMgrNewState() MEM_MGR_RD_BLOCK_WF_READ  --> MEM_MGR_IDLE  
   19.914: IP: IP_COMMAND_QUERY_REVOCATION_LIST_BLOCK_CMDCODE Command  Rcvd - Command Code: 0xCA Data: 0x1903 
   19.914: SUPPLIES: SupplyMgr External Request: SUPPLY_RQST_QRY_REVOC_LIST_BLK_DATA 
   19.914: IP: IP_COMMAND_QUERY_REVOCATION_LIST_BLOCK_CMDCODE Response Sent - Command Code: 0xCA Data: 0x0B05F0C5 0x06250810 0x00000000 0x00000000 0x00000000 0x00000000 0x00000000 0x00000000 0xFD360760 0x00000000 Remaining bytes:  88) 
   19.914: IP: IP_COMMAND_QUERY_REVOCATION_LIST_BLOCK_CMDCODE Response Sent - Command Code: 0xCA Data: 0x00000000 0x00000000 0x00000000 0xB92D0760 0x00000000 0x00000000 0x00000000 0x00000000 0x4D2E0760 0x30E30300 Remaining bytes:  48) 
   19.914: IP: IP_COMMAND_QUERY_REVOCATION_LIST_BLOCK_CMDCODE Response Sent - Command Code: 0xCA Data: 0x00000000 0x00000000 0x00000000 0xF93E0760 0x30E30300 0x00000000 0x00000000 0x00000000 0x11360760 0x30E30300 Remaining bytes:   8) 
   19.914: IP: IP_COMMAND_QUERY_REVOCATION_LIST_BLOCK_CMDCODE Response Sent - Command Code: 0xCA Data: 0x00000000 0x00000000 
   19.914: IP: IP_COMMAND_REQUEST_REVOCATION_LIST_BLOCK_CMDCODE Command  Rcvd - Command Code: 0xC9 Data: 0x1904 
   19.914: SUPPLIES: SupplyMgr External Request: SUPPLY_RQST_READ_REVOC_LIST_BLK 
   19.914: **** Request Revocation List Block rcvd. id=25, blk=4
   19.914: IP: IP_COMMAND_REQUEST_REVOCATION_LIST_BLOCK_CMDCODE Response Sent - Command Code: 0xC9 Data: 0x01 
   19.917: SUPPLIES: MemoryCommoKernelThread WORKTASK_READ_BLOCK_DATA begin. 
   19.917: SUPPLIES: Memory: MemManSubmitWork(): work=WORKTASK_READ_BLOCK_DATA  struct=2 rc=0 MemMgrState=MEM_MGR_IDLE  
   19.917: SUPPLIES: Memory: MemMgrNewState() MEM_MGR_IDLE  --> MEM_MGR_RD_BLOCK_WF_READ  
   19.925:  Address 0x050 (  80): 0x00 00 00 00 00 00 05 00 00 00 00 00 00 00 00 00
   19.928: INFO serial_transport::packet_reader: rx ack 0x0c
   20.008: SUPPLIES: MemoryCommoKernelThread WORKTASK_READ_BLOCK_DATA finished. 
   20.008: SUPPLIES: MemoryCommoKernelThread exit:  Total Run Time: 91 milliseconds 
   20.017: Nfy REVOCATION_LIST_BLOCK_AVAIL_NFY=0xD5 0x19 0x04 0x00
   20.017: SUPPLIES: Memory: MemMgrNewState() MEM_MGR_RD_BLOCK_WF_READ  --> MEM_MGR_IDLE  
   20.024: IP: IP_COMMAND_QUERY_REVOCATION_LIST_BLOCK_CMDCODE Command  Rcvd - Command Code: 0xCA Data: 0x1904 
   20.024: SUPPLIES: SupplyMgr External Request: SUPPLY_RQST_QRY_REVOC_LIST_BLK_DATA 
   20.024: IP: IP_COMMAND_QUERY_REVOCATION_LIST_BLOCK_CMDCODE Response Sent - Command Code: 0xCA Data: 0x00000000 0x892E0760 0x30E30300 0x00000000 0x00000000 0x00000000 0xE52E0760 0x00000000 0x00000000 0x00000000 Remaining bytes:  88) 
   20.024: IP: IP_COMMAND_QUERY_REVOCATION_LIST_BLOCK_CMDCODE Response Sent - Command Code: 0xCA Data: 0x00000000 0x292F0760 0x30E30300 0x00000000 0x00000000 0x00000000 0x692F0760 0x00000000 0x00000000 0x00000000 Remaining bytes:  48) 
   20.024: IP: IP_COMMAND_QUERY_REVOCATION_LIST_BLOCK_CMDCODE Response Sent - Command Code: 0xCA Data: 0x00000000 0xA92F0760 0x30E30300 0x00000000 0x00000000 0x00000000 0xD92F0760 0x00000000 0x00000000 0x00000000 Remaining bytes:   8) 
   20.024: IP: IP_COMMAND_QUERY_REVOCATION_LIST_BLOCK_CMDCODE Response Sent - Command Code: 0xCA Data: 0x00000000 0x09300760 
   20.024: IP: IP_COMMAND_REQUEST_REVOCATION_LIST_BLOCK_CMDCODE Command  Rcvd - Command Code: 0xC9 Data: 0x1905 
   20.024: SUPPLIES: SupplyMgr External Request: SUPPLY_RQST_READ_REVOC_LIST_BLK 
   20.024: **** Request Revocation List Block rcvd. id=25, blk=5
   20.024: IP: IP_COMMAND_REQUEST_REVOCATION_LIST_BLOCK_CMDCODE Response Sent - Command Code: 0xC9 Data: 0x01 
   20.027: SUPPLIES: MemoryCommoKernelThread WORKTASK_READ_BLOCK_DATA begin. 
   20.027: SUPPLIES: Memory: MemManSubmitWork(): work=WORKTASK_READ_BLOCK_DATA  struct=2 rc=0 MemMgrState=MEM_MGR_IDLE  
   20.027: SUPPLIES: Memory: MemMgrNewState() MEM_MGR_IDLE  --> MEM_MGR_RD_BLOCK_WF_READ  
   20.038: INFO serial_transport::packet_reader: rx ack 0x0d
   20.118: SUPPLIES: MemoryCommoKernelThread WORKTASK_READ_BLOCK_DATA finished. 
   20.118: SUPPLIES: MemoryCommoKernelThread exit:  Total Run Time: 91 milliseconds 
   20.127: Nfy REVOCATION_LIST_BLOCK_AVAIL_NFY=0xD5 0x19 0x05 0x00
   20.127: SUPPLIES: Memory: MemMgrNewState() MEM_MGR_RD_BLOCK_WF_READ  --> MEM_MGR_IDLE  
   20.134: IP: IP_COMMAND_QUERY_REVOCATION_LIST_BLOCK_CMDCODE Command  Rcvd - Command Code: 0xCA Data: 0x1905 
   20.134: SUPPLIES: SupplyMgr External Request: SUPPLY_RQST_QRY_REVOC_LIST_BLK_DATA 
   20.134: IP: IP_COMMAND_QUERY_REVOCATION_LIST_BLOCK_CMDCODE Response Sent - Command Code: 0xCA Data: 0x00000000 0x00000000 0x00000000 0x00000000 0x552D0760 0x30E30300 0x00000000 0x00000000 0x00000000 0x59380760 Remaining bytes:  88) 
   20.134: IP: IP_COMMAND_QUERY_REVOCATION_LIST_BLOCK_CMDCODE Response Sent - Command Code: 0xCA Data: 0x30E30300 0x00000000 0x00000000 0x00000000 0x39300760 0x30E30300 0x00000000 0x00000000 0x00000000 0xAD300760 Remaining bytes:  48) 
   20.134: IP: IP_COMMAND_QUERY_REVOCATION_LIST_BLOCK_CMDCODE Response Sent - Command Code: 0xCA Data: 0x30E30300 0x00000000 0x00000000 0x00000000 0xDD300760 0x00000000 0x00000000 0x00000000 0x00000000 0x1D310760 Remaining bytes:   8) 
   20.134: IP: IP_COMMAND_QUERY_REVOCATION_LIST_BLOCK_CMDCODE Response Sent - Command Code: 0xCA Data: 0x30E30300 0x00000000 
   20.136: SUPPLIES: Memory; Supply = Fuser; R/W High Endurance Memory; Memory Valid = 1 
   20.136:                          0  1  2  3  4  5  6  7  8  9  A  B  C  D  E  F
   20.136:  Address 0x000 (   0): 0x01 33 94 00 00 00 00 00 20 00 01 C5 00 00 00 00
   20.140, 0.000, 'FuserMainPwrPercentAct',         33,        230, 0, 0
   20.150: INFO serial_transport::packet_reader: rx ack 0x0e
   20.150: INFO serial_transport::packet_reader: rx ack 0x0f
   20.158:  Address 0x010 (  16): 0x00 00 00 00 00 00 01 A2 00 5B F4 00 74 E5 00 07
   20.179:  Address 0x020 (  32): 0x5F 00 03 A5 00 1C A2 00 03 B9 00 2B B6 00 05 81
   20.200:  Address 0x030 (  48): 0x00 3B 75 00 02 04 00 00 00 00 1F C0 00 00 00 00
   20.221:  Address 0x040 (  64): 0x0D 47 00 00 06 00 18 3F 00 00 00 01 38 71 C3 4D
   20.240, 0.000, 'FuserMainPwrPercentAct',          0,        230, 0, 0
   20.242:  Address 0x050 (  80): 0xE7 01 BD 15 00 06 00 06 CF E2 00 06 28 6F 11 06
   20.263:  Address 0x060 (  96): 0xFF 01 37 43 05 FF 01 37 43 06 FF 01 37 43 06 FF
   20.284:  Address 0x070 ( 112): 0x01 37 43 06 FF 01 37 43 06 FF 01 37 43 05 FF 01
   20.305:  Address 0x080 ( 128): 0x37 43 06 FF 01 37 EF 06 FF 01 37 EF 06 FF 01 37
   20.326:  Address 0x090 ( 144): 0xEF 06 FF 01 37 EF 05 FF 01 37 EF 06 FF 01 37 EF
   20.348:  Address 0x0A0 ( 160): 0x06 FF 01 37 EF 06 FF 01 37 EF 06 FF 01 37 EF 05
   20.369:  Address 0x0B0 ( 176): 0xFF 01 37 EF 05 FF 01 21 4A 06 FF 01 37 43 06 FF
   20.390:  Address 0x0C0 ( 192): 0x01 37 43 06 FF 01 37 43 00 00 00 00 00 00 00 00
   20.840, 0.000, 'FuserMainPwrPercentAct',         33,        230, 0, 0
   20.940, 0.000, 'FuserMainPwrPercentAct',          0,        230, 0, 0
   21.575, 0.000, 'FuserMainPwrPercentAct',         33,        230, 0, 0
   21.675, 0.000, 'FuserMainPwrPercentAct',          0,        230, 0, 0
   22.325, 0.000, 'FuserMainPwrPercentAct',         33,        230, 0, 0
   22.375, 0.000, 'FuserMainPwrPercentAct',          0,        230, 0, 0
   22.760, 0.000, 'FuserMainPwrPercentAct',         33,        230, 0, 0
   22.860, 0.000, 'FuserMainPwrPercentAct',          0,        230, 0, 0
   23.510, 0.000, 'FuserMainPwrPercentAct',         33,        230, 0, 0
   23.610, 0.000, 'FuserMainPwrPercentAct',          0,        230, 0, 0
   24.330, 0.000, 'FuserMainPwrPercentAct',         33,        230, 0, 0
   24.380, 0.000, 'FuserMainPwrPercentAct',          0,        230, 0, 0
   24.745, 0.000, 'FuserMainPwrPercentAct',         33,        230, 0, 0
   24.845, 0.000, 'FuserMainPwrPercentAct',          0,        230, 0, 0
   25.495, 0.000, 'FuserMainPwrPercentAct',         33,        230, 0, 0
   25.595, 0.000, 'FuserMainPwrPercentAct',          0,        230, 0, 0
   26.019: ssec: cmd=27, devNum=255, rc=0
   26.330, 0.000, 'FuserMainPwrPercentAct',         33,        230, 0, 0
   26.380, 0.000, 'FuserMainPwrPercentAct',          0,        230, 0, 0
   26.478: WeatherThread: Calc Temp: 24.26 C, Calc RH: 49.07 (percent)
   26.488: WeatherThread: Filtered Temp: 24.26 C, Filtered RH: 49.07 (percent), Filtered Average RH: 49.50 (percent)
   26.830, 0.000, 'FuserMainPwrPercentAct',         33,        230, 0, 0
   26.930, 0.000, 'FuserMainPwrPercentAct',          0,        230, 0, 0
   27.615, 0.000, 'FuserMainPwrPercentAct',         33,        230, 0, 0
   27.715, 0.000, 'FuserMainPwrPercentAct',          0,        230, 0, 0
   28.415, 0.000, 'FuserMainPwrPercentAct',         33,        230, 0, 0
   28.465, 0.000, 'FuserMainPwrPercentAct',          0,        230, 0, 0
   28.915, 0.000, 'FuserMainPwrPercentAct',         33,        230, 0, 0
   29.015, 0.000, 'FuserMainPwrPercentAct',          0,        230, 0, 0
   29.575, 0.000, 'MainTherm2_AFT',                131,        222, 0, 0
   29.765, 0.000, 'FuserMainPwrPercentAct',         33,        230, 0, 0
   29.815, 0.000, 'FuserMainPwrPercentAct',          0,        230, 0, 0
   30.006: Nfy REQUEST_NV_OPERATION=0xE0 0x00 0x00 0x00
   30.006: NV_OPERATION_START; WATCH_NV_VAR; ID; 137b 
   30.014: IP: IP_COMMAND_NV_OPERATION_RESULT Command  Rcvd - Command Code: 0xD2 Data: 0x06060000 0x00 
   30.014: IP: IP_COMMAND_NV_OPERATION_RESULT Response Sent - Command Code: 0xD2 Data: None 
   30.016: NV_OPERATION_FINISH; WATCH_NV_VAR; ID; 137b; Op Time; 10ms 
   30.036: Nfy REQUEST_NV_OPERATION=0xE0 0x00 0x00 0x00
   30.036: NV_OPERATION_START; WATCH_NV_VAR; ID; 137c 
   30.044: IP: IP_COMMAND_NV_OPERATION_RESULT Command  Rcvd - Command Code: 0xD2 Data: 0x06060000 0x00 
   30.044: IP: IP_COMMAND_NV_OPERATION_RESULT Response Sent - Command Code: 0xD2 Data: None 
   30.046: NV_OPERATION_FINISH; WATCH_NV_VAR; ID; 137c; Op Time; 10ms 
   30.066: Nfy REQUEST_NV_OPERATION=0xE0 0x00 0x00 0x00
   30.066: NV_OPERATION_START; WATCH_NV_VAR; ID; 148f 
   30.073: PhSetThermalBlackTopMarginAdjustment() - TopMarginAdjustMm = -0.003357: MmPerHsyncs = 0.042328
   30.074: IP: IP_COMMAND_NV_OPERATION_RESULT Command  Rcvd - Command Code: 0xD2 Data: 0x06060000 0x00 
   30.074: IP: IP_COMMAND_NV_OPERATION_RESULT Response Sent - Command Code: 0xD2 Data: None 
   30.076: NV_OPERATION_FINISH; WATCH_NV_VAR; ID; 148f; Op Time; 10ms 
   30.096: Nfy REQUEST_NV_OPERATION=0xE0 0x00 0x00 0x00
   30.096: NV_OPERATION_START; WATCH_NV_VAR; ID; 22b2 
   30.104: IP: IP_COMMAND_NV_OPERATION_RESULT Command  Rcvd - Command Code: 0xD2 Data: 0x06060000 0x00 
   30.104: IP: IP_COMMAND_NV_OPERATION_RESULT Response Sent - Command Code: 0xD2 Data: None 
   30.106: NV_OPERATION_FINISH; WATCH_NV_VAR; ID; 22b2; Op Time; 10ms 
   30.126: Nfy REQUEST_NV_OPERATION=0xE0 0x00 0x00 0x00
   30.126: NV_OPERATION_START; WATCH_NV_VAR; ID; 22b3 
   30.134: IP: IP_COMMAND_NV_OPERATION_RESULT Command  Rcvd - Command Code: 0xD2 Data: 0x06060000 0x00 
   30.134: IP: IP_COMMAND_NV_OPERATION_RESULT Response Sent - Command Code: 0xD2 Data: None 
   30.136: NV_OPERATION_FINISH; WATCH_NV_VAR; ID; 22b3; Op Time; 10ms 
   30.156: Nfy REQUEST_NV_OPERATION=0xE0 0x00 0x00 0x00
   30.156: NV_OPERATION_START; WATCH_NV_VAR; ID; 179e 
   30.164: IP: IP_COMMAND_NV_OPERATION_RESULT Command  Rcvd - Command Code: 0xD2 Data: 0x06060000 0x00 
   30.164: IP: IP_COMMAND_NV_OPERATION_RESULT Response Sent - Command Code: 0xD2 Data: None 
   30.166: NV_OPERATION_FINISH; WATCH_NV_VAR; ID; 179e; Op Time; 10ms 
   30.186: Nfy REQUEST_NV_OPERATION=0xE0 0x00 0x00 0x00
   30.186: NV_OPERATION_START; WATCH_NV_VAR; ID; 179f 
   30.194: IP: IP_COMMAND_NV_OPERATION_RESULT Command  Rcvd - Command Code: 0xD2 Data: 0x06060000 0x00 
   30.194: IP: IP_COMMAND_NV_OPERATION_RESULT Response Sent - Command Code: 0xD2 Data: None 
   30.196: NV_OPERATION_FINISH; WATCH_NV_VAR; ID; 179f; Op Time; 10ms 
   30.285, 0.000, 'FuserMainPwrPercentAct',         33,        230, 0, 0
   30.385, 0.000, 'FuserMainPwrPercentAct',          0,        230, 0, 0
   31.135, 0.000, 'FuserMainPwrPercentAct',         33,        230, 0, 0
   31.235, 0.000, 'FuserMainPwrPercentAct',          0,        230, 0, 0
   31.970, 0.000, 'FuserMainPwrPercentAct',         33,        230, 0, 0
   32.070, 0.000, 'FuserMainPwrPercentAct',          0,        230, 0, 0
   32.870, 0.000, 'FuserMainPwrPercentAct',         33,        230, 0, 0
   32.920, 0.000, 'FuserMainPwrPercentAct',          0,        230, 0, 0
   33.370, 0.000, 'FuserMainPwrPercentAct',         33,        230, 0, 0
   33.420, 0.000, 'FuserMainPwrPercentAct',          0,        230, 0, 0
   33.905, 0.000, 'FuserMainPwrPercentAct',         33,        230, 0, 0
   34.005, 0.000, 'FuserMainPwrPercentAct',          0,        230, 0, 0
   34.548: BUR sensor iterations 5, Object temp 75, Body temp 42
   34.790, 0.000, 'FuserMainPwrPercentAct',         33,        230, 0, 0
   34.890, 0.000, 'FuserMainPwrPercentAct',          0,        230, 0, 0
   35.675, 0.000, 'FuserMainPwrPercentAct',         33,        230, 0, 0
   35.725, 0.000, 'FuserMainPwrPercentAct',          0,        230, 0, 0
   36.019: ssec: cmd=27, devNum=255, rc=0
   36.225, 0.000, 'FuserMainPwrPercentAct',         33,        230, 0, 0
   36.325, 0.000, 'FuserMainPwrPercentAct',          0,        230, 0, 0
   37.125, 0.000, 'FuserMainPwrPercentAct',         33,        230, 0, 0
   37.188: WeatherThread: Calc Temp: 24.27 C, Calc RH: 49.11 (percent)
   37.198: WeatherThread: Filtered Temp: 24.27 C, Filtered RH: 49.11 (percent), Filtered Average RH: 49.50 (percent)
   37.225, 0.000, 'FuserMainPwrPercentAct',          0,        230, 0, 0
   38.045, 0.000, 'FuserMainPwrPercentAct',         33,        230, 0, 0
   38.095, 0.000, 'FuserMainPwrPercentAct',          0,        230, 0, 0
   38.645, 0.000, 'FuserMainPwrPercentAct',         33,        230, 0, 0
   38.745, 0.000, 'FuserMainPwrPercentAct',          0,        230, 0, 0
   39.580, 0.000, 'FuserMainPwrPercentAct',         33,        230, 0, 0
   39.680, 0.000, 'FuserMainPwrPercentAct',          0,        230, 0, 0
   40.530, 0.000, 'FuserMainPwrPercentAct',         33,        230, 0, 0
   40.580, 0.000, 'FuserMainPwrPercentAct',          0,        230, 0, 0
   41.065, 0.000, 'FuserMainPwrPercentAct',         33,        230, 0, 0
   41.165, 0.000, 'FuserMainPwrPercentAct',          0,        230, 0, 0
   42.000, 0.000, 'FuserMainPwrPercentAct',         33,        230, 0, 0
   42.050, 0.000, 'FuserMainPwrPercentAct',          0,        230, 0, 0
   42.585, 0.000, 'FuserMainPwrPercentAct',         33,        230, 0, 0
   42.685, 0.000, 'FuserMainPwrPercentAct',          0,        230, 0, 0
   43.520, 0.000, 'FuserMainPwrPercentAct',         33,        230, 0, 0
   43.570, 0.000, 'FuserMainPwrPercentAct',          0,        230, 0, 0
   44.120, 0.000, 'FuserMainPwrPercentAct',         33,        230, 0, 0
   44.220, 0.000, 'FuserMainPwrPercentAct',          0,        230, 0, 0
   45.055, 0.000, 'FuserMainPwrPercentAct',         33,        230, 0, 0
   45.155, 0.000, 'FuserMainPwrPercentAct',          0,        230, 0, 0
   46.019: ssec: cmd=27, devNum=255, rc=0
   46.155, 0.000, 'FuserMainPwrPercentAct',         33,        230, 0, 0
   46.205, 0.000, 'FuserMainPwrPercentAct',          0,        230, 0, 0
   46.675, 0.000, 'FuserMainPwrPercentAct',         33,        230, 0, 0
   46.775, 0.000, 'FuserMainPwrPercentAct',          0,        230, 0, 0
   47.710, 0.000, 'FuserMainPwrPercentAct',         33,        230, 0, 0
   47.760, 0.000, 'FuserMainPwrPercentAct',          0,        230, 0, 0
   47.898: WeatherThread: Calc Temp: 24.27 C, Calc RH: 49.11 (percent)
   47.908: WeatherThread: Filtered Temp: 24.27 C, Filtered RH: 49.11 (percent), Filtered Average RH: 49.50 (percent)
   48.210, 0.000, 'FuserMainPwrPercentAct',         33,        230, 0, 0
   48.260, 0.000, 'FuserMainPwrPercentAct',          0,        230, 0, 0
   48.795, 0.000, 'FuserMainPwrPercentAct',         33,        230, 0, 0
   48.845, 0.000, 'FuserMainPwrPercentAct',          0,        230, 0, 0
   49.380, 0.000, 'FuserMainPwrPercentAct',         33,        230, 0, 0
   49.480, 0.000, 'FuserMainPwrPercentAct',          0,        230, 0, 0
   50.365, 0.000, 'FuserMainPwrPercentAct',         33,        230, 0, 0
   50.465, 0.000, 'FuserMainPwrPercentAct',          0,        230, 0, 0
   51.365, 0.000, 'FuserMainPwrPercentAct',         33,        230, 0, 0
   51.415, 0.000, 'FuserMainPwrPercentAct',          0,        230, 0, 0
   52.000, 0.000, 'FuserMainPwrPercentAct',         33,        230, 0, 0
   52.100, 0.000, 'FuserMainPwrPercentAct',          0,        230, 0, 0
   53.020, 0.000, 'FuserMainPwrPercentAct',         33,        230, 0, 0
   53.120, 0.000, 'FuserMainPwrPercentAct',          0,        230, 0, 0
   54.105, 0.000, 'FuserMainPwrPercentAct',         33,        230, 0, 0
   54.205, 0.000, 'FuserMainPwrPercentAct',          0,        230, 0, 0
   55.140, 0.000, 'FuserMainPwrPercentAct',         33,        230, 0, 0
   55.190, 0.000, 'FuserMainPwrPercentAct',          0,        230, 0, 0
   55.740, 0.000, 'FuserMainPwrPercentAct',         33,        230, 0, 0
   55.790, 0.000, 'FuserMainPwrPercentAct',          0,        230, 0, 0
   56.019: ssec: cmd=27, devNum=255, rc=0
   56.410, 0.000, 'FuserMainPwrPercentAct',         33,        230, 0, 0
   56.510, 0.000, 'FuserMainPwrPercentAct',          0,        230, 0, 0
   57.445, 0.000, 'FuserMainPwrPercentAct',         33,        230, 0, 0
   57.545, 0.000, 'FuserMainPwrPercentAct',          0,        230, 0, 0
   58.430, 0.000, 'FuserMainPwrPercentAct',         33,        230, 0, 0
   58.480, 0.000, 'FuserMainPwrPercentAct',          0,        230, 0, 0
   58.608: WeatherThread: Calc Temp: 24.27 C, Calc RH: 49.11 (percent)
   58.618: WeatherThread: Filtered Temp: 24.27 C, Filtered RH: 49.11 (percent), Filtered Average RH: 49.50 (percent)
   59.115, 0.000, 'FuserMainPwrPercentAct',         33,        230, 0, 0
   59.160, 0.000, 'EdgeTherm_AFT',                 107,         63, 0, 0
   59.215, 0.000, 'FuserMainPwrPercentAct',          0,        230, 0, 0
   60.062: FAN: fanDriverRequest: FAN_REQUEST_REPORT_TIMER_VALUE
   60.063: FAN: fanDriverRequest: FAN_REQUEST_REPORT_TIMER_VALUE
   60.063: FAN: fanDriverRequest: FAN_REQUEST_REPORT_TIMER_VALUE
   60.063: FAN: fanDriverRequest: FAN_REQUEST_REPORT_TIMER_VALUE
   60.063: EM: Thermal algorithm 843458342 - received lvps fan timer update 1148280 ms
   60.063: FAN: fanDriverRequest: FAN_REQUEST_REPORT_TIMER_VALUE
   60.061: FAN: FanReportTimers() reporting MainFan timer 0 is 0 ms
   60.061: FAN: FanReportTimers() reporting CartFan timer 0 is 0 ms
   60.061: FAN: FanReportTimers() reporting CartFan2 timer 0 is 0 ms
   60.061: FAN: FanReportTimers() reporting LVPSFan timer 0 is 1148280 ms
   60.061: FAN: FanReportTimers() reporting BlowerFan timer 0 is 0 ms
   60.073: PhSetThermalBlackTopMarginAdjustment() - TopMarginAdjustMm = -0.003357: MmPerHsyncs = 0.042328
   60.115: FAN: fanDriverRequest: FAN_REQUEST_SET_TIMER_VALUE
   60.116: FAN: fanDriverRequest: FAN_REQUEST_SET_TIMER_VALUE
   60.116: FAN: Fan Driver Request SetTimerValue - adjusting LVPSFan timer 0 to 1200000 ms
   60.121: FAN: LVPSFan: Speed Update: 2000 RPM; FanOperatingEngineState: FAN_ENGINE_STATE_IDLE_STANDBY_MODE_1   ; TemperatureIndex: 0; TemperatureArraySize: 1; EnginePrintModeIndex: 0; EnginePrintModeArraySize: 1; EngineQuietModeIndex: 0; EngineQuietModeArraySize: 1; FuserTechnologyIndex: 0; FuserTechnologyArraySize: 1; EngineThermalModeIndex: 0; EngineThermalModeArraySize: 5; EngineSleepModeIndex: 0; EngineSleepModeArraySize: 1; StateDurationIndex: 0; RampupAttemptsReset: 0; MachineType: MFP;
   60.150, 0.000, 'FuserMainPwrPercentAct',         33,        230, 0, 0
   60.250, 0.000, 'FuserMainPwrPercentAct',          0,        230, 0, 0
   60.711: RealTime='2026-09-23 05:59' Count='6' Valid = '1' RealTime_EncodedHex='0x7EA9B97B' RealTime_RefSeconds='843458342'
   61.355, 0.000, 'FuserMainPwrPercentAct',         33,        230, 0, 0
   61.405, 0.000, 'FuserMainPwrPercentAct',          0,        230, 0, 0
   61.920, 0.000, 'FuserMainPwrPercentAct',         33,        230, 0, 0
   62.020, 0.000, 'FuserMainPwrPercentAct',          0,        230, 0, 0
   62.990, 0.000, 'FuserMainPwrPercentAct',         33,        230, 0, 0
   63.040, 0.000, 'FuserMainPwrPercentAct',          0,        230, 0, 0
   63.625, 0.000, 'FuserMainPwrPercentAct',         33,        230, 0, 0
   63.725, 0.000, 'FuserMainPwrPercentAct',          0,        230, 0, 0
   64.710, 0.000, 'FuserMainPwrPercentAct',         33,        230, 0, 0
   64.810, 0.000, 'FuserMainPwrPercentAct',          0,        230, 0, 0
   65.355: TASK: Message EM_MSG_ET_TO_ET_THERMAL_TIMED_OUT sent to EmThermalTask()
   65.365: TASK: EmThermalTask() status 0x1.  Task NOT Removed.
   65.365: ItuTemp_F 76.300 CavityTemp_F 0.000 Weather Station_F 75.680 Bump_Time_Scalar 1.0000305176
   65.365: PhSetBeltStretchTopMarginAdjustment() - TopMarginAdjustMm = -0.734970: MmPerHsyncs = 0.042328
   65.365: TASK: Message EM_MSG_ET_TO_ET_LOAD_TIMER sent to EmThermalTimerTask()
   65.375: TASK: EmThermalTimerTask() status 0x1.  Task NOT Removed.
   65.910, 0.000, 'FuserMainPwrPercentAct',         33,        230, 0, 0
   65.960, 0.000, 'FuserMainPwrPercentAct',          0,        230, 0, 0
   66.019: ssec: cmd=27, devNum=255, rc=0
   66.480, 0.000, 'FuserMainPwrPercentAct',         33,        230, 0, 0
   66.580, 0.000, 'FuserMainPwrPercentAct',          0,        230, 0, 0
   67.565, 0.000, 'FuserMainPwrPercentAct',         33,        230, 0, 0
   67.615, 0.000, 'FuserMainPwrPercentAct',          0,        230, 0, 0
   68.200, 0.000, 'FuserMainPwrPercentAct',         33,        230, 0, 0
   68.300, 0.000, 'FuserMainPwrPercentAct',          0,        230, 0, 0
   69.318: WeatherThread: Calc Temp: 24.28 C, Calc RH: 49.11 (percent)
   69.320, 0.000, 'FuserMainPwrPercentAct',         33,        230, 0, 0
   69.328: WeatherThread: RH History update: minute sample count 7, buffer count 30, buffer index 30, value stored 49.0
   69.328: WeatherThread: Filtered Temp: 24.28 C, Filtered RH: 49.11 (percent), Filtered Average RH: 49.48 (percent)
   69.370, 0.000, 'FuserMainPwrPercentAct',          0,        230, 0, 0
   69.870, 0.000, 'FuserMainPwrPercentAct',         33,        230, 0, 0
   69.920, 0.000, 'FuserMainPwrPercentAct',          0,        230, 0, 0
   70.073: EP: Environment calculation code ran successfully. measured_temperature_Q3 = 75.625000, adjusted_temperature_Q3 = 75.625000, measured_humidity_Q3 = 49.375000, adjusted_humidity_Q3 = 49.375000, ChosenEnv = 4, wet_bulb_temperature_f_Q3 = 504, CalcTime_us=79 
   70.505, 0.000, 'FuserMainPwrPercentAct',         33,        230, 0, 0
   70.605, 0.000, 'FuserMainPwrPercentAct',          0,        230, 0, 0
   71.590, 0.000, 'FuserMainPwrPercentAct',         33,        230, 0, 0
   71.640, 0.000, 'FuserMainPwrPercentAct',          0,        230, 0, 0
   72.225, 0.000, 'FuserMainPwrPercentAct',         33,        230, 0, 0
   72.275, 0.000, 'FuserMainPwrPercentAct',          0,        230, 0, 0
   72.925, 0.000, 'FuserMainPwrPercentAct',         33,        230, 0, 0
   73.025, 0.000, 'FuserMainPwrPercentAct',          0,        230, 0, 0
   74.045, 0.000, 'FuserMainPwrPercentAct',         33,        230, 0, 0
   74.095, 0.000, 'FuserMainPwrPercentAct',          0,        230, 0, 0
   74.680, 0.000, 'FuserMainPwrPercentAct',         33,        230, 0, 0
   74.780, 0.000, 'FuserMainPwrPercentAct',          0,        230, 0, 0
   75.815, 0.000, 'FuserMainPwrPercentAct',         33,        230, 0, 0
   75.915, 0.000, 'FuserMainPwrPercentAct',          0,        230, 0, 0
   76.015: ssec: su: forceAuth=true
   76.023: ssec: sn: n=0x01, s=0x01, ss=0x04, f=0x02
   76.023: ssec: sn: n=0x01, d=0xa000316c, iq=0xb634, qu=0xb634, au=0x3b467b1, mu=0x3b467b1
   76.023: ssec: sn: n=0x02, s=0x01, ss=0x04, f=0x02
   76.023: ssec: sn: n=0x02, d=0xa0002de2, iq=0xabca, qu=0xabca, au=0x0, mu=0x0
   76.023: ssec: sn: n=0x03, s=0x01, ss=0x04, f=0x02
   76.023: ssec: sn: n=0x03, d=0xa00034a1, iq=0xb634, qu=0xb634, au=0xd265ae, mu=0xd265ae
   76.023: ssec: sn: n=0x04, s=0x01, ss=0x04, f=0x02
   76.024: ssec: sn: n=0x04, d=0xa0003c2d, iq=0xc86c, qu=0xc86c, au=0x1b3d5be, mu=0x1b3d5be
   76.024: ssec: sn: n=0x05, s=0x01, ss=0x04, f=0x00
   76.024: ssec: sn: n=0x05, d=0xa000557e, iq=0xea10, qu=0xd3ba, au=0x170d0, mu=0x170ca
   76.024: ssec: sn: n=0x06, s=0x01, ss=0x04, f=0x00
   76.024: ssec: sn: n=0x06, d=0xa0005a44, iq=0xea10, qu=0xd827, au=0x165a8, mu=0x165a3
   76.024: ssec: sn: n=0x07, s=0x01, ss=0x04, f=0x00
   76.024: ssec: sn: n=0x07, d=0xa00050e6, iq=0xf58a, qu=0xc555, au=0x170d0, mu=0x170ca
   76.024: ssec: gats: 
   76.169: ssec: gats: 
   76.176: ssec: atc:
   76.238: ssec: gats: 
   76.242: ssec: san: 
   76.247: ssec: sav: devNum=7
   76.308: ssec: sn: dn=0, st=1
   76.308: ssec: cmd=26, devNum=255, rc=0
   76.308: ssec: cmd=27, devNum=255, rc=0
   77.050, 0.000, 'FuserMainPwrPercentAct',         33,        230, 0, 0
   77.100, 0.000, 'FuserMainPwrPercentAct',          0,        230, 0, 0
   77.670, 0.000, 'FuserMainPwrPercentAct',         33,        230, 0, 0
   77.770, 0.000, 'FuserMainPwrPercentAct',          0,        230, 0, 0
   78.790, 0.000, 'FuserMainPwrPercentAct',         33,        230, 0, 0
   78.840, 0.000, 'FuserMainPwrPercentAct',          0,        230, 0, 0
   79.475, 0.000, 'FuserMainPwrPercentAct',         33,        230, 0, 0
   79.525, 0.000, 'FuserMainPwrPercentAct',          0,        230, 0, 0
   80.028: WeatherThread: Calc Temp: 24.28 C, Calc RH: 49.14 (percent)
   80.038, 0.000, 'Weather Station Temp C',           24.27,  214, 0, 0
   80.038, 0.000, 'Weather Station RH',               49.12,  215, 0, 0
   80.038: WeatherThread: Filtered Temp: 24.28 C, Filtered RH: 49.14 (percent), Filtered Average RH: 49.48 (percent)
   80.075, 0.000, 'FuserMainPwrPercentAct',         33,        230, 0, 0
   80.125, 0.000, 'FuserMainPwrPercentAct',          0,        230, 0, 0
   80.710, 0.000, 'FuserMainPwrPercentAct',         33,        230, 0, 0
   80.810, 0.000, 'FuserMainPwrPercentAct',          0,        230, 0, 0
   81.830, 0.000, 'FuserMainPwrPercentAct',         33,        230, 0, 0
   81.930, 0.000, 'FuserMainPwrPercentAct',          0,        230, 0, 0
   82.915, 0.000, 'FuserMainPwrPercentAct',         33,        230, 0, 0
   82.965, 0.000, 'FuserMainPwrPercentAct',          0,        230, 0, 0
   83.600, 0.000, 'FuserMainPwrPercentAct',         33,        230, 0, 0
   83.700, 0.000, 'FuserMainPwrPercentAct',          0,        230, 0, 0
   84.820, 0.000, 'FuserMainPwrPercentAct',         33,        230, 0, 0
   84.870, 0.000, 'FuserMainPwrPercentAct',          0,        230, 0, 0
   85.505, 0.000, 'FuserMainPwrPercentAct',         33,        230, 0, 0
   85.605, 0.000, 'FuserMainPwrPercentAct',          0,        230, 0, 0
   86.019: ssec: cmd=27, devNum=255, rc=0
   86.568: BUR sensor iterations 5, Object temp 74, Body temp 42
   86.625, 0.000, 'FuserMainPwrPercentAct',         33,        230, 0, 0
   86.675, 0.000, 'FuserMainPwrPercentAct',          0,        230, 0, 0
   87.375, 0.000, 'FuserMainPwrPercentAct',         33,        230, 0, 0
   87.475, 0.000, 'FuserMainPwrPercentAct',          0,        230, 0, 0
   87.588: BUR sensor iterations 5, Object temp 75, Body temp 42
   87.896: INFO serial_transport::packet_reader: rx seq 0x01 CRC 0xce7a len 56 accept cur 0x01
   87.898: INFO serial_transport::packet_reader: rx seq 0x02 CRC 0xa591 len 29 accept cur 0x02
   87.898: INFO serial_transport::packet_reader: rx seq 0x03 CRC 0xcd3c len 50 accept cur 0x03
   87.898: INFO serial_transport::packet_reader: rx seq 0x04 CRC 0x7c75 len 45 accept cur 0x04
   87.899: INFO printengine_lxk::node_tree::engine: Call: set("Settings", "HardwareConfig", "duplexCapability", "Single")
   87.900: IP: NODE_TREE_INTERFACE Command  Rcvd - Command Code: 0x08 Data: 0x08020501 
   87.900: IP: NODE_TREE_INTERFACE Response Sent - Command Code: 0x08 Data: None 
   87.902: INFO printengine_lxk::node_tree::engine: Call: set("Settings", "modelType", "H")
   87.903: IP: NODE_TREE_INTERFACE Command  Rcvd - Command Code: 0x08 Data: 0x08020002 
   87.903: TP ENG_EVENT_MODEL_UPDATE model type 2 model has changed 0
   87.903: TPS StringId='88' Comment='TP: TpAsyncThreadReq()' TpAsyncReqId='19'
   87.903: EngineDriverRequest(): ENG_RQST_DEFAULT_SPEED_INDEX     
   87.903: XLATE: XlatePrintPage(OpPoint=01,MediaType=00,source=99,dest=90,BannerFlag,GeneralFlags1=00,Size=00,CustomWidth=0000,RunAtDefaultSpeed=01,PageHasMedia=01,PageIsInternal=00)
   87.903: XLATE: TPSFullCalibrationRule
   87.903: XLATE: Supports600DpiJobsRule
   87.903: XLATE: XlatePrintPage() - fastest_speed: 55 MachineInfo.Model: 1 TargetResolution: 1 ReturnVal: 0
   87.903: TP: TpSetNominalWhiteVector: NominalWhiteVector=-735 and DefaultSpeedIndex=0 unchanged. , 
   87.903: EngineDriverRequest(): GET_ENGINE_DRIVER_MACHINE_INFO   
   87.903: SUPPLIES: ENG_EVENT_MODEL_UPDATE: ENGINE_DRIVER_INFO_MODEL = 1 
   87.903: IP: NODE_TREE_INTERFACE Response Sent - Command Code: 0x08 Data: None 
   87.903: IP: NODE_TREE_INTERFACE Command  Rcvd - Command Code: 0x08 Data: 0x0C 
   87.903: IP: NODE_TREE_INTERFACE Response Sent - Command Code: 0x08 Data: 0x37D0F6B3 0xBA00 
   87.905: INFO printengine_lxk::node_tree::engine: Call: set("Settings", "CustomFeatures", "maxOptionalTrays", 6)
   87.905: IP: NODE_TREE_INTERFACE Command  Rcvd - Command Code: 0x08 Data: 0x08020E06 
   87.905: IP: NODE_TREE_INTERFACE Response Sent - Command Code: 0x08 Data: None 
   87.909: INFO printengine_lxk::node_tree::engine: Call: set("Settings", "Supplies", "capacityClassID", 65535)
   87.912: IP: SET_SUPPLY_COMPATIBILITY_DATA_CMDCODE Command  Rcvd - Command Code: 0x73 Data: 0xFFFFFF02 0xFFFF0000 0xFFFF0000 0xFFFF0000 0x00000000 
   87.912: SUPPLIES: SupplyMgr External Request: SUPPLY_RQST_SET_COMPAT_DATA_COMMO 
   87.912: SUPPLIES: @@@@ ServicePlan Rip Event: OrigState: 0, PrinterServicePlan: 2, NewState: 0, PrinterRegion: 0xffff 
   87.912: SUPPLIES: SupplyCartImageUnitCompatCheck: Pass: 1, CartId: 0x04, CartToner: 0, IuId: 0x00, IuToner: 0
   87.912: SUPPLIES: SupplyCC_MC_Check: SupplyID: 0x04, PrinterState: 0, SuppliesSupported: 1, PrinterMachineClass: 0xffff, Printer MC: 0x0000ffff, Printer CC: 0x0000ffff, Supply MC: 0x0000ffff, Supply CC: 0x0000ffff
   87.912: SUPPLIES: SupplyOEM_Check SupplyID: Bottle - Black, Test skipped, Escape Hatch Active 
   87.912: SUPPLIES: Region compatibility test skipped due to Esc hatch 
   87.912: SUPPLIES: SupplyMarriageCheck: Supply ID=0x04, SupplyAlreadyMarried=0, MarriageEscHatchSet=1, AnyMarriageEscHatchSet=1, NvMarriageID=0x00, SupplyMarriageID=0xec, OkToMarrySupply=0, SupplyIsSWE=0, UnMarrySettingSet=0 
   87.912: SUPPLIES: AM Cartridge Lock Check: SupplyID=0x04 SupplyIsAM=1 CartridgeLockSetting=0 CartLockInErrorFlag=0 BottleID=0x3107588e NvCartLockID=0x00000000
   87.912: SUPPLIES: BottleServicePlanCompatCheck: SupplyID: 0x04, Test skipped. Settings unavailable. PrinterMachClassSettingRcvd=1, TnrBottleDataValidFlag=1, PrinterRegionSettingReceived=1 
   87.912: SUPPLIES: SupplyCartImageUnitCompatCheck: Pass: 1, CartId: 0x03, CartToner: 0, IuId: 0x00, IuToner: 0
   87.912: SUPPLIES: SupplyCC_MC_Check: SupplyID: 0x03, PrinterState: 0, SuppliesSupported: 1, PrinterMachineClass: 0xffff, Printer MC: 0x0000ffff, Printer CC: 0x0000ffff, Supply MC: 0x0000ffff, Supply CC: 0x0000ffff
   87.912: SUPPLIES: SupplyOEM_Check SupplyID: Bottle - Cyan, Test skipped, Escape Hatch Active 
   87.912: SUPPLIES: Region compatibility test skipped due to Esc hatch 
   87.912: SUPPLIES: SupplyMarriageCheck: Supply ID=0x03, SupplyAlreadyMarried=0, MarriageEscHatchSet=1, AnyMarriageEscHatchSet=1, NvMarriageID=0x00, SupplyMarriageID=0x4d, OkToMarrySupply=0, SupplyIsSWE=0, UnMarrySettingSet=0 
   87.912: SUPPLIES: AM Cartridge Lock Check: SupplyID=0x03 SupplyIsAM=1 CartridgeLockSetting=0 CartLockInErrorFlag=0 BottleID=0x31045b14 NvCartLockID=0x00000000
   87.912: SUPPLIES: BottleServicePlanCompatCheck: SupplyID: 0x03, Test skipped. Settings unavailable. PrinterMachClassSettingRcvd=1, TnrBottleDataValidFlag=1, PrinterRegionSettingReceived=1 
   87.912: SUPPLIES: SupplyCartImageUnitCompatCheck: Pass: 1, CartId: 0x02, CartToner: 0, IuId: 0x00, IuToner: 0
   87.912: SUPPLIES: SupplyCC_MC_Check: SupplyID: 0x02, PrinterState: 0, SuppliesSupported: 1, PrinterMachineClass: 0xffff, Printer MC: 0x0000ffff, Printer CC: 0x0000ffff, Supply MC: 0x0000ffff, Supply CC: 0x0000ffff
   87.912: SUPPLIES: SupplyOEM_Check SupplyID: Bottle - Magenta, Test skipped, Escape Hatch Active 
   87.912: SUPPLIES: Region compatibility test skipped due to Esc hatch 
   87.912: SUPPLIES: SupplyMarriageCheck: Supply ID=0x02, SupplyAlreadyMarried=0, MarriageEscHatchSet=1, AnyMarriageEscHatchSet=1, NvMarriageID=0x00, SupplyMarriageID=0x14, OkToMarrySupply=0, SupplyIsSWE=0, UnMarrySettingSet=0 
   87.912: SUPPLIES: AM Cartridge Lock Check: SupplyID=0x02 SupplyIsAM=1 CartridgeLockSetting=0 CartLockInErrorFlag=0 BottleID=0x31095739 NvCartLockID=0x00000000
   87.912: SUPPLIES: BottleServicePlanCompatCheck: SupplyID: 0x02, Test skipped. Settings unavailable. PrinterMachClassSettingRcvd=1, TnrBottleDataValidFlag=1, PrinterRegionSettingReceived=1 
   87.912: SUPPLIES: SupplyCartImageUnitCompatCheck: Pass: 1, CartId: 0x01, CartToner: 0, IuId: 0x00, IuToner: 0
   87.912: SUPPLIES: SupplyCC_MC_Check: SupplyID: 0x01, PrinterState: 0, SuppliesSupported: 1, PrinterMachineClass: 0xffff, Printer MC: 0x0000ffff, Printer CC: 0x0000ffff, Supply MC: 0x0000ffff, Supply CC: 0x0000ffff
   87.912: SUPPLIES: SupplyOEM_Check SupplyID: Bottle - Yellow, Test skipped, Escape Hatch Active 
   87.912: SUPPLIES: Region compatibility test skipped due to Esc hatch 
   87.912: SUPPLIES: SupplyMarriageCheck: Supply ID=0x01, SupplyAlreadyMarried=0, MarriageEscHatchSet=1, AnyMarriageEscHatchSet=1, NvMarriageID=0x00, SupplyMarriageID=0xb2, OkToMarrySupply=0, SupplyIsSWE=0, UnMarrySettingSet=0 
   87.912: SUPPLIES: AM Cartridge Lock Check: SupplyID=0x01 SupplyIsAM=1 CartridgeLockSetting=0 CartLockInErrorFlag=0 BottleID=0x311467e4 NvCartLockID=0x00000000
   87.912: SUPPLIES: BottleServicePlanCompatCheck: SupplyID: 0x01, Test skipped. Settings unavailable. PrinterMachClassSettingRcvd=1, TnrBottleDataValidFlag=1, PrinterRegionSettingReceived=1 
   87.912: SUPPLIES: SupplyCC_MC_Check: SupplyID: 0x06, PrinterState: 0, SuppliesSupported: 1, PrinterMachineClass: 0xffff, Printer MC: 0x0000ffff, Printer CC: 0x0000ffff, Supply MC: 0xffffffff, Supply CC: 0xffffffff
   87.912: SUPPLIES: SupplyOEM_Check: SupplyID: 0x06, OemId: 0xff, ShipWithType: 0, SuppliesSupported: 1, PrinterState: 0, Printer Machine Class: 0xffff  
   87.912: SUPPLIES: Region compatibility test skipped due to Esc hatch 
   87.912: SUPPLIES: SupplyMarriageCheck: Supply ID=0x06, SupplyAlreadyMarried=0, MarriageEscHatchSet=1, AnyMarriageEscHatchSet=1, NvMarriageID=0x00, SupplyMarriageID=0x00, OkToMarrySupply=0, SupplyIsSWE=1, UnMarrySettingSet=0 
   87.912: SUPPLIES: SupplyCC_MC_Check: SupplyID: 0x05, PrinterState: 0, SuppliesSupported: 1, PrinterMachineClass: 0xffff, Printer MC: 0x0000ffff, Printer CC: 0x0000ffff, Supply MC: 0xffffffff, Supply CC: 0xffffffff
   87.912: SUPPLIES: SupplyOEM_Check SupplyID: ITM, Test skipped, Escape Hatch Active 
   87.912: SUPPLIES: Region compatibility test skipped due to Esc hatch 
   87.912: SUPPLIES: SupplyCC_MC_Check: SupplyID: 0x19, PrinterState: 0, SuppliesSupported: 1, PrinterMachineClass: 0xffff, Printer MC: 0x0000ffff, Printer CC: 0x0000ffff, Supply MC: 0xffffffff, Supply CC: 0xffffffff
   87.912: SUPPLIES: SupplyOEM_Check: SupplyID: 0x19, OemId: 0xff, ShipWithType: 0, SuppliesSupported: 1, PrinterState: 0, Printer Machine Class: 0xffff  
   87.912: SUPPLIES: RegionCheck SupplyID: 0x19, PrinterState: 0, Pass: 1, Printer Region: 0xFFFF, Supply Region: 0x7FFF, PrinterMachineClass: 0xffff 
   87.912: SUPPLIES: SupplyMarriageCheck: Supply ID=0x19, SupplyAlreadyMarried=0, MarriageEscHatchSet=0, AnyMarriageEscHatchSet=0, NvMarriageID=0x00, SupplyMarriageID=0x9e, OkToMarrySupply=1, SupplyIsSWE=1, UnMarrySettingSet=0 
   87.912: SUPPLIES: SupplyCC_MC_Check: SupplyID: 0x0f, PrinterState: 0, SuppliesSupported: 1, PrinterMachineClass: 0xffff, Printer MC: 0x0000ffff, Printer CC: 0x0000ffff, Supply MC: 0xffffffff, Supply CC: 0xffffffff
   87.912: SUPPLIES: SupplyOEM_Check: SupplyID: 0x0f, OemId: 0xff, ShipWithType: 0, SuppliesSupported: 1, PrinterState: 0, Printer Machine Class: 0xffff  
   87.912: SUPPLIES: RegionCheck SupplyID: 0x0f, PrinterState: 0, Pass: 1, Printer Region: 0xFFFF, Supply Region: 0x7FFF, PrinterMachineClass: 0xffff 
   87.912: SUPPLIES: SupplyMarriageCheck: Supply ID=0x0f, SupplyAlreadyMarried=0, MarriageEscHatchSet=0, AnyMarriageEscHatchSet=0, NvMarriageID=0x00, SupplyMarriageID=0xb7, OkToMarrySupply=1, SupplyIsSWE=1, UnMarrySettingSet=0 
   87.913: IP: SET_SUPPLY_COMPATIBILITY_DATA_CMDCODE Response Sent - Command Code: 0x73 Data: None 
   87.914: INFO printengine_lxk::node_tree::engine::rpc: Notify MaxSpeedPPMUpdate(55)
   87.928: INFO serial_transport::packet_reader: rx seq 0x05 CRC 0x9b5f len 44 accept cur 0x05
   87.928: INFO serial_transport::packet_reader: rx seq 0x06 CRC 0x273a len 50 accept cur 0x06
   87.928: INFO serial_transport::packet_reader: rx ack 0x00
   87.928: INFO serial_transport::packet_reader: rx ack 0x01
   87.929: INFO serial_transport::packet_reader: rx ack 0x02
   87.929: INFO serial_transport::packet_reader: rx ack 0x03
   87.930: INFO printengine_lxk::node_tree::engine: Call: set("Settings", "Supplies", "machineClassID", 65535)
   87.933: IP: SET_SUPPLY_COMPATIBILITY_DATA_CMDCODE Command  Rcvd - Command Code: 0x73 Data: 0xFFFFFF02 0xFFFF0000 0xFFFF0000 0xFFFF0000 0x00000000 
   87.933: SUPPLIES: SupplyMgr External Request: SUPPLY_RQST_SET_COMPAT_DATA_COMMO 
   87.933: SUPPLIES: @@@@ ServicePlan Rip Event: OrigState: 0, PrinterServicePlan: 2, NewState: 0, PrinterRegion: 0xffff 
   87.933: SUPPLIES: SupplyCartImageUnitCompatCheck: Pass: 1, CartId: 0x04, CartToner: 0, IuId: 0x00, IuToner: 0
   87.933: SUPPLIES: SupplyCC_MC_Check: SupplyID: 0x04, PrinterState: 0, SuppliesSupported: 1, PrinterMachineClass: 0xffff, Printer MC: 0x0000ffff, Printer CC: 0x0000ffff, Supply MC: 0x0000ffff, Supply CC: 0x0000ffff
   87.933: SUPPLIES: SupplyOEM_Check SupplyID: Bottle - Black, Test skipped, Escape Hatch Active 
   87.933: SUPPLIES: Region compatibility test skipped due to Esc hatch 
   87.933: SUPPLIES: SupplyMarriageCheck: Supply ID=0x04, SupplyAlreadyMarried=0, MarriageEscHatchSet=1, AnyMarriageEscHatchSet=1, NvMarriageID=0x00, SupplyMarriageID=0xec, OkToMarrySupply=0, SupplyIsSWE=0, UnMarrySettingSet=0 
   87.933: SUPPLIES: AM Cartridge Lock Check: SupplyID=0x04 SupplyIsAM=1 CartridgeLockSetting=0 CartLockInErrorFlag=0 BottleID=0x3107588e NvCartLockID=0x00000000
   87.933: SUPPLIES: BottleServicePlanCompatCheck: SupplyID: 0x04, Test skipped. Settings unavailable. PrinterMachClassSettingRcvd=1, TnrBottleDataValidFlag=1, PrinterRegionSettingReceived=1 
   87.933: SUPPLIES: SupplyCartImageUnitCompatCheck: Pass: 1, CartId: 0x03, CartToner: 0, IuId: 0x00, IuToner: 0
   87.933: SUPPLIES: SupplyCC_MC_Check: SupplyID: 0x03, PrinterState: 0, SuppliesSupported: 1, PrinterMachineClass: 0xffff, Printer MC: 0x0000ffff, Printer CC: 0x0000ffff, Supply MC: 0x0000ffff, Supply CC: 0x0000ffff
   87.933: SUPPLIES: SupplyOEM_Check SupplyID: Bottle - Cyan, Test skipped, Escape Hatch Active 
   87.933: SUPPLIES: Region compatibility test skipped due to Esc hatch 
   87.933: SUPPLIES: SupplyMarriageCheck: Supply ID=0x03, SupplyAlreadyMarried=0, MarriageEscHatchSet=1, AnyMarriageEscHatchSet=1, NvMarriageID=0x00, SupplyMarriageID=0x4d, OkToMarrySupply=0, SupplyIsSWE=0, UnMarrySettingSet=0 
   87.933: SUPPLIES: AM Cartridge Lock Check: SupplyID=0x03 SupplyIsAM=1 CartridgeLockSetting=0 CartLockInErrorFlag=0 BottleID=0x31045b14 NvCartLockID=0x00000000
   87.933: SUPPLIES: BottleServicePlanCompatCheck: SupplyID: 0x03, Test skipped. Settings unavailable. PrinterMachClassSettingRcvd=1, TnrBottleDataValidFlag=1, PrinterRegionSettingReceived=1 
   87.933: SUPPLIES: SupplyCartImageUnitCompatCheck: Pass: 1, CartId: 0x02, CartToner: 0, IuId: 0x00, IuToner: 0
   87.933: SUPPLIES: SupplyCC_MC_Check: SupplyID: 0x02, PrinterState: 0, SuppliesSupported: 1, PrinterMachineClass: 0xffff, Printer MC: 0x0000ffff, Printer CC: 0x0000ffff, Supply MC: 0x0000ffff, Supply CC: 0x0000ffff
   87.933: SUPPLIES: SupplyOEM_Check SupplyID: Bottle - Magenta, Test skipped, Escape Hatch Active 
   87.933: SUPPLIES: Region compatibility test skipped due to Esc hatch 
   87.933: SUPPLIES: SupplyMarriageCheck: Supply ID=0x02, SupplyAlreadyMarried=0, MarriageEscHatchSet=1, AnyMarriageEscHatchSet=1, NvMarriageID=0x00, SupplyMarriageID=0x14, OkToMarrySupply=0, SupplyIsSWE=0, UnMarrySettingSet=0 
   87.933: SUPPLIES: AM Cartridge Lock Check: SupplyID=0x02 SupplyIsAM=1 CartridgeLockSetting=0 CartLockInErrorFlag=0 BottleID=0x31095739 NvCartLockID=0x00000000
   87.933: SUPPLIES: BottleServicePlanCompatCheck: SupplyID: 0x02, Test skipped. Settings unavailable. PrinterMachClassSettingRcvd=1, TnrBottleDataValidFlag=1, PrinterRegionSettingReceived=1 
   87.933: SUPPLIES: SupplyCartImageUnitCompatCheck: Pass: 1, CartId: 0x01, CartToner: 0, IuId: 0x00, IuToner: 0
   87.933: SUPPLIES: SupplyCC_MC_Check: SupplyID: 0x01, PrinterState: 0, SuppliesSupported: 1, PrinterMachineClass: 0xffff, Printer MC: 0x0000ffff, Printer CC: 0x0000ffff, Supply MC: 0x0000ffff, Supply CC: 0x0000ffff
   87.933: SUPPLIES: SupplyOEM_Check SupplyID: Bottle - Yellow, Test skipped, Escape Hatch Active 
   87.933: SUPPLIES: Region compatibility test skipped due to Esc hatch 
   87.933: SUPPLIES: SupplyMarriageCheck: Supply ID=0x01, SupplyAlreadyMarried=0, MarriageEscHatchSet=1, AnyMarriageEscHatchSet=1, NvMarriageID=0x00, SupplyMarriageID=0xb2, OkToMarrySupply=0, SupplyIsSWE=0, UnMarrySettingSet=0 
   87.933: SUPPLIES: AM Cartridge Lock Check: SupplyID=0x01 SupplyIsAM=1 CartridgeLockSetting=0 CartLockInErrorFlag=0 BottleID=0x311467e4 NvCartLockID=0x00000000
   87.933: SUPPLIES: BottleServicePlanCompatCheck: SupplyID: 0x01, Test skipped. Settings unavailable. PrinterMachClassSettingRcvd=1, TnrBottleDataValidFlag=1, PrinterRegionSettingReceived=1 
   87.933: SUPPLIES: SupplyCC_MC_Check: SupplyID: 0x06, PrinterState: 0, SuppliesSupported: 1, PrinterMachineClass: 0xffff, Printer MC: 0x0000ffff, Printer CC: 0x0000ffff, Supply MC: 0xffffffff, Supply CC: 0xffffffff
   87.933: SUPPLIES: SupplyOEM_Check: SupplyID: 0x06, OemId: 0xff, ShipWithType: 0, SuppliesSupported: 1, PrinterState: 0, Printer Machine Class: 0xffff  
   87.933: SUPPLIES: Region compatibility test skipped due to Esc hatch 
   87.933: SUPPLIES: SupplyMarriageCheck: Supply ID=0x06, SupplyAlreadyMarried=0, MarriageEscHatchSet=1, AnyMarriageEscHatchSet=1, NvMarriageID=0x00, SupplyMarriageID=0x00, OkToMarrySupply=0, SupplyIsSWE=1, UnMarrySettingSet=0 
   87.933: SUPPLIES: SupplyCC_MC_Check: SupplyID: 0x05, PrinterState: 0, SuppliesSupported: 1, PrinterMachineClass: 0xffff, Printer MC: 0x0000ffff, Printer CC: 0x0000ffff, Supply MC: 0xffffffff, Supply CC: 0xffffffff
   87.933: SUPPLIES: SupplyOEM_Check SupplyID: ITM, Test skipped, Escape Hatch Active 
   87.933: SUPPLIES: Region compatibility test skipped due to Esc hatch 
   87.933: SUPPLIES: SupplyCC_MC_Check: SupplyID: 0x19, PrinterState: 0, SuppliesSupported: 1, PrinterMachineClass: 0xffff, Printer MC: 0x0000ffff, Printer CC: 0x0000ffff, Supply MC: 0xffffffff, Supply CC: 0xffffffff
   87.933: SUPPLIES: SupplyOEM_Check: SupplyID: 0x19, OemId: 0xff, ShipWithType: 0, SuppliesSupported: 1, PrinterState: 0, Printer Machine Class: 0xffff  
   87.933: SUPPLIES: RegionCheck SupplyID: 0x19, PrinterState: 0, Pass: 1, Printer Region: 0xFFFF, Supply Region: 0x7FFF, PrinterMachineClass: 0xffff 
   87.933: SUPPLIES: SupplyMarriageCheck: Supply ID=0x19, SupplyAlreadyMarried=0, MarriageEscHatchSet=0, AnyMarriageEscHatchSet=0, NvMarriageID=0x00, SupplyMarriageID=0x9e, OkToMarrySupply=1, SupplyIsSWE=1, UnMarrySettingSet=0 
   87.933: SUPPLIES: SupplyCC_MC_Check: SupplyID: 0x0f, PrinterState: 0, SuppliesSupported: 1, PrinterMachineClass: 0xffff, Printer MC: 0x0000ffff, Printer CC: 0x0000ffff, Supply MC: 0xffffffff, Supply CC: 0xffffffff
   87.933: SUPPLIES: SupplyOEM_Check: SupplyID: 0x0f, OemId: 0xff, ShipWithType: 0, SuppliesSupported: 1, PrinterState: 0, Printer Machine Class: 0xffff  
   87.933: SUPPLIES: RegionCheck SupplyID: 0x0f, PrinterState: 0, Pass: 1, Printer Region: 0xFFFF, Supply Region: 0x7FFF, PrinterMachineClass: 0xffff 
   87.933: SUPPLIES: SupplyMarriageCheck: Supply ID=0x0f, SupplyAlreadyMarried=0, MarriageEscHatchSet=0, AnyMarriageEscHatchSet=0, NvMarriageID=0x00, SupplyMarriageID=0xb7, OkToMarrySupply=1, SupplyIsSWE=1, UnMarrySettingSet=0 
   87.935: IP: SET_SUPPLY_COMPATIBILITY_DATA_CMDCODE Response Sent - Command Code: 0x73 Data: None 
   87.935: INFO serial_transport::packet_reader: rx ack 0x04
   87.939: INFO printengine_lxk::node_tree::engine: Call: set("Settings", "Supplies", "compatibilityClassID", 65535)
   87.940: IP: SET_SUPPLY_COMPATIBILITY_DATA_CMDCODE Command  Rcvd - Command Code: 0x73 Data: 0xFFFFFF02 0xFFFF0000 0xFFFF0000 0xFFFF0000 0x00000000 
   87.940: SUPPLIES: SupplyMgr External Request: SUPPLY_RQST_SET_COMPAT_DATA_COMMO 
   87.940: SUPPLIES: @@@@ ServicePlan Rip Event: OrigState: 0, PrinterServicePlan: 2, NewState: 0, PrinterRegion: 0xffff 
   87.940: SUPPLIES: SupplyCartImageUnitCompatCheck: Pass: 1, CartId: 0x04, CartToner: 0, IuId: 0x00, IuToner: 0
   87.940: SUPPLIES: SupplyCC_MC_Check: SupplyID: 0x04, PrinterState: 0, SuppliesSupported: 1, PrinterMachineClass: 0xffff, Printer MC: 0x0000ffff, Printer CC: 0x0000ffff, Supply MC: 0x0000ffff, Supply CC: 0x0000ffff
   87.940: SUPPLIES: SupplyOEM_Check SupplyID: Bottle - Black, Test skipped, Escape Hatch Active 
   87.940: SUPPLIES: Region compatibility test skipped due to Esc hatch 
   87.940: SUPPLIES: SupplyMarriageCheck: Supply ID=0x04, SupplyAlreadyMarried=0, MarriageEscHatchSet=1, AnyMarriageEscHatchSet=1, NvMarriageID=0x00, SupplyMarriageID=0xec, OkToMarrySupply=0, SupplyIsSWE=0, UnMarrySettingSet=0 
   87.940: SUPPLIES: AM Cartridge Lock Check: SupplyID=0x04 SupplyIsAM=1 CartridgeLockSetting=0 CartLockInErrorFlag=0 BottleID=0x3107588e NvCartLockID=0x00000000
   87.940: SUPPLIES: BottleServicePlanCompatCheck: SupplyID: 0x04, Test skipped. Settings unavailable. PrinterMachClassSettingRcvd=1, TnrBottleDataValidFlag=1, PrinterRegionSettingReceived=1 
   87.940: SUPPLIES: SupplyCartImageUnitCompatCheck: Pass: 1, CartId: 0x03, CartToner: 0, IuId: 0x00, IuToner: 0
   87.940: SUPPLIES: SupplyCC_MC_Check: SupplyID: 0x03, PrinterState: 0, SuppliesSupported: 1, PrinterMachineClass: 0xffff, Printer MC: 0x0000ffff, Printer CC: 0x0000ffff, Supply MC: 0x0000ffff, Supply CC: 0x0000ffff
   87.940: SUPPLIES: SupplyOEM_Check SupplyID: Bottle - Cyan, Test skipped, Escape Hatch Active 
   87.940: SUPPLIES: Region compatibility test skipped due to Esc hatch 
   87.940: SUPPLIES: SupplyMarriageCheck: Supply ID=0x03, SupplyAlreadyMarried=0, MarriageEscHatchSet=1, AnyMarriageEscHatchSet=1, NvMarriageID=0x00, SupplyMarriageID=0x4d, OkToMarrySupply=0, SupplyIsSWE=0, UnMarrySettingSet=0 
   87.940: SUPPLIES: AM Cartridge Lock Check: SupplyID=0x03 SupplyIsAM=1 CartridgeLockSetting=0 CartLockInErrorFlag=0 BottleID=0x31045b14 NvCartLockID=0x00000000
   87.940: SUPPLIES: BottleServicePlanCompatCheck: SupplyID: 0x03, Test skipped. Settings unavailable. PrinterMachClassSettingRcvd=1, TnrBottleDataValidFlag=1, PrinterRegionSettingReceived=1 
   87.940: SUPPLIES: SupplyCartImageUnitCompatCheck: Pass: 1, CartId: 0x02, CartToner: 0, IuId: 0x00, IuToner: 0
   87.940: SUPPLIES: SupplyCC_MC_Check: SupplyID: 0x02, PrinterState: 0, SuppliesSupported: 1, PrinterMachineClass: 0xffff, Printer MC: 0x0000ffff, Printer CC: 0x0000ffff, Supply MC: 0x0000ffff, Supply CC: 0x0000ffff
   87.940: SUPPLIES: SupplyOEM_Check SupplyID: Bottle - Magenta, Test skipped, Escape Hatch Active 
   87.940: SUPPLIES: Region compatibility test skipped due to Esc hatch 
   87.940: SUPPLIES: SupplyMarriageCheck: Supply ID=0x02, SupplyAlreadyMarried=0, MarriageEscHatchSet=1, AnyMarriageEscHatchSet=1, NvMarriageID=0x00, SupplyMarriageID=0x14, OkToMarrySupply=0, SupplyIsSWE=0, UnMarrySettingSet=0 
   87.940: SUPPLIES: AM Cartridge Lock Check: SupplyID=0x02 SupplyIsAM=1 CartridgeLockSetting=0 CartLockInErrorFlag=0 BottleID=0x31095739 NvCartLockID=0x00000000
   87.940: SUPPLIES: BottleServicePlanCompatCheck: SupplyID: 0x02, Test skipped. Settings unavailable. PrinterMachClassSettingRcvd=1, TnrBottleDataValidFlag=1, PrinterRegionSettingReceived=1 
   87.940: SUPPLIES: SupplyCartImageUnitCompatCheck: Pass: 1, CartId: 0x01, CartToner: 0, IuId: 0x00, IuToner: 0
   87.940: SUPPLIES: SupplyCC_MC_Check: SupplyID: 0x01, PrinterState: 0, SuppliesSupported: 1, PrinterMachineClass: 0xffff, Printer MC: 0x0000ffff, Printer CC: 0x0000ffff, Supply MC: 0x0000ffff, Supply CC: 0x0000ffff
   87.940: SUPPLIES: SupplyOEM_Check SupplyID: Bottle - Yellow, Test skipped, Escape Hatch Active 
   87.940: SUPPLIES: Region compatibility test skipped due to Esc hatch 
   87.940: SUPPLIES: SupplyMarriageCheck: Supply ID=0x01, SupplyAlreadyMarried=0, MarriageEscHatchSet=1, AnyMarriageEscHatchSet=1, NvMarriageID=0x00, SupplyMarriageID=0xb2, OkToMarrySupply=0, SupplyIsSWE=0, UnMarrySettingSet=0 
   87.940: SUPPLIES: AM Cartridge Lock Check: SupplyID=0x01 SupplyIsAM=1 CartridgeLockSetting=0 CartLockInErrorFlag=0 BottleID=0x311467e4 NvCartLockID=0x00000000
   87.940: SUPPLIES: BottleServicePlanCompatCheck: SupplyID: 0x01, Test skipped. Settings unavailable. PrinterMachClassSettingRcvd=1, TnrBottleDataValidFlag=1, PrinterRegionSettingReceived=1 
   87.940: SUPPLIES: SupplyCC_MC_Check: SupplyID: 0x06, PrinterState: 0, SuppliesSupported: 1, PrinterMachineClass: 0xffff, Printer MC: 0x0000ffff, Printer CC: 0x0000ffff, Supply MC: 0xffffffff, Supply CC: 0xffffffff
   87.940: SUPPLIES: SupplyOEM_Check: SupplyID: 0x06, OemId: 0xff, ShipWithType: 0, SuppliesSupported: 1, PrinterState: 0, Printer Machine Class: 0xffff  
   87.940: SUPPLIES: Region compatibility test skipped due to Esc hatch 
   87.940: SUPPLIES: SupplyMarriageCheck: Supply ID=0x06, SupplyAlreadyMarried=0, MarriageEscHatchSet=1, AnyMarriageEscHatchSet=1, NvMarriageID=0x00, SupplyMarriageID=0x00, OkToMarrySupply=0, SupplyIsSWE=1, UnMarrySettingSet=0 
   87.940: SUPPLIES: SupplyCC_MC_Check: SupplyID: 0x05, PrinterState: 0, SuppliesSupported: 1, PrinterMachineClass: 0xffff, Printer MC: 0x0000ffff, Printer CC: 0x0000ffff, Supply MC: 0xffffffff, Supply CC: 0xffffffff
   87.940: SUPPLIES: SupplyOEM_Check SupplyID: ITM, Test skipped, Escape Hatch Active 
   87.940: SUPPLIES: Region compatibility test skipped due to Esc hatch 
   87.940: SUPPLIES: SupplyCC_MC_Check: SupplyID: 0x19, PrinterState: 0, SuppliesSupported: 1, PrinterMachineClass: 0xffff, Printer MC: 0x0000ffff, Printer CC: 0x0000ffff, Supply MC: 0xffffffff, Supply CC: 0xffffffff
   87.940: SUPPLIES: SupplyOEM_Check: SupplyID: 0x19, OemId: 0xff, ShipWithType: 0, SuppliesSupported: 1, PrinterState: 0, Printer Machine Class: 0xffff  
   87.940: SUPPLIES: RegionCheck SupplyID: 0x19, PrinterState: 0, Pass: 1, Printer Region: 0xFFFF, Supply Region: 0x7FFF, PrinterMachineClass: 0xffff 
   87.940: SUPPLIES: SupplyMarriageCheck: Supply ID=0x19, SupplyAlreadyMarried=0, MarriageEscHatchSet=0, AnyMarriageEscHatchSet=0, NvMarriageID=0x00, SupplyMarriageID=0x9e, OkToMarrySupply=1, SupplyIsSWE=1, UnMarrySettingSet=0 
   87.940: SUPPLIES: SupplyCC_MC_Check: SupplyID: 0x0f, PrinterState: 0, SuppliesSupported: 1, PrinterMachineClass: 0xffff, Printer MC: 0x0000ffff, Printer CC: 0x0000ffff, Supply MC: 0xffffffff, Supply CC: 0xffffffff
   87.940: SUPPLIES: SupplyOEM_Check: SupplyID: 0x0f, OemId: 0xff, ShipWithType: 0, SuppliesSupported: 1, PrinterState: 0, Printer Machine Class: 0xffff  
   87.940: SUPPLIES: RegionCheck SupplyID: 0x0f, PrinterState: 0, Pass: 1, Printer Region: 0xFFFF, Supply Region: 0x7FFF, PrinterMachineClass: 0xffff 
   87.940: SUPPLIES: SupplyMarriageCheck: Supply ID=0x0f, SupplyAlreadyMarried=0, MarriageEscHatchSet=0, AnyMarriageEscHatchSet=0, NvMarriageID=0x00, SupplyMarriageID=0xb7, OkToMarrySupply=1, SupplyIsSWE=1, UnMarrySettingSet=0 
   87.943: IP: SET_SUPPLY_COMPATIBILITY_DATA_CMDCODE Response Sent - Command Code: 0x73 Data: None 
   87.948: INFO serial_transport::packet_reader: rx ack 0x05
   87.948: INFO serial_transport::packet_reader: rx ack 0x06
   88.098: BUR sensor iterations 5, Object temp 74, Body temp 42
   88.545, 0.000, 'FuserMainPwrPercentAct',         33,        230, 0, 0
   88.645, 0.000, 'FuserMainPwrPercentAct',          0,        230, 0, 0
   89.118: BUR sensor iterations 5, Object temp 75, Body temp 42
   89.628: BUR sensor iterations 5, Object temp 74, Body temp 42
   89.715, 0.000, 'FuserMainPwrPercentAct',         33,        230, 0, 0
   89.765, 0.000, 'FuserMainPwrPercentAct',          0,        230, 0, 0
   90.073: PhSetThermalBlackTopMarginAdjustment() - TopMarginAdjustMm = -0.003357: MmPerHsyncs = 0.042328
   90.350, 0.000, 'FuserMainPwrPercentAct',         33,        230, 0, 0
   90.450, 0.000, 'FuserMainPwrPercentAct',          0,        230, 0, 0
   90.738: WeatherThread: Calc Temp: 24.29 C, Calc RH: 49.14 (percent)
   90.748: WeatherThread: Filtered Temp: 24.29 C, Filtered RH: 49.14 (percent), Filtered Average RH: 49.48 (percent)
   91.620, 0.000, 'FuserMainPwrPercentAct',         33,        230, 0, 0
   91.670, 0.000, 'FuserMainPwrPercentAct',          0,        230, 0, 0
   92.270, 0.000, 'FuserMainPwrPercentAct',         33,        230, 0, 0
   92.370, 0.000, 'FuserMainPwrPercentAct',          0,        230, 0, 0
   93.390, 0.000, 'FuserMainPwrPercentAct',         33,        230, 0, 0
   93.440, 0.000, 'FuserMainPwrPercentAct',          0,        230, 0, 0
   94.090, 0.000, 'FuserMainPwrPercentAct',         33,        230, 0, 0
   94.140, 0.000, 'FuserMainPwrPercentAct',          0,        230, 0, 0
   94.775, 0.000, 'FuserMainPwrPercentAct',         33,        230, 0, 0
   94.875, 0.000, 'FuserMainPwrPercentAct',          0,        230, 0, 0
   95.980, 0.000, 'FuserMainPwrPercentAct',         33,        230, 0, 0
   96.019: ssec: cmd=27, devNum=255, rc=0
   96.080, 0.000, 'FuserMainPwrPercentAct',          0,        230, 0, 0
   97.115, 0.000, 'FuserMainPwrPercentAct',         33,        230, 0, 0
   97.165, 0.000, 'FuserMainPwrPercentAct',          0,        230, 0, 0
   97.800, 0.000, 'FuserMainPwrPercentAct',         33,        230, 0, 0
   97.900, 0.000, 'FuserMainPwrPercentAct',          0,        230, 0, 0
   99.035, 0.000, 'FuserMainPwrPercentAct',         33,        230, 0, 0
   99.085, 0.000, 'FuserMainPwrPercentAct',          0,        230, 0, 0
   99.720, 0.000, 'FuserMainPwrPercentAct',         33,        230, 0, 0
   99.770, 0.000, 'FuserMainPwrPercentAct',          0,        230, 0, 0
  100.355, 0.000, 'FuserMainPwrPercentAct',         33,        230, 0, 0
  100.405, 0.000, 'FuserMainPwrPercentAct',          0,        230, 0, 0
  101.040, 0.000, 'FuserMainPwrPercentAct',         33,        230, 0, 0
  101.140, 0.000, 'FuserMainPwrPercentAct',          0,        230, 0, 0
  101.448: WeatherThread: Calc Temp: 24.30 C, Calc RH: 49.14 (percent)
  101.458: WeatherThread: Filtered Temp: 24.30 C, Filtered RH: 49.14 (percent), Filtered Average RH: 49.48 (percent)
  102.210, 0.000, 'FuserMainPwrPercentAct',         33,        230, 0, 0
  102.310, 0.000, 'FuserMainPwrPercentAct',          0,        230, 0, 0
  103.380, 0.000, 'FuserMainPwrPercentAct',         33,        230, 0, 0
  103.430, 0.000, 'FuserMainPwrPercentAct',          0,        230, 0, 0
  104.065, 0.000, 'FuserMainPwrPercentAct',         33,        230, 0, 0
  104.165, 0.000, 'FuserMainPwrPercentAct',          0,        230, 0, 0
  105.250, 0.000, 'FuserMainPwrPercentAct',         33,        230, 0, 0
  105.300, 0.000, 'FuserMainPwrPercentAct',          0,        230, 0, 0
  106.019: ssec: cmd=27, devNum=255, rc=0
  106.035, 0.000, 'FuserMainPwrPercentAct',         33,        230, 0, 0
  106.135, 0.000, 'FuserMainPwrPercentAct',          0,        230, 0, 0
  107.205, 0.000, 'FuserMainPwrPercentAct',         33,        230, 0, 0
  107.255, 0.000, 'FuserMainPwrPercentAct',          0,        230, 0, 0
  107.905, 0.000, 'FuserMainPwrPercentAct',         33,        230, 0, 0
  107.955, 0.000, 'FuserMainPwrPercentAct',          0,        230, 0, 0
  108.540, 0.000, 'FuserMainPwrPercentAct',         33,        230, 0, 0
  108.590, 0.000, 'FuserMainPwrPercentAct',          0,        230, 0, 0
  109.090, 0.000, 'FuserMainPwrPercentAct',         33,        230, 0, 0
  109.140, 0.000, 'FuserMainPwrPercentAct',          0,        230, 0, 0
  109.695, 0.000, 'FuserMainPwrPercentAct',         33,        230, 0, 0
  109.745, 0.000, 'FuserMainPwrPercentAct',          0,        230, 0, 0
  110.310, 0.000, 'FuserMainPwrPercentAct',         33,        230, 0, 0
  110.360, 0.000, 'FuserMainPwrPercentAct',          0,        230, 0, 0
  110.930, 0.000, 'FuserMainPwrPercentAct',         33,        230, 0, 0
  110.980, 0.000, 'FuserMainPwrPercentAct',          0,        230, 0, 0
  111.565, 0.000, 'FuserMainPwrPercentAct',         33,        230, 0, 0
  111.615, 0.000, 'FuserMainPwrPercentAct',          0,        230, 0, 0
  112.115, 0.000, 'FuserMainPwrPercentAct',         33,        230, 0, 0
  112.158: WeatherThread: Calc Temp: 24.30 C, Calc RH: 49.14 (percent)
  112.165, 0.000, 'FuserMainPwrPercentAct',          0,        230, 0, 0
  112.168: WeatherThread: Filtered Temp: 24.30 C, Filtered RH: 49.14 (percent), Filtered Average RH: 49.48 (percent)
  112.965, 0.000, 'FuserMainPwrPercentAct',         33,        230, 0, 0
  113.065, 0.000, 'FuserMainPwrPercentAct',          0,        230, 0, 0
  114.135, 0.000, 'FuserMainPwrPercentAct',         33,        230, 0, 0
  114.235, 0.000, 'FuserMainPwrPercentAct',          0,        230, 0, 0
  115.320, 0.000, 'FuserMainPwrPercentAct',         33,        230, 0, 0
  115.370, 0.000, 'FuserMainPwrPercentAct',          0,        230, 0, 0
  116.019: ssec: cmd=27, devNum=255, rc=0
  116.055, 0.000, 'FuserMainPwrPercentAct',         33,        230, 0, 0
  116.155, 0.000, 'FuserMainPwrPercentAct',          0,        230, 0, 0
  117.410, 0.000, 'FuserMainPwrPercentAct',         33,        230, 0, 0
  117.460, 0.000, 'FuserMainPwrPercentAct',          0,        230, 0, 0
  118.060, 0.000, 'FuserMainPwrPercentAct',         33,        230, 0, 0
  118.160, 0.000, 'FuserMainPwrPercentAct',          0,        230, 0, 0
  119.245, 0.000, 'FuserMainPwrPercentAct',         33,        230, 0, 0
  119.295, 0.000, 'FuserMainPwrPercentAct',          0,        230, 0, 0
  119.980, 0.000, 'FuserMainPwrPercentAct',         33,        230, 0, 0
  120.062: FAN: fanDriverRequest: FAN_REQUEST_REPORT_TIMER_VALUE
  120.062: EM: Thermal algorithm 843458402 - received lvps fan timer update 1140060 ms
  120.061: FAN: FanReportTimers() reporting LVPSFan timer 0 is 1140060 ms
  120.073: PhSetThermalBlackTopMarginAdjustment() - TopMarginAdjustMm = -0.003357: MmPerHsyncs = 0.042328
  120.080, 0.000, 'FuserMainPwrPercentAct',          0,        230, 0, 0
  120.115: FAN: fanDriverRequest: FAN_REQUEST_SET_TIMER_VALUE
  120.116: FAN: fanDriverRequest: FAN_REQUEST_SET_TIMER_VALUE
  120.116: FAN: Fan Driver Request SetTimerValue - adjusting LVPSFan timer 0 to 1200000 ms
  120.121: FAN: LVPSFan: Speed Update: 2000 RPM; FanOperatingEngineState: FAN_ENGINE_STATE_IDLE_STANDBY_MODE_1   ; TemperatureIndex: 0; TemperatureArraySize: 1; EnginePrintModeIndex: 0; EnginePrintModeArraySize: 1; EngineQuietModeIndex: 0; EngineQuietModeArraySize: 1; FuserTechnologyIndex: 0; FuserTechnologyArraySize: 1; EngineThermalModeIndex: 0; EngineThermalModeArraySize: 5; EngineSleepModeIndex: 0; EngineSleepModeArraySize: 1; StateDurationIndex: 0; RampupAttemptsReset: 0; MachineType: MFP;
  120.711: RealTime='2026-09-23 06:00' Count='10' Valid = '1' RealTime_EncodedHex='0x7EA9B980' RealTime_RefSeconds='843458402'
  121.165, 0.000, 'FuserMainPwrPercentAct',         33,        230, 0, 0
  121.215, 0.000, 'FuserMainPwrPercentAct',          0,        230, 0, 0
  121.915, 0.000, 'FuserMainPwrPercentAct',         33,        230, 0, 0
  122.015, 0.000, 'FuserMainPwrPercentAct',          0,        230, 0, 0
  122.868: WeatherThread: Calc Temp: 24.30 C, Calc RH: 49.14 (percent)
  122.878: WeatherThread: Filtered Temp: 24.30 C, Filtered RH: 49.14 (percent), Filtered Average RH: 49.48 (percent)
  123.100, 0.000, 'FuserMainPwrPercentAct',         33,        230, 0, 0
  123.150, 0.000, 'FuserMainPwrPercentAct',          0,        230, 0, 0
  123.820, 0.000, 'FuserMainPwrPercentAct',         33,        230, 0, 0
  123.870, 0.000, 'FuserMainPwrPercentAct',          0,        230, 0, 0
  124.470, 0.000, 'FuserMainPwrPercentAct',         33,        230, 0, 0
  124.570, 0.000, 'FuserMainPwrPercentAct',          0,        230, 0, 0
  125.385: TASK: Message EM_MSG_ET_TO_ET_THERMAL_TIMED_OUT sent to EmThermalTask()
  125.395: TASK: EmThermalTask() status 0x1.  Task NOT Removed.
  125.395: ItuTemp_F 76.200 CavityTemp_F 0.000 Weather Station_F 75.739 Bump_Time_Scalar 1.0000305176
  125.395: PhSetBeltStretchTopMarginAdjustment() - TopMarginAdjustMm = -0.734970: MmPerHsyncs = 0.042328
  125.395: TASK: Message EM_MSG_ET_TO_ET_LOAD_TIMER sent to EmThermalTimerTask()
  125.405: TASK: EmThermalTimerTask() status 0x1.  Task NOT Removed.
  125.605, 0.000, 'FuserMainPwrPercentAct',         33,        230, 0, 0
  125.655, 0.000, 'FuserMainPwrPercentAct',          0,        230, 0, 0
  126.019: ssec: cmd=27, devNum=255, rc=0
  126.390, 0.000, 'FuserMainPwrPercentAct',         33,        230, 0, 0
  126.490, 0.000, 'FuserMainPwrPercentAct',          0,        230, 0, 0
  127.740, 0.000, 'FuserMainPwrPercentAct',         33,        230, 0, 0
  127.790, 0.000, 'FuserMainPwrPercentAct',          0,        230, 0, 0
  128.340: FUSER: FuserResetWarmupPageTrigger() - Reset Cold Bur Trigger
  128.340: FUSER: FuserStandbyTimeMonitor() - Timer = 120005: Resetting Cold BUR
  128.360, 0.000, 'FuserMainPwrPercentAct',         33,        230, 0, 0
  128.460, 0.000, 'FuserMainPwrPercentAct',          0,        230, 0, 0
  129.510, 0.000, 'FuserMainPwrPercentAct',         33,        230, 0, 0
  129.560, 0.000, 'FuserMainPwrPercentAct',          0,        230, 0, 0
  130.195, 0.000, 'FuserMainPwrPercentAct',         33,        230, 0, 0
  130.245, 0.000, 'FuserMainPwrPercentAct',          0,        230, 0, 0
  130.980, 0.000, 'FuserMainPwrPercentAct',         33,        230, 0, 0
  131.080, 0.000, 'FuserMainPwrPercentAct',          0,        230, 0, 0
  132.130, 0.000, 'FuserMainPwrPercentAct',         33,        230, 0, 0
  132.180, 0.000, 'FuserMainPwrPercentAct',          0,        230, 0, 0
  132.815, 0.000, 'FuserMainPwrPercentAct',         33,        230, 0, 0
  132.865, 0.000, 'FuserMainPwrPercentAct',          0,        230, 0, 0
  133.515, 0.000, 'FuserMainPwrPercentAct',         33,        230, 0, 0
  133.578: WeatherThread: Calc Temp: 24.31 C, Calc RH: 49.14 (percent)
  133.588: WeatherThread: RH History update: minute sample count 6, buffer count 31, buffer index 31, value stored 49.0
  133.588: WeatherThread: Filtered Temp: 24.31 C, Filtered RH: 49.14 (percent), Filtered Average RH: 49.47 (percent)
  133.615, 0.000, 'FuserMainPwrPercentAct',          0,        230, 0, 0
  134.700, 0.000, 'FuserMainPwrPercentAct',         33,        230, 0, 0
  134.750, 0.000, 'FuserMainPwrPercentAct',          0,        230, 0, 0
  135.450, 0.000, 'FuserMainPwrPercentAct',         33,        230, 0, 0
  135.550, 0.000, 'FuserMainPwrPercentAct',          0,        230, 0, 0
  136.019: ssec: cmd=27, devNum=255, rc=0
  136.750, 0.000, 'FuserMainPwrPercentAct',         33,        230, 0, 0
  136.800, 0.000, 'FuserMainPwrPercentAct',          0,        230, 0, 0
  137.450, 0.000, 'FuserMainPwrPercentAct',         33,        230, 0, 0
  137.500, 0.000, 'FuserMainPwrPercentAct',          0,        230, 0, 0
  138.135, 0.000, 'FuserMainPwrPercentAct',         33,        230, 0, 0
  138.235, 0.000, 'FuserMainPwrPercentAct',          0,        230, 0, 0
  139.335, 0.000, 'FuserMainPwrPercentAct',         33,        230, 0, 0
  139.385, 0.000, 'FuserMainPwrPercentAct',          0,        230, 0, 0
  140.085, 0.000, 'FuserMainPwrPercentAct',         33,        230, 0, 0
  140.185, 0.000, 'FuserMainPwrPercentAct',          0,        230, 0, 0
  141.285, 0.000, 'FuserMainPwrPercentAct',         33,        230, 0, 0
  141.335, 0.000, 'FuserMainPwrPercentAct',          0,        230, 0, 0
  142.000, 0.000, 'FuserMainPwrPercentAct',         33,        230, 0, 0
  142.100, 0.000, 'FuserMainPwrPercentAct',          0,        230, 0, 0
  143.235, 0.000, 'FuserMainPwrPercentAct',         33,        230, 0, 0
  143.285, 0.000, 'FuserMainPwrPercentAct',          0,        230, 0, 0
  143.950, 0.000, 'FuserMainPwrPercentAct',         33,        230, 0, 0
  144.050, 0.000, 'FuserMainPwrPercentAct',          0,        230, 0, 0
  144.288: WeatherThread: Calc Temp: 24.31 C, Calc RH: 49.14 (percent)
  144.298: WeatherThread: Filtered Temp: 24.31 C, Filtered RH: 49.14 (percent), Filtered Average RH: 49.47 (percent)
  145.073: EP: Environment calculation code ran successfully. measured_temperature_Q3 = 75.750000, adjusted_temperature_Q3 = 75.750000, measured_humidity_Q3 = 49.375000, adjusted_humidity_Q3 = 49.375000, ChosenEnv = 4, wet_bulb_temperature_f_Q3 = 505, CalcTime_us=80 
  145.150, 0.000, 'FuserMainPwrPercentAct',         33,        230, 0, 0
  145.250, 0.000, 'FuserMainPwrPercentAct',          0,        230, 0, 0
  146.019: ssec: cmd=27, devNum=255, rc=0
  146.237: ssec: su: forceAuth=true
  146.245: ssec: sn: n=0x01, s=0x01, ss=0x04, f=0x02
  146.245: ssec: sn: n=0x01, d=0xa000316c, iq=0xb634, qu=0xb634, au=0x3b467b1, mu=0x3b467b1
  146.245: ssec: sn: n=0x02, s=0x01, ss=0x04, f=0x02
  146.245: ssec: sn: n=0x02, d=0xa0002de2, iq=0xabca, qu=0xabca, au=0x0, mu=0x0
  146.245: ssec: sn: n=0x03, s=0x01, ss=0x04, f=0x02
  146.245: ssec: sn: n=0x03, d=0xa00034a1, iq=0xb634, qu=0xb634, au=0xd265ae, mu=0xd265ae
  146.245: ssec: sn: n=0x04, s=0x01, ss=0x04, f=0x02
  146.245: ssec: sn: n=0x04, d=0xa0003c2d, iq=0xc86c, qu=0xc86c, au=0x1b3d5be, mu=0x1b3d5be
  146.245: ssec: sn: n=0x05, s=0x01, ss=0x04, f=0x00
  146.245: ssec: sn: n=0x05, d=0xa000557e, iq=0xea10, qu=0xd3ba, au=0x170d0, mu=0x170ca
  146.245: ssec: sn: n=0x06, s=0x01, ss=0x04, f=0x00
  146.245: ssec: sn: n=0x06, d=0xa0005a44, iq=0xea10, qu=0xd827, au=0x165a8, mu=0x165a3
  146.246: ssec: sn: n=0x07, s=0x01, ss=0x04, f=0x00
  146.246: ssec: sn: n=0x07, d=0xa00050e6, iq=0xf58a, qu=0xc555, au=0x170d0, mu=0x170ca
  146.246: ssec: gats: 
  146.391: ssec: gats: 
  146.398: ssec: atc:
  146.461: ssec: gats: 
  146.465: ssec: san: 
  146.470: ssec: sav: devNum=5
  146.530: ssec: sn: dn=0, st=1
  146.530: ssec: cmd=26, devNum=255, rc=0
  146.535, 0.000, 'FuserMainPwrPercentAct',         33,        230, 0, 0
  146.585, 0.000, 'FuserMainPwrPercentAct',          0,        230, 0, 0
  147.150, 0.000, 'FuserMainPwrPercentAct',         33,        230, 0, 0
  147.200, 0.000, 'FuserMainPwrPercentAct',          0,        230, 0, 0
  147.900, 0.000, 'FuserMainPwrPercentAct',         33,        230, 0, 0
  148.000, 0.000, 'FuserMainPwrPercentAct',          0,        230, 0, 0
  149.115, 0.000, 'FuserMainPwrPercentAct',         33,        230, 0, 0
  149.215, 0.000, 'FuserMainPwrPercentAct',          0,        230, 0, 0
  150.073: PhSetThermalBlackTopMarginAdjustment() - TopMarginAdjustMm = -0.003357: MmPerHsyncs = 0.042328
  150.315, 0.000, 'FuserMainPwrPercentAct',         33,        230, 0, 0
  150.365, 0.000, 'FuserMainPwrPercentAct',          0,        230, 0, 0
  151.015, 0.000, 'FuserMainPwrPercentAct',         33,        230, 0, 0
  151.115, 0.000, 'FuserMainPwrPercentAct',          0,        230, 0, 0
  152.500, 0.000, 'FuserMainPwrPercentAct',         33,        230, 0, 0
  152.550, 0.000, 'FuserMainPwrPercentAct',          0,        230, 0, 0
  153.165, 0.000, 'FuserMainPwrPercentAct',         33,        230, 0, 0
  153.265, 0.000, 'FuserMainPwrPercentAct',          0,        230, 0, 0
  154.365, 0.000, 'FuserMainPwrPercentAct',         33,        230, 0, 0
  154.415, 0.000, 'FuserMainPwrPercentAct',          0,        230, 0, 0
  154.998: WeatherThread: Calc Temp: 24.32 C, Calc RH: 49.14 (percent)
  155.008, 0.000, 'Weather Station Temp C',           24.31,  214, 0, 0
  155.008, 0.000, 'Weather Station RH',               49.14,  215, 0, 0
  155.008: WeatherThread: Filtered Temp: 24.32 C, Filtered RH: 49.14 (percent), Filtered Average RH: 49.47 (percent)
  155.015, 0.000, 'FuserMainPwrPercentAct',         33,        230, 0, 0
  155.065, 0.000, 'FuserMainPwrPercentAct',          0,        230, 0, 0
  155.780, 0.000, 'FuserMainPwrPercentAct',         33,        230, 0, 0
  155.880, 0.000, 'FuserMainPwrPercentAct',          0,        230, 0, 0
  156.019: ssec: cmd=27, devNum=255, rc=0
  157.030, 0.000, 'FuserMainPwrPercentAct',         33,        230, 0, 0
  157.130, 0.000, 'FuserMainPwrPercentAct',          0,        230, 0, 0
  158.280, 0.000, 'FuserMainPwrPercentAct',         33,        230, 0, 0
  158.330, 0.000, 'FuserMainPwrPercentAct',          0,        230, 0, 0
  159.030, 0.000, 'FuserMainPwrPercentAct',         33,        230, 0, 0
  159.130, 0.000, 'FuserMainPwrPercentAct',          0,        230, 0, 0
  160.230, 0.000, 'FuserMainPwrPercentAct',         33,        230, 0, 0
  160.280, 0.000, 'FuserMainPwrPercentAct',          0,        230, 0, 0
  160.930, 0.000, 'FuserMainPwrPercentAct',         33,        230, 0, 0
  160.980, 0.000, 'FuserMainPwrPercentAct',          0,        230, 0, 0
  161.580, 0.000, 'FuserMainPwrPercentAct',         33,        230, 0, 0
  161.630, 0.000, 'FuserMainPwrPercentAct',          0,        230, 0, 0
  162.330, 0.000, 'FuserMainPwrPercentAct',         33,        230, 0, 0
  162.430, 0.000, 'FuserMainPwrPercentAct',          0,        230, 0, 0
  163.530, 0.000, 'FuserMainPwrPercentAct',         33,        230, 0, 0
  163.580, 0.000, 'FuserMainPwrPercentAct',          0,        230, 0, 0
  164.280, 0.000, 'FuserMainPwrPercentAct',         33,        230, 0, 0
  164.330, 0.000, 'FuserMainPwrPercentAct',          0,        230, 0, 0
  164.980, 0.000, 'FuserMainPwrPercentAct',         33,        230, 0, 0
  165.080, 0.000, 'FuserMainPwrPercentAct',          0,        230, 0, 0
  165.708: WeatherThread: Calc Temp: 24.32 C, Calc RH: 49.14 (percent)
  165.718: WeatherThread: Filtered Temp: 24.32 C, Filtered RH: 49.14 (percent), Filtered Average RH: 49.47 (percent)
  166.019: ssec: cmd=27, devNum=255, rc=0
  166.180, 0.000, 'FuserMainPwrPercentAct',         33,        230, 0, 0
  166.230, 0.000, 'FuserMainPwrPercentAct',          0,        230, 0, 0
  166.980, 0.000, 'FuserMainPwrPercentAct',         33,        230, 0, 0
  167.080, 0.000, 'FuserMainPwrPercentAct',          0,        230, 0, 0
  168.180, 0.000, 'FuserMainPwrPercentAct',         33,        230, 0, 0
  168.230, 0.000, 'FuserMainPwrPercentAct',          0,        230, 0, 0
  168.945, 0.000, 'FuserMainPwrPercentAct',         33,        230, 0, 0
  169.045, 0.000, 'FuserMainPwrPercentAct',          0,        230, 0, 0
  170.130, 0.000, 'FuserMainPwrPercentAct',         33,        230, 0, 0
  170.180, 0.000, 'FuserMainPwrPercentAct',          0,        230, 0, 0
  170.895, 0.000, 'FuserMainPwrPercentAct',         33,        230, 0, 0
  170.945, 0.000, 'FuserMainPwrPercentAct',          0,        230, 0, 0
  171.645, 0.000, 'FuserMainPwrPercentAct',         33,        230, 0, 0
  171.745, 0.000, 'FuserMainPwrPercentAct',          0,        230, 0, 0
  172.795, 0.000, 'FuserMainPwrPercentAct',         33,        230, 0, 0
  172.845, 0.000, 'FuserMainPwrPercentAct',          0,        230, 0, 0
  173.545, 0.000, 'FuserMainPwrPercentAct',         33,        230, 0, 0
  173.645, 0.000, 'FuserMainPwrPercentAct',          0,        230, 0, 0
  174.745, 0.000, 'FuserMainPwrPercentAct',         33,        230, 0, 0
  174.795, 0.000, 'FuserMainPwrPercentAct',          0,        230, 0, 0
  175.545, 0.000, 'FuserMainPwrPercentAct',         33,        230, 0, 0
  175.645, 0.000, 'FuserMainPwrPercentAct',          0,        230, 0, 0
  176.019: ssec: cmd=27, devNum=255, rc=0
  176.418: WeatherThread: Calc Temp: 24.33 C, Calc RH: 49.07 (percent)
  176.428: WeatherThread: Filtered Temp: 24.33 C, Filtered RH: 49.07 (percent), Filtered Average RH: 49.47 (percent)
  176.760, 0.000, 'FuserMainPwrPercentAct',         33,        230, 0, 0
  176.810, 0.000, 'FuserMainPwrPercentAct',          0,        230, 0, 0
  177.560, 0.000, 'FuserMainPwrPercentAct',         33,        230, 0, 0
  177.610, 0.000, 'FuserMainPwrPercentAct',          0,        230, 0, 0
  178.310, 0.000, 'FuserMainPwrPercentAct',         33,        230, 0, 0
  178.410, 0.000, 'FuserMainPwrPercentAct',          0,        230, 0, 0
  179.460, 0.000, 'FuserMainPwrPercentAct',         33,        230, 0, 0
  179.510, 0.000, 'FuserMainPwrPercentAct',          0,        230, 0, 0
  180.062: FAN: fanDriverRequest: FAN_REQUEST_REPORT_TIMER_VALUE
  180.062: EM: Thermal algorithm 843458462 - received lvps fan timer update 1140060 ms
  180.061: FAN: FanReportTimers() reporting LVPSFan timer 0 is 1140060 ms
  180.073: PhSetThermalBlackTopMarginAdjustment() - TopMarginAdjustMm = -0.003204: MmPerHsyncs = 0.042328
  180.210, 0.000, 'FuserMainPwrPercentAct',         33,        230, 0, 0
  180.260, 0.000, 'FuserMainPwrPercentAct',          0,        230, 0, 0
  180.711: RealTime='2026-09-23 06:01' Count='14' Valid = '1' RealTime_EncodedHex='0x7EA9B981' RealTime_RefSeconds='843458462'
  180.910, 0.000, 'FuserMainPwrPercentAct',         33,        230, 0, 0
  181.010, 0.000, 'FuserMainPwrPercentAct',          0,        230, 0, 0
  182.075, 0.000, 'FuserMainPwrPercentAct',         33,        230, 0, 0
  182.125, 0.000, 'FuserMainPwrPercentAct',          0,        230, 0, 0
  182.875, 0.000, 'FuserMainPwrPercentAct',         33,        230, 0, 0
  182.975, 0.000, 'FuserMainPwrPercentAct',          0,        230, 0, 0
  184.125, 0.000, 'FuserMainPwrPercentAct',         33,        230, 0, 0
  184.225, 0.000, 'FuserMainPwrPercentAct',          0,        230, 0, 0
  185.415: TASK: Message EM_MSG_ET_TO_ET_THERMAL_TIMED_OUT sent to EmThermalTask()
  185.425: TASK: EmThermalTask() status 0x1.  Task NOT Removed.
  185.425: ItuTemp_F 76.200 CavityTemp_F 0.000 Weather Station_F 75.784 Bump_Time_Scalar 1.0000305176
  185.425: PhSetBeltStretchTopMarginAdjustment() - TopMarginAdjustMm = -0.734970: MmPerHsyncs = 0.042328
  185.425: TASK: Message EM_MSG_ET_TO_ET_LOAD_TIMER sent to EmThermalTimerTask()
  185.435: TASK: EmThermalTimerTask() status 0x1.  Task NOT Removed.
  185.510, 0.000, 'FuserMainPwrPercentAct',         33,        230, 0, 0
  185.560, 0.000, 'FuserMainPwrPercentAct',          0,        230, 0, 0
  186.019: ssec: cmd=27, devNum=255, rc=0
  186.225, 0.000, 'FuserMainPwrPercentAct',         33,        230, 0, 0
  186.325, 0.000, 'FuserMainPwrPercentAct',          0,        230, 0, 0
  187.128: WeatherThread: Calc Temp: 24.33 C, Calc RH: 49.07 (percent)
  187.138: WeatherThread: Filtered Temp: 24.33 C, Filtered RH: 49.07 (percent), Filtered Average RH: 49.47 (percent)
  187.440, 0.000, 'FuserMainPwrPercentAct',         33,        230, 0, 0
  187.490, 0.000, 'FuserMainPwrPercentAct',          0,        230, 0, 0
  188.225, 0.000, 'FuserMainPwrPercentAct',         33,        230, 0, 0
  188.325, 0.000, 'FuserMainPwrPercentAct',          0,        230, 0, 0
  189.475, 0.000, 'FuserMainPwrPercentAct',         33,        230, 0, 0
  189.525, 0.000, 'FuserMainPwrPercentAct',          0,        230, 0, 0
  190.190, 0.000, 'FuserMainPwrPercentAct',         33,        230, 0, 0
  190.290, 0.000, 'FuserMainPwrPercentAct',          0,        230, 0, 0
  191.555, 0.000, 'FuserMainPwrPercentAct',         33,        230, 0, 0
  191.605, 0.000, 'FuserMainPwrPercentAct',          0,        230, 0, 0
  192.140, 0.000, 'FuserMainPwrPercentAct',         33,        230, 0, 0
  192.190, 0.000, 'FuserMainPwrPercentAct',          0,        230, 0, 0
  192.890, 0.000, 'FuserMainPwrPercentAct',         33,        230, 0, 0
  192.940, 0.000, 'FuserMainPwrPercentAct',          0,        230, 0, 0
  193.590, 0.000, 'FuserMainPwrPercentAct',         33,        230, 0, 0
  193.690, 0.000, 'FuserMainPwrPercentAct',          0,        230, 0, 0
  194.840, 0.000, 'FuserMainPwrPercentAct',         33,        230, 0, 0
  194.940, 0.000, 'FuserMainPwrPercentAct',          0,        230, 0, 0
  196.019: ssec: cmd=27, devNum=255, rc=0
  196.155, 0.000, 'FuserMainPwrPercentAct',         33,        230, 0, 0
  196.205, 0.000, 'FuserMainPwrPercentAct',          0,        230, 0, 0
  196.955, 0.000, 'FuserMainPwrPercentAct',         33,        230, 0, 0
  197.055, 0.000, 'FuserMainPwrPercentAct',          0,        230, 0, 0
  197.838: WeatherThread: Calc Temp: 24.34 C, Calc RH: 48.97 (percent)
  197.848: WeatherThread: RH History update: minute sample count 6, buffer count 32, buffer index 32, value stored 49.0
  197.848: WeatherThread: Filtered Temp: 24.34 C, Filtered RH: 48.97 (percent), Filtered Average RH: 49.45 (percent)
  198.105, 0.000, 'FuserMainPwrPercentAct',         33,        230, 0, 0
  198.155, 0.000, 'FuserMainPwrPercentAct',          0,        230, 0, 0
  198.905, 0.000, 'FuserMainPwrPercentAct',         33,        230, 0, 0
  199.005, 0.000, 'FuserMainPwrPercentAct',          0,        230, 0, 0
  200.220, 0.000, 'FuserMainPwrPercentAct',         33,        230, 0, 0
  200.270, 0.000, 'FuserMainPwrPercentAct',          0,        230, 0, 0
  200.298: BUR sensor iterations 5, Object temp 75, Body temp 42
  200.808: BUR sensor iterations 5, Object temp 74, Body temp 42
  200.955, 0.000, 'FuserMainPwrPercentAct',         33,        230, 0, 0
  201.055, 0.000, 'FuserMainPwrPercentAct',          0,        230, 0, 0
  202.305, 0.000, 'FuserMainPwrPercentAct',         33,        230, 0, 0
  202.355, 0.000, 'FuserMainPwrPercentAct',          0,        230, 0, 0
  202.370, 0.000, 'FuserMainPwrPercentAct',         33,        230, 0, 0
  202.420, 0.000, 'FuserMainPwrPercentAct',          0,        230, 0, 0
  203.358: BUR sensor iterations 5, Object temp 75, Body temp 42
  203.605, 0.000, 'FuserMainPwrPercentAct',         33,        230, 0, 0
  203.655, 0.000, 'FuserMainPwrPercentAct',          0,        230, 0, 0
  203.868: BUR sensor iterations 5, Object temp 74, Body temp 42
  204.320, 0.000, 'FuserMainPwrPercentAct',         33,        230, 0, 0
  204.370, 0.000, 'FuserMainPwrPercentAct',          0,        230, 0, 0
  204.378: BUR sensor iterations 5, Object temp 75, Body temp 42
  205.020, 0.000, 'FuserMainPwrPercentAct',         33,        230, 0, 0
  205.070, 0.000, 'FuserMainPwrPercentAct',          0,        230, 0, 0
  205.398: BUR sensor iterations 5, Object temp 74, Body temp 42
  205.720, 0.000, 'FuserMainPwrPercentAct',         33,        230, 0, 0
  205.820, 0.000, 'FuserMainPwrPercentAct',          0,        230, 0, 0
  205.908: BUR sensor iterations 5, Object temp 75, Body temp 42
  206.019: ssec: cmd=27, devNum=255, rc=0
  206.920, 0.000, 'FuserMainPwrPercentAct',         33,        230, 0, 0
  206.970, 0.000, 'FuserMainPwrPercentAct',          0,        230, 0, 0
  207.685, 0.000, 'FuserMainPwrPercentAct',         33,        230, 0, 0
  207.735, 0.000, 'FuserMainPwrPercentAct',          0,        230, 0, 0
  208.170, 0.000, 'FuserMainPwrPercentAct',         33,        230, 0, 0
  208.220, 0.000, 'FuserMainPwrPercentAct',          0,        230, 0, 0
  208.548: WeatherThread: Calc Temp: 24.34 C, Calc RH: 48.94 (percent)
  208.558: WeatherThread: Filtered Temp: 24.34 C, Filtered RH: 48.94 (percent), Filtered Average RH: 49.45 (percent)
  208.935, 0.000, 'FuserMainPwrPercentAct',         33,        230, 0, 0
  208.985, 0.000, 'FuserMainPwrPercentAct',          0,        230, 0, 0
  209.131: TpTriggerSetWhiteVectorRefValue: Color = Cyan, New = -140, Old = -139, Valid = 1
  209.131: TpTriggerSetWhiteVectorRefValue: Color = Magenta, New = -140, Old = -139, Valid = 1
  209.131: TpTriggerSetWhiteVectorRefValue: Color = Yellow, New = -140, Old = -139, Valid = 1
  209.435, 0.000, 'FuserMainPwrPercentAct',         33,        230, 0, 0
  209.485, 0.000, 'FuserMainPwrPercentAct',          0,        230, 0, 0
  210.073: PhSetThermalBlackTopMarginAdjustment() - TopMarginAdjustMm = -0.003204: MmPerHsyncs = 0.042328
  210.335, 0.000, 'FuserMainPwrPercentAct',         33,        230, 0, 0
  210.435, 0.000, 'FuserMainPwrPercentAct',          0,        230, 0, 0
  211.585, 0.000, 'FuserMainPwrPercentAct',         33,        230, 0, 0
  211.685, 0.000, 'FuserMainPwrPercentAct',          0,        230, 0, 0
  212.900, 0.000, 'FuserMainPwrPercentAct',         33,        230, 0, 0
  212.950, 0.000, 'FuserMainPwrPercentAct',          0,        230, 0, 0
  213.650, 0.000, 'FuserMainPwrPercentAct',         33,        230, 0, 0
  213.750, 0.000, 'FuserMainPwrPercentAct',          0,        230, 0, 0
  215.015, 0.000, 'FuserMainPwrPercentAct',         33,        230, 0, 0
  215.065, 0.000, 'FuserMainPwrPercentAct',          0,        230, 0, 0
  215.665, 0.000, 'FuserMainPwrPercentAct',         33,        230, 0, 0
  215.715, 0.000, 'FuserMainPwrPercentAct',          0,        230, 0, 0
  216.019: ssec: cmd=27, devNum=255, rc=0
  216.365, 0.000, 'FuserMainPwrPercentAct',         33,        230, 0, 0
  216.415, 0.000, 'FuserMainPwrPercentAct',          0,        230, 0, 0
  216.460: ssec: su: forceAuth=true
  216.468: ssec: sn: n=0x01, s=0x01, ss=0x04, f=0x02
  216.469: ssec: sn: n=0x01, d=0xa000316c, iq=0xb634, qu=0xb634, au=0x3b467b1, mu=0x3b467b1
  216.469: ssec: sn: n=0x02, s=0x01, ss=0x04, f=0x02
  216.469: ssec: sn: n=0x02, d=0xa0002de2, iq=0xabca, qu=0xabca, au=0x0, mu=0x0
  216.469: ssec: sn: n=0x03, s=0x01, ss=0x04, f=0x02
  216.469: ssec: sn: n=0x03, d=0xa00034a1, iq=0xb634, qu=0xb634, au=0xd265ae, mu=0xd265ae
  216.469: ssec: sn: n=0x04, s=0x01, ss=0x04, f=0x02
  216.469: ssec: sn: n=0x04, d=0xa0003c2d, iq=0xc86c, qu=0xc86c, au=0x1b3d5be, mu=0x1b3d5be
  216.469: ssec: sn: n=0x05, s=0x01, ss=0x04, f=0x00
  216.469: ssec: sn: n=0x05, d=0xa000557e, iq=0xea10, qu=0xd3ba, au=0x170d0, mu=0x170ca
  216.469: ssec: sn: n=0x06, s=0x01, ss=0x04, f=0x00
  216.469: ssec: sn: n=0x06, d=0xa0005a44, iq=0xea10, qu=0xd827, au=0x165a8, mu=0x165a3
  216.470: ssec: sn: n=0x07, s=0x01, ss=0x04, f=0x00
  216.470: ssec: sn: n=0x07, d=0xa00050e6, iq=0xf58a, qu=0xc555, au=0x170d0, mu=0x170ca
  216.470: ssec: gats: 
  216.615: ssec: gats: 
  216.622: ssec: atc:
  216.685: ssec: gats: 
  216.689: ssec: san: 
  216.694: ssec: sav: devNum=2
  216.755: ssec: sn: dn=0, st=1
  216.755: ssec: cmd=26, devNum=255, rc=0
  217.065, 0.000, 'FuserMainPwrPercentAct',         33,        230, 0, 0
  217.165, 0.000, 'FuserMainPwrPercentAct',          0,        230, 0, 0
  218.315, 0.000, 'FuserMainPwrPercentAct',         33,        230, 0, 0
  218.415, 0.000, 'FuserMainPwrPercentAct',          0,        230, 0, 0
  219.258: WeatherThread: Calc Temp: 24.34 C, Calc RH: 48.94 (percent)
  219.268: WeatherThread: Filtered Temp: 24.34 C, Filtered RH: 48.94 (percent), Filtered Average RH: 49.45 (percent)
  219.945, 0.000, 'FuserMainPwrPercentAct',         33,        230, 0, 0
  220.045, 0.000, 'FuserMainPwrPercentAct',          0,        230, 0, 0
  221.030, 0.000, 'FuserMainPwrPercentAct',         33,        230, 0, 0
  221.080, 0.000, 'FuserMainPwrPercentAct',          0,        230, 0, 0
  221.745, 0.000, 'FuserMainPwrPercentAct',         33,        230, 0, 0
  221.795, 0.000, 'FuserMainPwrPercentAct',          0,        230, 0, 0
  222.545, 0.000, 'FuserMainPwrPercentAct',         33,        230, 0, 0
  222.645, 0.000, 'FuserMainPwrPercentAct',          0,        230, 0, 0
  223.745, 0.000, 'FuserMainPwrPercentAct',         33,        230, 0, 0
  223.845, 0.000, 'FuserMainPwrPercentAct',          0,        230, 0, 0
  225.060, 0.000, 'FuserMainPwrPercentAct',         33,        230, 0, 0
  225.110, 0.000, 'FuserMainPwrPercentAct',          0,        230, 0, 0
  225.860, 0.000, 'FuserMainPwrPercentAct',         33,        230, 0, 0
  225.960, 0.000, 'FuserMainPwrPercentAct',          0,        230, 0, 0
  226.019: ssec: cmd=27, devNum=255, rc=0
  227.075, 0.000, 'FuserMainPwrPercentAct',         33,        230, 0, 0
  227.125, 0.000, 'FuserMainPwrPercentAct',          0,        230, 0, 0
  227.860, 0.000, 'FuserMainPwrPercentAct',         33,        230, 0, 0
  227.960, 0.000, 'FuserMainPwrPercentAct',          0,        230, 0, 0
  229.075, 0.000, 'FuserMainPwrPercentAct',         33,        230, 0, 0
  229.125, 0.000, 'FuserMainPwrPercentAct',          0,        230, 0, 0
  229.890, 0.000, 'FuserMainPwrPercentAct',         33,        230, 0, 0
  229.968: WeatherThread: Calc Temp: 24.35 C, Calc RH: 48.87 (percent)
  229.978, 0.000, 'Weather Station Temp C',           24.35,  214, 0, 0
  229.978, 0.000, 'Weather Station RH',               48.92,  215, 0, 0
  229.978: WeatherThread: Filtered Temp: 24.35 C, Filtered RH: 48.87 (percent), Filtered Average RH: 49.45 (percent)
  229.990, 0.000, 'FuserMainPwrPercentAct',          0,        230, 0, 0
  230.341: TpTriggerSetWhiteVectorRefValue: Color = Cyan, New = -141, Old = -140, Valid = 1
  230.341: TpTriggerSetWhiteVectorRefValue: Color = Magenta, New = -141, Old = -140, Valid = 1
  230.341: TpTriggerSetWhiteVectorRefValue: Color = Yellow, New = -141, Old = -140, Valid = 1
  231.225, 0.000, 'FuserMainPwrPercentAct',         33,        230, 0, 0
  231.275, 0.000, 'FuserMainPwrPercentAct',          0,        230, 0, 0
  231.940, 0.000, 'FuserMainPwrPercentAct',         33,        230, 0, 0
  232.040, 0.000, 'FuserMainPwrPercentAct',          0,        230, 0, 0
  233.190, 0.000, 'FuserMainPwrPercentAct',         33,        230, 0, 0
  233.240, 0.000, 'FuserMainPwrPercentAct',          0,        230, 0, 0
  233.940, 0.000, 'FuserMainPwrPercentAct',         33,        230, 0, 0
  234.040, 0.000, 'FuserMainPwrPercentAct',          0,        230, 0, 0
  235.290, 0.000, 'FuserMainPwrPercentAct',         33,        230, 0, 0
  235.340, 0.000, 'FuserMainPwrPercentAct',          0,        230, 0, 0
  236.005, 0.000, 'FuserMainPwrPercentAct',         33,        230, 0, 0
  236.019: ssec: cmd=27, devNum=255, rc=0
  236.105, 0.000, 'FuserMainPwrPercentAct',          0,        230, 0, 0
  237.255, 0.000, 'FuserMainPwrPercentAct',         33,        230, 0, 0
  237.305, 0.000, 'FuserMainPwrPercentAct',          0,        230, 0, 0
  238.005, 0.000, 'FuserMainPwrPercentAct',         33,        230, 0, 0
  238.055, 0.000, 'FuserMainPwrPercentAct',          0,        230, 0, 0
  238.770, 0.000, 'FuserMainPwrPercentAct',         33,        230, 0, 0
  238.870, 0.000, 'FuserMainPwrPercentAct',          0,        230, 0, 0
  239.970, 0.000, 'FuserMainPwrPercentAct',         33,        230, 0, 0
<CODE_VERSION StringId='6' Engine='LS.262.E014' PrinterSideCount='157' RealTime='2026-09-23 06:01' PageStart='True'/>
<CODE_VERSION StringId='6' PrinterSideCount='157' Tray2='A1.02_B5.00' Tray3='A2.01_B5.00' Tray4='A2.02_B5.00' Tray5='A0.00_B0.00' OutputPosition1DeviceType='' OutputPosition1Version='A255.255_B255.255__Dev2_A0.00' OutputPosition2DeviceType='' OutputPosition2Version='A0.00_B0.00__Dev2_A0.00' OutputPosition3DeviceType='' OutputPosition3Version='A0.00_B0.00__Dev2_A0.00' Tray2SerialNumber='0' Tray3SerialNumber='0' Tray4SerialNumber='0' Tray5SerialNumber='0' OutputPosition1SerialNumber='0' OutputPosition2SerialNumber='0' OutputPosition3SerialNumber='0'/>
<CODE_VERSION EngineTime='  240.001' StringId='6' PrinterSideCount='157' EngSetting1='0' EngSetting2='0' EngSetting3='0' EngSetting4='0' EngSetting5='0' EngSetting6='0' EngSetting7='0' EngSetting8='0' EngSetting9='0' EngSetting10='0' EngSetting11='0' EngSetting12='0' EngSetting13='0' EngSetting14='0' EngSetting15='0' EngSetting16='0' EngSetting17='0' EngSetting18='0' EngSetting19='0' EngSetting20='0' EngSetting21='0' EngSetting22='0' EngSetting23='0' EngSetting24='0' EngSetting25='0' EngSetting26='0' EngSetting27='0' EngSetting28='0' EngSetting29='0' EngSetting30='0' EngSetting31='0' EngSetting32='0' PageEnd='True'/>
  240.020, 0.000, 'FuserMainPwrPercentAct',          0,        230, 0, 0
  240.062: FAN: fanDriverRequest: FAN_REQUEST_REPORT_TIMER_VALUE
  240.062: EM: Thermal algorithm 843458522 - received lvps fan timer update 1080060 ms
  240.061: FAN: FanReportTimers() reporting LVPSFan timer 0 is 1080060 ms
  240.073: PhSetThermalBlackTopMarginAdjustment() - TopMarginAdjustMm = -0.003204: MmPerHsyncs = 0.042328
  240.115: FAN: fanDriverRequest: FAN_REQUEST_SET_TIMER_VALUE
  240.116: FAN: fanDriverRequest: FAN_REQUEST_SET_TIMER_VALUE
  240.116: FAN: Fan Driver Request SetTimerValue - adjusting LVPSFan timer 0 to 1200000 ms
  240.121: FAN: LVPSFan: Speed Update: 2000 RPM; FanOperatingEngineState: FAN_ENGINE_STATE_IDLE_STANDBY_MODE_1   ; TemperatureIndex: 0; TemperatureArraySize: 1; EnginePrintModeIndex: 0; EnginePrintModeArraySize: 1; EngineQuietModeIndex: 0; EngineQuietModeArraySize: 1; FuserTechnologyIndex: 0; FuserTechnologyArraySize: 1; EngineThermalModeIndex: 0; EngineThermalModeArraySize: 5; EngineSleepModeIndex: 0; EngineSleepModeArraySize: 1; StateDurationIndex: 0; RampupAttemptsReset: 0; MachineType: MFP;
  240.678: WeatherThread: Calc Temp: 24.35 C, Calc RH: 48.87 (percent)
  240.688: WeatherThread: Filtered Temp: 24.35 C, Filtered RH: 48.87 (percent), Filtered Average RH: 49.45 (percent)
  240.711: RealTime='2026-09-23 06:02' Count='18' Valid = '1' RealTime_EncodedHex='0x7EA9B982' RealTime_RefSeconds='843458522'
  240.720, 0.000, 'FuserMainPwrPercentAct',         33,        230, 0, 0
  240.770, 0.000, 'FuserMainPwrPercentAct',          0,        230, 0, 0
  241.435, 0.000, 'FuserMainPwrPercentAct',         33,        230, 0, 0
  241.535, 0.000, 'FuserMainPwrPercentAct',          0,        230, 0, 0
  242.685, 0.000, 'FuserMainPwrPercentAct',         33,        230, 0, 0
  242.785, 0.000, 'FuserMainPwrPercentAct',          0,        230, 0, 0
  244.120, 0.000, 'FuserMainPwrPercentAct',         33,        230, 0, 0
  244.170, 0.000, 'FuserMainPwrPercentAct',          0,        230, 0, 0
  244.835, 0.000, 'FuserMainPwrPercentAct',         33,        230, 0, 0
  244.935, 0.000, 'FuserMainPwrPercentAct',          0,        230, 0, 0
  245.445: TASK: Message EM_MSG_ET_TO_ET_THERMAL_TIMED_OUT sent to EmThermalTask()
  245.455: TASK: EmThermalTask() status 0x1.  Task NOT Removed.
  245.455: ItuTemp_F 76.200 CavityTemp_F 0.000 Weather Station_F 75.829 Bump_Time_Scalar 1.0000305176
  245.455: PhSetBeltStretchTopMarginAdjustment() - TopMarginAdjustMm = -0.719971: MmPerHsyncs = 0.042328
  245.455: TASK: Message EM_MSG_ET_TO_ET_LOAD_TIMER sent to EmThermalTimerTask()
  245.465: TASK: EmThermalTimerTask() status 0x1.  Task NOT Removed.
  246.019: ssec: cmd=27, devNum=255, rc=0
  246.135, 0.000, 'FuserMainPwrPercentAct',         33,        230, 0, 0
  246.235, 0.000, 'FuserMainPwrPercentAct',          0,        230, 0, 0
  247.470, 0.000, 'FuserMainPwrPercentAct',         33,        230, 0, 0
  247.520, 0.000, 'FuserMainPwrPercentAct',          0,        230, 0, 0
  247.728: BUR sensor iterations 5, Object temp 75, Body temp 41
  248.185, 0.000, 'FuserMainPwrPercentAct',         33,        230, 0, 0
  248.238: BUR sensor iterations 5, Object temp 75, Body temp 42
  248.285, 0.000, 'FuserMainPwrPercentAct',          0,        230, 0, 0
  249.485, 0.000, 'FuserMainPwrPercentAct',         33,        230, 0, 0
  249.535, 0.000, 'FuserMainPwrPercentAct',          0,        230, 0, 0
  250.200, 0.000, 'FuserMainPwrPercentAct',         33,        230, 0, 0
  250.278: BUR sensor iterations 5, Object temp 75, Body temp 41
  250.300, 0.000, 'FuserMainPwrPercentAct',          0,        230, 0, 0
  251.298: BUR sensor iterations 5, Object temp 75, Body temp 42
  251.388: WeatherThread: Calc Temp: 24.36 C, Calc RH: 48.87 (percent)
  251.398: WeatherThread: Filtered Temp: 24.36 C, Filtered RH: 48.87 (percent), Filtered Average RH: 49.45 (percent)
  251.535, 0.000, 'FuserMainPwrPercentAct',         33,        230, 0, 0
  251.585, 0.000, 'FuserMainPwrPercentAct',          0,        230, 0, 0
  251.808: BUR sensor iterations 5, Object temp 75, Body temp 41
  252.235, 0.000, 'FuserMainPwrPercentAct',         33,        230, 0, 0
  252.285, 0.000, 'FuserMainPwrPercentAct',          0,        230, 0, 0
  252.318: BUR sensor iterations 5, Object temp 75, Body temp 42
  252.935, 0.000, 'FuserMainPwrPercentAct',         33,        230, 0, 0
  252.985, 0.000, 'FuserMainPwrPercentAct',          0,        230, 0, 0
  253.635, 0.000, 'FuserMainPwrPercentAct',         33,        230, 0, 0
  253.685, 0.000, 'FuserMainPwrPercentAct',          0,        230, 0, 0
  253.902: INFO serial_transport::packet_reader: rx seq 0x07 CRC 0x4eed len 35 accept cur 0x07
  253.903: INFO printengine_lxk::node_tree::engine: Call: get("Status", "Version", "stringsHash")
  253.914: INFO serial_transport::packet_reader: rx ack 0x07
  253.914: INFO serial_transport::packet_reader: rx seq 0x08 CRC 0x1468 len 30 accept cur 0x08
  253.915: INFO printengine_lxk::node_tree::engine: Call: get("Status", "Version", "engine")
  253.923: INFO serial_transport::packet_reader: rx ack 0x08
  254.085, 0.000, 'FuserMainPwrPercentAct',         33,        230, 0, 0
  254.135, 0.000, 'FuserMainPwrPercentAct',          0,        230, 0, 0
  254.985, 0.000, 'FuserMainPwrPercentAct',         33,        230, 0, 0
  255.035, 0.000, 'FuserMainPwrPercentAct',          0,        230, 0, 0!
  255.535, 0.000, 'FuserMainPwrPercentAct',          0,        230, 0, 0
  256.019: ssec: cmd=27, devNum=255, rc=0
  256.135, 0.000, 'FuserMainPwrPercentAct',         33,        230, 0, 0
  256.185, 0.000, 'FuserMainPwrPercentAct',          0,        230, 0, 0
  256.400: INFO serial_transport::packet_reader: rx seq 0x09 CRC 0x1230 len 30 accept cur 0x09
  256.402: INFO printengine_lxk::node_tree::engine: Call: engineCommand("flex", [16, 0, 4, 1, 0])
  256.402: IP: IP_COMMAND_RX_FLEX_PACKET Command  Rcvd - Command Code: 0xF8 Data: 0x10000401 0x00 
  256.402: EngineDriverRequest(): ENGINE_STARBUCKS_FLEX_DATA       
  256.402: XLATE: XlateRefreshFlexConfig() - PrintModeIndex: 0 Approx_PPM[]: 55 PPM
  256.402: XLATE: XlateRefreshFlexConfig() - PrintModeIndex: 1 Approx_PPM[]: 45 PPM
  256.402: XLATE: XlateRefreshFlexConfig() - PrintModeIndex: 2 Approx_PPM[]: 35 PPM
  256.402: XLATE: XlateRefreshFlexConfig() - PrintModeIndex: 3 Approx_PPM[]: 25 PPM
  256.402: XLATE: XlateRefreshFlexConfig() - PrintModeIndex: 4 Approx_PPM[]: 25 PPM
  256.402: IP: IP_COMMAND_RX_FLEX_PACKET Response Sent - Command Code: 0xF8 Data: None 
  256.402: INFO printengine_lxk::node_tree::engine:        Ok("Ok")
  256.408: INFO serial_transport::packet_reader: rx ack 0x09
  256.499: INFO serial_transport::packet_reader: rx seq 0x0a CRC 0x0500 len 30 accept cur 0x0a
  256.500: INFO printengine_lxk::node_tree::engine: Call: engineCommand("flex", [4, 0, 67, 1, 0])x=C
  256.500: EP: Request = EP_STARBUCKS_FLEX_DATA
  256.500: EP: Flex packet received. system = 4, command = 67, id = 0, length = 1
  256.500: EP: FlexParser, i = 0, data = 0
  256.500: EP: Sending flex packet, Sys = 4, Id = 0, Cmd = 66, Len = 2
  256.500: EP: Sent data, i = 0, data = 0
  256.500: EP: Sent data, i = 1, data = 0
  256.500: EP: Sending flex packet, Sys = 4, Id = 1, Cmd = 66, Len = 2
  256.500: EP: Sent data, i = 0, data = 0
  256.500: EP: Sent data, i = 1, data = 0
  256.500: IP: IP_COMMAND_RX_FLEX_PACKET Response Sent - Command Code: 0xF8 Data: None 
  256.500: INFO printengine_lxk::node_tree::engine:        Ok("Ok")
  256.509: INFO serial_transport::packet_reader: rx ack 0x0a
  256.509: INFO serial_transport::packet_reader: rx seq 0x0b CRC 0x3176 len 29 accept cur 0x0b
  256.510: INFO printengine_lxk::node_tree::engine: Call: engineCommand("flex", [4, 0, 45, 0])
  256.510: IP: IP_COMMAND_RX_FLEX_PACKET Command  Rcvd - Command Code: 0xF8 Data: 0x04002D00 
  256.510: EP: Request = EP_STARBUCKS_FLEX_DATA
  256.510: EP: Flex packet received. system = 4, command = 45, id = 0, length = 0
  256.510: EP: Sending flex packet, Sys = 4, Id = 0, Cmd = 45, Len = 2
  256.510: EP: Sent data, i = 0, data = 1
  256.510: EP: Sent data, i = 1, data = 192
  256.510: EP: Sending flex packet, Sys = 4, Id = 1, Cmd = 45, Len = 2
  256.510: EP: Sent data, i = 0, data = 1
  256.510: EP: Sent data, i = 1, data = 192
  256.510: EP: Sending flex packet, Sys = 4, Id = 2, Cmd = 45, Len = 2
  256.510: EP: Sent data, i = 0, data = 1
  256.510: EP: Sent data, i = 1, data = 192
  256.510: EP: Sending flex packet, Sys = 4, Id = 3, Cmd = 45, Len = 2
  256.510: EP: Sent data, i = 0, data = 1
  256.510: EP: Sent data, i = 1, data = 192
  256.510: EP: Sending flex packet, Sys = 4, Id = 0, Cmd = 46, Len = 1xomxB
  256.510: IP: IP_COMMAND_RX_FLEX_PACKET Response Sent - Command Code: 0xF8 Data: None 
  256.510: INFO printengine_lxk::node_tree::engine:        Ok("Ok")
  256.518: INFO serial_transport::packet_reader: rx ack 0x0b
  256.560: INFO serial_transport::packet_reader: rx seq 0x0c CRC 0xc172 len 29 accept cur 0x0c
  256.562: INFO printengine_lxk::node_tree::engine: Call: engineCommand("flex", [4, 0, 45, 0])
  256.562: IP: IP_COMMAND_RX_FLEX_PACKET Command  Rcvd - Command Code: 0xF8 Data: 0x04002D00 
  256.562: EP: Request = EP_STARBUCKS_FLEX_DATA
  256.562: EP: Flex packet received. system = 4, command = 45, id = 0, length = 0
  256.562: EP: Sending flex packet, Sys = 4, Id = 0, Cmd = 45, Len = 2
  256.562: EP: Sent data, i = 0, data = 1
  256.562: EP: Sent data, i = 1, data = 192
  256.562: EP: Sending flex packet, Sys = 4, Id = 1, Cmd = 45, Len = 2
  256.562: EP: Sent data, i = 0, data = 1
  256.562: EP: Sent data, i = 1, data = 192xo
2-
  256.562: EP: Sent data, i = 0, data = 1
  256.562: EP: Sent data, i = 1, data = 192
  256.562: EP: Sending flex packet, Sys = 4, Id = 3, Cmd = 45, Len = 2
  256.562: EP: Sent data, i = 0, data = 1
  256.562: EP: Sent data, i = 1, data = 192
  256.562: EP: Sending flex packet, Sys = 4, Id = 0, Cmd = 46, Len = 1
  256.562: EP: Sent data, i = 0, data = 120
  256.562: IP: IP_COMMAND_RX_FLEX_PACKET Response Sent - Command Code: 0xF8 Data: None 
  256.563: INFO printengine_lxk::node_tree::engine:        Ok("Ok")
  256.568: INFO serial_transport::packet_reader: rx ack 0x0c
  256.612: INFO serial_transport::packet_reader: rx seq 0x0d CRC 0x756d len 29 accept cur 0x0d
  256.613: INFO printengine_lxk::node_tree::engine: Call: engineCommand("flex", [3, 0, 4, 0])
  256.613: IP: IP_COMMAND_RX_FLEX_PACKET Command  Rcvd - Command Code: 0xF8 Data: 0x03000400 
  256.613: FAN: fanDriverRequest: FAN_STARBUCKS_FLEX_DATAxf=
  256.614: INFO printengine_lxk::node_tree::engine:        Ok("Ok")
  256.615: FAN: fanDriverRequest: FAN_STARBUCKS_FLEX_DATA
  256.617: INFO serial_transport::packet_reader: rx ack 0x0d
  256.615: FAN: FlexParser() - Received request for Starbucks Window configuration data.
  256.664: INFO serial_transport::packet_reader: rx seq 0x0e CRC 0xd974 len 29 accept cur 0x0e
  256.665: INFO printengine_lxk::node_tree::engine: Call: engineCommand("flex", [106, 0, 12, 0])
  256.665: IP: IP_COMMAND_RX_FLEX_PACKET Command  Rcvd - Command Code: 0xF8 Data: 0x6A000C00 
  256.665: IP: IP_COMMAND_RX_FLEX_PACKET Response Sent - Command Code: 0xF8 Data: None 
  256.667: INFO printengine_lxk::node_tree::engine:        Ok("Ok")
  256.672: INFO serial_transport::packet_reader: rx ack 0x0ej0 ADC_TPS2_SPEC_K_DEV_I_J1_CHANNELa'
  256.718: INFO serial_transport::packet_reader: rx seq 0x0f CRC 0x29ea len 31 accept cur 0x0f
  256.719: INFO printengine_lxk::node_tree::engine: Call: engineCommand("flex", [18, 2, 2, 2, 0, 0])
  256.719: IP: IP_COMMAND_RX_FLEX_PACKET Command  Rcvd - Command Code: 0xF8 Data: 0x12020202 0x0000 
  256.719: phDriverRequest: PH_STARBUCKS_FLEX_DATA
  256.719: IP: IP_COMMAND_RX_FLEX_PACKET Response Sent - Command Code: 0xF8 Data: None 
  256.720: INFO printengine_lxk::node_tree::engine:        Ok("Ok")
  256.724: INFO serial_transport::packet_reader: rx ack 0x0fj	0ADC_TPS_THERM_ADC_CHANNEL`a
  256.769: INFO serial_transport::packet_reader: rx seq 0x00 CRC 0x9d62 len 29 accept cur 0x00
  256.770: INFO printengine_lxk::node_tree::engine: Call: engineCommand("flex", [17, 0, 0, 0])
  256.770: IP: IP_COMMAND_RX_FLEX_PACKET Command  Rcvd - Command Code: 0xF8 Data: 0x11000000 
  256.770: TP_SYS: TpDriverRequestHndlr: TP_REQUEST_STARBUCKS_FLEX_DATA, 
  256.770: TpFlexParser System = 0x11, Id = 0x00, Command 0x00 received: DataLen: 0, Data: 0x00, 
  256.770: TpFlexParser: Enable = 0, Gain reported =    0.00,  100.00,    0.00,  100.00, Action =  0, 
  256.770: IP: IP_COMMAND_RX_FLEX_PACKET Response Sent - Command Code: 0xF8 Data: None 
  256.770: INFO printengine_lxk::node_tree::engine:        Ok("Ok")
  256.775: INFO serial_transport::packet_reader: rx ack 0x00j0ADC_HV_2X_CHANNEL,`a
  256.822: INFO serial_transport::packet_reader: rx seq 0x01 CRC 0x6d74 len 29 accept cur 0x01
  256.823: INFO printengine_lxk::node_tree::engine: Call: engineCommand("flex", [17, 0, 54, 0])
  256.823: IP: IP_COMMAND_RX_FLEX_PACKET Command  Rcvd - Command Code: 0xF8 Data: 0x11003600 
  256.823: TP_SYS: TpDriverRequestHndlr: TP_REQUEST_STARBUCKS_FLEX_DATA, 
  256.823: TpFlexParser System = 0x11, Id = 0x00, Command 0x36 received: DataLen: 0, Data: 0x00, 
  256.823: IP: IP_COMMAND_RX_FLEX_PACKET Response Sent - Command Code: 0xF8 Data: None 
  256.823: INFO printengine_lxk::node_tree::engine:        Ok("Ok")
  256.828: INFO serial_transport::packet_reader: rx ack 0x01
  256.870, 0.000, 'FuserMainPwrPercentAct',         33,        230, 0, 0
  256.872: INFO serial_transport::packet_reader: rx seq 0x02 CRC 0xad57 len 29 accept cur 0x02
  256.873: INFO printengine_lxk::node_tree::engine: Call: engineCommand("flex", [17, 0, 73, 0])
  256.873: IP: IP_COMMAND_RX_FLEX_PACKET Command  Rcvd - Command Code: 0xF8 Data: 0x11004900 
  256.873: TP_SYS: TpDriverRequestHndlr: TP_REQUEST_STARBUCKS_FLEX_DATA, xpiI;
  256.874: IP: IP_COMMAND_RX_FLEX_PACKET Response Sent - Command Code: 0xF8 Data: None 
  256.874: INFO printengine_lxk::node_tree::engine:        Ok("Ok")
  256.878: INFO serial_transport::packet_reader: rx ack 0x02
  256.920, 0.000, 'FuserMainPwrPercentAct',          0,        230, 0, 0
  256.924: INFO serial_transport::packet_reader: rx seq 0x03 CRC 0xad55 len 29 accept cur 0x03
  256.925: INFO printengine_lxk::node_tree::engine: Call: engineCommand("flex", [17, 0, 76, 0])
  256.928: IP: IP_COMMAND_RX_FLEX_PACKET Command  Rcvd - Command Code: 0xF8 Data: 0x11004C00 
  256.928: TP_SYS: TpDriverRequestHndlr: TP_REQUEST_STARBUCKS_FLEX_DATA, 
  256.928: TpFlexParser System = 0x11, Id = 0x00, Command 0x4C received: DataLen: 0, Data: 0x00, 
  256.928: IP: IP_COMMAND_RX_FLEX_PACKET Response Sent - Command Code: 0xF8 Data: None 
  256.928: INFO printengine_lxk::node_tree::engine:        Ok("Ok")
  256.933: INFO serial_transport::packet_reader: rx ack 0x03
  256.978: INFO serial_transport::packet_reader: rx seq 0x04 CRC 0x3d50 len 29 accept cur 0x04
  256.979: INFO printengine_lxk::node_tree::engine: Call: engineCommand("flex", [17, 0, 78, 0])
  256.979: IP: IP_COMMAND_RX_FLEX_PACKET Command  Rcvd - Command Code: 0xF8 Data: 0x11004E00 
  256.979: TP_SYS: TpDriverRequestHndlr: TP_REQUEST_STARBUCKS_FLEX_DATA, 
  256.979: TpFlexParser System = 0x11, Id = 0x00, Command 0x4E received: DataLen: 0, Data: 0x00, 
  256.979: IP: IP_COMMAND_RX_FLEX_PACKET Response Sent - Command Code: 0xF8 Data: None 
  256.979: INFO printengine_lxk::node_tree::engine:        Ok("Ok")
  256.984: INFO serial_transport::packet_reader: rx ack 0x04
  257.028: INFO serial_transport::packet_reader: rx seq 0x05 CRC 0xad00 len 29 accept cur 0x05
  257.029: INFO printengine_lxk::node_tree::engine: Call: engineCommand("flex", [17, 1, 78, 0])
  257.029: IP: IP_COMMAND_RX_FLEX_PACKET Command  Rcvd - Command Code: 0xF8 Data: 0x11014E00 
  257.029: TP_SYS: TpDriverRequestHndlr: TP_REQUEST_STARBUCKS_FLEX_DATA, 
  257.029: TpFlexParser System = 0x11, Id = 0x01, Command 0x4E received: DataLen: 0, Data: 0x00, Ad%d%
  257.029: IP: IP_COMMAND_RX_FLEX_PACKET Response Sent - Command Code: 0xF8 Data: None 
  257.030: INFO printengine_lxk::node_tree::engine:        Ok("Ok")
  257.034: INFO serial_transport::packet_reader: rx ack 0x05
  257.082: INFO serial_transport::packet_reader: rx seq 0x06 CRC 0x5df3 len 29 accept cur 0x06
  257.083: INFO printengine_lxk::node_tree::engine: Call: engineCommand("flex", [17, 2, 78, 0])
  257.083: IP: IP_COMMAND_RX_FLEX_PACKET Command  Rcvd - Command Code: 0xF8 Data: 0x11024E00 
  257.083: TP_SYS: TpDriverRequestHndlr: TP_REQUEST_STARBUCKS_FLEX_DATA, 
  257.083: TpFlexParser System = 0x11, Id = 0x02, Command 0x4E received: DataLen: 0, Data: 0x00, 
  257.083: IP: IP_COMMAND_RX_FLEX_PACKET Response Sent - Command Code: 0xF8 Data: None 
  257.083: INFO printengine_lxk::node_tree::engine:        Ok("Ok")
  257.088: INFO serial_transport::packet_reader: rx ack 0x06
  257.132: INFO serial_transport::packet_reader: rx seq 0x07 CRC 0xcda3 len 29 accept cur 0x07
  257.134: INFO printengine_lxk::node_tree::engine: Call: engineCommand("flex", [17, 3, 78, 0])
  257.134: IP: IP_COMMAND_RX_FLEX_PACKET Command  Rcvd - Command Code: 0xF8 Data: 0x11034E00 
  257.134: TP_SYS: TpDriverRequestHndlr: TP_REQUEST_STARBUCKS_FLEX_DATA, 
  257.134: TpFlexParser System = 0x11, Id = 0x03, Command 0x4E received: DataLen: 0, Data: 0x00, 
  257.134: IP: IP_COMMAND_RX_FLEX_PACKET Response Sent - Command Code: 0xF8 Data: None 
  257.134: INFO printengine_lxk::node_tree::engine:        Ok("Ok")
  257.138: INFO serial_transport::packet_reader: rx ack 0x07
  257.185: INFO serial_transport::packet_reader: rx seq 0x08 CRC 0x3c49 len 29 accept cur 0x08
  257.188: INFO printengine_lxk::node_tree::engine: Call: engineCommand("flex", [17, 5, 78, 0])
  257.188: IP: IP_COMMAND_RX_FLEX_PACKET Command  Rcvd - Command Code: 0xF8 Data: 0x11054E00 
  257.188: TP_SYS: TpDriverRequestHndlr: TP_REQUEST_STARBUCKS_FLEX_DATA, xpN
  257.188: IP: IP_COMMAND_RX_FLEX_PACKET Response Sent - Command Code: 0xF8 Data: None 
  257.189: INFO printengine_lxk::node_tree::engine:        Ok("Ok")
  257.193: INFO serial_transport::packet_reader: rx ack 0x08
  257.236: INFO serial_transport::packet_reader: rx seq 0x09 CRC 0x0c10 len 29 accept cur 0x09
  257.239: INFO printengine_lxk::node_tree::engine: Call: engineCommand("flex", [17, 4, 80, 0])
  257.239: IP: IP_COMMAND_RX_FLEX_PACKET Command  Rcvd - Command Code: 0xF8 Data: 0x11045000 
  257.239: TP_SYS: TpDriverRequestHndlr: TP_REQUEST_STARBUCKS_FLEX_DATA, 
  257.239: TpFlexParser System = 0x11, Id = 0x04, Command 0x50 received: DataLen: 0, Data: 0x00, 
  257.239: IP: IP_COMMAND_RX_FLEX_PACKET Response Sent - Command Code: 0xF8 Data: None 
  257.239: INFO printengine_lxk::node_tree::engine:        Ok("Ok")
  257.244: INFO serial_transport::packet_reader: rx ack 0x09
  257.289: INFO serial_transport::packet_reader: rx seq 0x0a CRC 0x3d52 len 29 accept cur 0x0a
  257.290: INFO printengine_lxk::node_tree::engine: Call: engineCommand("flex", [17, 0, 80, 0])
  257.290: IP: IP_COMMAND_RX_FLEX_PACKET Command  Rcvd - Command Code: 0xF8 Data: 0x11005000 
  257.290: TP_SYS: TpDriverRequestHndlr: TP_REQUEST_STARBUCKS_FLEX_DATA, 
  257.290: TpFlexParser System = 0x11, Id = 0x00, Command 0x50 received: DataLen: 0, Data: 0x00, 
  257.290: IP: IP_COMMAND_RX_FLEX_PACKET Response Sent - Command Code: 0xF8 Data: None 
  257.290: INFO printengine_lxk::node_tree::engine:        Ok("Ok")
  257.295: INFO serial_transport::packet_reader: rx ack 0x0a
  257.342: INFO serial_transport::packet_reader: rx seq 0x0b CRC 0xad02 len 29 accept cur 0x0b
  257.343: INFO printengine_lxk::node_tree::engine: Call: engineCommand("flex", [17, 1, 80, 0])
  257.343: IP: IP_COMMAND_RX_FLEX_PACKET Command  Rcvd - Command Code: 0xF8 Data: 0x11015000 
  257.343: TP_SYS: TpDriverRequestHndlr: TP_REQUEST_STARBUCKS_FLEX_DATA, xp?P[
  257.343: IP: IP_COMMAND_RX_FLEX_PACKET Response Sent - Command Code: 0xF8 Data: None 
  257.343: INFO printengine_lxk::node_tree::engine:        Ok("Ok")
  257.348: INFO serial_transport::packet_reader: rx ack 0x0b
  257.398: INFO serial_transport::packet_reader: rx seq 0x0c CRC 0x5df6 len 29 accept cur 0x0c
  257.399: INFO printengine_lxk::node_tree::engine: Call: engineCommand("flex", [17, 2, 80, 0])
  257.399: IP: IP_COMMAND_RX_FLEX_PACKET Command  Rcvd - Command Code: 0xF8 Data: 0x11025000 
  257.399: TP_SYS: TpDriverRequestHndlr: TP_REQUEST_STARBUCKS_FLEX_DATA, 
  257.399: TpFlexParser System = 0x11, Id = 0x02, Command 0x50 received: DataLen: 0, Data: 0x00, 
  257.399: IP: IP_COMMAND_RX_FLEX_PACKET Response Sent - Command Code: 0xF8 Data: None 
  257.399: INFO printengine_lxk::node_tree::engine:        Ok("Ok")
  257.404: INFO serial_transport::packet_reader: rx ack 0x0c
  257.418: BUR sensor iterations 5, Object temp 75, Body temp 41
  257.448: INFO serial_transport::packet_reader: rx seq 0x0d CRC 0x9d0a len 29 accept cur 0x0d
  257.449: INFO printengine_lxk::node_tree::engine: Call: engineCommand("flex", [17, 0, 129, 0])
  257.449: IP: IP_COMMAND_RX_FLEX_PACKET Command  Rcvd - Command Code: 0xF8 Data: 0x11008100 
  257.449: TP_SYS: TpDriverRequestHndlr: TP_REQUEST_STARBUCKS_FLEX_DATA, 
  257.449: TpFlexParser System = 0x11, Id = 0x00, Command 0x81 received: DataLen: 0, Data: 0x00, 
  257.449: IP: IP_COMMAND_RX_FLEX_PACKET Response Sent - Command Code: 0xF8 Data: None 
  257.450: INFO printengine_lxk::node_tree::engine:        Ok("Ok")
  257.450, 0.000, 'FuserMainPwrPercentAct',         33,        230, 0, 0
  257.454: INFO serial_transport::packet_reader: rx ack 0x0d
  257.500, 0.000, 'FuserMainPwrPercentAct',          0,        230, 0, 0
  257.502: INFO serial_transport::packet_reader: rx seq 0x0e CRC 0x3da5 len 29 accept cur 0x0e
  257.503: INFO printengine_lxk::node_tree::engine: Call: engineCommand("flex", [17, 3, 80, 0])
  257.503: IP: IP_COMMAND_RX_FLEX_PACKET Command  Rcvd - Command Code: 0xF8 Data: 0x11035000 
  257.503: TP_SYS: TpDriverRequestHndlr: TP_REQUEST_STARBUCKS_FLEX_DATA, 
  257.503: TpFlexParser System = 0x11, Id = 0x03, Command 0x50 received: DataLen: 0, Data: 0x00, 
  257.503: IP: IP_COMMAND_RX_FLEX_PACKET Response Sent - Command Code: 0xF8 Data: None 
  257.503: INFO printengine_lxk::node_tree::engine:        Ok("Ok")
  257.508: INFO serial_transport::packet_reader: rx ack 0x0e
  257.553: INFO serial_transport::packet_reader: rx seq 0x0f CRC 0x6c44 len 29 accept cur 0x0f
  257.554: INFO printengine_lxk::node_tree::engine: Call: engineCommand("flex", [17, 5, 80, 0])
  257.554: IP: IP_COMMAND_RX_FLEX_PACKET Command  Rcvd - Command Code: 0xF8 Data: 0x11055000 
  257.554: TP_SYS: TpDriverRequestHndlr: TP_REQUEST_STARBUCKS_FLEX_DATA, xpP
  257.554: IP: IP_COMMAND_RX_FLEX_PACKET Response Sent - Command Code: 0xF8 Data: None 
  257.554: INFO printengine_lxk::node_tree::engine:        Ok("Ok")
  257.559: INFO serial_transport::packet_reader: rx ack 0x0f
  257.605: INFO serial_transport::packet_reader: rx seq 0x00 CRC 0xfd41 len 29 accept cur 0x00
  257.608: INFO printengine_lxk::node_tree::engine: Call: engineCommand("flex", [17, 0, 122, 0])
  257.608: IP: IP_COMMAND_RX_FLEX_PACKET Command  Rcvd - Command Code: 0xF8 Data: 0x11007A00 
  257.608: TP_SYS: TpDriverRequestHndlr: TP_REQUEST_STARBUCKS_FLEX_DATA, 
  257.608: TpFlexParser System = 0x11, Id = 0x00, Command 0x7A received: DataLen: 0, Data: 0x00, 
  257.609: TPS StringId='88' Comment='TP: TpAsyncThreadReq()' TpAsyncReqId='16'
  257.609: IP: IP_COMMAND_RX_FLEX_PACKET Response Sent - Command Code: 0xF8 Data: None 
  257.609: INFO printengine_lxk::node_tree::engine:        Ok("Ok")
  257.613: INFO serial_transport::packet_reader: rx ack 0x00
  257.658: INFO serial_transport::packet_reader: rx seq 0x01 CRC 0x0d43 len 29 accept cur 0x01
  257.659: INFO printengine_lxk::node_tree::engine: Call: engineCommand("flex", [17, 0, 124, 0])
  257.659: IP: IP_COMMAND_RX_FLEX_PACKET Command  Rcvd - Command Code: 0xF8 Data: 0x11007C00 
  257.659: TP_SYS: TpDriverRequestHndlr: TP_REQUEST_STARBUCKS_FLEX_DATA, 
  257.659: TpFlexParser System = 0x11, Id = 0x00, Command 0x7C received: DataLen: 0, Data: 0x00, 
  257.659: IP: IP_COMMAND_RX_FLEX_PACKET Response Sent - Command Code: 0xF8 Data: None 
  257.659: INFO printengine_lxk::node_tree::engine:        Ok("Ok")
  257.664: INFO serial_transport::packet_reader: rx ack 0x01
  257.709: INFO serial_transport::packet_reader: rx seq 0x02 CRC 0xa16c len 29 accept cur 0x02
  257.710: INFO printengine_lxk::node_tree::engine: Call: engineCommand("flex", [0, 0, 30, 0])
  257.710: IP: IP_COMMAND_RX_FLEX_PACKET Command  Rcvd - Command Code: 0xF8 Data: 0x00001E00 
  257.710: IP: IP_COMMAND_RX_FLEX_PACKET Response Sent - Command Code: 0xF8 Data: None 
  257.710: INFO printengine_lxk::node_tree::engine:        Ok("Ok")
  257.715: INFO serial_transport::packet_reader: rx ack 0x02
  257.762: INFO serial_transport::packet_reader: rx seq 0x03 CRC 0x1790 len 30 accept cur 0x03
  257.763: INFO printengine_lxk::node_tree::engine: Call: engineCommand("flex", [16, 0, 4, 1, 0])
  257.763: IP: IP_COMMAND_RX_FLEX_PACKET Command  Rcvd - Command Code: 0xF8 Data: 0x10000401 0x00 
  257.763: EngineDriverRequest(): ENGINE_STARBUCKS_FLEX_DATA       
  257.763: XLATE: XlateRefreshFlexConfig() - PrintModeIndex: 0 Approx_PPM[]: 55 PPM
  257.763: XLATE: XlateRefreshFlexConfig() - PrintModeIndex: 1 Approx_PPM[]: 45 PPM
  257.763: XLATE: XlateRefreshFlexConfig() - PrintModeIndex: 2 Approx_PPM[]: 35 PPM
  257.763: XLATE: XlateRefreshFlexConfig() - PrintModeIndex: 3 Approx_PPM[]: 25 PPM
  257.763: XLATE: XlateRefreshFlexConfig() - PrintModeIndex: 4 Approx_PPM[]: 25 PPM
  257.763: IP: IP_COMMAND_RX_FLEX_PACKET Response Sent - Command Code: 0xF8 Data: None 
  257.763: INFO printengine_lxk::node_tree::engine:        Ok("Ok")
  257.768: INFO serial_transport::packet_reader: rx ack 0x03
  257.813: INFO serial_transport::packet_reader: rx seq 0x04 CRC 0xc2e1 len 30 accept cur 0x04
  257.814: INFO printengine_lxk::node_tree::engine: Call: engineCommand("flex", [4, 0, 67, 1, 0])
  257.814: IP: IP_COMMAND_RX_FLEX_PACKET Command  Rcvd - Command Code: 0xF8 Data: 0x04004301 0x00 
  257.814: EP: Request = EP_STARBUCKS_FLEX_DATA
  257.814: EP: Flex packet received. system = 4, command = 67, id = 0, length = 1
  257.814: EP: FlexParser, i = 0, data = 0
  257.814: EP: Sending flex packet, Sys = 4, Id = 0, Cmd = 66, Len = 2
  257.814: EP: Sent data, i = 0, data = 0
  257.814: EP: Sent data, i = 1, data = 0
  257.814: EP: Sending flex packet, Sys = 4, Id = 1, Cmd = 66, Len = 2
  257.814: EP: Sent data, i = 0, data = 0
  257.814: EP: Sent data, i = 1, data = 0
  257.814: IP: IP_COMMAND_RX_FLEX_PACKET Response Sent - Command Code: 0xF8 Data: None 
  257.814: INFO printengine_lxk::node_tree::engine:        Ok("Ok")
  257.819: INFO serial_transport::packet_reader: rx ack 0x04
  257.865: INFO serial_transport::packet_reader: rx seq 0x05 CRC 0x917d len 29 accept cur 0x05
  257.867: INFO printengine_lxk::node_tree::engine: Call: engineCommand("flex", [4, 0, 45, 0])
  257.867: IP: IP_COMMAND_RX_FLEX_PACKET Command  Rcvd - Command Code: 0xF8 Data: 0x04002D00 
  257.867: EP: Request = EP_STARBUCKS_FLEX_DATA
  257.867: EP: Flex packet received. system = 4, command = 45, id = 0, length = 0
  257.867: EP: Sending flex packet, Sys = 4, Id = 0, Cmd = 45, Len = 2
  257.867: EP: Sent data, i = 0, data = 1
  257.867: EP: Sent data, i = 1, data = 192
  257.867: EP: Sending flex packet, Sys = 4, Id = 1, Cmd = 45, Len = 2
  257.867: EP: Sent data, i = 0, data = 1
  257.867: EP: Sent data, i = 1, data = 192
  257.867: EP: Sending flex packet, Sys = 4, Id = 2, Cmd = 45, Len = 2
  257.867: EP: Sent data, i = 0, data = 1
  257.867: EP: Sent data, i = 1, data = 192
  257.867: EP: Sending flex packet, Sys = 4, Id = 3, Cmd = 45, Len = 2
  257.867: EP: Sent data, i = 0, data = 1
  257.867: EP: Sent data, i = 1, data = 192
  257.867: EP: Sending flex packet, Sys = 4, Id = 0, Cmd = 46, Len = 1xomKx
  257.867: IP: IP_COMMAND_RX_FLEX_PACKET Response Sent - Command Code: 0xF8 Data: None 
  257.867: INFO printengine_lxk::node_tree::engine:        Ok("Ok")
  257.873: INFO serial_transport::packet_reader: rx ack 0x05
  257.918: INFO serial_transport::packet_reader: rx seq 0x06 CRC 0x617e len 29 accept cur 0x06
  257.919: INFO printengine_lxk::node_tree::engine: Call: engineCommand("flex", [4, 0, 45, 0])
  257.919: IP: IP_COMMAND_RX_FLEX_PACKET Command  Rcvd - Command Code: 0xF8 Data: 0x04002D00 
  257.919: EP: Request = EP_STARBUCKS_FLEX_DATA
  257.919: EP: Flex packet received. system = 4, command = 45, id = 0, length = 0
  257.919: EP: Sending flex packet, Sys = 4, Id = 0, Cmd = 45, Len = 2
  257.919: EP: Sent data, i = 0, data = 1
  257.919: EP: Sent data, i = 1, data = 192
  257.919: EP: Sending flex packet, Sys = 4, Id = 1, Cmd = 45, Len = 2
  257.919: EP: Sent data, i = 0, data = 1
  257.919: EP: Sent data, i = 1, data = 192
  257.919: EP: Sending flex packet, Sys = 4, Id = 2, Cmd = 45, Len = 2
  257.919: EP: Sent data, i = 0, data = 1
  257.919: EP: Sent data, i = 1, data = 192
  257.919: EP: Sending flex packet, Sys = 4, Id = 3, Cmd = 45, Len = 2
  257.919: EP: Sent data, i = 0, data = 1
  257.919: EP: Sent data, i = 1, data = 192
  257.919: EP: Sending flex packet, Sys = 4, Id = 0, Cmd = 46, Len = 1
  257.919: EP: Sent data, i = 0, data = 120
  257.919: IP: IP_COMMAND_RX_FLEX_PACKET Response Sent - Command Code: 0xF8 Data: None 
  257.920: INFO printengine_lxk::node_tree::engine:        Ok("Ok")
  257.924: INFO serial_transport::packet_reader: rx ack 0x06
  257.969: INFO serial_transport::packet_reader: rx seq 0x07 CRC 0xd561 len 29 accept cur 0x07
  257.970: INFO printengine_lxk::node_tree::engine: Call: engineCommand("flex", [3, 0, 4, 0])
  257.970: IP: IP_COMMAND_RX_FLEX_PACKET Command  Rcvd - Command Code: 0xF8 Data: 0x03000400 
  257.970: FAN: fanDriverRequest: FAN_STARBUCKS_FLEX_DATAx=
  257.970: INFO printengine_lxk::node_tree::engine:        Ok("Ok")
  257.971: FAN: fanDriverRequest: FAN_STARBUCKS_FLEX_DATA
  257.971: FAN: FlexParser() - Received request for Starbucks Window configuration data.
  257.975: INFO serial_transport::packet_reader: rx ack 0x07
  258.022: INFO serial_transport::packet_reader: rx seq 0x08 CRC 0x7971 len 29 accept cur 0x08
  258.023: INFO printengine_lxk::node_tree::engine: Call: engineCommand("flex", [106, 0, 12, 0])
  258.023: IP: IP_COMMAND_RX_FLEX_PACKET Command  Rcvd - Command Code: 0xF8 Data: 0x6A000C00 
  258.023: IP: IP_COMMAND_RX_FLEX_PACKET Response Sent - Command Code: 0xF8 Data: None 
  258.023: INFO printengine_lxk::node_tree::engine:        Ok("Ok")
  258.028: INFO serial_transport::packet_reader: rx ack 0x08j0 ADC_TPS2_SPEC_K_DEV_I_J1_CHANNELa'
  258.073: INFO serial_transport::packet_reader: rx seq 0x09 CRC 0x01e9 len 31 accept cur 0x09
  258.074: INFO printengine_lxk::node_tree::engine: Call: engineCommand("flex", [18, 2, 2, 2, 0, 0])
  258.074: IP: IP_COMMAND_RX_FLEX_PACKET Command  Rcvd - Command Code: 0xF8 Data: 0x12020202 0x0000 
  258.074: phDriverRequest: PH_STARBUCKS_FLEX_DATA
  258.074: IP: IP_COMMAND_RX_FLEX_PACKET Response Sent - Command Code: 0xF8 Data: None 
  258.074: INFO printengine_lxk::node_tree::engine:        Ok("Ok")
  258.079: INFO serial_transport::packet_reader: rx ack 0x09j0kADC_BULK_VOLTAGE_CHANNEL`aF
  258.125: INFO serial_transport::packet_reader: rx seq 0x0a CRC 0x3d6e len 29 accept cur 0x0a
  258.128: INFO printengine_lxk::node_tree::engine: Call: engineCommand("flex", [17, 0, 0, 0])
  258.129: IP: IP_COMMAND_RX_FLEX_PACKET Command  Rcvd - Command Code: 0xF8 Data: 0x11000000 
  258.129: TP_SYS: TpDriverRequestHndlr: TP_REQUEST_STARBUCKS_FLEX_DATA, 
  258.129: TpFlexParser System = 0x11, Id = 0x00, Command 0x00 received: DataLen: 0, Data: 0x00, 
  258.129: TpFlexParser: Enable = 0, Gain reported =    0.00,  100.00,    0.00,  100.00, Action =  0, 
  258.129: IP: IP_COMMAND_RX_FLEX_PACKET Response Sent - Command Code: 0xF8 Data: None 
  258.129: INFO printengine_lxk::node_tree::engine:        Ok("Ok")
  258.133: INFO serial_transport::packet_reader: rx ack 0x0aj0ADC_HV_2X_CHANNEL,`a
  258.178: INFO serial_transport::packet_reader: rx seq 0x0b CRC 0xcd78 len 29 accept cur 0x0b
  258.179: INFO printengine_lxk::node_tree::engine: Call: engineCommand("flex", [17, 0, 54, 0])
  258.179: IP: IP_COMMAND_RX_FLEX_PACKET Command  Rcvd - Command Code: 0xF8 Data: 0x11003600 
  258.179: TP_SYS: TpDriverRequestHndlr: TP_REQUEST_STARBUCKS_FLEX_DATA, 
  258.179: TpFlexParser System = 0x11, Id = 0x00, Command 0x36 received: DataLen: 0, Data: 0x00, 
  258.179: IP: IP_COMMAND_RX_FLEX_PACKET Response Sent - Command Code: 0xF8 Data: None 
  258.179: INFO printengine_lxk::node_tree::engine:        Ok("Ok")
  258.184: INFO serial_transport::packet_reader: rx ack 0x0bj0!ADC_PH_CHANNEL,`a
  258.229: INFO serial_transport::packet_reader: rx seq 0x0c CRC 0x0d5c len 29 accept cur 0x0c
  258.230: INFO printengine_lxk::node_tree::engine: Call: engineCommand("flex", [17, 0, 73, 0])
  258.230: IP: IP_COMMAND_RX_FLEX_PACKET Command  Rcvd - Command Code: 0xF8 Data: 0x11004900 
  258.230: TP_SYS: TpDriverRequestHndlr: TP_REQUEST_STARBUCKS_FLEX_DATA, 
  258.230: IP: IP_COMMAND_RX_FLEX_PACKET Response Sent - Command Code: 0xF8 Data: None 
  258.230: INFO printengine_lxk::node_tree::engine:        Ok("Ok")
  258.235: INFO serial_transport::packet_reader: rx ack 0x0c
  258.282: INFO serial_transport::packet_reader: rx seq 0x0d CRC 0x0d5e len 29 accept cur 0x0d
  258.283: INFO printengine_lxk::node_tree::engine: Call: engineCommand("flex", [17, 0, 76, 0])
  258.283: IP: IP_COMMAND_RX_FLEX_PACKET Command  Rcvd - Command Code: 0xF8 Data: 0x11004C00 
  258.283: TP_SYS: TpDriverRequestHndlr: TP_REQUEST_STARBUCKS_FLEX_DATA, 
  258.283: TpFlexParser System = 0x11, Id = 0x00, Command 0x4C received: DataLen: 0, Data: 0x00, 
  258.283: IP: IP_COMMAND_RX_FLEX_PACKET Response Sent - Command Code: 0xF8 Data: None 
  258.283: INFO printengine_lxk::node_tree::engine:        Ok("Ok")
  258.288: INFO serial_transport::packet_reader: rx ack 0x0d
  258.333: INFO serial_transport::packet_reader: rx seq 0x0e CRC 0x9d5c len 29 accept cur 0x0e
  258.334: INFO printengine_lxk::node_tree::engine: Call: engineCommand("flex", [17, 0, 78, 0])
  258.334: IP: IP_COMMAND_RX_FLEX_PACKET Command  Rcvd - Command Code: 0xF8 Data: 0x11004E00 
  258.334: TP_SYS: TpDriverRequestHndlr: TP_REQUEST_STARBUCKS_FLEX_DATA, 
  258.334: TpFlexParser System = 0x11, Id = 0x00, Command 0x4E received: DataLen: 0, Data: 0x00, 
  258.334: IP: IP_COMMAND_RX_FLEX_PACKET Response Sent - Command Code: 0xF8 Data: None 
  258.334: INFO printengine_lxk::node_tree::engine:        Ok("Ok")
  258.335, 0.000, 'FuserMainPwrPercentAct',         33,        230, 0, 0
  258.339: INFO serial_transport::packet_reader: rx ack 0x0e
  258.385: INFO serial_transport::packet_reader: rx seq 0x0f CRC 0x0d0c len 29 accept cur 0x0f
  258.385, 0.000, 'FuserMainPwrPercentAct',          0,        230, 0, 0
  258.388: INFO printengine_lxk::node_tree::engine: Call: engineCommand("flex", [17, 1, 78, 0])
  258.388: IP: IP_COMMAND_RX_FLEX_PACKET Command  Rcvd - Command Code: 0xF8 Data: 0x11014E00 
  258.388: TP_SYS: TpDriverRequestHndlr: TP_REQUEST_STARBUCKS_FLEX_DATA, 
  258.388: TpFlexParser System = 0x11, Id = 0x01, Command 0x4E received: DataLen: 0, Data: 0x00, Ad%d%
  258.388: IP: IP_COMMAND_RX_FLEX_PACKET Response Sent - Command Code: 0xF8 Data: None 
  258.389: INFO printengine_lxk::node_tree::engine:        Ok("Ok")
  258.393: INFO serial_transport::packet_reader: rx ack 0x0f
  258.438: BUR sensor iterations 5, Object temp 75, Body temp 42
  258.438: INFO serial_transport::packet_reader: rx seq 0x00 CRC 0xfdf6 len 29 accept cur 0x00
  258.439: INFO printengine_lxk::node_tree::engine: Call: engineCommand("flex", [17, 2, 78, 0])
  258.439: IP: IP_COMMAND_RX_FLEX_PACKET Command  Rcvd - Command Code: 0xF8 Data: 0x11024E00 
  258.439: TP_SYS: TpDriverRequestHndlr: TP_REQUEST_STARBUCKS_FLEX_DATA, 
  258.439: TpFlexParser System = 0x11, Id = 0x02, Command 0x4E received: DataLen: 0, Data: 0x00, 
  258.439: IP: IP_COMMAND_RX_FLEX_PACKET Response Sent - Command Code: 0xF8 Data: None 
  258.440: INFO printengine_lxk::node_tree::engine:        Ok("Ok")
  258.444: INFO serial_transport::packet_reader: rx ack 0x00
  258.489: INFO serial_transport::packet_reader: rx seq 0x01 CRC 0x6da6 len 29 accept cur 0x01
  258.490: INFO printengine_lxk::node_tree::engine: Call: engineCommand("flex", [17, 3, 78, 0])
  258.490: IP: IP_COMMAND_RX_FLEX_PACKET Command  Rcvd - Command Code: 0xF8 Data: 0x11034E00 
  258.490: TP_SYS: TpDriverRequestHndlr: TP_REQUEST_STARBUCKS_FLEX_DATA, 
  258.490: TpFlexParser System = 0x11, Id = 0x03, Command 0x4E received: DataLen: 0, Data: 0x00, 
  258.490: IP: IP_COMMAND_RX_FLEX_PACKET Response Sent - Command Code: 0xF8 Data: None 
  258.490: INFO printengine_lxk::node_tree::engine:        Ok("Ok")
  258.495: INFO serial_transport::packet_reader: rx ack 0x01
  258.542: INFO serial_transport::packet_reader: rx seq 0x02 CRC 0x9c45 len 29 accept cur 0x02
  258.543: INFO printengine_lxk::node_tree::engine: Call: engineCommand("flex", [17, 5, 78, 0])x=N
  258.543: TP_SYS: TpDriverRequestHndlr: TP_REQUEST_STARBUCKS_FLEX_DATA, 
  258.543: TpFlexParser System = 0x11, Id = 0x05, Command 0x4E received: DataLen: 0, Data: 0x00, 
  258.543: IP: IP_COMMAND_RX_FLEX_PACKET Response Sent - Command Code: 0xF8 Data: None 
  258.543: INFO printengine_lxk::node_tree::engine:        Ok("Ok")
  258.548: INFO serial_transport::packet_reader: rx ack 0x02
  258.593: INFO serial_transport::packet_reader: rx seq 0x03 CRC 0xac1c len 29 accept cur 0x03
  258.594: INFO printengine_lxk::node_tree::engine: Call: engineCommand("flex", [17, 4, 80, 0])
  258.594: IP: IP_COMMAND_RX_FLEX_PACKET Command  Rcvd - Command Code: 0xF8 Data: 0x11045000 
  258.594: TP_SYS: TpDriverRequestHndlr: TP_REQUEST_STARBUCKS_FLEX_DATA, 
  258.594: TpFlexParser System = 0x11, Id = 0x04, Command 0x50 received: DataLen: 0, Data: 0x00, 
  258.594: IP: IP_COMMAND_RX_FLEX_PACKET Response Sent - Command Code: 0xF8 Data: None 
  258.594: INFO printengine_lxk::node_tree::engine:        Ok("Ok")
  258.599: INFO serial_transport::packet_reader: rx ack 0x03
  258.645: INFO serial_transport::packet_reader: rx seq 0x04 CRC 0x9d59 len 29 accept cur 0x04
  258.648: INFO printengine_lxk::node_tree::engine: Call: engineCommand("flex", [17, 0, 80, 0])
  258.648: IP: IP_COMMAND_RX_FLEX_PACKET Command  Rcvd - Command Code: 0xF8 Data: 0x11005000 
  258.648: TP_SYS: TpDriverRequestHndlr: TP_REQUEST_STARBUCKS_FLEX_DATA, 
  258.648: TpFlexParser System = 0x11, Id = 0x00, Command 0x50 received: DataLen: 0, Data: 0x00, 
  258.648: IP: IP_COMMAND_RX_FLEX_PACKET Response Sent - Command Code: 0xF8 Data: None 
  258.649: INFO printengine_lxk::node_tree::engine:        Ok("Ok")
  258.653: INFO serial_transport::packet_reader: rx ack 0x04
  258.698: INFO serial_transport::packet_reader: rx seq 0x05 CRC 0x0d09 len 29 accept cur 0x05
  258.699: INFO printengine_lxk::node_tree::engine: Call: engineCommand("flex", [17, 1, 80, 0])x=P;
  258.699: TP_SYS: TpDriverRequestHndlr: TP_REQUEST_STARBUCKS_FLEX_DATA, 
  258.699: TpFlexParser System = 0x11, Id = 0x01, Command 0x50 received: DataLen: 0, Data: 0x00, 
  258.699: IP: IP_COMMAND_RX_FLEX_PACKET Response Sent - Command Code: 0xF8 Data: None 
  258.699: INFO printengine_lxk::node_tree::engine:        Ok("Ok")
  258.704: INFO serial_transport::packet_reader: rx ack 0x05
  258.749: INFO serial_transport::packet_reader: rx seq 0x06 CRC 0xfdfa len 29 accept cur 0x06
  258.750: INFO printengine_lxk::node_tree::engine: Call: engineCommand("flex", [17, 2, 80, 0])
  258.750: IP: IP_COMMAND_RX_FLEX_PACKET Command  Rcvd - Command Code: 0xF8 Data: 0x11025000 
  258.750: TP_SYS: TpDriverRequestHndlr: TP_REQUEST_STARBUCKS_FLEX_DATA, 
  258.750: TpFlexParser System = 0x11, Id = 0x02, Command 0x50 received: DataLen: 0, Data: 0x00, C
  258.750: IP: IP_COMMAND_RX_FLEX_PACKET Response Sent - Command Code: 0xF8 Data: None 
  258.750: INFO printengine_lxk::node_tree::engine:        Ok("Ok")
  258.756: INFO serial_transport::packet_reader: rx ack 0x06
  258.802: INFO serial_transport::packet_reader: rx seq 0x07 CRC 0x3d06 len 29 accept cur 0x07
  258.803: INFO printengine_lxk::node_tree::engine: Call: engineCommand("flex", [17, 0, 129, 0])
  258.803: IP: IP_COMMAND_RX_FLEX_PACKET Command  Rcvd - Command Code: 0xF8 Data: 0x11008100 
  258.803: TP_SYS: TpDriverRequestHndlr: TP_REQUEST_STARBUCKS_FLEX_DATA, 
  258.803: TpFlexParser System = 0x11, Id = 0x00, Command 0x81 received: DataLen: 0, Data: 0x00, 
  258.803: IP: IP_COMMAND_RX_FLEX_PACKET Response Sent - Command Code: 0xF8 Data: None 
  258.803: INFO printengine_lxk::node_tree::engine:        Ok("Ok")
  258.808: INFO serial_transport::packet_reader: rx ack 0x07
  258.835, 0.000, 'FuserMainPwrPercentAct',         33,        230, 0, 0
  258.853: INFO serial_transport::packet_reader: rx seq 0x08 CRC 0x9da0 len 29 accept cur 0x08
  258.854: INFO printengine_lxk::node_tree::engine: Call: engineCommand("flex", [17, 3, 80, 0])
  258.854: IP: IP_COMMAND_RX_FLEX_PACKET Command  Rcvd - Command Code: 0xF8 Data: 0x11035000 
  258.854: TP_SYS: TpDriverRequestHndlr: TP_REQUEST_STARBUCKS_FLEX_DATA, 
  258.854: TpFlexParser System = 0x11, Id = 0x03, Command 0x50 received: DataLen: 0, Data: 0x00, 
  258.854: IP: IP_COMMAND_RX_FLEX_PACKET Response Sent - Command Code: 0xF8 Data: None 
  258.854: INFO printengine_lxk::node_tree::engine:        Ok("Ok")
  258.859: INFO serial_transport::packet_reader: rx ack 0x08
  258.885, 0.000, 'FuserMainPwrPercentAct',          0,        230, 0, 0
  258.905: INFO serial_transport::packet_reader: rx seq 0x09 CRC 0xcc41 len 29 accept cur 0x09
  258.908: INFO printengine_lxk::node_tree::engine: Call: engineCommand("flex", [17, 5, 80, 0])
  258.908: IP: IP_COMMAND_RX_FLEX_PACKET Command  Rcvd - Command Code: 0xF8 Data: 0x11055000 
  258.908: TP_SYS: TpDriverRequestHndlr: TP_REQUEST_STARBUCKS_FLEX_DATA, xp\P4
  258.909: IP: IP_COMMAND_RX_FLEX_PACKET Response Sent - Command Code: 0xF8 Data: None 
  258.909: INFO printengine_lxk::node_tree::engine:        Ok("Ok")
  258.913: INFO serial_transport::packet_reader: rx ack 0x09
  258.948: BUR sensor iterations 5, Object temp 75, Body temp 41
  258.958: INFO serial_transport::packet_reader: rx seq 0x0a CRC 0x5d4d len 29 accept cur 0x0a
  258.959: INFO printengine_lxk::node_tree::engine: Call: engineCommand("flex", [17, 0, 122, 0])
  258.959: IP: IP_COMMAND_RX_FLEX_PACKET Command  Rcvd - Command Code: 0xF8 Data: 0x11007A00 
  258.959: TP_SYS: TpDriverRequestHndlr: TP_REQUEST_STARBUCKS_FLEX_DATA, 
  258.959: TpFlexParser System = 0x11, Id = 0x00, Command 0x7A received: DataLen: 0, Data: 0x00, 
  258.960: TPS StringId='88' Comment='TP: TpAsyncThreadReq()' TpAsyncReqId='16'
  258.960: IP: IP_COMMAND_RX_FLEX_PACKET Response Sent - Command Code: 0xF8 Data: None 
  258.960: INFO printengine_lxk::node_tree::engine:        Ok("Ok")
  258.965: INFO serial_transport::packet_reader: rx ack 0x0a
  259.009: INFO serial_transport::packet_reader: rx seq 0x0b CRC 0xad4f len 29 accept cur 0x0b
  259.010: INFO printengine_lxk::node_tree::engine: Call: engineCommand("flex", [17, 0, 124, 0])
  259.010: IP: IP_COMMAND_RX_FLEX_PACKET Command  Rcvd - Command Code: 0xF8 Data: 0x11007C00 
  259.010: TP_SYS: TpDriverRequestHndlr: TP_REQUEST_STARBUCKS_FLEX_DATA, 
  259.010: TpFlexParser System = 0x11, Id = 0x00, Command 0x7C received: DataLen: 0, Data: 0x00, 
  259.010: IP: IP_COMMAND_RX_FLEX_PACKET Response Sent - Command Code: 0xF8 Data: None 
  259.010: INFO printengine_lxk::node_tree::engine:        Ok("Ok")
  259.015: INFO serial_transport::packet_reader: rx ack 0x0b
  259.062: INFO serial_transport::packet_reader: rx seq 0x0c CRC 0x0167 len 29 accept cur 0x0c
  259.063: INFO printengine_lxk::node_tree::engine: Call: engineCommand("flex", [0, 0, 30, 0])
  259.063: IP: IP_COMMAND_RX_FLEX_PACKET Command  Rcvd - Command Code: 0xF8 Data: 0x00001E00 x=7
  259.063: INFO printengine_lxk::node_tree::engine:        Ok("Ok")
  259.068: INFO serial_transport::packet_reader: rx ack 0x0c
  259.458: BUR sensor iterations 5, Object temp 75, Body temp 42
  259.485, 0.000, 'FuserMainPwrPercentAct',         33,        230, 0, 0
  259.535, 0.000, 'FuserMainPwrPercentAct',          0,        230, 0, 0
  260.335, 0.000, 'FuserMainPwrPercentAct',         33,        230, 0, 0
  260.435, 0.000, 'FuserMainPwrPercentAct',          0,        230, 0, 0
  260.478: BUR sensor iterations 5, Object temp 75, Body temp 41
  260.958: INFO serial_transport::packet_reader: rx seq 0x0d CRC 0xd071 len 30 accept cur 0x0d
  260.959: INFO printengine_lxk::node_tree::engine: Call: engineCommand("flex", [16, 0, 4, 1, 0])
  260.959: IP: IP_COMMAND_RX_FLEX_PACKET Command  Rcvd - Command Code: 0xF8 Data: 0x10000401 0x00 
  260.959: EngineDriverRequest(): ENGINE_STARBUCKS_FLEX_DATA       
  260.959: XLATE: XlateRefreshFlexConfig() - PrintModeIndex: 0 Approx_PPM[]: 55 PPM
  260.959: XLATE: XlateRefreshFlexConfig() - PrintModeIndex: 1 Approx_PPM[]: 45 PPM
  260.959: XLATE: XlateRefreshFlexConfig() - PrintModeIndex: 2 Approx_PPM[]: 35 PPM
  260.959: XLATE: XlateRefreshFlexConfig() - PrintModeIndex: 3 Approx_PPM[]: 25 PPM
  260.959: XLATE: XlateRefreshFlexConfig() - PrintModeIndex: 4 Approx_PPM[]: 25 PPM
  260.960: IP: IP_COMMAND_RX_FLEX_PACKET Response Sent - Command Code: 0xF8 Data: None 
  260.960: INFO printengine_lxk::node_tree::engine:        Ok("Ok")
  260.968: INFO serial_transport::packet_reader: rx ack 0x0d
  260.968: INFO serial_transport::packet_reader: rx seq 0x0e CRC 0xc741 len 30 accept cur 0x0e
  260.969: INFO printengine_lxk::node_tree::engine: Call: engineCommand("flex", [4, 0, 67, 1, 0])
  260.970: IP: IP_COMMAND_RX_FLEX_PACKET Command  Rcvd - Command Code: 0xF8 Data: 0x04004301 0x00 
  260.970: EP: Request = EP_STARBUCKS_FLEX_DATA
  260.970: EP: Flex packet received. system = 4, command = 67, id = 0, length = 1
  260.970: EP: FlexParser, i = 0, data = 0
  260.970: EP: Sending flex packet, Sys = 4, Id = 0, Cmd = 66, Len = 2
  260.970: EP: Sent data, i = 0, data = 0
  260.970: EP: Sent data, i = 1, data = 0xo
jBV
  260.970: EP: Sent data, i = 0, data = 0
  260.970: EP: Sent data, i = 1, data = 0
  260.970: IP: IP_COMMAND_RX_FLEX_PACKET Response Sent - Command Code: 0xF8 Data: None 
  260.970: INFO printengine_lxk::node_tree::engine:        Ok("Ok")
  260.975: INFO serial_transport::packet_reader: rx ack 0x0e
  260.988: BUR sensor iterations 5, Object temp 75, Body temp 42
  261.034: INFO serial_transport::packet_reader: rx seq 0x0f CRC 0x3171 len 29 accept cur 0x0f
  261.035: INFO printengine_lxk::node_tree::engine: Call: engineCommand("flex", [4, 0, 45, 0])
  261.035: IP: IP_COMMAND_RX_FLEX_PACKET Command  Rcvd - Command Code: 0xF8 Data: 0x04002D00 
  261.035: EP: Request = EP_STARBUCKS_FLEX_DATA
  261.035: EP: Flex packet received. system = 4, command = 45, id = 0, length = 0
  261.035: EP: Sending flex packet, Sys = 4, Id = 0, Cmd = 45, Len = 2
  261.035: EP: Sent data, i = 0, data = 1
  261.035: EP: Sent data, i = 1, data = 192
  261.035: EP: Sending flex packet, Sys = 4, Id = 1, Cmd = 45, Len = 2
  261.035: EP: Sent data, i = 0, data = 1
  261.035: EP: Sent data, i = 1, data = 192
  261.035: EP: Sending flex packet, Sys = 4, Id = 2, Cmd = 45, Len = 2
  261.035: EP: Sent data, i = 0, data = 1
  261.035: EP: Sent data, i = 1, data = 192
  261.035: EP: Sending flex packet, Sys = 4, Id = 3, Cmd = 45, Len = 2
  261.035: EP: Sent data, i = 0, data = 1
  261.035: EP: Sent data, i = 1, data = 192
  261.035: EP: Sending flex packet, Sys = 4, Id = 0, Cmd = 46, Len = 1
  261.035: EP: Sent data, i = 0, data = 120
  261.038: IP: IP_COMMAND_RX_FLEX_PACKET Response Sent - Command Code: 0xF8 Data: None 
  261.038: INFO printengine_lxk::node_tree::engine:        Ok("Ok")
  261.042: INFO serial_transport::packet_reader: rx ack 0x0f
  261.092: INFO serial_transport::packet_reader: rx seq 0x00 CRC 0xc17b len 29 accept cur 0x00
  261.093: INFO printengine_lxk::node_tree::engine: Call: engineCommand("flex", [4, 0, 45, 0])
  261.093: IP: IP_COMMAND_RX_FLEX_PACKET Command  Rcvd - Command Code: 0xF8 Data: 0x04002D00 
  261.093: EP: Request = EP_STARBUCKS_FLEX_DATA
  261.093: EP: Flex packet received. system = 4, command = 45, id = 0, length = 0
  261.093: EP: Sending flex packet, Sys = 4, Id = 0, Cmd = 45, Len = 2
  261.093: EP: Sent data, i = 0, data = 1
  261.093: EP: Sent data, i = 1, data = 192
  261.093: EP: Sending flex packet, Sys = 4, Id = 1, Cmd = 45, Len = 2
  261.093: EP: Sent data, i = 0, data = 1
  261.093: EP: Sent data, i = 1, data = 192
  261.093: EP: Sending flex packet, Sys = 4, Id = 2, Cmd = 45, Len = 2
  261.093: EP: Sent data, i = 0, data = 1
  261.093: EP: Sent data, i = 1, data = 192
  261.093: EP: Sending flex packet, Sys = 4, Id = 3, Cmd = 45, Len = 2
  261.093: EP: Sent data, i = 0, data = 1
  261.093: EP: Sent data, i = 1, data = 192xo
.
  261.093: EP: Sent data, i = 0, data = 120
  261.094: IP: IP_COMMAND_RX_FLEX_PACKET Response Sent - Command Code: 0xF8 Data: None 
  261.094: INFO printengine_lxk::node_tree::engine:        Ok("Ok")
  261.098: INFO serial_transport::packet_reader: rx ack 0x00
  261.145: INFO serial_transport::packet_reader: rx seq 0x01 CRC 0x7564 len 29 accept cur 0x01
  261.148: INFO printengine_lxk::node_tree::engine: Call: engineCommand("flex", [3, 0, 4, 0])
  261.148: IP: IP_COMMAND_RX_FLEX_PACKET Command  Rcvd - Command Code: 0xF8 Data: 0x03000400 
  261.148: FAN: fanDriverRequest: FAN_STARBUCKS_FLEX_DATA
  261.148: IP: IP_COMMAND_RX_FLEX_PACKET Response Sent - Command Code: 0xF8 Data: None 
  261.148: INFO printengine_lxk::node_tree::engine:        Ok("Ok")
  261.149: FAN: fanDriverRequest: FAN_STARBUCKS_FLEX_DATAxe
  261.153: INFO serial_transport::packet_reader: rx ack 0x01
  261.198: INFO serial_transport::packet_reader: rx seq 0x02 CRC 0xd97d len 29 accept cur 0x02
  261.199: INFO printengine_lxk::node_tree::engine: Call: engineCommand("flex", [106, 0, 12, 0])
  261.199: IP: IP_COMMAND_RX_FLEX_PACKET Command  Rcvd - Command Code: 0xF8 Data: 0x6A000C00 
  261.199: IP: IP_COMMAND_RX_FLEX_PACKET Response Sent - Command Code: 0xF8 Data: None 
  261.199: INFO printengine_lxk::node_tree::engine:        Ok("Ok")
  261.204: INFO serial_transport::packet_reader: rx ack 0x02j0HADC_TPS1_DIFF_CHANNEL`a]
  261.249: INFO serial_transport::packet_reader: rx seq 0x03 CRC 0x79ec len 31 accept cur 0x03
  261.250: INFO printengine_lxk::node_tree::engine: Call: engineCommand("flex", [18, 2, 2, 2, 0, 0])
  261.250: IP: IP_COMMAND_RX_FLEX_PACKET Command  Rcvd - Command Code: 0xF8 Data: 0x12020202 0x0000 
  261.250: phDriverRequest: PH_STARBUCKS_FLEX_DATA
  261.252: IP: IP_COMMAND_RX_FLEX_PACKET Response Sent - Command Code: 0xF8 Data: None 
  261.252: INFO printengine_lxk::node_tree::engine:        Ok("Ok")
  261.258: INFO serial_transport::packet_reader: rx ack 0x03j0u!ADC_FUSER_HEATED_ROLL_HE3_CHANNEL
  261.302: INFO serial_transport::packet_reader: rx seq 0x04 CRC 0x9d65 len 29 accept cur 0x04
  261.303: INFO printengine_lxk::node_tree::engine: Call: engineCommand("flex", [17, 0, 0, 0])
  261.303: IP: IP_COMMAND_RX_FLEX_PACKET Command  Rcvd - Command Code: 0xF8 Data: 0x11000000 
  261.303: TP_SYS: TpDriverRequestHndlr: TP_REQUEST_STARBUCKS_FLEX_DATA, 
  261.303: TpFlexParser System = 0x11, Id = 0x00, Command 0x00 received: DataLen: 0, Data: 0x00, 
  261.303: TpFlexParser: Enable = 0, Gain reported =    0.00,  100.00,    0.00,  100.00, Action =  0, 
  261.303: IP: IP_COMMAND_RX_FLEX_PACKET Response Sent - Command Code: 0xF8 Data: None 
  261.303: INFO printengine_lxk::node_tree::engine:        Ok("Ok")
  261.308: INFO serial_transport::packet_reader: rx ack 0x04j0ADC_SCHIP_ADC_CHANNEL`a
  261.353: INFO serial_transport::packet_reader: rx seq 0x05 CRC 0x6d73 len 29 accept cur 0x05
  261.354: INFO printengine_lxk::node_tree::engine: Call: engineCommand("flex", [17, 0, 54, 0])
  261.354: IP: IP_COMMAND_RX_FLEX_PACKET Command  Rcvd - Command Code: 0xF8 Data: 0x11003600 
  261.354: TP_SYS: TpDriverRequestHndlr: TP_REQUEST_STARBUCKS_FLEX_DATA, 
  261.354: TpFlexParser System = 0x11, Id = 0x00, Command 0x36 received: DataLen: 0, Data: 0x00, 
  261.354: IP: IP_COMMAND_RX_FLEX_PACKET Response Sent - Command Code: 0xF8 Data: None 
  261.355: INFO printengine_lxk::node_tree::engine:        Ok("Ok")
  261.359: INFO serial_transport::packet_reader: rx ack 0x05j0ADC_K_DEV_I_J2_CHANNEL`a$
  261.405: INFO serial_transport::packet_reader: rx seq 0x06 CRC 0xad50 len 29 accept cur 0x06
  261.408: INFO printengine_lxk::node_tree::engine: Call: engineCommand("flex", [17, 0, 73, 0])
  261.408: IP: IP_COMMAND_RX_FLEX_PACKET Command  Rcvd - Command Code: 0xF8 Data: 0x11004900 
  261.408: TP_SYS: TpDriverRequestHndlr: TP_REQUEST_STARBUCKS_FLEX_DATA, 
  261.408: TpFlexParser System = 0x11, Id = 0x00, Command 0x49 received: DataLen: 0, Data: 0x00, 
  261.408: IP: IP_COMMAND_RX_FLEX_PACKET Response Sent - Command Code: 0xF8 Data: None 
  261.409: INFO printengine_lxk::node_tree::engine:        Ok("Ok")
  261.413: INFO serial_transport::packet_reader: rx ack 0x06
  261.458: INFO serial_transport::packet_reader: rx seq 0x07 CRC 0xad52 len 29 accept cur 0x07
  261.459: INFO printengine_lxk::node_tree::engine: Call: engineCommand("flex", [17, 0, 76, 0])xS=Lm
  261.459: TP_SYS: TpDriverRequestHndlr: TP_REQUEST_STARBUCKS_FLEX_DATA, 
  261.459: TpFlexParser System = 0x11, Id = 0x00, Command 0x4C received: DataLen: 0, Data: 0x00, 
  261.460: IP: IP_COMMAND_RX_FLEX_PACKET Response Sent - Command Code: 0xF8 Data: None 
  261.460: INFO printengine_lxk::node_tree::engine:        Ok("Ok")
  261.464: INFO serial_transport::packet_reader: rx ack 0x07
  261.509: INFO serial_transport::packet_reader: rx seq 0x08 CRC 0x3d59 len 29 accept cur 0x08
  261.510: INFO printengine_lxk::node_tree::engine: Call: engineCommand("flex", [17, 0, 78, 0])
  261.510: IP: IP_COMMAND_RX_FLEX_PACKET Command  Rcvd - Command Code: 0xF8 Data: 0x11004E00 
  261.510: TP_SYS: TpDriverRequestHndlr: TP_REQUEST_STARBUCKS_FLEX_DATA, 
  261.510: TpFlexParser System = 0x11, Id = 0x00, Command 0x4E received: DataLen: 0, Data: 0x00, 
  261.510: IP: IP_COMMAND_RX_FLEX_PACKET Response Sent - Command Code: 0xF8 Data: None 
  261.510: INFO printengine_lxk::node_tree::engine:        Ok("Ok")
  261.518: INFO serial_transport::packet_reader: rx ack 0x08
  261.562: INFO serial_transport::packet_reader: rx seq 0x09 CRC 0xad09 len 29 accept cur 0x09
  261.563: INFO printengine_lxk::node_tree::engine: Call: engineCommand("flex", [17, 1, 78, 0])
  261.563: IP: IP_COMMAND_RX_FLEX_PACKET Command  Rcvd - Command Code: 0xF8 Data: 0x11014E00 
  261.563: TP_SYS: TpDriverRequestHndlr: TP_REQUEST_STARBUCKS_FLEX_DATA, 
  261.563: TpFlexParser System = 0x11, Id = 0x01, Command 0x4E received: DataLen: 0, Data: 0x00, 
  261.563: IP: IP_COMMAND_RX_FLEX_PACKET Response Sent - Command Code: 0xF8 Data: None 
  261.563: INFO printengine_lxk::node_tree::engine:        Ok("Ok")
  261.568: INFO serial_transport::packet_reader: rx ack 0x09
  261.613: INFO serial_transport::packet_reader: rx seq 0x0a CRC 0x5dfa len 29 accept cur 0x0a
  261.614: INFO printengine_lxk::node_tree::engine: Call: engineCommand("flex", [17, 2, 78, 0])x=N
  261.614: TP_SYS: TpDriverRequestHndlr: TP_REQUEST_STARBUCKS_FLEX_DATA, 
  261.614: TpFlexParser System = 0x11, Id = 0x02, Command 0x4E received: DataLen: 0, Data: 0x00, 
  261.614: IP: IP_COMMAND_RX_FLEX_PACKET Response Sent - Command Code: 0xF8 Data: None 
  261.614: INFO printengine_lxk::node_tree::engine:        Ok("Ok")
  261.619: INFO serial_transport::packet_reader: rx ack 0x0a
  261.665: INFO serial_transport::packet_reader: rx seq 0x0b CRC 0xcdaa len 29 accept cur 0x0b
  261.668: INFO printengine_lxk::node_tree::engine: Call: engineCommand("flex", [17, 3, 78, 0])
  261.669: IP: IP_COMMAND_RX_FLEX_PACKET Command  Rcvd - Command Code: 0xF8 Data: 0x11034E00 
  261.669: TP_SYS: TpDriverRequestHndlr: TP_REQUEST_STARBUCKS_FLEX_DATA, 
  261.669: TpFlexParser System = 0x11, Id = 0x03, Command 0x4E received: DataLen: 0, Data: 0x00, A(d%8
  261.669: IP: IP_COMMAND_RX_FLEX_PACKET Response Sent - Command Code: 0xF8 Data: None 
  261.669: INFO printengine_lxk::node_tree::engine:        Ok("Ok")
  261.673: INFO serial_transport::packet_reader: rx ack 0x0b
  261.685, 0.000, 'FuserMainPwrPercentAct',         33,        230, 0, 0
  261.718: INFO serial_transport::packet_reader: rx seq 0x0c CRC 0x3c4e len 29 accept cur 0x0c
  261.719: INFO printengine_lxk::node_tree::engine: Call: engineCommand("flex", [17, 5, 78, 0])
  261.719: IP: IP_COMMAND_RX_FLEX_PACKET Command  Rcvd - Command Code: 0xF8 Data: 0x11054E00 
  261.719: TP_SYS: TpDriverRequestHndlr: TP_REQUEST_STARBUCKS_FLEX_DATA, 
  261.719: TpFlexParser System = 0x11, Id = 0x05, Command 0x4E received: DataLen: 0, Data: 0x00, 
  261.719: IP: IP_COMMAND_RX_FLEX_PACKET Response Sent - Command Code: 0xF8 Data: None 
  261.720: INFO printengine_lxk::node_tree::engine:        Ok("Ok")
  261.724: INFO serial_transport::packet_reader: rx ack 0x0c
  261.769: INFO serial_transport::packet_reader: rx seq 0x0d CRC 0x0c17 len 29 accept cur 0x0d
  261.770: INFO printengine_lxk::node_tree::engine: Call: engineCommand("flex", [17, 4, 80, 0])
  261.770: IP: IP_COMMAND_RX_FLEX_PACKET Command  Rcvd - Command Code: 0xF8 Data: 0x11045000 
  261.770: TP_SYS: TpDriverRequestHndlr: TP_REQUEST_STARBUCKS_FLEX_DATA, 
  261.770: TpFlexParser System = 0x11, Id = 0x04, Command 0x50 received: DataLen: 0, Data: 0x00, 
  261.770: IP: IP_COMMAND_RX_FLEX_PACKET Response Sent - Command Code: 0xF8 Data: None 
  261.770: INFO printengine_lxk::node_tree::engine:        Ok("Ok")
  261.778: INFO serial_transport::packet_reader: rx ack 0x0d
  261.785, 0.000, 'FuserMainPwrPercentAct',          0,        230, 0, 0
  261.822: INFO serial_transport::packet_reader: rx seq 0x0e CRC 0x3d55 len 29 accept cur 0x0e
  261.823: INFO printengine_lxk::node_tree::engine: Call: engineCommand("flex", [17, 0, 80, 0])
  261.823: IP: IP_COMMAND_RX_FLEX_PACKET Command  Rcvd - Command Code: 0xF8 Data: 0x11005000 
  261.823: TP_SYS: TpDriverRequestHndlr: TP_REQUEST_STARBUCKS_FLEX_DATA, xpP
  261.823: IP: IP_COMMAND_RX_FLEX_PACKET Response Sent - Command Code: 0xF8 Data: None 
  261.823: INFO printengine_lxk::node_tree::engine:        Ok("Ok")
  261.828: INFO serial_transport::packet_reader: rx ack 0x0e
  261.873: INFO serial_transport::packet_reader: rx seq 0x0f CRC 0xad05 len 29 accept cur 0x0f
  261.874: INFO printengine_lxk::node_tree::engine: Call: engineCommand("flex", [17, 1, 80, 0])
  261.874: IP: IP_COMMAND_RX_FLEX_PACKET Command  Rcvd - Command Code: 0xF8 Data: 0x11015000 
  261.874: TP_SYS: TpDriverRequestHndlr: TP_REQUEST_STARBUCKS_FLEX_DATA, 
  261.874: TpFlexParser System = 0x11, Id = 0x01, Command 0x50 received: DataLen: 0, Data: 0x00, 
  261.874: IP: IP_COMMAND_RX_FLEX_PACKET Response Sent - Command Code: 0xF8 Data: None 
  261.875: INFO printengine_lxk::node_tree::engine:        Ok("Ok")
  261.882: INFO serial_transport::packet_reader: rx ack 0x0f
  261.925: INFO serial_transport::packet_reader: rx seq 0x00 CRC 0x5dff len 29 accept cur 0x00
  261.929: INFO printengine_lxk::node_tree::engine: Call: engineCommand("flex", [17, 2, 80, 0])
  261.929: IP: IP_COMMAND_RX_FLEX_PACKET Command  Rcvd - Command Code: 0xF8 Data: 0x11025000 
  261.929: TP_SYS: TpDriverRequestHndlr: TP_REQUEST_STARBUCKS_FLEX_DATA, 
  261.929: TpFlexParser System = 0x11, Id = 0x02, Command 0x50 received: DataLen: 0, Data: 0x00, 
  261.929: IP: IP_COMMAND_RX_FLEX_PACKET Response Sent - Command Code: 0xF8 Data: None 
  261.929: INFO printengine_lxk::node_tree::engine:        Ok("Ok")
  261.933: INFO serial_transport::packet_reader: rx ack 0x00
  261.978: INFO serial_transport::packet_reader: rx seq 0x01 CRC 0x9d03 len 29 accept cur 0x01
  261.979: INFO printengine_lxk::node_tree::engine: Call: engineCommand("flex", [17, 0, 129, 0])
  261.979: IP: IP_COMMAND_RX_FLEX_PACKET Command  Rcvd - Command Code: 0xF8 Data: 0x11008100 
  261.979: TP_SYS: TpDriverRequestHndlr: TP_REQUEST_STARBUCKS_FLEX_DATA, 
  261.979: TpFlexParser System = 0x11, Id = 0x00, Command 0x81 received: DataLen: 0, Data: 0x00, 
  261.979: IP: IP_COMMAND_RX_FLEX_PACKET Response Sent - Command Code: 0xF8 Data: None 
  261.980: INFO printengine_lxk::node_tree::engine:        Ok("Ok")
  261.984: INFO serial_transport::packet_reader: rx ack 0x01
  262.008: BUR sensor iterations 5, Object temp 75, Body temp 41
  262.029: INFO serial_transport::packet_reader: rx seq 0x02 CRC 0x3dac len 29 accept cur 0x02
  262.030: INFO printengine_lxk::node_tree::engine: Call: engineCommand("flex", [17, 3, 80, 0])
  262.030: IP: IP_COMMAND_RX_FLEX_PACKET Command  Rcvd - Command Code: 0xF8 Data: 0x11035000 
  262.030: TP_SYS: TpDriverRequestHndlr: TP_REQUEST_STARBUCKS_FLEX_DATA, 
  262.030: TpFlexParser System = 0x11, Id = 0x03, Command 0x50 received: DataLen: 0, Data: 0x00, x=
  262.030: INFO printengine_lxk::node_tree::engine:        Ok("Ok")
  262.035: INFO serial_transport::packet_reader: rx ack 0x02
  262.082: INFO serial_transport::packet_reader: rx seq 0x03 CRC 0x6c4d len 29 accept cur 0x03
  262.083: INFO printengine_lxk::node_tree::engine: Call: engineCommand("flex", [17, 5, 80, 0])
  262.083: IP: IP_COMMAND_RX_FLEX_PACKET Command  Rcvd - Command Code: 0xF8 Data: 0x11055000 
  262.083: TP_SYS: TpDriverRequestHndlr: TP_REQUEST_STARBUCKS_FLEX_DATA, 
  262.083: TpFlexParser System = 0x11, Id = 0x05, Command 0x50 received: DataLen: 0, Data: 0x00, 
  262.083: IP: IP_COMMAND_RX_FLEX_PACKET Response Sent - Command Code: 0xF8 Data: None 
  262.083: INFO printengine_lxk::node_tree::engine:        Ok("Ok")
  262.088: INFO serial_transport::packet_reader: rx ack 0x03
  262.098: WeatherThread: Calc Temp: 24.36 C, Calc RH: 48.87 (percent)
  262.108: WeatherThread: RH History update: minute sample count 6, buffer count 33, buffer index 33, value stored 49.0
  262.108: WeatherThread: Filtered Temp: 24.36 C, Filtered RH: 48.87 (percent), Filtered Average RH: 49.44 (percent)
  262.133: INFO serial_transport::packet_reader: rx seq 0x04 CRC 0xfd46 len 29 accept cur 0x04
  262.134: INFO printengine_lxk::node_tree::engine: Call: engineCommand("flex", [17, 0, 122, 0])
  262.135: IP: IP_COMMAND_RX_FLEX_PACKET Command  Rcvd - Command Code: 0xF8 Data: 0x11007A00 
  262.135: TP_SYS: TpDriverRequestHndlr: TP_REQUEST_STARBUCKS_FLEX_DATA, 
  262.135: TpFlexParser System = 0x11, Id = 0x00, Command 0x7A received: DataLen: 0, Data: 0x00, 
  262.135: TPS StringId='88' Comment='TP: TpAsyncThreadReq()' TpAsyncReqId='16'
  262.135: IP: IP_COMMAND_RX_FLEX_PACKET Response Sent - Command Code: 0xF8 Data: None 
  262.135: INFO printengine_lxk::node_tree::engine:        Ok("Ok")
  262.142: INFO serial_transport::packet_reader: rx ack 0x04
  262.185: INFO serial_transport::packet_reader: rx seq 0x05 CRC 0x0d44 len 29 accept cur 0x05
  262.188: INFO printengine_lxk::node_tree::engine: Call: engineCommand("flex", [17, 0, 124, 0])
  262.188: IP: IP_COMMAND_RX_FLEX_PACKET Command  Rcvd - Command Code: 0xF8 Data: 0x11007C00 
  262.188: TP_SYS: TpDriverRequestHndlr: TP_REQUEST_STARBUCKS_FLEX_DATA, xp,|/
  262.188: IP: IP_COMMAND_RX_FLEX_PACKET Response Sent - Command Code: 0xF8 Data: None 
  262.189: INFO printengine_lxk::node_tree::engine:        Ok("Ok")
  262.193: INFO serial_transport::packet_reader: rx ack 0x05
  262.238: INFO serial_transport::packet_reader: rx seq 0x06 CRC 0xa16b len 29 accept cur 0x06
  262.239: INFO printengine_lxk::node_tree::engine: Call: engineCommand("flex", [0, 0, 30, 0])
  262.239: IP: IP_COMMAND_RX_FLEX_PACKET Command  Rcvd - Command Code: 0xF8 Data: 0x00001E00 
  262.239: IP: IP_COMMAND_RX_FLEX_PACKET Response Sent - Command Code: 0xF8 Data: None 
  262.239: INFO printengine_lxk::node_tree::engine:        Ok("Ok")
  262.244: INFO serial_transport::packet_reader: rx ack 0x06
  262.985, 0.000, 'FuserMainPwrPercentAct',         33,        230, 0, 0
  263.035, 0.000, 'FuserMainPwrPercentAct',          0,        230, 0, 0
  263.770, 0.000, 'FuserMainPwrPercentAct',         33,        230, 0, 0
  263.870, 0.000, 'FuserMainPwrPercentAct',          0,        230, 0, 0
  264.048: BUR sensor iterations 5, Object temp 75, Body temp 42
  264.558: BUR sensor iterations 5, Object temp 75, Body temp 41
  265.020, 0.000, 'FuserMainPwrPercentAct',         33,        230, 0, 0
  265.070, 0.000, 'FuserMainPwrPercentAct',          0,        230, 0, 0
  265.578: BUR sensor iterations 5, Object temp 75, Body temp 42
  265.820, 0.000, 'FuserMainPwrPercentAct',         33,        230, 0, 0
  265.920, 0.000, 'FuserMainPwrPercentAct',          0,        230, 0, 0
  266.019: ssec: cmd=27, devNum=255, rc=0
  266.088: BUR sensor iterations 5, Object temp 75, Body temp 41
  267.020, 0.000, 'FuserMainPwrPercentAct',         33,        230, 0, 0
  267.070, 0.000, 'FuserMainPwrPercentAct',          0,        230, 0, 0
  267.870, 0.000, 'FuserMainPwrPercentAct',         33,        230, 0, 0
  267.970, 0.000, 'FuserMainPwrPercentAct',          0,        230, 0, 0
  269.070, 0.000, 'FuserMainPwrPercentAct',         33,        230, 0, 0
  269.120, 0.000, 'FuserMainPwrPercentAct',          0,        230, 0, 0
  269.820, 0.000, 'FuserMainPwrPercentAct',         33,        230, 0, 0
  269.870, 0.000, 'FuserMainPwrPercentAct',          0,        230, 0, 0
  270.073: PhSetThermalBlackTopMarginAdjustment() - TopMarginAdjustMm = -0.003204: MmPerHsyncs = 0.042328
  270.620, 0.000, 'FuserMainPwrPercentAct',         33,        230, 0, 0
  270.670, 0.000, 'FuserMainPwrPercentAct',          0,        230, 0, 0
  271.270, 0.000, 'FuserMainPwrPercentAct',         33,        230, 0, 0
  271.370, 0.000, 'FuserMainPwrPercentAct',          0,        230, 0, 0
  272.470, 0.000, 'FuserMainPwrPercentAct',         33,        230, 0, 0
  272.570, 0.000, 'FuserMainPwrPercentAct',          0,        230, 0, 0
  272.808: WeatherThread: Calc Temp: 24.36 C, Calc RH: 48.87 (percent)
  272.818: WeatherThread: Filtered Temp: 24.36 C, Filtered RH: 48.87 (percent), Filtered Average RH: 49.44 (percent)
  274.170, 0.000, 'MiddleTherm_AFT',               115,         67, 0, 0
  274.170, 0.000, 'FuserMainPwrPercentAct',         33,        230, 0, 0
  274.270, 0.000, 'FuserMainPwrPercentAct',          0,        230, 0, 0
  275.220, 0.000, 'FuserMainPwrPercentAct',         33,        230, 0, 0
  275.270, 0.000, 'FuserMainPwrPercentAct',          0,        230, 0, 0
  276.020, 0.000, 'FuserMainPwrPercentAct',         33,        230, 0, 0
  276.019: ssec: cmd=27, devNum=255, rc=0
  276.120, 0.000, 'FuserMainPwrPercentAct',          0,        230, 0, 0
  277.270, 0.000, 'FuserMainPwrPercentAct',         33,        230, 0, 0
  277.320, 0.000, 'FuserMainPwrPercentAct',          0,        230, 0, 0
  278.070, 0.000, 'FuserMainPwrPercentAct',         33,        230, 0, 0
  278.170, 0.000, 'FuserMainPwrPercentAct',          0,        230, 0, 0
  279.370, 0.000, 'FuserMainPwrPercentAct',         33,        230, 0, 0
  279.420, 0.000, 'FuserMainPwrPercentAct',          0,        230, 0, 0
  280.120, 0.000, 'FuserMainPwrPercentAct',         33,        230, 0, 0
  280.220, 0.000, 'FuserMainPwrPercentAct',          0,        230, 0, 0
  281.370, 0.000, 'FuserMainPwrPercentAct',         33,        230, 0, 0
  281.420, 0.000, 'FuserMainPwrPercentAct',          0,        230, 0, 0
  282.170, 0.000, 'FuserMainPwrPercentAct',         33,        230, 0, 0
  282.270, 0.000, 'FuserMainPwrPercentAct',          0,        230, 0, 0
  283.370, 0.000, 'FuserMainPwrPercentAct',         33,        230, 0, 0
  283.420, 0.000, 'FuserMainPwrPercentAct',          0,        230, 0, 0
  283.518: WeatherThread: Calc Temp: 24.36 C, Calc RH: 48.87 (percent)
  283.528: WeatherThread: Filtered Temp: 24.36 C, Filtered RH: 48.87 (percent), Filtered Average RH: 49.44 (percent)
  284.170, 0.000, 'FuserMainPwrPercentAct',         33,        230, 0, 0
  284.270, 0.000, 'FuserMainPwrPercentAct',          0,        230, 0, 0
  285.555, 0.000, 'FuserMainPwrPercentAct',         33,        230, 0, 0
  285.605, 0.000, 'FuserMainPwrPercentAct',          0,        230, 0, 0
  286.019: ssec: cmd=27, devNum=255, rc=0
  286.220, 0.000, 'FuserMainPwrPercentAct',         33,        230, 0, 0
  286.320, 0.000, 'FuserMainPwrPercentAct',          0,        230, 0, 0
  286.684: ssec: su: forceAuth=true
  286.692: ssec: sn: n=0x01, s=0x01, ss=0x04, f=0x02
  286.692: ssec: sn: n=0x01, d=0xa000316c, iq=0xb634, qu=0xb634, au=0x3b467b1, mu=0x3b467b1
  286.692: ssec: sn: n=0x02, s=0x01, ss=0x04, f=0x02
  286.692: ssec: sn: n=0x02, d=0xa0002de2, iq=0xabca, qu=0xabca, au=0x0, mu=0x0
  286.692: ssec: sn: n=0x03, s=0x01, ss=0x04, f=0x02
  286.692: ssec: sn: n=0x03, d=0xa00034a1, iq=0xb634, qu=0xb634, au=0xd265ae, mu=0xd265ae
  286.693: ssec: sn: n=0x04, s=0x01, ss=0x04, f=0x02
  286.693: ssec: sn: n=0x04, d=0xa0003c2d, iq=0xc86c, qu=0xc86c, au=0x1b3d5be, mu=0x1b3d5be
  286.693: ssec: sn: n=0x05, s=0x01, ss=0x04, f=0x00
  286.693: ssec: sn: n=0x05, d=0xa000557e, iq=0xea10, qu=0xd3ba, au=0x170d0, mu=0x170ca
  286.693: ssec: sn: n=0x06, s=0x01, ss=0x04, f=0x00
  286.693: ssec: sn: n=0x06, d=0xa0005a44, iq=0xea10, qu=0xd827, au=0x165a8, mu=0x165a3
  286.693: ssec: sn: n=0x07, s=0x01, ss=0x04, f=0x00
  286.693: ssec: sn: n=0x07, d=0xa00050e6, iq=0xf58a, qu=0xc555, au=0x170d0, mu=0x170ca
  286.693: ssec: gats: 
  286.838: ssec: gats: 
  286.845: ssec: atc:
  286.907: ssec: gats: 
  286.911: ssec: san: 
  286.917: ssec: sav: devNum=4
  286.977: ssec: sn: dn=0, st=1
  286.977: ssec: cmd=26, devNum=255, rc=0
  287.505, 0.000, 'FuserMainPwrPercentAct',         33,        230, 0, 0
  287.555, 0.000, 'FuserMainPwrPercentAct',          0,        230, 0, 0
  288.305, 0.000, 'FuserMainPwrPercentAct',         33,        230, 0, 0
  288.405, 0.000, 'FuserMainPwrPercentAct',          0,        230, 0, 0
  289.555, 0.000, 'FuserMainPwrPercentAct',         33,        230, 0, 0
  289.605, 0.000, 'FuserMainPwrPercentAct',          0,        230, 0, 0
  290.305, 0.000, 'FuserMainPwrPercentAct',         33,        230, 0, 0
  290.405, 0.000, 'FuserMainPwrPercentAct',          0,        230, 0, 0
  291.655, 0.000, 'FuserMainPwrPercentAct',         33,        230, 0, 0
  291.705, 0.000, 'FuserMainPwrPercentAct',          0,        230, 0, 0
  292.405, 0.000, 'FuserMainPwrPercentAct',         33,        230, 0, 0
  292.455, 0.000, 'FuserMainPwrPercentAct',          0,        230, 0, 0
  293.055, 0.000, 'FuserMainPwrPercentAct',         33,        230, 0, 0
  293.155, 0.000, 'FuserMainPwrPercentAct',          0,        230, 0, 0
  294.228: WeatherThread: Calc Temp: 24.37 C, Calc RH: 48.80 (percent)
  294.238: WeatherThread: Filtered Temp: 24.37 C, Filtered RH: 48.80 (percent), Filtered Average RH: 49.44 (percent)
  294.355, 0.000, 'FuserMainPwrPercentAct',         33,        230, 0, 0
  294.405, 0.000, 'FuserMainPwrPercentAct',          0,        230, 0, 0
  295.005, 0.000, 'FuserMainPwrPercentAct',         33,        230, 0, 0
  295.105, 0.000, 'FuserMainPwrPercentAct',          0,        230, 0, 0
  296.019: ssec: cmd=27, devNum=255, rc=0
  296.520, 0.000, 'FuserMainPwrPercentAct',         33,        230, 0, 0
  296.570, 0.000, 'FuserMainPwrPercentAct',          0,        230, 0, 0
  297.140, 0.000, 'FuserMainPwrPercentAct',         33,        230, 0, 0
  297.240, 0.000, 'FuserMainPwrPercentAct',          0,        230, 0, 0
  298.390, 0.000, 'FuserMainPwrPercentAct',         33,        230, 0, 0
  298.440, 0.000, 'FuserMainPwrPercentAct',          0,        230, 0, 0
  299.190, 0.000, 'FuserMainPwrPercentAct',         33,        230, 0, 0
  299.290, 0.000, 'FuserMainPwrPercentAct',          0,        230, 0, 0
  300.062: FAN: fanDriverRequest: FAN_REQUEST_REPORT_TIMER_VALUE
  300.062: EM: Thermal algorithm 843458582 - received lvps fan timer update 1140060 ms
  300.061: FAN: FanReportTimers() reporting LVPSFan timer 0 is 1140060 ms
  300.073: PhSetThermalBlackTopMarginAdjustment() - TopMarginAdjustMm = -0.003204: MmPerHsyncs = 0.042328
  300.115: FAN: fanDriverRequest: FAN_REQUEST_SET_TIMER_VALUE
  300.116: FAN: fanDriverRequest: FAN_REQUEST_SET_TIMER_VALUE
  300.116: FAN: Fan Driver Request SetTimerValue - adjusting LVPSFan timer 0 to 1200000 ms
  300.121: FAN: LVPSFan: Speed Update: 2000 RPM; FanOperatingEngineState: FAN_ENGINE_STATE_IDLE_STANDBY_MODE_1   ; TemperatureIndex: 0; TemperatureArraySize: 1; EnginePrintModeIndex: 0; EnginePrintModeArraySize: 1; EngineQuietModeIndex: 0; EngineQuietModeArraySize: 1; FuserTechnologyIndex: 0; FuserTechnologyArraySize: 1; EngineThermalModeIndex: 0; EngineThermalModeArraySize: 5; EngineSleepModeIndex: 0; EngineSleepModeArraySize: 1; StateDurationIndex: 0; RampupAttemptsReset: 0; MachineType: MFP;
  300.525, 0.000, 'FuserMainPwrPercentAct',         33,        230, 0, 0
  300.575, 0.000, 'FuserMainPwrPercentAct',          0,        230, 0, 0
  300.711: RealTime='2026-09-23 06:03' Count='22' Valid = '1' RealTime_EncodedHex='0x7EA9B983' RealTime_RefSeconds='843458582'
  301.225, 0.000, 'FuserMainPwrPercentAct',         33,        230, 0, 0
  301.325, 0.000, 'FuserMainPwrPercentAct',          0,        230, 0, 0
  302.640, 0.000, 'FuserMainPwrPercentAct',         33,        230, 0, 0
  302.690, 0.000, 'FuserMainPwrPercentAct',          0,        230, 0, 0
  303.325, 0.000, 'FuserMainPwrPercentAct',         33,        230, 0, 0
  303.425, 0.000, 'FuserMainPwrPercentAct',          0,        230, 0, 0
  304.575, 0.000, 'FuserMainPwrPercentAct',         33,        230, 0, 0
  304.625, 0.000, 'FuserMainPwrPercentAct',          0,        230, 0, 0
  304.938: WeatherThread: Calc Temp: 24.37 C, Calc RH: 48.84 (percent)
  304.948, 0.000, 'Weather Station Temp C',           24.37,  214, 0, 0
  304.948, 0.000, 'Weather Station RH',               48.84,  215, 0, 0
  304.948: WeatherThread: Filtered Temp: 24.37 C, Filtered RH: 48.84 (percent), Filtered Average RH: 49.44 (percent)
  305.360, 0.000, 'FuserMainPwrPercentAct',         33,        230, 0, 0
  305.460, 0.000, 'FuserMainPwrPercentAct',          0,        230, 0, 0
  305.475: TASK: Message EM_MSG_ET_TO_ET_THERMAL_TIMED_OUT sent to EmThermalTask()
  305.485: TASK: EmThermalTask() status 0x1.  Task NOT Removed.
  305.485: ItuTemp_F 76.200 CavityTemp_F 0.000 Weather Station_F 75.868 Bump_Time_Scalar 1.0000305176
  305.485: PhSetBeltStretchTopMarginAdjustment() - TopMarginAdjustMm = -0.719971: MmPerHsyncs = 0.042328
  305.485: TASK: Message EM_MSG_ET_TO_ET_LOAD_TIMER sent to EmThermalTimerTask()
  305.495: TASK: EmThermalTimerTask() status 0x1.  Task NOT Removed.
  306.019: ssec: cmd=27, devNum=255, rc=0
  306.610, 0.000, 'FuserMainPwrPercentAct',         33,        230, 0, 0
  306.660, 0.000, 'FuserMainPwrPercentAct',          0,        230, 0, 0
  307.410, 0.000, 'FuserMainPwrPercentAct',         33,        230, 0, 0
  307.510, 0.000, 'FuserMainPwrPercentAct',          0,        230, 0, 0
  308.345: FMECH: FmDriverRequest(): Received request FUSER_MECH_QUERY_FUSER_MOTOR_INTERLOCKED with arg = 0x2ade4 and callback = 0x0
  308.345: FUSER: EngToFuserEvent() - Received event ENG_EVENT_AT_STANDBY                                (8) 
  308.345: FUSER: ChangeRequestedFuserControlState(): Changed FUSER_CTRLRQST_NONE -> FUSER_CTRLRQST_STANDBY
  308.345: FUSER: DisableHeatPipe() called...
  308.345: FUSER: ResetFuserRqstQueue() - Limit of Gate Time increasing to Nominal = 10000
  308.345: SUPPLIES: SupplyMgr External Request: QRY_SHERLOCK_FUSER_INFO 
  308.345: FUSER: FuserStoreCurrentBURRevCount(): Updating fuser BUR revs from 451812 to 451814
  308.345: FUSER: FuserResetGateTimeAdder() - Resetting Gate Time Adder
  308.345: FUSER: DisableHeatPipe() called...
  308.345: FUSER: FuserStandby() - DesiredCoolingTemp = 90
  308.345: FMECH: EngToFuserMechEventHandler(): Received event ENG_EVENT_AT_STANDBY                                with arg 0x1
  308.345: FMECH: EngToFuserMechEventHandler(): Event ENG_EVENT_AT_STANDBY                                received with standbyMode = 1...previous standbyMode was 0
  308.345: FMECH: FmResetPageQueue(): Resetting page queue
  308.345: FMECH: FmRequestToEnterStandbyMode() - Entering standby mode: 1, mech has cam: 1, light speed is enabled for standby tier: 0, mech closes for standby tier: 0
  308.345: FMECH: FmDriverRequest(): Received request FUSER_MECH_REQUEST_NIP_OPEN with arg = 0x0 and callback = 0x0
  308.345: FMECH: FmRequestNipOpen(): Nip open requested
  308.345: ceh - J1 wtb received event 8
  308.345, 0.000, 'LasrPwrK',                        0,         25, 0, 0
  308.345, 0.000, 'LasrPwrC',                        0,         26, 0, 0
  308.345, 0.000, 'LasrPwrM',                        0,         27, 0, 0
  308.345, 0.000, 'LasrPwrY',                        0,         28, 0, 0
  308.345: PH: Mirror Motor Stop.
  308.345: Nfy PRINTHEAD_STATUS_NFY=0x5A 0x02 0x00 0x00
  308.345, 0.000, 'Printhead_K',                     0,         33, 0, 0
  308.345: EP: Control status change: EP_CONTROL_LOCATION_MIRROR_MOTOR -> EP_CONTROL_STATUS_STOPPED
  308.345: EP: PH event, 7 = PH_EVENT_PRINTHEAD_STOPPED
  308.345: TP: TpTriggerProcessTriggers() gCalRequested = 0, Event = Ready, Status = 0, gCurrentCal.PageCount = 0, LastPrintMode = 255, LastResolution = 600, 
  308.345: TP: CheckTriggers() - gCustPreference = 0x0 SideInterval = 0xffffffff SideCountDelta = 0x9d MinSideInterval = 0xffffffff MinDateInterval_sec = 0xfe256400 RefTimeDelta_sec = 0x0, 
<TPS_TRIGGER_CHECK EngineTime='  308.345' StringId='1007' PrinterSideCount='157' RealTimeSeconds='843458590' RealTime='2026-09-23 06:03' TriggerCheckReason='Ready' TriggerDecision='NotNeeded' CalibrationPreferenceValue='Off' SideCountAtLastClassicCal='0' ClassicSideCountThreshold='-1' RealTimeSecondsAtLastClassicCal='0' ClassicRealTimeSecondsThreshold='-31104000' AmbientTemp='24.37'  AmbientTempAtLastClassicCal=' 0.00' ClassicAmbientTempThreshold='-1.00' AmbientHum='48.84' AmbientHumAtLastClassicCal=' 0.00' ClassicAmbientHumThreshold='-1.00' WhiteVectorK='-161' WhiteVectorAtLastClassicCalK='0' WhiteVectorC='-141' WhiteVectorAtLastClassicCalC='0' WhiteVectorM='-141' WhiteVectorAtLastClassicCalM='0' WhiteVectorY='-141' WhiteVectorAtLastClassicCalY='0' ClassicWhiteVectorThreshold='-1'  ClassicMinSideCountThreshold='-1' ClassicMinTimeSecondsThreshold='-31104000' SideCountAtLastGapCal='0' GapSideCountThreshold='-1' GapSideRunOverThreshold='-1' RealTimeSecondsAtLastGapCal='0' />
  308.345: TP: CheckTriggers() - Event: Ready, NewCal.CalType = 0x000, gPendingCal.CalType = 0x000, NewCal.Parms.Flags = 0x0000, gCalPending.Parms.Flags = 0x0000, NewCal.CalType update line #: 1210, break line #: 2748, 
  308.345, 0.000, 'MainTherm_RFT',                 120,         58, 0, 0
  308.345: FUSER: FsrConUpdateNextState for 0 changed FUSER_CTRLSTATE_STEADY_STATE -> FUSER_CTRLSTATE_COOLING
  308.345: FUSER: ChangeRequestedFuserControlState(): Changed FUSER_CTRLRQST_STANDBY -> FUSER_CTRLRQST_NONE
  308.345: FUSER: FsrConSwitchToNextState for 0 changed FUSER_CTRLSTATE_STEADY_STATE -> FUSER_CTRLSTATE_COOLING
  308.345, 0.000, 'FuserConMainState',               2,        161, 0, 0
  308.346: FAN: EngToFanEvent() - Event: ENG_EVENT_AT_STANDBY                               
  308.350: FMECH: FmFuserCamStateMachine(): Processing openNipRequested in state FM_MOTOR_STATE_CLOSED_STOPPED_LIGHTSPEED
  308.350: FMECH: FmSwitchFuserCamState(): switching state from FM_MOTOR_STATE_CLOSED_STOPPED_LIGHTSPEED to FM_MOTOR_STATE_OPENING_SEQUENCE_INIT
  308.350: FUSER: InitController_LUT() / InitController_PID() - Fuser control gain mode for 0 is FUSER_CONTROL_GAINMODE_STANDBY, Uses Phase Control: 1
  308.350: FUSER: InitController_PID() - Fuser PID Control -- Gains: Kp=15,Kin=2,Kids=5,Kd=5,IIE=62
  308.346: ceh - wtb received event 8
  308.348, 0.000, 'LasrPwrK',                        0,         25, 0, 0
  308.348, 0.000, 'LasrPwrC',                        0,         26, 0, 0
  308.348, 0.000, 'LasrPwrM',                        0,         27, 0, 0
  308.348, 0.000, 'LasrPwrY',                        0,         28, 0, 0
  308.355, 0.000, 'MainTherm_DFT',                 120,         59, 0, 0
  308.348: FAN: PHToFanEvent() - Event: PH_EVENT_PRINTHEAD_STOPPED
  308.352: FAN: MainFan: Speed Update: 0 RPM; FanOperatingEngineState: FAN_ENGINE_STATE_IDLE_STANDBY_MODE_2   ; TemperatureIndex: 0; TemperatureArraySize: 1; EnginePrintModeIndex: 0; EnginePrintModeArraySize: 1; EngineQuietModeIndex: 0; EngineQuietModeArraySize: 1; FuserTechnologyIndex: 0; FuserTechnologyArraySize: 1; EngineThermalModeIndex: 0; EngineThermalModeArraySize: 5; EngineSleepModeIndex: 0; EngineSleepModeArraySize: 1; StateDurationIndex: 0; RampupAttemptsReset: 0; MachineType: MFP;
  308.359: FMECH: FuserMechRaiseEvent(): FUSER_MECH_EVENT_CAM_POS_OPENING
  308.359: FUSER: FuserUpdateMechPosition(): FUSER_MECH_CLOSED_STOPPED (max power 50%) -> FUSER_MECH_OPENING (max power 50%), LLV_Offset = 15
  308.359: FMECH: FmSwitchFuserCamState(): switching state from FM_MOTOR_STATE_OPENING_SEQUENCE_INIT to FM_MOTOR_STATE_OPENING_STAGE_CAMMING_INIT
  308.352: FAN: CartFan: Speed Update: 0 RPM; FanOperatingEngineState: FAN_ENGINE_STATE_IDLE_STANDBY_MODE_2   ; TemperatureIndex: 0; TemperatureArraySize: 1; EnginePrintModeIndex: 0; EnginePrintModeArraySize: 1; EngineQuietModeIndex: 0; EngineQuietModeArraySize: 1; FuserTechnologyIndex: 0; FuserTechnologyArraySize: 1; EngineThermalModeIndex: 0; EngineThermalModeArraySize: 5; EngineSleepModeIndex: 0; EngineSleepModeArraySize: 1; StateDurationIndex: 0; RampupAttemptsReset: 0; MachineType: MFP;
  308.360, 0.000, 'FuserMainPwrPercentReq',          0,         68, 0, 0
  308.352: FAN: CartFan2: Speed Update: 0 RPM; FanOperatingEngineState: FAN_ENGINE_STATE_IDLE_STANDBY_MODE_2   ; TemperatureIndex: 0; TemperatureArraySize: 1; EnginePrintModeIndex: 0; EnginePrintModeArraySize: 1; EngineQuietModeIndex: 0; EngineQuietModeArraySize: 1; FuserTechnologyIndex: 0; FuserTechnologyArraySize: 1; EngineThermalModeIndex: 0; EngineThermalModeArraySize: 5; EngineSleepModeIndex: 0; EngineSleepModeArraySize: 1; StateDurationIndex: 0; RampupAttemptsReset: 0; MachineType: MFP;
  308.352: FAN: LVPSFan: Speed Update: 2000 RPM; FanOperatingEngineState: FAN_ENGINE_STATE_IDLE_STANDBY_MODE_2   ; TemperatureIndex: 0; TemperatureArraySize: 1; EnginePrintModeIndex: 0; EnginePrintModeArraySize: 1; EngineQuietModeIndex: 0; EngineQuietModeArraySize: 1; FuserTechnologyIndex: 0; FuserTechnologyArraySize: 1; EngineThermalModeIndex: 0; EngineThermalModeArraySize: 5; EngineSleepModeIndex: 0; EngineSleepModeArraySize: 1; StateDurationIndex: 0; RampupAttemptsReset: 0; MachineType: MFP;
  308.352: FAN: BlowerFan: Speed Update: 0 RPM; FanOperatingEngineState: FAN_ENGINE_STATE_IDLE_STANDBY_MODE_2   ; TemperatureIndex: 0; TemperatureArraySize: 1; EnginePrintModeIndex: 0; EnginePrintModeArraySize: 1; EngineQuietModeIndex: 0; EngineQuietModeArraySize: 1; FuserTechnologyIndex: 0; FuserTechnologyArraySize: 1; EngineThermalModeIndex: 0; EngineThermalModeArraySize: 5; EngineSleepModeIndex: 0; EngineSleepModeArraySize: 1; StateDurationIndex: 0; RampupAttemptsReset: 0; MachineType: MFP;
  308.369: FMECH: FmSetOpTimer(): Op timer set to 10000ms in state FM_MOTOR_STATE_OPENING_STAGE_CAMMING_INIT
  308.369: FMECH: FmRunMotorForStage(): Fuser motor adjusted RPM: 1000, behavior: FUSER_RUN_REVERSE, distance: 168 [halls]
  308.369, 0.000, 'FuserMtr',                     1000,         40, 0, 0
  308.369: FMECH: FmSwitchFuserCamState(): switching state from FM_MOTOR_STATE_OPENING_STAGE_CAMMING_INIT to FM_MOTOR_STATE_OPENING_STAGE_CAMMING_RUNNING
  308.372: FUSER: ChangeRequestedFuserControlState(): Changed FUSER_CTRLRQST_NONE -> FUSER_CTRLRQST_STANDBY
  308.372: FUSER: DisableHeatPipe() called...
  308.372: FUSER: FuserBoostStandbyTemperatureForMotorStart() - Setting Boosted Standby Temperature: Temp = 125
  308.372: HB: J1 HbUpdateMotorRunningStatus() - FUSER IsMotorRunning = 0x1 FilteredSensorIsMade = 0x0 IgnoreTimeout = 0x1 MotorRunningTimer = 0
  308.370: HB: J2 HbUpdateMotorRunningStatus() - FUSER IsMotorRunning = 0x1 FilteredSensorIsMade = 0x0 IgnoreTimeout = 0x1 MotorRunningTimer = 0
  308.370, 0.000, 'MtrFuser_mmpsec',                   0.00,  115, 0, 0
  308.370: MOTOR: BLDC_StartMotor motorID FUSER Behavior: FUSER_RUN_REVERSE CMD Distance: 168 PMI: 0 CMP: 0 Commutation Mode: 3 CMD RPM: 850 NominalRadPerSec=    104.72
  308.375, 0.000, 'MainTherm_RFT',                 125,         58, 0, 0
  308.375: FUSER: ChangeRequestedFuserControlState(): Changed FUSER_CTRLRQST_STANDBY -> FUSER_CTRLRQST_NONE
<BLDC_MONITOR EngineTime='  308.370'  StringId='52'  PrinterSideCount='157' RealTime='2026-09-23 06:03' MotorId='FUSER' Behavior='FUSER_RUN_REVERSE'  Event='Start'  DistanceEdges='0' Vendor_ID='0'/>
  308.371: mtr_hw.c: line 2578 - Turnon Mtr FUSER
  308.371, 0.000, 'MtrFuser_state',                  5,        169, 0, 0
  308.371, 0.000, 'MtrFuser_position',                 0.00,  182, 0, 0
  308.371: MOTOR: BLDC motorID FUSER, Behavior: FUSER_RUN_REVERSE State: BLDC_WAIT_FOR_START_DELAY
  308.371: MOTOR: BLDC motorID FUSER New MinHallPeriod = 0, RPM = 0
  308.380, 0.000, 'MtrFuser_mmpsec',                -109.36,  115, 0, 0
  308.380: mtr_hw.c: line 2578 - Turnon Mtr FUSER
  308.380: MOTOR: BLDC motorID FUSER, Behavior: FUSER_RUN_REVERSE State: BLDC_START_AFTER_ENABLED
  308.390: mtr_hw.c: line 2289 - Turnon Mtr FUSER
  308.390: MOTOR: BLDC motorID FUSER, Behavior: FUSER_RUN_REVERSE State: BLDC_ENCODER_SIGNAL_STABILIZE
  308.440: MOTOR: BLDC motorID FUSER, Behavior: FUSER_RUN_REVERSE State: BLDC_WF_ENCODER_COUNT
  308.460: MOTOR: BLDC motorID FUSER EncoderCount: 7
  308.460: MOTOR: BLDC motorID FUSER, Behavior: FUSER_RUN_REVERSE State: BLDC_TEST_SPEED_USING_ENCODER
  308.470: MOTOR: BLDC motorID FUSER Hall_Period: 152982 ValidCLEntry: 116707 RPM: 641 ValidCLRPM: 841
  308.480: MOTOR: BLDC motorID FUSER Hall_Period: 136197 ValidCLEntry: 116707 RPM: 720 ValidCLRPM: 841
  308.490: MOTOR: BLDC motorID FUSER Hall_Period: 120321 ValidCLEntry: 116707 RPM: 815 ValidCLRPM: 841
  308.500: MOTOR: BLDC motorID FUSER Hall_Period: 109548 ValidCLEntry: 116707 RPM: 895 ValidCLRPM: 841
  308.500: MOTOR: BLDC motorID FUSER, Behavior: FUSER_RUN_REVERSE State: BLDC_CL_RAMP
  308.510: MOTOR: BLDC motorID FUSER CL SPEED CONTROL ACTIVE
  308.510, 0.000, 'MtrFuser_mmpsec',                -126.49,  115, 0, 0
  308.858: SUPPLIES: Memory: MemoryCommoKernelThread; WRITE_MEMORY_CONTENTS; MemMgrState = 0
  308.858: SUPPLIES: Memory: WriteMemory: dev=7, devaddr=512, sz=16, src=2149c 
  308.858: SUPPLIES: Memory: MemManSubmitWork(): work=WRITE_MEMORY_CONTENTS  struct=2 rc=0 MemMgrState=MEM_MGR_IDLE  
  308.858: SUPPLIES: Memory: MemMgrNewState() MEM_MGR_IDLE  --> MEM_MGR_WR_W_F_WRITE  
  308.862: ssec: wm: devNum=7, encrypt=true, dataSize=0x10, offset=0x200
  308.899: SUPPLIES: Memory: rc=0 
  308.899: SUPPLIES: Memory: WriteMemory: dev=7, devaddr=528, sz=16, src=214ac 
  308.898: ssec: cmd=5, devNum=7, rc=0
  308.903: ssec: wm: devNum=7, encrypt=true, dataSize=0x10, offset=0x210
  308.943: SUPPLIES: Memory: rc=0 
  308.943: SUPPLIES: Memory: WriteMemory: dev=7, devaddr=544, sz=16, src=214bc 
  308.942: ssec: cmd=5, devNum=7, rc=0
  308.946: ssec: wm: devNum=7, encrypt=true, dataSize=0x10, offset=0x220
  308.980, 0.000, 'MtrFuser_state',                 10,        169, 0, 0
  308.980, 0.000, 'MtrFuser_position',                67.24,  182, 0, 0
  308.980: MOTOR: BLDC motorID FUSER, Behavior: FUSER_RUN_REVERSE State: BLDC_CLOSED_LOOP_SPEED_CONTROL
  308.983: SUPPLIES: Memory: rc=0 
  308.983: SUPPLIES: Memory: WriteMemory: dev=7, devaddr=560, sz=16, src=214cc 
  308.981: ssec: cmd=5, devNum=7, rc=0
  308.986: ssec: wm: devNum=7, encrypt=true, dataSize=0x10, offset=0x230
  309.024: SUPPLIES: Memory: rc=0 
  309.024: SUPPLIES: Memory: WriteMemory: dev=7, devaddr=576, sz=16, src=214dc 
  309.022: ssec: cmd=5, devNum=7, rc=0
  309.028: ssec: wm: devNum=7, encrypt=true, dataSize=0x10, offset=0x240
  309.030: MOTOR: BLDC motorID FUSER, Behavior: FUSER_RUN_REVERSE State: BLDC_CLOSED_LOOP_SPEED_N_POS_CONTROL
  309.040: MOTOR: BLDC motorID FUSER, Behavior: FUSER_RUN_REVERSE State: BLDC_ENABLE_FEED_FORWARD
  309.050: MOTOR: BLDC motorID FUSER, Behavior: FUSER_RUN_REVERSE State: BLDC_STEADY_STATE
  309.061: FMECH: MtrToFuserMechEventHandler(): Received event MTR_EVENT_LOCK_AT_TARGET_SPEED for MTR_ID_FUSER for requested speed 1000 RPM
  309.066: SUPPLIES: Memory: rc=0 
  309.066: SUPPLIES: Memory: WriteMemory: dev=7, devaddr=592, sz=16, src=214ec 
  309.064: ssec: cmd=5, devNum=7, rc=0
  309.070: ssec: wm: devNum=7, encrypt=true, dataSize=0x10, offset=0x250
  309.106: SUPPLIES: Memory: rc=0 
  309.106: SUPPLIES: Memory: WriteMemory: dev=7, devaddr=608, sz=16, src=214fc 
  309.105: ssec: cmd=5, devNum=7, rc=0
  309.110: ssec: wm: devNum=7, encrypt=true, dataSize=0x10, offset=0x260
  309.146: SUPPLIES: Memory: rc=0 
  309.146: SUPPLIES: Memory: WriteMemory: dev=7, devaddr=624, sz=16, src=2150c 
  309.145: ssec: cmd=5, devNum=7, rc=0
  309.152: FMECH: Fuser Motor Vendor = (Nidec): CurrentLimit = 75.0
  309.152: FMECH: MtrToFuserMechCurrentCBHandler(): AvgIntegratorValue=16.0
<BLDC_HEALTH_CHECK EngineTime='  309.150' StringId='55' PrinterSideCount='157' RealTime='2026-09-23 06:03' MotorId='FUSER' Behavior='FUSER_RUN_REVERSE' RampTime_ms='590' AvgIntegratorValue='0.0' MaxRampIntegratorValue='18.0' MaxIntegratorValue='0.0' AvgSpeed_RadPerS='0.0' PhaseAdvance='0' RailV='24.9' Vendor_ID='0' />
  309.150: ssec: wm: devNum=7, encrypt=true, dataSize=0x10, offset=0x270
  309.186: ssec: cmd=5, devNum=7, rc=0
  309.189: SUPPLIES: Memory: rc=0 
  309.189: SUPPLIES: Memory: WriteMemory: dev=7, devaddr=640, sz=16, src=2151c 
  309.193: ssec: wm: devNum=7, encrypt=true, dataSize=0x10, offset=0x280
  309.233: SUPPLIES: Memory: rc=0 
  309.233: SUPPLIES: Memory: WriteMemory: dev=7, devaddr=656, sz=16, src=2152c 
  309.232: ssec: cmd=5, devNum=7, rc=0
  309.236: ssec: wm: devNum=7, encrypt=true, dataSize=0x10, offset=0x290
  309.272: SUPPLIES: Memory: rc=0 
  309.272: SUPPLIES: Memory: WriteMemory: dev=7, devaddr=672, sz=16, src=2153c 
  309.271: ssec: cmd=5, devNum=7, rc=0
  309.275: ssec: wm: devNum=7, encrypt=true, dataSize=0x10, offset=0x2a0
  309.312: SUPPLIES: Memory: rc=0 
  309.312: SUPPLIES: Memory: WriteMemory: dev=7, devaddr=688, sz=16, src=2154c 
  309.311: ssec: cmd=5, devNum=7, rc=0
  309.316: ssec: wm: devNum=7, encrypt=true, dataSize=0x10, offset=0x2b0
  309.324, 0.000, 'FuserMechHome',                   0,        205, 0, 0
  309.344: FMECH: EngToFuserMechEventHandler(): Received event ENG_EVENT_FUSER_MECH_HOME_BREAK                     with arg 0x0
  309.349: FMECH: FmFuserCamStateMachine(): Expected sensor state has been seen in FM_MOTOR_STATE_OPENING_STAGE_CAMMING_RUNNING after running motor for 69 halls. Stopping the motor after 3 halls.
  309.349: FMECH: FmStopMotor(): Requesting fuser motor stop
  309.349, 0.000, 'FuserMtr',                        0,         40, 0, 0
  309.349: FMECH: FmSwitchFuserCamState(): switching state from FM_MOTOR_STATE_OPENING_STAGE_CAMMING_RUNNING to FM_MOTOR_STATE_OPENING_WF_MOTOR_STOP_OR_TIMEOUT
  309.350: HB: J2 HbUpdateMotorRunningStatus() - FUSER IsMotorRunning = 0x0 FilteredSensorIsMade = 0x0 IgnoreTimeout = 0x1 MotorRunningTimer = 98
  309.350: MOTOR: BLDC_ClientShutdownMotor motorID FUSER CMD Distance: 3
  309.354: SUPPLIES: Memory: rc=0 
  309.354: SUPPLIES: Memory: WriteMemory: dev=7, devaddr=704, sz=9, src=2155c 
  309.352: ssec: cmd=5, devNum=7, rc=0
  309.357: ssec: wm: devNum=7, encrypt=true, dataSize=0x9, offset=0x2c0
  309.359: HB: J2 HbHangBuster() - FUSER IsMotorRunning = 0x0 FilteredSensorIsMade = 0x0 IgnoreTimeout = 0x1 MotorRunningTimer = 0
  309.380: MOTOR: BLDC motorID FUSER, Shutdown Condition Met HallCnt: 77 Desired 77
  309.380, 0.000, 'MtrFuser_state',                  5,        169, 0, 0
  309.380, 0.000, 'MtrFuser_position',               118.88,  182, 0, 0
  309.380, 0.000, 'MtrFuser_mmpsec',                   0.00,  115, 0, 0
  309.380: MOTOR: BLDC motorID FUSER, Behavior: FUSER_RUN_REVERSE State: BLDC_STOPPING
  309.391: FMECH: Fuser Motor Vendor = (Nidec): CurrentLimit = 75.0
  309.391: FMECH: MtrToFuserMechCurrentCBHandler(): AvgIntegratorValue=14.9
<BLDC_HEALTH_CHECK EngineTime='  309.390' StringId='55' PrinterSideCount='157' RealTime='2026-09-23 06:03' MotorId='FUSER' Behavior='FUSER_RUN_REVERSE' RampTime_ms='590' AvgIntegratorValue='14.9' MaxRampIntegratorValue='18.0' MaxIntegratorValue='15.0' AvgSpeed_RadPerS='104.8' PhaseAdvance='0' RailV='24.9' Vendor_ID='0' />
  309.395: SUPPLIES: Memory: rc=0 
  309.395: SUPPLIES: Memory: rc=0 
  309.395: SUPPLIES: Memory: MemoryCommoKernelThread; WRITE_MEMORY_CONTENTS complete; MemMgrState: 3, Passed: 1
  309.395: SUPPLIES: MemoryCommoKernelThread exit:  Total Run Time: 537 milliseconds 
  309.393: ssec: cmd=5, devNum=7, rc=0
  309.398: SUPPLIES: Memory: MemMgrNewState() MEM_MGR_WR_W_F_WRITE  --> MEM_MGR_IDLE  
  309.430: mtr_hw.c: line 2686 - Turnoff Mtr FUSER MtrActive 0
  309.430: MOTOR: BLDC motorID FUSER, Behavior: FUSER_RUN_REVERSE State: BLDC_WAIT_TO_REPORT_STOP
  309.437: BUR sensor iterations 5, Object temp 74, Body temp 41
  309.691: FUSER: ChangeRequestedFuserControlState(): Changed FUSER_CTRLRQST_NONE -> FUSER_CTRLRQST_STANDBY
  309.691: FUSER: DisableHeatPipe() called...
  309.691: FUSER: FuserAbortBoostedStandbyTemperature() - Aborting Boosted Standby Temperature: Temp = 120
  309.691: FuserHasStoppedTurning() - Fuser Has Stopped turning.
  309.691: FMECH: MtrToFuserMechEventHandler(): Motor stop occurred, motorIsRunning = 0
  309.691: HB: J1 HbUpdateMotorRunningStatus() - FUSER IsMotorRunning = 0x0 FilteredSensorIsMade = 0x0 IgnoreTimeout = 0x1 MotorRunningTimer = 132
<BLDC_MONITOR EngineTime='  309.690'  StringId='52'  PrinterSideCount='157' RealTime='2026-09-23 06:03' MotorId='FUSER' Behavior='FUSER_RUN_REVERSE'  Event='Stop'   DistanceEdges='79' Vendor_ID='0'/>
  309.690: MOTOR: BLDC motorID FUSER STOPPED: Running Hall Counts 79
  309.690, 0.000, 'MtrFuser_state',                  0,        169, 0, 0
  309.690, 0.000, 'MtrFuser_position',               122.31,  182, 0, 0
  309.695: HB: J1 HbHangBuster() - FUSER IsMotorRunning = 0x0 FilteredSensorIsMade = 0x0 IgnoreTimeout = 0x1 MotorRunningTimer = 0
  309.695, 0.000, 'MainTherm_RFT',                 120,         58, 0, 0
  309.695: FUSER: ChangeRequestedFuserControlState(): Changed FUSER_CTRLRQST_STANDBY -> FUSER_CTRLRQST_NONE
  309.690: MOTOR: BLDC motorID FUSER, Behavior: FUSER_RUN_REVERSE State: BLDC_TRANSITION_TO_IDLE
  309.699: FMECH: FmFuserCamStateMachine(): Motor has stopped in FM_MOTOR_STATE_OPENING_WF_MOTOR_STOP_OR_TIMEOUT after running 79 halls
  309.699: FMECH: FuserMechRaiseEvent(): FUSER_MECH_EVENT_FSR_MTR_STOPPED
  309.699: FMECH: FmSwitchFuserCamState(): switching state from FM_MOTOR_STATE_OPENING_WF_MOTOR_STOP_OR_TIMEOUT to FM_MOTOR_STATE_OPENING_STAGE_POST_SLACK_REMOVAL_INIT
  309.700: MOTOR: BLDC motorID FUSER, Behavior: FUSER_RUN_REVERSE State: BLDC_IDLE
  309.709: FMECH: FmLoadParametersForStage(): BUR slack removal is going to run 79 halls from state FM_MOTOR_STATE_OPENING_STAGE_POST_SLACK_REMOVAL_INIT
  309.709: FMECH: FmSwitchFuserCamState(): switching state from FM_MOTOR_STATE_OPENING_STAGE_POST_SLACK_REMOVAL_INIT to FM_MOTOR_STATE_OPENING_STAGE_POST_SLACK_REMOVAL_STOPPED_WF_MIN_FUSER_TEMPERATURE
  309.719: FMECH: FmLoadParametersForStage(): BUR slack removal is going to run 79 halls from state FM_MOTOR_STATE_OPENING_STAGE_POST_SLACK_REMOVAL_STOPPED_WF_MIN_FUSER_TEMPERATURE
  309.719: FMECH: FmRunMotorForStage(): Fuser motor adjusted RPM: 1000, behavior: FUSER_RUN_FORWARD, distance: 79 [halls]
  309.719, 0.000, 'FuserMtr',                     1000,         40, 0, 0
  309.719: FMECH: FmSwitchFuserCamState(): switching state from FM_MOTOR_STATE_OPENING_STAGE_POST_SLACK_REMOVAL_STOPPED_WF_MIN_FUSER_TEMPERATURE to FM_MOTOR_STATE_OPENING_STAGE_POST_SLACK_REMOVAL_RUNNING
  309.722: FUSER: ChangeRequestedFuserControlState(): Changed FUSER_CTRLRQST_NONE -> FUSER_CTRLRQST_STANDBY
  309.722: FUSER: DisableHeatPipe() called...
  309.722: FUSER: FuserBoostStandbyTemperatureForMotorStart() - Setting Boosted Standby Temperature: Temp = 125
  309.722: HB: J1 HbUpdateMotorRunningStatus() - FUSER IsMotorRunning = 0x1 FilteredSensorIsMade = 0x0 IgnoreTimeout = 0x1 MotorRunningTimer = 0
  309.720: HB: J2 HbUpdateMotorRunningStatus() - FUSER IsMotorRunning = 0x1 FilteredSensorIsMade = 0x0 IgnoreTimeout = 0x1 MotorRunningTimer = 0
  309.720, 0.000, 'MtrFuser_mmpsec',                   0.00,  115, 0, 0
  309.720: MOTOR: BLDC_StartMotor motorID FUSER Behavior: FUSER_RUN_FORWARD CMD Distance: 79 PMI: 0 CMP: 0 Commutation Mode: 3 CMD RPM: 850 NominalRadPerSec=    104.72
  309.725, 0.000, 'MainTherm_RFT',                 125,         58, 0, 0
  309.725: FUSER: ChangeRequestedFuserControlState(): Changed FUSER_CTRLRQST_STANDBY -> FUSER_CTRLRQST_NONE
<BLDC_MONITOR EngineTime='  309.720'  StringId='52'  PrinterSideCount='157' RealTime='2026-09-23 06:03' MotorId='FUSER' Behavior='FUSER_RUN_FORWARD'  Event='Start'  DistanceEdges='0' Vendor_ID='0'/>
  309.721: mtr_hw.c: line 2578 - Turnon Mtr FUSER
  309.721, 0.000, 'MtrFuser_state',                  5,        169, 0, 0
  309.721, 0.000, 'MtrFuser_position',                 0.00,  182, 0, 0
  309.721: MOTOR: BLDC motorID FUSER, Behavior: FUSER_RUN_FORWARD State: BLDC_WAIT_FOR_START_DELAY
  309.721: MOTOR: BLDC motorID FUSER New MinHallPeriod = 0, RPM = 0
  309.730, 0.000, 'MtrFuser_mmpsec',                 109.36,  115, 0, 0
  309.730: mtr_hw.c: line 2578 - Turnon Mtr FUSER
  309.730: MOTOR: BLDC motorID FUSER, Behavior: FUSER_RUN_FORWARD State: BLDC_START_AFTER_ENABLED
  309.740: mtr_hw.c: line 2289 - Turnon Mtr FUSER
  309.740: MOTOR: BLDC motorID FUSER, Behavior: FUSER_RUN_FORWARD State: BLDC_ENCODER_SIGNAL_STABILIZE
  309.790: MOTOR: BLDC motorID FUSER, Behavior: FUSER_RUN_FORWARD State: BLDC_WF_ENCODER_COUNT
  309.810: MOTOR: BLDC motorID FUSER EncoderCount: 7
  309.810: MOTOR: BLDC motorID FUSER, Behavior: FUSER_RUN_FORWARD State: BLDC_TEST_SPEED_USING_ENCODER
  309.820: MOTOR: BLDC motorID FUSER Hall_Period: 153792 ValidCLEntry: 116707 RPM: 638 ValidCLRPM: 841
  309.830: MOTOR: BLDC motorID FUSER Hall_Period: 133704 ValidCLEntry: 116707 RPM: 734 ValidCLRPM: 841
  309.840: MOTOR: BLDC motorID FUSER Hall_Period: 118098 ValidCLEntry: 116707 RPM: 831 ValidCLRPM: 841
  309.850: MOTOR: BLDC motorID FUSER Hall_Period: 105894 ValidCLEntry: 116707 RPM: 926 ValidCLRPM: 841
  309.850: MOTOR: BLDC motorID FUSER, Behavior: FUSER_RUN_FORWARD State: BLDC_CL_RAMP
  309.860: MOTOR: BLDC motorID FUSER CL SPEED CONTROL ACTIVE
  309.860, 0.000, 'MtrFuser_mmpsec',                 131.82,  115, 0, 0
  309.947: BUR sensor iterations 5, Object temp 75, Body temp 41
  310.695: FUSER: FsrConUpdateNextState for 0 changed FUSER_CTRLSTATE_COOLING -> FUSER_CTRLSTATE_STEADY_STATE
  310.695: FUSER: FsrConSwitchToNextState for 0 changed FUSER_CTRLSTATE_COOLING -> FUSER_CTRLSTATE_STEADY_STATE
  310.695, 0.000, 'FuserConMainState',               3,        161, 0, 0
  310.700: FUSER: InitController_PID() - RequestedPower = 0: InitialIntegral = 0: Kp = 15: Kin = 2: Kis = 5: Kd = 5: iie = 255
  310.700: FUSER: InitController_LUT() / InitController_PID() - Fuser control gain mode for 0 is FUSER_CONTROL_GAINMODE_STANDBY, Uses Phase Control: 1
  310.700: FUSER: InitController_PID() - Fuser PID Control -- Gains: Kp=15,Kin=2,Kids=5,Kd=5,IIE=0
  310.740: MOTOR: BLDC motorID FUSER, Shutdown Condition Met HallCnt: 79 Desired 79
  310.740, 0.000, 'MtrFuser_mmpsec',                   0.00,  115, 0, 0
  310.740: MOTOR: BLDC motorID FUSER, Behavior: FUSER_RUN_FORWARD State: BLDC_STOPPING
  310.751: FMECH: Fuser Motor Vendor = (Nidec): CurrentLimit = 75.0
  310.751: FMECH: MtrToFuserMechCurrentCBHandler(): AvgIntegratorValue=13.9
<BLDC_HEALTH_CHECK EngineTime='  310.750' StringId='55' PrinterSideCount='157' RealTime='2026-09-23 06:03' MotorId='FUSER' Behavior='FUSER_RUN_FORWARD' RampTime_ms='0' AvgIntegratorValue='13.9' MaxRampIntegratorValue='17.0' MaxIntegratorValue='0.0' AvgSpeed_RadPerS='100.6' PhaseAdvance='0' RailV='24.9' Vendor_ID='0' />
  310.790: mtr_hw.c: line 2686 - Turnoff Mtr FUSER MtrActive 0
  310.790: MOTOR: BLDC motorID FUSER, Behavior: FUSER_RUN_FORWARD State: BLDC_WAIT_TO_REPORT_STOP
  311.051: FUSER: ChangeRequestedFuserControlState(): Changed FUSER_CTRLRQST_NONE -> FUSER_CTRLRQST_STANDBY
  311.051: FUSER: DisableHeatPipe() called...
  311.051: FUSER: FuserAbortBoostedStandbyTemperature() - Aborting Boosted Standby Temperature: Temp = 120
  311.051: FuserHasStoppedTurning() - Fuser Has Stopped turning.
  311.051, 0.000, 'FuserMtr',                        0,         40, 0, 0
  311.051: FMECH: MtrToFuserMechEventHandler(): Motor stop occurred, motorIsRunning = 0
  311.051: HB: J1 HbUpdateMotorRunningStatus() - FUSER IsMotorRunning = 0x0 FilteredSensorIsMade = 0x0 IgnoreTimeout = 0x1 MotorRunningTimer = 133
<BLDC_MONITOR EngineTime='  311.050'  StringId='52'  PrinterSideCount='157' RealTime='2026-09-23 06:03' MotorId='FUSER' Behavior='FUSER_RUN_FORWARD'  Event='Stop'   DistanceEdges='81' Vendor_ID='0'/>
  311.050: MOTOR: BLDC motorID FUSER STOPPED: Running Hall Counts 81
  311.050, 0.000, 'MtrFuser_state',                  0,        169, 0, 0
  311.055: HB: J1 HbHangBuster() - FUSER IsMotorRunning = 0x0 FilteredSensorIsMade = 0x0 IgnoreTimeout = 0x1 MotorRunningTimer = 0
  311.055, 0.000, 'MainTherm_RFT',                 120,         58, 0, 0
  311.055: FUSER: FsrConUpdateNextState for 0 changed FUSER_CTRLSTATE_STEADY_STATE -> FUSER_CTRLSTATE_COOLING
  311.055: FUSER: ChangeRequestedFuserControlState(): Changed FUSER_CTRLRQST_STANDBY -> FUSER_CTRLRQST_NONE
  311.055: FUSER: FsrConSwitchToNextState for 0 changed FUSER_CTRLSTATE_STEADY_STATE -> FUSER_CTRLSTATE_COOLING
  311.055, 0.000, 'FuserConMainState',               2,        161, 0, 0
  311.050, 0.000, 'MtrFuser_position',               125.40,  182, 0, 0
  311.050: MOTOR: BLDC motorID FUSER, Behavior: FUSER_RUN_FORWARD State: BLDC_TRANSITION_TO_IDLE
  311.058: Nfy SUPPLY_LIFE_INFO_AVAIL_NFY=0xA8 0x06 0x02 0x00
  311.059: FMECH: FmStopMotor(): Requesting fuser motor stop
  311.059: FMECH: FmSwitchFuserCamState(): switching state from FM_MOTOR_STATE_OPENING_STAGE_POST_SLACK_REMOVAL_RUNNING to FM_MOTOR_STATE_OPENING_STAGE_POST_SLACK_REMOVAL_WF_MOTOR_STOP
  311.060: FUSER: InitController_LUT() / InitController_PID() - Fuser control gain mode for 0 is FUSER_CONTROL_GAINMODE_STANDBY, Uses Phase Control: 1
  311.060: FUSER: InitController_PID() - Fuser PID Control -- Gains: Kp=15,Kin=2,Kids=5,Kd=5,IIE=0
  311.060: MOTOR: BLDC motorID FUSER, Behavior: FUSER_RUN_FORWARD State: BLDC_IDLE
  311.060: HB: J2 HbUpdateMotorRunningStatus() - FUSER IsMotorRunning = 0x0 FilteredSensorIsMade = 0x0 IgnoreTimeout = 0x1 MotorRunningTimer = 134
  311.060: MOTOR: BLDC_ClientShutdownMotor motorID FUSER CMD Distance: 0
  311.069: FMECH: FmFuserCamStateMachine(): Motor has run 81 of required 79 halls, going to state FM_MOTOR_STATE_OPENING_WF_MOTOR_STOP_OR_TIMEOUT
  311.069: FMECH: FmSwitchFuserCamState(): switching state from FM_MOTOR_STATE_OPENING_STAGE_POST_SLACK_REMOVAL_WF_MOTOR_STOP to FM_MOTOR_STATE_OPENING_WF_MOTOR_STOP_OR_TIMEOUT
  311.071: FMECH: MtrToFuserMechEventHandler(): Motor stop occurred, motorIsRunning = 0
  311.069: HB: J2 HbHangBuster() - FUSER IsMotorRunning = 0x0 FilteredSensorIsMade = 0x0 IgnoreTimeout = 0x1 MotorRunningTimer = 0
  311.079: FMECH: FmFuserCamStateMachine(): Motor has stopped in FM_MOTOR_STATE_OPENING_WF_MOTOR_STOP_OR_TIMEOUT after running 81 halls
  311.079: FMECH: FuserMechRaiseEvent(): FUSER_MECH_EVENT_FSR_MTR_STOPPED
  311.079: FMECH: FmFuserCamStateMachine(): Nip open operation took 2690 ms (ending in state FM_MOTOR_STATE_OPENING_WF_MOTOR_STOP_OR_TIMEOUT)
  311.079: FMECH: FmSetOpTimer(): Op timer set to 0ms in state FM_MOTOR_STATE_OPENING_WF_MOTOR_STOP_OR_TIMEOUT
  311.079: FMECH: FuserMechRaiseEvent(): FUSER_MECH_EVENT_CAM_POS_OPEN
  311.079: FUSER: FuserUpdateMechPosition(): FUSER_MECH_OPENING (max power 50%) -> FUSER_MECH_OPEN (max power 50%), LLV_Offset = 15
  311.079: FMECH: FmSwitchFuserNipPosition(): switching nip position from FM_NIP_POS_CLOSED_LOW_PRESSURE to FM_NIP_POS_OPEN
  311.079: FMECH: FmSwitchFuserCamState(): switching state from FM_MOTOR_STATE_OPENING_WF_MOTOR_STOP_OR_TIMEOUT to FM_MOTOR_STATE_OPEN_STOPPED
  311.598: SUPPLIES: Memory: MemoryCommoKernelThread; WRITE_MEMORY_CONTENTS; MemMgrState = 0
  311.598: SUPPLIES: Memory: WriteMemory: dev=7, devaddr=512, sz=16, src=2149c 
  311.598: SUPPLIES: Memory: MemManSubmitWork(): work=WRITE_MEMORY_CONTENTS  struct=2 rc=0 MemMgrState=MEM_MGR_IDLE  
  311.598: SUPPLIES: Memory: MemMgrNewState() MEM_MGR_IDLE  --> MEM_MGR_WR_W_F_WRITE  
  311.602: ssec: wm: devNum=7, encrypt=true, dataSize=0x10, offset=0x200
  311.639: SUPPLIES: Memory: rc=0 
  311.639: SUPPLIES: Memory: WriteMemory: dev=7, devaddr=528, sz=16, src=214ac 
  311.637: ssec: cmd=5, devNum=7, rc=0
  311.643: ssec: wm: devNum=7, encrypt=true, dataSize=0x10, offset=0x210
  311.681: SUPPLIES: Memory: rc=0 
  311.681: SUPPLIES: Memory: WriteMemory: dev=7, devaddr=544, sz=16, src=214bc 
  311.680: ssec: cmd=5, devNum=7, rc=0
  311.685: ssec: wm: devNum=7, encrypt=true, dataSize=0x10, offset=0x220
  311.725: SUPPLIES: Memory: rc=0 
  311.725: SUPPLIES: Memory: WriteMemory: dev=7, devaddr=560, sz=16, src=214cc 
  311.724: ssec: cmd=5, devNum=7, rc=0
  311.728: ssec: wm: devNum=7, encrypt=true, dataSize=0x10, offset=0x230
  311.765: SUPPLIES: Memory: rc=0 
  311.765: SUPPLIES: Memory: WriteMemory: dev=7, devaddr=576, sz=16, src=214dc 
  311.764: ssec: cmd=5, devNum=7, rc=0
  311.768: ssec: wm: devNum=7, encrypt=true, dataSize=0x10, offset=0x240
  311.804: SUPPLIES: Memory: rc=0 
  311.804: SUPPLIES: Memory: WriteMemory: dev=7, devaddr=592, sz=16, src=214ec 
  311.803: ssec: cmd=5, devNum=7, rc=0
  311.807: ssec: wm: devNum=7, encrypt=true, dataSize=0x10, offset=0x250
  311.843: SUPPLIES: Memory: rc=0 
  311.843: SUPPLIES: Memory: WriteMemory: dev=7, devaddr=608, sz=16, src=214fc 
  311.842: ssec: cmd=5, devNum=7, rc=0
  311.846: ssec: wm: devNum=7, encrypt=true, dataSize=0x10, offset=0x260
  311.883: SUPPLIES: Memory: rc=0 
  311.883: SUPPLIES: Memory: WriteMemory: dev=7, devaddr=624, sz=16, src=2150c 
  311.882: ssec: cmd=5, devNum=7, rc=0
  311.886: ssec: wm: devNum=7, encrypt=true, dataSize=0x10, offset=0x270
  311.923: SUPPLIES: Memory: rc=0 
  311.923: SUPPLIES: Memory: WriteMemory: dev=7, devaddr=640, sz=16, src=2151c 
  311.922: ssec: cmd=5, devNum=7, rc=0
  311.926: ssec: wm: devNum=7, encrypt=true, dataSize=0x10, offset=0x280
  311.964: SUPPLIES: Memory: rc=0 
  311.964: SUPPLIES: Memory: WriteMemory: dev=7, devaddr=656, sz=16, src=2152c 
  311.962: ssec: cmd=5, devNum=7, rc=0
  311.967: ssec: wm: devNum=7, encrypt=true, dataSize=0x10, offset=0x290
  312.007: SUPPLIES: Memory: rc=0 
  312.007: SUPPLIES: Memory: WriteMemory: dev=7, devaddr=672, sz=16, src=2153c 
  312.006: ssec: cmd=5, devNum=7, rc=0
  312.010: ssec: wm: devNum=7, encrypt=true, dataSize=0x10, offset=0x2a0
  312.047: SUPPLIES: Memory: rc=0 
  312.047: SUPPLIES: Memory: WriteMemory: dev=7, devaddr=688, sz=16, src=2154c 
  312.046: ssec: cmd=5, devNum=7, rc=0
  312.051: ssec: wm: devNum=7, encrypt=true, dataSize=0x10, offset=0x2b0
  312.089: SUPPLIES: Memory: rc=0 
  312.089: SUPPLIES: Memory: WriteMemory: dev=7, devaddr=704, sz=9, src=2155c 
  312.087: ssec: cmd=5, devNum=7, rc=0
  312.093: ssec: wm: devNum=7, encrypt=true, dataSize=0x9, offset=0x2c0
  312.129: SUPPLIES: Memory: rc=0 
  312.129: SUPPLIES: Memory: rc=0 
  312.129: SUPPLIES: Memory: MemoryCommoKernelThread; WRITE_MEMORY_CONTENTS complete; MemMgrState: 3, Passed: 1
  312.129: SUPPLIES: MemoryCommoKernelThread exit:  Total Run Time: 531 milliseconds 
  312.128: ssec: cmd=5, devNum=7, rc=0
  312.138: SUPPLIES: Memory: MemMgrNewState() MEM_MGR_WR_W_F_WRITE  --> MEM_MGR_IDLE  
  313.330, 0.000, 'MainTherm_AFT',                 132,         57, 0, 0
  315.647: WeatherThread: Calc Temp: 24.37 C, Calc RH: 48.80 (percent)
  315.657: WeatherThread: Filtered Temp: 24.37 C, Filtered RH: 48.80 (percent), Filtered Average RH: 49.44 (percent)
  315.715, 0.000, 'EdgeTherm_AFT',                  97,         63, 0, 0
  316.019: ssec: cmd=27, devNum=255, rc=0
  318.665: FUSER: FsrConUpdateNextState for 0 changed FUSER_CTRLSTATE_COOLING -> FUSER_CTRLSTATE_STEADY_STATE
  318.665: FUSER: FsrConSwitchToNextState for 0 changed FUSER_CTRLSTATE_COOLING -> FUSER_CTRLSTATE_STEADY_STATE
  318.665, 0.000, 'FuserConMainState',               3,        161, 0, 0
  318.670: FUSER: InitController_PID() - RequestedPower = 0: InitialIntegral = 0: Kp = 15: Kin = 2: Kis = 5: Kd = 5: iie = 255
  318.670: FUSER: InitController_LUT() / InitController_PID() - Fuser control gain mode for 0 is FUSER_CONTROL_GAINMODE_STANDBY, Uses Phase Control: 1
  318.670: FUSER: InitController_PID() - Fuser PID Control -- Gains: Kp=15,Kin=2,Kids=5,Kd=5,IIE=0
  320.630, 0.000, 'MiddleTherm_AFT',               105,         67, 0, 0
  326.019: ssec: cmd=27, devNum=255, rc=0
  326.357: WeatherThread: Calc Temp: 24.37 C, Calc RH: 48.80 (percent)
  326.367: WeatherThread: RH History update: minute sample count 6, buffer count 34, buffer index 34, value stored 49.0
  326.367: WeatherThread: Filtered Temp: 24.37 C, Filtered RH: 48.80 (percent), Filtered Average RH: 49.43 (percent)
  330.074: PhSetThermalBlackTopMarginAdjustment() - TopMarginAdjustMm = -0.003204: MmPerHsyncs = 0.042328
  334.815, 0.000, 'MainTherm2_AFT',                121,        222, 0, 0
  335.115, 0.000, 'MainTherm_AFT',                 122,         57, 0, 0
  336.019: ssec: cmd=27, devNum=255, rc=0
  337.067: WeatherThread: Calc Temp: 24.39 C, Calc RH: 48.84 (percent)
  337.077: WeatherThread: Filtered Temp: 24.39 C, Filtered RH: 48.84 (percent), Filtered Average RH: 49.43 (percent)
  338.074: EP: Environment calculation code ran successfully. measured_temperature_Q3 = 75.875000, adjusted_temperature_Q3 = 75.875000, measured_humidity_Q3 = 49.375000, adjusted_humidity_Q3 = 49.375000, ChosenEnv = 4, wet_bulb_temperature_f_Q3 = 506, CalcTime_us=79 
  346.019: ssec: cmd=27, devNum=255, rc=0
  346.190, 0.000, 'EdgeTherm_AFT',                  87,         63, 0, 0
  347.777: WeatherThread: Calc Temp: 24.39 C, Calc RH: 48.84 (percent)
  347.787: WeatherThread: Filtered Temp: 24.39 C, Filtered RH: 48.84 (percent), Filtered Average RH: 49.43 (percent)
  348.240, 0.000, 'FuserMainPwrPercentReq',         10,         68, 0, 0
  350.425, 0.000, 'FuserMainPwrPercentAct',         33,        230, 0, 0
  350.525, 0.000, 'FuserMainPwrPercentAct',          0,        230, 0, 0
  350.660, 0.000, 'FuserMainPwrPercentReq',          0,         68, 0, 0
  355.465, 0.000, 'FuserMainPwrPercentReq',         10,         68, 0, 0
  356.019: ssec: cmd=27, devNum=255, rc=0
  356.765, 0.000, 'FuserMainPwrPercentAct',         33,        230, 0, 0
  356.865, 0.000, 'FuserMainPwrPercentAct',          0,        230, 0, 0
  356.906: ssec: su: forceAuth=true
  356.914: ssec: sn: n=0x01, s=0x01, ss=0x04, f=0x02
  356.915: ssec: sn: n=0x01, d=0xa000316c, iq=0xb634, qu=0xb634, au=0x3b467b1, mu=0x3b467b1
  356.915: ssec: sn: n=0x02, s=0x01, ss=0x04, f=0x02
  356.915: ssec: sn: n=0x02, d=0xa0002de2, iq=0xabca, qu=0xabca, au=0x0, mu=0x0
  356.915: ssec: sn: n=0x03, s=0x01, ss=0x04, f=0x02
  356.915: ssec: sn: n=0x03, d=0xa00034a1, iq=0xb634, qu=0xb634, au=0xd265ae, mu=0xd265ae
  356.915: ssec: sn: n=0x04, s=0x01, ss=0x04, f=0x02
  356.915: ssec: sn: n=0x04, d=0xa0003c2d, iq=0xc86c, qu=0xc86c, au=0x1b3d5be, mu=0x1b3d5be
  356.915: ssec: sn: n=0x05, s=0x01, ss=0x04, f=0x00
  356.915: ssec: sn: n=0x05, d=0xa000557e, iq=0xea10, qu=0xd3ba, au=0x170d0, mu=0x170ca
  356.915: ssec: sn: n=0x06, s=0x01, ss=0x04, f=0x00
  356.915: ssec: sn: n=0x06, d=0xa0005a44, iq=0xea10, qu=0xd827, au=0x165a8, mu=0x165a3
  356.915: ssec: sn: n=0x07, s=0x01, ss=0x04, f=0x00
  356.916: ssec: sn: n=0x07, d=0xa00050e6, iq=0xf58a, qu=0xc555, au=0x170d0, mu=0x170ca
  356.916: ssec: gats: 
  356.965, 0.000, 'FuserMainPwrPercentReq',          0,         68, 0, 0
  357.061: ssec: gats: 
  357.067: ssec: atc:
  357.129: ssec: gats: 
  357.133: ssec: san: 
  357.138: ssec: sav: devNum=2
  357.199: ssec: sn: dn=0, st=1
  357.199: ssec: cmd=26, devNum=255, rc=0
  358.487: WeatherThread: Calc Temp: 24.39 C, Calc RH: 48.84 (percent)
  358.497: WeatherThread: Filtered Temp: 24.39 C, Filtered RH: 48.84 (percent), Filtered Average RH: 49.43 (percent)
  360.063: FAN: fanDriverRequest: FAN_REQUEST_REPORT_TIMER_VALUE
  360.063: EM: Thermal algorithm 843458642 - received lvps fan timer update 1140060 ms
  360.062: FAN: FanReportTimers() reporting LVPSFan timer 0 is 1140060 ms
  360.074: PhSetThermalBlackTopMarginAdjustment() - TopMarginAdjustMm = -0.003204: MmPerHsyncs = 0.042328
  360.712: RealTime='2026-09-23 06:04' Count='26' Valid = '1' RealTime_EncodedHex='0x7EA9B984' RealTime_RefSeconds='843458642'
  361.815, 0.000, 'FuserMainPwrPercentReq',         10,         68, 0, 0
  362.477: BUR sensor iterations 5, Object temp 76, Body temp 41
  362.900, 0.000, 'FuserMainPwrPercentAct',         33,        230, 0, 0
  363.000, 0.000, 'FuserMainPwrPercentAct',          0,        230, 0, 0
  363.115, 0.000, 'FuserMainPwrPercentReq',          0,         68, 0, 0
  365.506: TASK: Message EM_MSG_ET_TO_ET_THERMAL_TIMED_OUT sent to EmThermalTask()
  365.516: TASK: EmThermalTask() status 0x1.  Task NOT Removed.
  365.516: ItuTemp_F 76.200 CavityTemp_F 0.000 Weather Station_F 75.894 Bump_Time_Scalar 1.0000305176
  365.516: PhSetBeltStretchTopMarginAdjustment() - TopMarginAdjustMm = -0.719971: MmPerHsyncs = 0.042328
  365.516: TASK: Message EM_MSG_ET_TO_ET_LOAD_TIMER sent to EmThermalTimerTask()
  365.526: TASK: EmThermalTimerTask() status 0x1.  Task NOT Removed.
  366.019: ssec: cmd=27, devNum=255, rc=0
  366.805, 0.000, 'FuserMainPwrPercentReq',         12,         68, 0, 0
  368.390, 0.000, 'FuserMainPwrPercentAct',         33,        230, 0, 0
  368.490, 0.000, 'FuserMainPwrPercentAct',          0,        230, 0, 0
  368.555, 0.000, 'FuserMainPwrPercentReq',          2,         68, 0, 0
Starbucks:  Connection Closed
