
Starbucks: Connection Opened: 10.194.48.167

  232.742: INFO serial_transport::packet_reader: rx seq 0x01 CRC 0x02d9 len 35 accept cur 0x01
  232.743: INFO printengine_lxk::node_tree::engine: Call: get("Status", "Version", "stringsHash")
  232.755: INFO serial_transport::packet_reader: rx ack 0x06
  232.755: INFO serial_transport::packet_reader: rx seq 0x02 CRC 0xd1ce len 30 accept cur 0x02
  232.758: INFO printengine_lxk::node_tree::engine: Call: get("Status", "Version", "engine")
  232.764: INFO serial_transport::packet_reader: rx ack 0x07
  232.892: INFO serial_transport::packet_reader: rx seq 0x03 CRC 0xd796 len 30 accept cur 0x03
  232.893: INFO printengine_lxk::node_tree::engine: Call: engineCommand("flex", [16, 0, 4, 1, 0])
  232.893: IP: IP_COMMAND_RX_FLEX_PACKET Command  Rcvd - Command Code: 0xF8 Data: 0x10000401 0x00 
  232.893: EngineDriverRequest(): ENGINE_STARBUCKS_FLEX_DATA       
  232.893: XLATE: XlateRefreshFlexConfig() - PrintModeIndex: 0 Approx_PPM[]: 55 PPM
  232.893: XLATE: XlateRefreshFlexConfig() - PrintModeIndex: 1 Approx_PPM[]: 45 PPM
  232.893: XLATE: XlateRefreshFlexConfig() - PrintModeIndex: 2 Approx_PPM[]: 35 PPM
  232.893: XLATE: XlateRefreshFlexConfig() - PrintModeIndex: 3 Approx_PPM[]: 25 PPM
  232.893: XLATE: XlateRefreshFlexConfig() - PrintModeIndex: 4 Approx_PPM[]: 25 PPM
  232.893: IP: IP_COMMAND_RX_FLEX_PACKET Response Sent - Command Code: 0xF8 Data: None 
  232.893: INFO printengine_lxk::node_tree::engine:        Ok("Ok")
  232.898: INFO serial_transport::packet_reader: rx ack 0x08
  232.904: INFO serial_transport::packet_reader: rx seq 0x04 CRC 0x02e7 len 30 accept cur 0x04
  232.905: INFO printengine_lxk::node_tree::engine: Call: engineCommand("flex", [4, 0, 67, 1, 0])x=C
  232.905: EP: Request = EP_STARBUCKS_FLEX_DATA
  232.905: EP: Flex packet received. system = 4, command = 67, id = 0, length = 1
  232.905: EP: FlexParser, i = 0, data = 0
  232.905: EP: Sending flex packet, Sys = 4, Id = 0, Cmd = 66, Len = 2
  232.905: EP: Sent data, i = 0, data = 0
  232.905: EP: Sent data, i = 1, data = 0
  232.905: EP: Sending flex packet, Sys = 4, Id = 1, Cmd = 66, Len = 2
  232.905: EP: Sent data, i = 0, data = 0
  232.905: EP: Sent data, i = 1, data = 0
  232.908: IP: IP_COMMAND_RX_FLEX_PACKET Response Sent - Command Code: 0xF8 Data: None 
  232.908: INFO printengine_lxk::node_tree::engine:        Ok("Ok")
  232.912: INFO serial_transport::packet_reader: rx ack 0x09
  232.930, 0.000, 'FuserMainPwrPercentAct',         33,        230, 0, 0
  232.958: INFO serial_transport::packet_reader: rx seq 0x05 CRC 0x567c len 29 accept cur 0x05
  232.959: INFO printengine_lxk::node_tree::engine: Call: engineCommand("flex", [4, 0, 45, 0])x=-]
  232.959: EP: Request = EP_STARBUCKS_FLEX_DATA
  232.959: EP: Flex packet received. system = 4, command = 45, id = 0, length = 0
  232.959: EP: Sending flex packet, Sys = 4, Id = 0, Cmd = 45, Len = 2
  232.959: EP: Sent data, i = 0, data = 1
  232.959: EP: Sent data, i = 1, data = 192
  232.959: EP: Sending flex packet, Sys = 4, Id = 1, Cmd = 45, Len = 2
  232.959: EP: Sent data, i = 0, data = 1
  232.959: EP: Sent data, i = 1, data = 192
  232.959: EP: Sending flex packet, Sys = 4, Id = 2, Cmd = 45, Len = 2
  232.959: EP: Sent data, i = 0, data = 1
  232.959: EP: Sent data, i = 1, data = 192
  232.959: EP: Sending flex packet, Sys = 4, Id = 3, Cmd = 45, Len = 2
  232.959: EP: Sent data, i = 0, data = 1
  232.959: EP: Sent data, i = 1, data = 192
  232.959: EP: Sending flex packet, Sys = 4, Id = 0, Cmd = 46, Len = 1xomx
  232.959: IP: IP_COMMAND_RX_FLEX_PACKET Response Sent - Command Code: 0xF8 Data: None 
  232.959: INFO printengine_lxk::node_tree::engine:        Ok("Ok")
  232.964: INFO serial_transport::packet_reader: rx ack 0x0a
  232.980, 0.000, 'FuserMainPwrPercentAct',          0,        230, 0, 0
  233.008: INFO serial_transport::packet_reader: rx seq 0x06 CRC 0xa67f len 29 accept cur 0x06
  233.009: INFO printengine_lxk::node_tree::engine: Call: engineCommand("flex", [4, 0, 45, 0])
  233.009: IP: IP_COMMAND_RX_FLEX_PACKET Command  Rcvd - Command Code: 0xF8 Data: 0x04002D00 
  233.009: EP: Request = EP_STARBUCKS_FLEX_DATA
  233.009: EP: Flex packet received. system = 4, command = 45, id = 0, length = 0
  233.009: EP: Sending flex packet, Sys = 4, Id = 0, Cmd = 45, Len = 2
  233.009: EP: Sent data, i = 0, data = 1
  233.009: EP: Sent data, i = 1, data = 192
  233.009: EP: Sending flex packet, Sys = 4, Id = 1, Cmd = 45, Len = 2
  233.009: EP: Sent data, i = 0, data = 1
  233.009: EP: Sent data, i = 1, data = 192
  233.009: EP: Sending flex packet, Sys = 4, Id = 2, Cmd = 45, Len = 2
  233.009: EP: Sent data, i = 0, data = 1
  233.009: EP: Sent data, i = 1, data = 192
  233.009: EP: Sending flex packet, Sys = 4, Id = 3, Cmd = 45, Len = 2
  233.009: EP: Sent data, i = 0, data = 1
  233.009: EP: Sent data, i = 1, data = 192
  233.009: EP: Sending flex packet, Sys = 4, Id = 0, Cmd = 46, Len = 1
  233.009: EP: Sent data, i = 0, data = 120
  233.009: IP: IP_COMMAND_RX_FLEX_PACKET Response Sent - Command Code: 0xF8 Data: None 
  233.010: INFO printengine_lxk::node_tree::engine:        Ok("Ok")
  233.014: INFO serial_transport::packet_reader: rx ack 0x0b
  233.060: INFO serial_transport::packet_reader: rx seq 0x07 CRC 0x1260 len 29 accept cur 0x07
  233.062: INFO printengine_lxk::node_tree::engine: Call: engineCommand("flex", [3, 0, 4, 0])
  233.062: IP: IP_COMMAND_RX_FLEX_PACKET Command  Rcvd - Command Code: 0xF8 Data: 0x03000400 xf
  233.063: IP: IP_COMMAND_RX_FLEX_PACKET Response Sent - Command Code: 0xF8 Data: None 
  233.063: INFO printengine_lxk::node_tree::engine:        Ok("Ok")
  233.064: FAN: fanDriverRequest: FAN_STARBUCKS_FLEX_DATA
  233.064: FAN: FlexParser() - Received request for Starbucks Window configuration data.
  233.067: INFO serial_transport::packet_reader: rx ack 0x0c
  233.112: INFO serial_transport::packet_reader: rx seq 0x08 CRC 0xbe70 len 29 accept cur 0x08
  233.113: INFO printengine_lxk::node_tree::engine: Call: engineCommand("flex", [106, 0, 12, 0])
  233.113: IP: IP_COMMAND_RX_FLEX_PACKET Command  Rcvd - Command Code: 0xF8 Data: 0x6A000C00 
  233.114: IP: IP_COMMAND_RX_FLEX_PACKET Response Sent - Command Code: 0xF8 Data: None 
  233.114: INFO printengine_lxk::node_tree::engine:        Ok("Ok")
  233.118: INFO serial_transport::packet_reader: rx ack 0x0dj0 ADC_TPS2_SPEC_K_DEV_I_J1_CHANNELa(
  233.164: INFO serial_transport::packet_reader: rx seq 0x09 CRC 0x03a9 len 31 accept cur 0x09
  233.165: INFO printengine_lxk::node_tree::engine: Call: engineCommand("flex", [18, 2, 2, 2, 0, 0])
  233.165: IP: IP_COMMAND_RX_FLEX_PACKET Command  Rcvd - Command Code: 0xF8 Data: 0x12020202 0x0000 
  233.165: phDriverRequest: PH_STARBUCKS_FLEX_DATA
  233.167: IP: IP_COMMAND_RX_FLEX_PACKET Response Sent - Command Code: 0xF8 Data: None 
  233.167: INFO printengine_lxk::node_tree::engine:        Ok("Ok")
  233.172: INFO serial_transport::packet_reader: rx ack 0x0ej0lADC_BULK_VOLTAGE_CHANNEL`aE
  233.218: INFO serial_transport::packet_reader: rx seq 0x0a CRC 0xfa6f len 29 accept cur 0x0a
  233.219: INFO printengine_lxk::node_tree::engine: Call: engineCommand("flex", [17, 0, 0, 0])
  233.219: IP: IP_COMMAND_RX_FLEX_PACKET Command  Rcvd - Command Code: 0xF8 Data: 0x11000000 
  233.219: TP_SYS: TpDriverRequestHndlr: TP_REQUEST_STARBUCKS_FLEX_DATA, 
  233.219: TpFlexParser System = 0x11, Id = 0x00, Command 0x00 received: DataLen: 0, Data: 0x00, 
  233.219: TpFlexParser: Enable = 0, Gain reported =    0.00,  100.00,    0.00,  100.00, Action =  0, 
  233.219: IP: IP_COMMAND_RX_FLEX_PACKET Response Sent - Command Code: 0xF8 Data: None 
  233.220: INFO printengine_lxk::node_tree::engine:        Ok("Ok")
  233.224: INFO serial_transport::packet_reader: rx ack 0x0fj0ADC_HV_2X_CHANNEL,`a
  233.268: INFO serial_transport::packet_reader: rx seq 0x0b CRC 0x0a79 len 29 accept cur 0x0b
  233.269: INFO printengine_lxk::node_tree::engine: Call: engineCommand("flex", [17, 0, 54, 0])
  233.269: IP: IP_COMMAND_RX_FLEX_PACKET Command  Rcvd - Command Code: 0xF8 Data: 0x11003600 
  233.269: TP_SYS: TpDriverRequestHndlr: TP_REQUEST_STARBUCKS_FLEX_DATA, 
  233.269: TpFlexParser System = 0x11, Id = 0x00, Command 0x36 received: DataLen: 0, Data: 0x00, 
  233.270: IP: IP_COMMAND_RX_FLEX_PACKET Response Sent - Command Code: 0xF8 Data: None 
  233.270: INFO printengine_lxk::node_tree::engine:        Ok("Ok")
  233.274: INFO serial_transport::packet_reader: rx ack 0x00
  233.320: INFO serial_transport::packet_reader: rx seq 0x0c CRC 0xca5d len 29 accept cur 0x0c
  233.322: INFO printengine_lxk::node_tree::engine: Call: engineCommand("flex", [17, 0, 73, 0])
  233.322: IP: IP_COMMAND_RX_FLEX_PACKET Command  Rcvd - Command Code: 0xF8 Data: 0x11004900 
  233.322: TP_SYS: TpDriverRequestHndlr: TP_REQUEST_STARBUCKS_FLEX_DATA, xpjI
  233.322: IP: IP_COMMAND_RX_FLEX_PACKET Response Sent - Command Code: 0xF8 Data: None 
  233.322: INFO printengine_lxk::node_tree::engine:        Ok("Ok")
  233.328: INFO serial_transport::packet_reader: rx ack 0x01
  233.372: INFO serial_transport::packet_reader: rx seq 0x0d CRC 0xca5f len 29 accept cur 0x0d
  233.373: INFO printengine_lxk::node_tree::engine: Call: engineCommand("flex", [17, 0, 76, 0])
  233.373: IP: IP_COMMAND_RX_FLEX_PACKET Command  Rcvd - Command Code: 0xF8 Data: 0x11004C00 
  233.373: TP_SYS: TpDriverRequestHndlr: TP_REQUEST_STARBUCKS_FLEX_DATA, 
  233.373: TpFlexParser System = 0x11, Id = 0x00, Command 0x4C received: DataLen: 0, Data: 0x00, 
  233.374: IP: IP_COMMAND_RX_FLEX_PACKET Response Sent - Command Code: 0xF8 Data: None 
  233.374: INFO printengine_lxk::node_tree::engine:        Ok("Ok")
  233.378: INFO serial_transport::packet_reader: rx ack 0x02
  233.424: INFO serial_transport::packet_reader: rx seq 0x0e CRC 0x5a5d len 29 accept cur 0x0e
  233.425: INFO printengine_lxk::node_tree::engine: Call: engineCommand("flex", [17, 0, 78, 0])
  233.425: IP: IP_COMMAND_RX_FLEX_PACKET Command  Rcvd - Command Code: 0xF8 Data: 0x11004E00 
  233.425: TP_SYS: TpDriverRequestHndlr: TP_REQUEST_STARBUCKS_FLEX_DATA, 
  233.425: TpFlexParser System = 0x11, Id = 0x00, Command 0x4E received: DataLen: 0, Data: 0x00, 
  233.425: IP: IP_COMMAND_RX_FLEX_PACKET Response Sent - Command Code: 0xF8 Data: None 
  233.428: INFO printengine_lxk::node_tree::engine:        Ok("Ok")
  233.433: INFO serial_transport::packet_reader: rx ack 0x03
  233.476: INFO serial_transport::packet_reader: rx seq 0x0f CRC 0xca0d len 29 accept cur 0x0f
  233.479: INFO printengine_lxk::node_tree::engine: Call: engineCommand("flex", [17, 1, 78, 0])
  233.479: IP: IP_COMMAND_RX_FLEX_PACKET Command  Rcvd - Command Code: 0xF8 Data: 0x11014E00 
  233.479: TP_SYS: TpDriverRequestHndlr: TP_REQUEST_STARBUCKS_FLEX_DATA, 
  233.479: TpFlexParser System = 0x11, Id = 0x01, Command 0x4E received: DataLen: 0, Data: 0x00, Ad%d%
  233.479: IP: IP_COMMAND_RX_FLEX_PACKET Response Sent - Command Code: 0xF8 Data: None 
  233.479: INFO printengine_lxk::node_tree::engine:        Ok("Ok")
  233.484: INFO serial_transport::packet_reader: rx ack 0x04
  233.495, 0.000, 'FuserMainPwrPercentAct',         33,        230, 0, 0
  233.528: INFO serial_transport::packet_reader: rx seq 0x00 CRC 0x3af7 len 29 accept cur 0x00
  233.529: INFO printengine_lxk::node_tree::engine: Call: engineCommand("flex", [17, 2, 78, 0])
  233.529: IP: IP_COMMAND_RX_FLEX_PACKET Command  Rcvd - Command Code: 0xF8 Data: 0x11024E00 
  233.529: TP_SYS: TpDriverRequestHndlr: TP_REQUEST_STARBUCKS_FLEX_DATA, 
  233.529: TpFlexParser System = 0x11, Id = 0x02, Command 0x4E received: DataLen: 0, Data: 0x00, 
  233.529: IP: IP_COMMAND_RX_FLEX_PACKET Response Sent - Command Code: 0xF8 Data: None 
  233.530: INFO printengine_lxk::node_tree::engine:        Ok("Ok")
  233.534: INFO serial_transport::packet_reader: rx ack 0x05
  233.580: INFO serial_transport::packet_reader: rx seq 0x01 CRC 0xaaa7 len 29 accept cur 0x01
  233.582: INFO printengine_lxk::node_tree::engine: Call: engineCommand("flex", [17, 3, 78, 0])
  233.582: IP: IP_COMMAND_RX_FLEX_PACKET Command  Rcvd - Command Code: 0xF8 Data: 0x11034E00 
  233.582: TP_SYS: TpDriverRequestHndlr: TP_REQUEST_STARBUCKS_FLEX_DATA, 
  233.582: TpFlexParser System = 0x11, Id = 0x03, Command 0x4E received: DataLen: 0, Data: 0x00, 
  233.582: IP: IP_COMMAND_RX_FLEX_PACKET Response Sent - Command Code: 0xF8 Data: None 
  233.582: INFO printengine_lxk::node_tree::engine:        Ok("Ok")
  233.588: INFO serial_transport::packet_reader: rx ack 0x06
  233.595, 0.000, 'FuserMainPwrPercentAct',          0,        230, 0, 0
  233.632: INFO serial_transport::packet_reader: rx seq 0x02 CRC 0x5b44 len 29 accept cur 0x02
  233.633: INFO printengine_lxk::node_tree::engine: Call: engineCommand("flex", [17, 5, 78, 0])
  233.633: IP: IP_COMMAND_RX_FLEX_PACKET Command  Rcvd - Command Code: 0xF8 Data: 0x11054E00 xppb
  233.633: TpFlexParser System = 0x11, Id = 0x05, Command 0x4E received: DataLen: 0, Data: 0x00, 
  233.634: IP: IP_COMMAND_RX_FLEX_PACKET Response Sent - Command Code: 0xF8 Data: None 
  233.634: INFO printengine_lxk::node_tree::engine:        Ok("Ok")
  233.638: INFO serial_transport::packet_reader: rx ack 0x07
  233.684: INFO serial_transport::packet_reader: rx seq 0x03 CRC 0x6b1d len 29 accept cur 0x03
  233.685: INFO printengine_lxk::node_tree::engine: Call: engineCommand("flex", [17, 4, 80, 0])
  233.688: IP: IP_COMMAND_RX_FLEX_PACKET Command  Rcvd - Command Code: 0xF8 Data: 0x11045000 
  233.688: TP_SYS: TpDriverRequestHndlr: TP_REQUEST_STARBUCKS_FLEX_DATA, 
  233.688: TpFlexParser System = 0x11, Id = 0x04, Command 0x50 received: DataLen: 0, Data: 0x00, 
  233.688: IP: IP_COMMAND_RX_FLEX_PACKET Response Sent - Command Code: 0xF8 Data: None 
  233.688: INFO printengine_lxk::node_tree::engine:        Ok("Ok")
  233.692: INFO serial_transport::packet_reader: rx ack 0x08
  233.738: INFO serial_transport::packet_reader: rx seq 0x04 CRC 0x5a58 len 29 accept cur 0x04
  233.739: INFO printengine_lxk::node_tree::engine: Call: engineCommand("flex", [17, 0, 80, 0])
  233.739: IP: IP_COMMAND_RX_FLEX_PACKET Command  Rcvd - Command Code: 0xF8 Data: 0x11005000 
  233.739: TP_SYS: TpDriverRequestHndlr: TP_REQUEST_STARBUCKS_FLEX_DATA, 
  233.739: TpFlexParser System = 0x11, Id = 0x00, Command 0x50 received: DataLen: 0, Data: 0x00, 
  233.739: IP: IP_COMMAND_RX_FLEX_PACKET Response Sent - Command Code: 0xF8 Data: None 
  233.739: INFO printengine_lxk::node_tree::engine:        Ok("Ok")
  233.744: INFO serial_transport::packet_reader: rx ack 0x09
  233.788: INFO serial_transport::packet_reader: rx seq 0x05 CRC 0xca08 len 29 accept cur 0x05
  233.789: INFO printengine_lxk::node_tree::engine: Call: engineCommand("flex", [17, 1, 80, 0])
  233.789: IP: IP_COMMAND_RX_FLEX_PACKET Command  Rcvd - Command Code: 0xF8 Data: 0x11015000 xp=p
  233.789: TpFlexParser System = 0x11, Id = 0x01, Command 0x50 received: DataLen: 0, Data: 0x00, 
  233.789: IP: IP_COMMAND_RX_FLEX_PACKET Response Sent - Command Code: 0xF8 Data: None 
  233.790: INFO printengine_lxk::node_tree::engine:        Ok("Ok")
  233.794: INFO serial_transport::packet_reader: rx ack 0x0a
  233.840: INFO serial_transport::packet_reader: rx seq 0x06 CRC 0x3afb len 29 accept cur 0x06
  233.842: INFO printengine_lxk::node_tree::engine: Call: engineCommand("flex", [17, 2, 80, 0])
  233.842: IP: IP_COMMAND_RX_FLEX_PACKET Command  Rcvd - Command Code: 0xF8 Data: 0x11025000 
  233.842: TP_SYS: TpDriverRequestHndlr: TP_REQUEST_STARBUCKS_FLEX_DATA, 
  233.842: TpFlexParser System = 0x11, Id = 0x02, Command 0x50 received: DataLen: 0, Data: 0x00, xr=
  233.843: INFO printengine_lxk::node_tree::engine:        Ok("Ok")
  233.848: INFO serial_transport::packet_reader: rx ack 0x0b
  233.892: INFO serial_transport::packet_reader: rx seq 0x07 CRC 0xfa07 len 29 accept cur 0x07
  233.893: INFO printengine_lxk::node_tree::engine: Call: engineCommand("flex", [17, 0, 129, 0])
  233.894: IP: IP_COMMAND_RX_FLEX_PACKET Command  Rcvd - Command Code: 0xF8 Data: 0x11008100 
  233.894: TP_SYS: TpDriverRequestHndlr: TP_REQUEST_STARBUCKS_FLEX_DATA, 
  233.894: TpFlexParser System = 0x11, Id = 0x00, Command 0x81 received: DataLen: 0, Data: 0x00, 
  233.894: IP: IP_COMMAND_RX_FLEX_PACKET Response Sent - Command Code: 0xF8 Data: None 
  233.894: INFO printengine_lxk::node_tree::engine:        Ok("Ok")
  233.898: INFO serial_transport::packet_reader: rx ack 0x0c
  233.944: INFO serial_transport::packet_reader: rx seq 0x08 CRC 0x5aa1 len 29 accept cur 0x08
  233.945: INFO printengine_lxk::node_tree::engine: Call: engineCommand("flex", [17, 3, 80, 0])x=PL
  233.945: TP_SYS: TpDriverRequestHndlr: TP_REQUEST_STARBUCKS_FLEX_DATA, 
  233.945: TpFlexParser System = 0x11, Id = 0x03, Command 0x50 received: DataLen: 0, Data: 0x00, 
  233.945: IP: IP_COMMAND_RX_FLEX_PACKET Response Sent - Command Code: 0xF8 Data: None 
  233.948: INFO printengine_lxk::node_tree::engine:        Ok("Ok")
  233.952: INFO serial_transport::packet_reader: rx ack 0x0d
  233.998: INFO serial_transport::packet_reader: rx seq 0x09 CRC 0x0b40 len 29 accept cur 0x09
  233.999: INFO printengine_lxk::node_tree::engine: Call: engineCommand("flex", [17, 5, 80, 0])
  233.999: IP: IP_COMMAND_RX_FLEX_PACKET Command  Rcvd - Command Code: 0xF8 Data: 0x11055000 
  233.999: TP_SYS: TpDriverRequestHndlr: TP_REQUEST_STARBUCKS_FLEX_DATA, 
  233.999: TpFlexParser System = 0x11, Id = 0x05, Command 0x50 received: DataLen: 0, Data: 0x00, x=
  233.999: INFO printengine_lxk::node_tree::engine:        Ok("Ok")
  234.003: INFO serial_transport::packet_reader: rx ack 0x0e
  234.048: INFO serial_transport::packet_reader: rx seq 0x0a CRC 0x9a4c len 29 accept cur 0x0a
  234.049: INFO printengine_lxk::node_tree::engine: Call: engineCommand("flex", [17, 0, 122, 0])
  234.049: IP: IP_COMMAND_RX_FLEX_PACKET Command  Rcvd - Command Code: 0xF8 Data: 0x11007A00 
  234.049: TP_SYS: TpDriverRequestHndlr: TP_REQUEST_STARBUCKS_FLEX_DATA, 
  234.049: TpFlexParser System = 0x11, Id = 0x00, Command 0x7A received: DataLen: 0, Data: 0x00, 
  234.049: TPS StringId='88' Comment='TP: TpAsyncThreadReq()' TpAsyncReqId='16'
  234.050: IP: IP_COMMAND_RX_FLEX_PACKET Response Sent - Command Code: 0xF8 Data: None 
  234.050: INFO printengine_lxk::node_tree::engine:        Ok("Ok")
  234.054: INFO serial_transport::packet_reader: rx ack 0x0f
  234.100: INFO serial_transport::packet_reader: rx seq 0x0b CRC 0x6a4e len 29 accept cur 0x0b
  234.102: INFO printengine_lxk::node_tree::engine: Call: engineCommand("flex", [17, 0, 124, 0])xv=|
  234.102: TP_SYS: TpDriverRequestHndlr: TP_REQUEST_STARBUCKS_FLEX_DATA, 
  234.102: TpFlexParser System = 0x11, Id = 0x00, Command 0x7C received: DataLen: 0, Data: 0x00, 
  234.102: IP: IP_COMMAND_RX_FLEX_PACKET Response Sent - Command Code: 0xF8 Data: None 
  234.102: INFO printengine_lxk::node_tree::engine:        Ok("Ok")
  234.108: INFO serial_transport::packet_reader: rx ack 0x00
  234.152: INFO serial_transport::packet_reader: rx seq 0x0c CRC 0xc666 len 29 accept cur 0x0c
  234.153: INFO printengine_lxk::node_tree::engine: Call: engineCommand("flex", [0, 0, 30, 0])
  234.153: IP: IP_COMMAND_RX_FLEX_PACKET Command  Rcvd - Command Code: 0xF8 Data: 0x00001E00 
  234.154: IP: IP_COMMAND_RX_FLEX_PACKET Response Sent - Command Code: 0xF8 Data: None 
  234.154: INFO printengine_lxk::node_tree::engine:        Ok("Ok")
  234.158: INFO serial_transport::packet_reader: rx ack 0x01
  234.425, 0.000, 'FuserMainPwrPercentAct',         33,        230, 0, 0
  234.475, 0.000, 'FuserMainPwrPercentAct',          0,        230, 0, 0
  234.990, 0.000, 'FuserMainPwrPercentAct',         33,        230, 0, 0
  235.090, 0.000, 'FuserMainPwrPercentAct',          0,        230, 0, 0
  236.020, 0.000, 'FuserMainPwrPercentAct',         33,        230, 0, 0
  236.021: ssec: cmd=27, devNum=255, rc=0
  236.070, 0.000, 'FuserMainPwrPercentAct',          0,        230, 0, 0
  236.535, 0.000, 'FuserMainPwrPercentAct',         33,        230, 0, 0
  236.635, 0.000, 'FuserMainPwrPercentAct',          0,        230, 0, 0
  237.500, 0.000, 'FuserMainPwrPercentAct',         33,        230, 0, 0
  237.550, 0.000, 'FuserMainPwrPercentAct',          0,        230, 0, 0
  238.080, 0.000, 'FuserMainPwrPercentAct',         33,        230, 0, 0
  238.180, 0.000, 'FuserMainPwrPercentAct',          0,        230, 0, 0
  238.995, 0.000, 'FuserMainPwrPercentAct',         33,        230, 0, 0
  239.095, 0.000, 'FuserMainPwrPercentAct',          0,        230, 0, 0
<CODE_VERSION StringId='6' Engine='LS.262.E014' PrinterSideCount='226' RealTime='2026-09-23 08:39' PageStart='True'/>
<CODE_VERSION StringId='6' PrinterSideCount='226' Tray2='A1.02_B5.00' Tray3='A2.01_B5.00' Tray4='A2.02_B5.00' Tray5='A0.00_B0.00' OutputPosition1DeviceType='HorizontalTransportUnit' OutputPosition1Version='A1.01_B2.03__Dev2_A0.00' OutputPosition2DeviceType='StapleHolePunchFinisher' OutputPosition2Version='A0.04_B1.00__Dev2_A0.00' OutputPosition3DeviceType='' OutputPosition3Version='A0.00_B0.00__Dev2_A0.00' Tray2SerialNumber='0' Tray3SerialNumber='0' Tray4SerialNumber='0' Tray5SerialNumber='0' OutputPosition1SerialNumber='0' OutputPosition2SerialNumber='0' OutputPosition3SerialNumber='0'/>
<CODE_VERSION EngineTime='  240.001' StringId='6' PrinterSideCount='226' EngSetting1='0' EngSetting2='0' EngSetting3='0' EngSetting4='0' EngSetting5='0' EngSetting6='0' EngSetting7='0' EngSetting8='0' EngSetting9='0' EngSetting10='0' EngSetting11='0' EngSetting12='0' EngSetting13='0' EngSetting14='0' EngSetting15='0' EngSetting16='0' EngSetting17='0' EngSetting18='0' EngSetting19='0' EngSetting20='0' EngSetting21='0' EngSetting22='0' EngSetting23='0' EngSetting24='0' EngSetting25='0' EngSetting26='0' EngSetting27='1' EngSetting28='0' EngSetting29='0' EngSetting30='0' EngSetting31='0' EngSetting32='0' PageEnd='True'/>
  240.073: PhSetThermalBlackTopMarginAdjustment() - TopMarginAdjustMm = -0.003937: MmPerHsyncs = 0.042328
  240.105, 0.000, 'FuserMainPwrPercentAct',         33,        230, 0, 0
  240.155, 0.000, 'FuserMainPwrPercentAct',          0,        230, 0, 0
  240.218: WeatherThread: Calc Temp: 24.41 C, Calc RH: 49.73 (percent)
  240.228: WeatherThread: Filtered Temp: 24.41 C, Filtered RH: 49.73 (percent), Filtered Average RH: 49.05 (percent)
  240.605, 0.000, 'FuserMainPwrPercentAct',         33,        230, 0, 0
  240.705, 0.000, 'FuserMainPwrPercentAct',          0,        230, 0, 0
  240.721: RealTime='2026-09-23 08:39' Count='18' Valid = '1' RealTime_EncodedHex='0x7EA9BA27' RealTime_RefSeconds='843467980'
  241.520, 0.000, 'FuserMainPwrPercentAct',         33,        230, 0, 0
  241.570, 0.000, 'FuserMainPwrPercentAct',          0,        230, 0, 0
  242.100, 0.000, 'FuserMainPwrPercentAct',         33,        230, 0, 0
  242.150, 0.000, 'FuserMainPwrPercentAct',          0,        230, 0, 0
  242.665, 0.000, 'FuserMainPwrPercentAct',         33,        230, 0, 0
  242.765, 0.000, 'FuserMainPwrPercentAct',          0,        230, 0, 0
  243.580, 0.000, 'FuserMainPwrPercentAct',         33,        230, 0, 0
  243.630, 0.000, 'FuserMainPwrPercentAct',          0,        230, 0, 0
  244.195, 0.000, 'FuserMainPwrPercentAct',         33,        230, 0, 0
  244.295, 0.000, 'FuserMainPwrPercentAct',          0,        230, 0, 0
  244.995: TASK: Message EM_MSG_ET_TO_ET_THERMAL_TIMED_OUT sent to EmThermalTask()
  245.005: TASK: EmThermalTask() status 0x1.  Task NOT Removed.
  245.005: ItuTemp_F 76.800 CavityTemp_F 0.000 Weather Station_F 75.933 Bump_Time_Scalar 1.0000305176
  245.005: PhSetBeltStretchTopMarginAdjustment() - TopMarginAdjustMm = -0.734970: MmPerHsyncs = 0.042328
  245.005: TASK: Message EM_MSG_ET_TO_ET_LOAD_TIMER sent to EmThermalTimerTask()
  245.015: TASK: EmThermalTimerTask() status 0x1.  Task NOT Removed.
  245.175, 0.000, 'FuserMainPwrPercentAct',         33,        230, 0, 0
  245.275, 0.000, 'FuserMainPwrPercentAct',          0,        230, 0, 0
  246.021: ssec: cmd=27, devNum=255, rc=0
  246.155, 0.000, 'FuserMainPwrPercentAct',         33,        230, 0, 0
  246.255, 0.000, 'FuserMainPwrPercentAct',          0,        230, 0, 0
  247.185, 0.000, 'FuserMainPwrPercentAct',         33,        230, 0, 0
  247.235, 0.000, 'FuserMainPwrPercentAct',          0,        230, 0, 0
  247.700, 0.000, 'FuserMainPwrPercentAct',         33,        230, 0, 0
  247.800, 0.000, 'FuserMainPwrPercentAct',          0,        230, 0, 0
  248.115: EM: Thermal algorithm 843467987 - MotorRunningTimeUpdated: TempCooldownActive 0 gItmMotorRunning 0 JSealTemperature_degCAtMotorOff 31 JSealTemperature 31.0 C, WS Temp 24.4 C
  248.615: EM: Thermal algorithm 843467987 - MotorRunningTimeUpdated: TempCooldownActive 0 gItmMotorRunning 0 JSealTemperature_degCAtMotorOff 31 JSealTemperature 31.0 C, WS Temp 24.4 C
  248.745, 0.000, 'FuserMainPwrPercentAct',         33,        230, 0, 0
  248.795, 0.000, 'FuserMainPwrPercentAct',          0,        230, 0, 0
  249.295, 0.000, 'FuserMainPwrPercentAct',         33,        230, 0, 0
  249.395, 0.000, 'FuserMainPwrPercentAct',          0,        230, 0, 0
  250.225, 0.000, 'FuserMainPwrPercentAct',         33,        230, 0, 0
  250.275, 0.000, 'FuserMainPwrPercentAct',          0,        230, 0, 0
  250.615: EM: Thermal algorithm 843467989 - MotorRunningTimeUpdated: TempCooldownActive 0 gItmMotorRunning 0 JSealTemperature_degCAtMotorOff 31 JSealTemperature 31.0 C, WS Temp 24.4 C
  250.790, 0.000, 'FuserMainPwrPercentAct',         33,        230, 0, 0
  250.840, 0.000, 'FuserMainPwrPercentAct',          0,        230, 0, 0
  250.928: WeatherThread: Calc Temp: 24.41 C, Calc RH: 49.76 (percent)
  250.938: WeatherThread: Filtered Temp: 24.41 C, Filtered RH: 49.76 (percent), Filtered Average RH: 49.05 (percent)
  251.355, 0.000, 'FuserMainPwrPercentAct',         33,        230, 0, 0
  251.455, 0.000, 'FuserMainPwrPercentAct',          0,        230, 0, 0
  252.285, 0.000, 'FuserMainPwrPercentAct',         33,        230, 0, 0
  252.335, 0.000, 'FuserMainPwrPercentAct',          0,        230, 0, 0
  252.615: EM: Thermal algorithm 843467991 - MotorRunningTimeUpdated: TempCooldownActive 0 gItmMotorRunning 0 JSealTemperature_degCAtMotorOff 31 JSealTemperature 31.0 C, WS Temp 24.4 C
  252.850, 0.000, 'FuserMainPwrPercentAct',         33,        230, 0, 0
  252.900, 0.000, 'FuserMainPwrPercentAct',          0,        230, 0, 0
  253.415, 0.000, 'FuserMainPwrPercentAct',         33,        230, 0, 0
  253.515, 0.000, 'FuserMainPwrPercentAct',          0,        230, 0, 0
  254.445, 0.000, 'FuserMainPwrPercentAct',         33,        230, 0, 0
  254.545, 0.000, 'FuserMainPwrPercentAct',          0,        230, 0, 0
  254.615: EM: Thermal algorithm 843467993 - MotorRunningTimeUpdated: TempCooldownActive 0 gItmMotorRunning 0 JSealTemperature_degCAtMotorOff 31 JSealTemperature 31.0 C, WS Temp 24.4 C
  255.375, 0.000, 'FuserMainPwrPercentAct',         33,        230, 0, 0
  255.425, 0.000, 'FuserMainPwrPercentAct',          0,        230, 0, 0
  255.990, 0.000, 'FuserMainPwrPercentAct',         33,        230, 0, 0
  256.021: ssec: cmd=27, devNum=255, rc=0
  256.090, 0.000, 'FuserMainPwrPercentAct',          0,        230, 0, 0
  256.448: BUR sensor iterations 6, Object temp 57, Body temp 37
  256.870, 0.000, 'FuserMainPwrPercentAct',         33,        230, 0, 0
  256.920, 0.000, 'FuserMainPwrPercentAct',          0,        230, 0, 0
  256.958: BUR sensor iterations 6, Object temp 56, Body temp 37
  257.485, 0.000, 'FuserMainPwrPercentAct',         33,        230, 0, 0
  257.585, 0.000, 'FuserMainPwrPercentAct',          0,        230, 0, 0
  257.978: BUR sensor iterations 6, Object temp 57, Body temp 37
  258.580, 0.000, 'FuserMainPwrPercentAct',         33,        230, 0, 0
  258.615: EM: Thermal algorithm 843467997 - MotorRunningTimeUpdated: TempCooldownActive 0 gItmMotorRunning 0 JSealTemperature_degCAtMotorOff 31 JSealTemperature 31.0 C, WS Temp 24.4 C
  258.630, 0.000, 'FuserMainPwrPercentAct',          0,        230, 0, 0
  259.030, 0.000, 'FuserMainPwrPercentAct',         33,        230, 0, 0
  259.130, 0.000, 'FuserMainPwrPercentAct',          0,        230, 0, 0
  260.095, 0.000, 'FuserMainPwrPercentAct',         33,        230, 0, 0
  260.145, 0.000, 'FuserMainPwrPercentAct',          0,        230, 0, 0
  260.615: EM: Thermal algorithm 843467999 - MotorRunningTimeUpdated: TempCooldownActive 0 gItmMotorRunning 0 JSealTemperature_degCAtMotorOff 31 JSealTemperature 31.0 C, WS Temp 24.4 C
  260.625, 0.000, 'FuserMainPwrPercentAct',         33,        230, 0, 0
  260.725, 0.000, 'FuserMainPwrPercentAct',          0,        230, 0, 0
  261.555, 0.000, 'FuserMainPwrPercentAct',         33,        230, 0, 0
  261.605, 0.000, 'FuserMainPwrPercentAct',          0,        230, 0, 0
  261.638: WeatherThread: Calc Temp: 24.41 C, Calc RH: 49.83 (percent)
  261.648: WeatherThread: RH History update: minute sample count 6, buffer count 33, buffer index 33, value stored 49.5
  261.648: WeatherThread: Filtered Temp: 24.41 C, Filtered RH: 49.83 (percent), Filtered Average RH: 49.06 (percent)
  262.120, 0.000, 'FuserMainPwrPercentAct',         33,        230, 0, 0
  262.220, 0.000, 'FuserMainPwrPercentAct',          0,        230, 0, 0
  263.235, 0.000, 'FuserMainPwrPercentAct',         33,        230, 0, 0
  263.285, 0.000, 'FuserMainPwrPercentAct',          0,        230, 0, 0
  263.715, 0.000, 'FuserMainPwrPercentAct',         33,        230, 0, 0
  263.765, 0.000, 'FuserMainPwrPercentAct',          0,        230, 0, 0
  264.280, 0.000, 'FuserMainPwrPercentAct',         33,        230, 0, 0
  264.330, 0.000, 'FuserMainPwrPercentAct',          0,        230, 0, 0
  264.845, 0.000, 'FuserMainPwrPercentAct',         33,        230, 0, 0
  264.945, 0.000, 'FuserMainPwrPercentAct',          0,        230, 0, 0
  265.825, 0.000, 'FuserMainPwrPercentAct',         33,        230, 0, 0
  265.925, 0.000, 'FuserMainPwrPercentAct',          0,        230, 0, 0
  266.021: ssec: cmd=27, devNum=255, rc=0
  266.615: EM: Thermal algorithm 843468005 - MotorRunningTimeUpdated: TempCooldownActive 0 gItmMotorRunning 0 JSealTemperature_degCAtMotorOff 31 JSealTemperature 31.0 C, WS Temp 24.4 C
  266.755, 0.000, 'FuserMainPwrPercentAct',         33,        230, 0, 0
  266.855, 0.000, 'FuserMainPwrPercentAct',          0,        230, 0, 0
  267.785, 0.000, 'FuserMainPwrPercentAct',         33,        230, 0, 0
  267.835, 0.000, 'FuserMainPwrPercentAct',          0,        230, 0, 0
  268.300, 0.000, 'FuserMainPwrPercentAct',         33,        230, 0, 0
  268.350, 0.000, 'FuserMainPwrPercentAct',          0,        230, 0, 0
  268.865, 0.000, 'FuserMainPwrPercentAct',         33,        230, 0, 0
  268.965, 0.000, 'FuserMainPwrPercentAct',          0,        230, 0, 0
  269.980, 0.000, 'FuserMainPwrPercentAct',         33,        230, 0, 0
  270.030, 0.000, 'FuserMainPwrPercentAct',          0,        230, 0, 0
  270.073: PhSetThermalBlackTopMarginAdjustment() - TopMarginAdjustMm = -0.004074: MmPerHsyncs = 0.042328
  270.510, 0.000, 'FuserMainPwrPercentAct',         33,        230, 0, 0
  270.560, 0.000, 'FuserMainPwrPercentAct',          0,        230, 0, 0
  271.125, 0.000, 'FuserMainPwrPercentAct',         33,        230, 0, 0
  271.225, 0.000, 'FuserMainPwrPercentAct',          0,        230, 0, 0
  272.055, 0.000, 'FuserMainPwrPercentAct',         33,        230, 0, 0
  272.105, 0.000, 'FuserMainPwrPercentAct',          0,        230, 0, 0
  272.348: WeatherThread: Calc Temp: 24.42 C, Calc RH: 49.89 (percent)
  272.358: WeatherThread: Filtered Temp: 24.42 C, Filtered RH: 49.89 (percent), Filtered Average RH: 49.06 (percent)
  272.615: EM: Thermal algorithm 843468011 - MotorRunningTimeUpdated: TempCooldownActive 0 gItmMotorRunning 0 JSealTemperature_degCAtMotorOff 31 JSealTemperature 31.0 C, WS Temp 24.4 C
  272.620, 0.000, 'FuserMainPwrPercentAct',         33,        230, 0, 0
  272.720, 0.000, 'FuserMainPwrPercentAct',          0,        230, 0, 0
  273.615, 0.000, 'FuserMainPwrPercentAct',         33,        230, 0, 0
  273.715, 0.000, 'FuserMainPwrPercentAct',          0,        230, 0, 0
  273.731: TpTriggerSetWhiteVectorRefValue: Color = Black, New = -158, Old = -159, Valid = 1
  274.615: EM: Thermal algorithm 843468013 - MotorRunningTimeUpdated: TempCooldownActive 0 gItmMotorRunning 0 JSealTemperature_degCAtMotorOff 31 JSealTemperature 31.0 C, WS Temp 24.4 C
  274.630, 0.000, 'FuserMainPwrPercentAct',         33,        230, 0, 0
  274.730, 0.000, 'FuserMainPwrPercentAct',          0,        230, 0, 0
  275.745, 0.000, 'FuserMainPwrPercentAct',         33,        230, 0, 0
  275.795, 0.000, 'FuserMainPwrPercentAct',          0,        230, 0, 0
  276.021: ssec: cmd=27, devNum=255, rc=0
  276.275, 0.000, 'FuserMainPwrPercentAct',         33,        230, 0, 0
  276.375, 0.000, 'FuserMainPwrPercentAct',          0,        230, 0, 0
  276.615: EM: Thermal algorithm 843468015 - MotorRunningTimeUpdated: TempCooldownActive 0 gItmMotorRunning 0 JSealTemperature_degCAtMotorOff 31 JSealTemperature 31.0 C, WS Temp 24.4 C
  277.255, 0.000, 'FuserMainPwrPercentAct',         33,        230, 0, 0
  277.355, 0.000, 'FuserMainPwrPercentAct',          0,        230, 0, 0
  278.235, 0.000, 'FuserMainPwrPercentAct',         33,        230, 0, 0
  278.285, 0.000, 'FuserMainPwrPercentAct',          0,        230, 0, 0
  278.850, 0.000, 'FuserMainPwrPercentAct',         33,        230, 0, 0
  278.950, 0.000, 'FuserMainPwrPercentAct',          0,        230, 0, 0
  279.780, 0.000, 'FuserMainPwrPercentAct',         33,        230, 0, 0
  279.830, 0.000, 'FuserMainPwrPercentAct',          0,        230, 0, 0
  280.395, 0.000, 'FuserMainPwrPercentAct',         33,        230, 0, 0
  280.495, 0.000, 'FuserMainPwrPercentAct',          0,        230, 0, 0
  281.440, 0.000, 'FuserMainPwrPercentAct',         33,        230, 0, 0
  281.490, 0.000, 'FuserMainPwrPercentAct',          0,        230, 0, 0
  281.990, 0.000, 'FuserMainPwrPercentAct',         33,        230, 0, 0
  282.090, 0.000, 'FuserMainPwrPercentAct',          0,        230, 0, 0
  282.970, 0.000, 'FuserMainPwrPercentAct',         33,        230, 0, 0
  283.020, 0.000, 'FuserMainPwrPercentAct',          0,        230, 0, 0
  283.058: WeatherThread: Calc Temp: 24.42 C, Calc RH: 49.86 (percent)
  283.068: WeatherThread: Filtered Temp: 24.42 C, Filtered RH: 49.86 (percent), Filtered Average RH: 49.06 (percent)
  283.585, 0.000, 'FuserMainPwrPercentAct',         33,        230, 0, 0
  283.685, 0.000, 'FuserMainPwrPercentAct',          0,        230, 0, 0
  284.565, 0.000, 'FuserMainPwrPercentAct',         33,        230, 0, 0
  284.615, 0.000, 'FuserMainPwrPercentAct',          0,        230, 0, 0
  285.180, 0.000, 'FuserMainPwrPercentAct',         33,        230, 0, 0
  285.280, 0.000, 'FuserMainPwrPercentAct',          0,        230, 0, 0
  286.021: ssec: cmd=27, devNum=255, rc=0
  286.225, 0.000, 'FuserMainPwrPercentAct',         33,        230, 0, 0
  286.275, 0.000, 'FuserMainPwrPercentAct',          0,        230, 0, 0
  286.684: ssec: su: forceAuth=true
  286.693: ssec: sn: n=0x01, s=0x01, ss=0x04, f=0x02
  286.693: ssec: sn: n=0x01, d=0xa000316c, iq=0xb634, qu=0xb634, au=0x3c5d44b, mu=0x3c5d44b
  286.693: ssec: sn: n=0x02, s=0x01, ss=0x04, f=0x02
  286.693: ssec: sn: n=0x02, d=0xa0002de2, iq=0xabca, qu=0xabca, au=0x235cd5, mu=0x235cd5
  286.693: ssec: sn: n=0x03, s=0x01, ss=0x04, f=0x02
  286.693: ssec: sn: n=0x03, d=0xa00034a1, iq=0xb634, qu=0xb634, au=0xc8ee6, mu=0xc8ee6
  286.693: ssec: sn: n=0x04, s=0x01, ss=0x04, f=0x02
  286.693: ssec: sn: n=0x04, d=0xa0003c2d, iq=0xc86c, qu=0xc86c, au=0x1e3e804, mu=0x1e3e804
  286.693: ssec: sn: n=0x05, s=0x01, ss=0x04, f=0x00
  286.693: ssec: sn: n=0x05, d=0xa000557e, iq=0xea10, qu=0xd3b6, au=0x170f0, mu=0x170f0
  286.693: ssec: sn: n=0x06, s=0x01, ss=0x04, f=0x00
  286.693: ssec: sn: n=0x06, d=0xa0005a44, iq=0xea10, qu=0xd823, au=0x165c8, mu=0x165c3
  286.694: ssec: sn: n=0x07, s=0x01, ss=0x04, f=0x00
  286.694: ssec: sn: n=0x07, d=0xa00050e6, iq=0xf58a, qu=0xc550, au=0x170f3, mu=0x170f0
  286.694: ssec: gats: 
  286.790, 0.000, 'FuserMainPwrPercentAct',         33,        230, 0, 0
  286.839: ssec: gats: 
  286.845: ssec: atc:
  286.890, 0.000, 'FuserMainPwrPercentAct',          0,        230, 0, 0
  286.907: ssec: gats: 
  286.911: ssec: san: 
  286.916: ssec: sav: devNum=6
  286.977: ssec: sn: dn=0, st=1
  286.977: ssec: cmd=26, devNum=255, rc=0
  287.770, 0.000, 'FuserMainPwrPercentAct',         33,        230, 0, 0
  287.820, 0.000, 'FuserMainPwrPercentAct',          0,        230, 0, 0
  288.068: BUR sensor iterations 6, Object temp 58, Body temp 37
  288.385, 0.000, 'FuserMainPwrPercentAct',         33,        230, 0, 0
  288.485, 0.000, 'FuserMainPwrPercentAct',          0,        230, 0, 0
  288.578: BUR sensor iterations 6, Object temp 57, Body temp 37
  288.615: EM: Thermal algorithm 843468027 - MotorRunningTimeUpdated: TempCooldownActive 0 gItmMotorRunning 0 JSealTemperature_degCAtMotorOff 31 JSealTemperature 31.0 C, WS Temp 24.4 C
  289.088: BUR sensor iterations 6, Object temp 58, Body temp 37
  289.350, 0.000, 'FuserMainPwrPercentAct',         33,        230, 0, 0
  289.400, 0.000, 'FuserMainPwrPercentAct',          0,        230, 0, 0
  289.415, 0.000, 'FuserMainPwrPercentAct',         33,        230, 0, 0
  289.465, 0.000, 'FuserMainPwrPercentAct',          0,        230, 0, 0
  289.598: BUR sensor iterations 6, Object temp 57, Body temp 37
  290.108: BUR sensor iterations 6, Object temp 58, Body temp 37
  290.380, 0.000, 'FuserMainPwrPercentAct',         33,        230, 0, 0
  290.430, 0.000, 'FuserMainPwrPercentAct',          0,        230, 0, 0
  290.960, 0.000, 'FuserMainPwrPercentAct',         33,        230, 0, 0
  291.060, 0.000, 'FuserMainPwrPercentAct',          0,        230, 0, 0
  291.130, 0.000, 'NonContactBUR_AFT',              58,         66, 0, 0
  291.940, 0.000, 'FuserMainPwrPercentAct',         33,        230, 0, 0
  291.990, 0.000, 'FuserMainPwrPercentAct',          0,        230, 0, 0
  292.505, 0.000, 'FuserMainPwrPercentAct',         33,        230, 0, 0
  292.555, 0.000, 'FuserMainPwrPercentAct',          0,        230, 0, 0
  293.070, 0.000, 'FuserMainPwrPercentAct',         33,        230, 0, 0
  293.170, 0.000, 'FuserMainPwrPercentAct',          0,        230, 0, 0
  293.768: WeatherThread: Calc Temp: 24.41 C, Calc RH: 49.89 (percent)
  293.778: WeatherThread: Filtered Temp: 24.41 C, Filtered RH: 49.89 (percent), Filtered Average RH: 49.06 (percent)
  294.050, 0.000, 'FuserMainPwrPercentAct',         33,        230, 0, 0
  294.100, 0.000, 'FuserMainPwrPercentAct',          0,        230, 0, 0
  294.615: EM: Thermal algorithm 843468033 - MotorRunningTimeUpdated: TempCooldownActive 0 gItmMotorRunning 0 JSealTemperature_degCAtMotorOff 31 JSealTemperature 31.0 C, WS Temp 24.4 C
  294.665, 0.000, 'FuserMainPwrPercentAct',         33,        230, 0, 0
  294.765, 0.000, 'FuserMainPwrPercentAct',          0,        230, 0, 0
  295.645, 0.000, 'FuserMainPwrPercentAct',         33,        230, 0, 0
  295.695, 0.000, 'FuserMainPwrPercentAct',          0,        230, 0, 0
  296.021: ssec: cmd=27, devNum=255, rc=0
  296.260, 0.000, 'FuserMainPwrPercentAct',         33,        230, 0, 0
  296.360, 0.000, 'FuserMainPwrPercentAct',          0,        230, 0, 0
  297.190, 0.000, 'FuserMainPwrPercentAct',         33,        230, 0, 0
  297.240, 0.000, 'FuserMainPwrPercentAct',          0,        230, 0, 0
  297.805, 0.000, 'FuserMainPwrPercentAct',         33,        230, 0, 0
  297.905, 0.000, 'FuserMainPwrPercentAct',          0,        230, 0, 0
  298.950, 0.000, 'FuserMainPwrPercentAct',         33,        230, 0, 0
  299.000, 0.000, 'FuserMainPwrPercentAct',          0,        230, 0, 0
  299.500, 0.000, 'FuserMainPwrPercentAct',         33,        230, 0, 0
  299.600, 0.000, 'FuserMainPwrPercentAct',          0,        230, 0, 0
  300.073: PhSetThermalBlackTopMarginAdjustment() - TopMarginAdjustMm = -0.003937: MmPerHsyncs = 0.042328
  300.480, 0.000, 'FuserMainPwrPercentAct',         33,        230, 0, 0
  300.580, 0.000, 'FuserMainPwrPercentAct',          0,        230, 0, 0
  300.615: EM: Thermal algorithm 843468039 - MotorRunningTimeUpdated: TempCooldownActive 0 gItmMotorRunning 0 JSealTemperature_degCAtMotorOff 31 JSealTemperature 31.0 C, WS Temp 24.4 C
  300.721: RealTime='2026-09-23 08:40' Count='22' Valid = '1' RealTime_EncodedHex='0x7EA9BA28' RealTime_RefSeconds='843468040'
  301.595, 0.000, 'FuserMainPwrPercentAct',         33,        230, 0, 0
  301.645, 0.000, 'FuserMainPwrPercentAct',          0,        230, 0, 0
  302.125, 0.000, 'FuserMainPwrPercentAct',         33,        230, 0, 0
  302.225, 0.000, 'FuserMainPwrPercentAct',          0,        230, 0, 0
  302.615: EM: Thermal algorithm 843468041 - MotorRunningTimeUpdated: TempCooldownActive 0 gItmMotorRunning 0 JSealTemperature_degCAtMotorOff 31 JSealTemperature 31.0 C, WS Temp 24.4 C
  303.105, 0.000, 'FuserMainPwrPercentAct',         33,        230, 0, 0
  303.155, 0.000, 'FuserMainPwrPercentAct',          0,        230, 0, 0
  303.720, 0.000, 'FuserMainPwrPercentAct',         33,        230, 0, 0
  303.770, 0.000, 'FuserMainPwrPercentAct',          0,        230, 0, 0
  304.285, 0.000, 'FuserMainPwrPercentAct',         33,        230, 0, 0
  304.385, 0.000, 'FuserMainPwrPercentAct',          0,        230, 0, 0
  304.478: WeatherThread: Calc Temp: 24.41 C, Calc RH: 49.86 (percent)
  304.488, 0.000, 'Weather Station Temp C',           24.41,  214, 0, 0
  304.488, 0.000, 'Weather Station RH',               49.87,  215, 0, 0
  304.488: WeatherThread: Filtered Temp: 24.41 C, Filtered RH: 49.86 (percent), Filtered Average RH: 49.06 (percent)
  305.025: TASK: Message EM_MSG_ET_TO_ET_THERMAL_TIMED_OUT sent to EmThermalTask()
  305.035: TASK: EmThermalTask() status 0x1.  Task NOT Removed.
  305.035: ItuTemp_F 77.000 CavityTemp_F 0.000 Weather Station_F 75.939 Bump_Time_Scalar 1.0000305176
  305.035: PhSetBeltStretchTopMarginAdjustment() - TopMarginAdjustMm = -0.734970: MmPerHsyncs = 0.042328
  305.035: TASK: Message EM_MSG_ET_TO_ET_LOAD_TIMER sent to EmThermalTimerTask()
  305.045: TASK: EmThermalTimerTask() status 0x1.  Task NOT Removed.
  305.265, 0.000, 'FuserMainPwrPercentAct',         33,        230, 0, 0
  305.365, 0.000, 'FuserMainPwrPercentAct',          0,        230, 0, 0
  306.021: ssec: cmd=27, devNum=255, rc=0
  306.245, 0.000, 'FuserMainPwrPercentAct',         33,        230, 0, 0
  306.295, 0.000, 'FuserMainPwrPercentAct',          0,        230, 0, 0
  306.910, 0.000, 'FuserMainPwrPercentAct',         33,        230, 0, 0
  307.010, 0.000, 'FuserMainPwrPercentAct',          0,        230, 0, 0
  307.940, 0.000, 'FuserMainPwrPercentAct',         33,        230, 0, 0
  307.990, 0.000, 'FuserMainPwrPercentAct',          0,        230, 0, 0
  308.505, 0.000, 'FuserMainPwrPercentAct',         33,        230, 0, 0
  308.605, 0.000, 'FuserMainPwrPercentAct',          0,        230, 0, 0
  309.500, 0.000, 'FuserMainPwrPercentAct',         33,        230, 0, 0
  309.550, 0.000, 'FuserMainPwrPercentAct',          0,        230, 0, 0
  310.115, 0.000, 'FuserMainPwrPercentAct',         33,        230, 0, 0
  310.215, 0.000, 'FuserMainPwrPercentAct',          0,        230, 0, 0
  310.405: FMECH: FmDriverRequest(): Received request FUSER_MECH_QUERY_FUSER_MOTOR_INTERLOCKED with arg = 0x2ade4 and callback = 0x0
  310.405: FUSER: EngToFuserEvent() - Received event ENG_EVENT_AT_STANDBY                                (8) 
  310.405: FUSER: ChangeRequestedFuserControlState(): Changed FUSER_CTRLRQST_NONE -> FUSER_CTRLRQST_STANDBY
  310.405: FUSER: DisableHeatPipe() called...
  310.405: FUSER: ResetFuserRqstQueue() - Limit of Gate Time increasing to Nominal = 10000
  310.405: SUPPLIES: SupplyMgr External Request: QRY_SHERLOCK_FUSER_INFO 
  310.405: FUSER: FuserStoreCurrentBURRevCount(): Updating fuser BUR revs from 452078 to 452083
  310.405: FUSER: FuserResetGateTimeAdder() - Resetting Gate Time Adder
  310.405: FUSER: DisableHeatPipe() called...
  310.405: FUSER: FuserStandby() - DesiredCoolingTemp = 90
  310.405: FMECH: EngToFuserMechEventHandler(): Received event ENG_EVENT_AT_STANDBY                                with arg 0x1
  310.405: FMECH: EngToFuserMechEventHandler(): Event ENG_EVENT_AT_STANDBY                                received with standbyMode = 1...previous standbyMode was 0
  310.405: FMECH: FmResetPageQueue(): Resetting page queue
  310.405: FMECH: FmRequestToEnterStandbyMode() - Entering standby mode: 1, mech has cam: 1, light speed is enabled for standby tier: 0, mech closes for standby tier: 0
  310.405: FMECH: FmDriverRequest(): Received request FUSER_MECH_REQUEST_NIP_OPEN with arg = 0x0 and callback = 0x0
  310.405: FMECH: FmRequestNipOpen(): Nip open requested
  310.405: ceh - J1 wtb received event 8
  310.405, 0.000, 'LasrPwrK',                        0,         25, 0, 0
  310.405, 0.000, 'LasrPwrC',                        0,         26, 0, 0
  310.405, 0.000, 'LasrPwrM',                        0,         27, 0, 0
  310.405, 0.000, 'LasrPwrY',                        0,         28, 0, 0
  310.405: PH: Mirror Motor Stop.
  310.405: Nfy PRINTHEAD_STATUS_NFY=0x5A 0x02 0x00 0x00
  310.405, 0.000, 'Printhead_K',                     0,         33, 0, 0
  310.405: EP: Control status change: EP_CONTROL_LOCATION_MIRROR_MOTOR -> EP_CONTROL_STATUS_STOPPED
  310.405: EP: PH event, 7 = PH_EVENT_PRINTHEAD_STOPPED
  310.405: TP: TpTriggerProcessTriggers() gCalRequested = 0, Event = Ready, Status = 0, gCurrentCal.PageCount = 0, LastPrintMode = 255, LastResolution = 600, 
  310.405: TP: CheckTriggers() - gCustPreference = 0x0 SideInterval = 0xffffffff SideCountDelta = 0xe2 MinSideInterval = 0xffffffff MinDateInterval_sec = 0xfe256400 RefTimeDelta_sec = 0x0, 
<TPS_TRIGGER_CHECK EngineTime='  310.405' StringId='1007' PrinterSideCount='226' RealTimeSeconds='843468050' RealTime='2026-09-23 08:40' TriggerCheckReason='Ready' TriggerDecision='NotNeeded' CalibrationPreferenceValue='Off' SideCountAtLastClassicCal='0' ClassicSideCountThreshold='-1' RealTimeSecondsAtLastClassicCal='0' ClassicRealTimeSecondsThreshold='-31104000' AmbientTemp='24.41'  AmbientTempAtLastClassicCal=' 0.00' ClassicAmbientTempThreshold='-1.00' AmbientHum='49.87' AmbientHumAtLastClassicCal=' 0.00' ClassicAmbientHumThreshold='-1.00' WhiteVectorK='-158' WhiteVectorAtLastClassicCalK='0' WhiteVectorC='-138' WhiteVectorAtLastClassicCalC='0' WhiteVectorM='-138' WhiteVectorAtLastClassicCalM='0' WhiteVectorY='-138' WhiteVectorAtLastClassicCalY='0' ClassicWhiteVectorThreshold='-1'  ClassicMinSideCountThreshold='-1' ClassicMinTimeSecondsThreshold='-31104000' SideCountAtLastGapCal='0' GapSideCountThreshold='-1' GapSideRunOverThreshold='-1' RealTimeSecondsAtLastGapCal='0' />
  310.405: TP: CheckTriggers() - Event: Ready, NewCal.CalType = 0x000, gPendingCal.CalType = 0x000, NewCal.Parms.Flags = 0x0000, gCalPending.Parms.Flags = 0x0000, NewCal.CalType update line #: 1210, break line #: 2748, 
  310.405, 0.000, 'MainTherm_RFT',                 120,         58, 0, 0
  310.405: FUSER: FsrConUpdateNextState for 0 changed FUSER_CTRLSTATE_STEADY_STATE -> FUSER_CTRLSTATE_COOLING
  310.405: FUSER: ChangeRequestedFuserControlState(): Changed FUSER_CTRLRQST_STANDBY -> FUSER_CTRLRQST_NONE
  310.405: FUSER: FsrConSwitchToNextState for 0 changed FUSER_CTRLSTATE_STEADY_STATE -> FUSER_CTRLSTATE_COOLING
  310.405, 0.000, 'FuserConMainState',               2,        161, 0, 0
  310.406: FAN: EngToFanEvent() - Event: ENG_EVENT_AT_STANDBY                               
  310.410: FMECH: FmFuserCamStateMachine(): Processing openNipRequested in state FM_MOTOR_STATE_CLOSED_STOPPED_LIGHTSPEED
  310.410: FMECH: FmSwitchFuserCamState(): switching state from FM_MOTOR_STATE_CLOSED_STOPPED_LIGHTSPEED to FM_MOTOR_STATE_OPENING_SEQUENCE_INIT
  310.410: FUSER: InitController_LUT() / InitController_PID() - Fuser control gain mode for 0 is FUSER_CONTROL_GAINMODE_STANDBY, Uses Phase Control: 1
  310.410: FUSER: InitController_PID() - Fuser PID Control -- Gains: Kp=15,Kin=2,Kids=5,Kd=5,IIE=71
  310.407: ceh - wtb received event 8
  310.408, 0.000, 'LasrPwrK',                        0,         25, 0, 0
  310.408, 0.000, 'LasrPwrC',                        0,         26, 0, 0
  310.408, 0.000, 'LasrPwrM',                        0,         27, 0, 0
  310.408, 0.000, 'LasrPwrY',                        0,         28, 0, 0
  310.415, 0.000, 'MainTherm_DFT',                 120,         59, 0, 0
  310.415, 0.000, 'FuserMainPwrPercentReq',          0,         68, 0, 0
  310.408: FAN: PHToFanEvent() - Event: PH_EVENT_PRINTHEAD_STOPPED
  310.411: FAN: MainFan: Speed Update: 0 RPM; FanOperatingEngineState: FAN_ENGINE_STATE_IDLE_STANDBY_MODE_2   ; TemperatureIndex: 0; TemperatureArraySize: 1; EnginePrintModeIndex: 0; EnginePrintModeArraySize: 1; EngineQuietModeIndex: 0; EngineQuietModeArraySize: 1; FuserTechnologyIndex: 0; FuserTechnologyArraySize: 1; EngineThermalModeIndex: 0; EngineThermalModeArraySize: 5; EngineSleepModeIndex: 0; EngineSleepModeArraySize: 1; StateDurationIndex: 0; RampupAttemptsReset: 0; MachineType: MFP;
  310.411: FAN: CartFan: Speed Update: 0 RPM; FanOperatingEngineState: FAN_ENGINE_STATE_IDLE_STANDBY_MODE_2   ; TemperatureIndex: 0; TemperatureArraySize: 1; EnginePrintModeIndex: 0; EnginePrintModeArraySize: 1; EngineQuietModeIndex: 0; EngineQuietModeArraySize: 1; FuserTechnologyIndex: 0; FuserTechnologyArraySize: 1; EngineThermalModeIndex: 0; EngineThermalModeArraySize: 5; EngineSleepModeIndex: 0; EngineSleepModeArraySize: 1; StateDurationIndex: 0; RampupAttemptsReset: 0; MachineType: MFP;
  310.419: FMECH: FuserMechRaiseEvent(): FUSER_MECH_EVENT_CAM_POS_OPENING
  310.419: FUSER: FuserUpdateMechPosition(): FUSER_MECH_CLOSED_STOPPED (max power 50%) -> FUSER_MECH_OPENING (max power 50%), LLV_Offset = 15
  310.419: FMECH: FmSwitchFuserCamState(): switching state from FM_MOTOR_STATE_OPENING_SEQUENCE_INIT to FM_MOTOR_STATE_OPENING_STAGE_CAMMING_INIT
  310.411: FAN: CartFan2: Speed Update: 0 RPM; FanOperatingEngineState: FAN_ENGINE_STATE_IDLE_STANDBY_MODE_2   ; TemperatureIndex: 0; TemperatureArraySize: 1; EnginePrintModeIndex: 0; EnginePrintModeArraySize: 1; EngineQuietModeIndex: 0; EngineQuietModeArraySize: 1; FuserTechnologyIndex: 0; FuserTechnologyArraySize: 1; EngineThermalModeIndex: 0; EngineThermalModeArraySize: 5; EngineSleepModeIndex: 0; EngineSleepModeArraySize: 1; StateDurationIndex: 0; RampupAttemptsReset: 0; MachineType: MFP;
  310.411: FAN: LVPSFan: Speed Update: 2000 RPM; FanOperatingEngineState: FAN_ENGINE_STATE_IDLE_STANDBY_MODE_2   ; TemperatureIndex: 0; TemperatureArraySize: 1; EnginePrintModeIndex: 0; EnginePrintModeArraySize: 1; EngineQuietModeIndex: 0; EngineQuietModeArraySize: 1; FuserTechnologyIndex: 0; FuserTechnologyArraySize: 1; EngineThermalModeIndex: 0; EngineThermalModeArraySize: 5; EngineSleepModeIndex: 0; EngineSleepModeArraySize: 1; StateDurationIndex: 0; RampupAttemptsReset: 0; MachineType: MFP;
  310.411: FAN: BlowerFan: Speed Update: 0 RPM; FanOperatingEngineState: FAN_ENGINE_STATE_IDLE_STANDBY_MODE_2   ; TemperatureIndex: 0; TemperatureArraySize: 1; EnginePrintModeIndex: 0; EnginePrintModeArraySize: 1; EngineQuietModeIndex: 0; EngineQuietModeArraySize: 1; FuserTechnologyIndex: 0; FuserTechnologyArraySize: 1; EngineThermalModeIndex: 0; EngineThermalModeArraySize: 5; EngineSleepModeIndex: 0; EngineSleepModeArraySize: 1; StateDurationIndex: 0; RampupAttemptsReset: 0; MachineType: MFP;
  310.429: FMECH: FmSetOpTimer(): Op timer set to 10000ms in state FM_MOTOR_STATE_OPENING_STAGE_CAMMING_INIT
  310.429: FMECH: FmRunMotorForStage(): Fuser motor adjusted RPM: 1000, behavior: FUSER_RUN_REVERSE, distance: 168 [halls]
  310.429, 0.000, 'FuserMtr',                     1000,         40, 0, 0
  310.429: FMECH: FmSwitchFuserCamState(): switching state from FM_MOTOR_STATE_OPENING_STAGE_CAMMING_INIT to FM_MOTOR_STATE_OPENING_STAGE_CAMMING_RUNNING
  310.432: FUSER: ChangeRequestedFuserControlState(): Changed FUSER_CTRLRQST_NONE -> FUSER_CTRLRQST_STANDBY
  310.432: FUSER: DisableHeatPipe() called...
  310.432: FUSER: FuserBoostStandbyTemperatureForMotorStart() - Setting Boosted Standby Temperature: Temp = 125
  310.432: HB: J1 HbUpdateMotorRunningStatus() - FUSER IsMotorRunning = 0x1 FilteredSensorIsMade = 0x0 IgnoreTimeout = 0x1 MotorRunningTimer = 0
  310.430: HB: J2 HbUpdateMotorRunningStatus() - FUSER IsMotorRunning = 0x1 FilteredSensorIsMade = 0x0 IgnoreTimeout = 0x1 MotorRunningTimer = 0
  310.430, 0.000, 'MtrFuser_mmpsec',                   0.00,  115, 0, 0
  310.430: MOTOR: BLDC_StartMotor motorID FUSER Behavior: FUSER_RUN_REVERSE CMD Distance: 168 PMI: 0 CMP: 0 Commutation Mode: 3 CMD RPM: 850 NominalRadPerSec=    104.72
  310.435, 0.000, 'MainTherm_RFT',                 125,         58, 0, 0
  310.435: FUSER: ChangeRequestedFuserControlState(): Changed FUSER_CTRLRQST_STANDBY -> FUSER_CTRLRQST_NONE
<BLDC_MONITOR EngineTime='  310.430'  StringId='52'  PrinterSideCount='226' RealTime='2026-09-23 08:40' MotorId='FUSER' Behavior='FUSER_RUN_REVERSE'  Event='Start'  DistanceEdges='0' Vendor_ID='0'/>
  310.431: mtr_hw.c: line 2578 - Turnon Mtr FUSER
  310.431, 0.000, 'MtrFuser_state',                  5,        169, 0, 0
  310.431, 0.000, 'MtrFuser_position',                 0.00,  182, 0, 0
  310.431: MOTOR: BLDC motorID FUSER, Behavior: FUSER_RUN_REVERSE State: BLDC_WAIT_FOR_START_DELAY
  310.431: MOTOR: BLDC motorID FUSER New MinHallPeriod = 0, RPM = 0
  310.440, 0.000, 'MtrFuser_mmpsec',                -109.36,  115, 0, 0
  310.440: mtr_hw.c: line 2578 - Turnon Mtr FUSER
  310.440: MOTOR: BLDC motorID FUSER, Behavior: FUSER_RUN_REVERSE State: BLDC_START_AFTER_ENABLED
  310.450: mtr_hw.c: line 2289 - Turnon Mtr FUSER
  310.450: MOTOR: BLDC motorID FUSER, Behavior: FUSER_RUN_REVERSE State: BLDC_ENCODER_SIGNAL_STABILIZE
  310.500: MOTOR: BLDC motorID FUSER, Behavior: FUSER_RUN_REVERSE State: BLDC_WF_ENCODER_COUNT
  310.510: MOTOR: BLDC motorID FUSER EncoderCount: 4
  310.510: MOTOR: BLDC motorID FUSER, Behavior: FUSER_RUN_REVERSE State: BLDC_TEST_SPEED_USING_ENCODER
  310.520: MOTOR: BLDC motorID FUSER Hall_Period: 175104 ValidCLEntry: 116707 RPM: 560 ValidCLRPM: 841
  310.530: MOTOR: BLDC motorID FUSER Hall_Period: 155043 ValidCLEntry: 116707 RPM: 633 ValidCLRPM: 841
  310.540: MOTOR: BLDC motorID FUSER Hall_Period: 136251 ValidCLEntry: 116707 RPM: 720 ValidCLRPM: 841
  310.550: MOTOR: BLDC motorID FUSER Hall_Period: 120321 ValidCLEntry: 116707 RPM: 815 ValidCLRPM: 841
  310.560: MOTOR: BLDC motorID FUSER Hall_Period: 107910 ValidCLEntry: 116707 RPM: 909 ValidCLRPM: 841
  310.560: MOTOR: BLDC motorID FUSER, Behavior: FUSER_RUN_REVERSE State: BLDC_CL_RAMP
  310.570: MOTOR: BLDC motorID FUSER CL SPEED CONTROL ACTIVE
  310.570, 0.000, 'MtrFuser_mmpsec',                -126.26,  115, 0, 0
  310.918: SUPPLIES: Memory: MemoryCommoKernelThread; WRITE_MEMORY_CONTENTS; MemMgrState = 0
  310.918: SUPPLIES: Memory: WriteMemory: dev=7, devaddr=512, sz=16, src=2149c 
  310.918: SUPPLIES: Memory: MemManSubmitWork(): work=WRITE_MEMORY_CONTENTS  struct=2 rc=0 MemMgrState=MEM_MGR_IDLE  
  310.918: SUPPLIES: Memory: MemMgrNewState() MEM_MGR_IDLE  --> MEM_MGR_WR_W_F_WRITE  
  310.922: ssec: wm: devNum=7, encrypt=true, dataSize=0x10, offset=0x200
  310.960: SUPPLIES: Memory: rc=0 
  310.960: SUPPLIES: Memory: WriteMemory: dev=7, devaddr=528, sz=16, src=214ac 
  310.959: ssec: cmd=5, devNum=7, rc=0
  310.963: ssec: wm: devNum=7, encrypt=true, dataSize=0x10, offset=0x210
  311.004: SUPPLIES: Memory: rc=0 
  311.004: SUPPLIES: Memory: WriteMemory: dev=7, devaddr=544, sz=16, src=214bc 
  311.003: ssec: cmd=5, devNum=7, rc=0
  311.008: ssec: wm: devNum=7, encrypt=true, dataSize=0x10, offset=0x220
  311.040, 0.000, 'MtrFuser_state',                 10,        169, 0, 0
  311.040, 0.000, 'MtrFuser_position',                67.41,  182, 0, 0
  311.040: MOTOR: BLDC motorID FUSER, Behavior: FUSER_RUN_REVERSE State: BLDC_CLOSED_LOOP_SPEED_CONTROL
  311.046: SUPPLIES: Memory: rc=0 
  311.046: SUPPLIES: Memory: WriteMemory: dev=7, devaddr=560, sz=16, src=214cc 
  311.045: ssec: cmd=5, devNum=7, rc=0
  311.050: ssec: wm: devNum=7, encrypt=true, dataSize=0x10, offset=0x230
  311.087: ssec: cmd=5, devNum=7, rc=0
  311.089: SUPPLIES: Memory: rc=0 
  311.089: SUPPLIES: Memory: WriteMemory: dev=7, devaddr=576, sz=16, src=214dc 
  311.090: MOTOR: BLDC motorID FUSER, Behavior: FUSER_RUN_REVERSE State: BLDC_CLOSED_LOOP_SPEED_N_POS_CONTROL
  311.093: ssec: wm: devNum=7, encrypt=true, dataSize=0x10, offset=0x240
  311.100: MOTOR: BLDC motorID FUSER, Behavior: FUSER_RUN_REVERSE State: BLDC_ENABLE_FEED_FORWARD
  311.110: MOTOR: BLDC motorID FUSER, Behavior: FUSER_RUN_REVERSE State: BLDC_STEADY_STATE
  311.121: FMECH: MtrToFuserMechEventHandler(): Received event MTR_EVENT_LOCK_AT_TARGET_SPEED for MTR_ID_FUSER for requested speed 1000 RPM
  311.132: SUPPLIES: Memory: rc=0 
  311.132: SUPPLIES: Memory: WriteMemory: dev=7, devaddr=592, sz=16, src=214ec 
  311.130: ssec: cmd=5, devNum=7, rc=0
  311.135: ssec: wm: devNum=7, encrypt=true, dataSize=0x10, offset=0x250
  311.174: SUPPLIES: Memory: rc=0 
  311.174: SUPPLIES: Memory: WriteMemory: dev=7, devaddr=608, sz=16, src=214fc 
  311.173: ssec: cmd=5, devNum=7, rc=0
  311.178: ssec: wm: devNum=7, encrypt=true, dataSize=0x10, offset=0x260
  311.211: FMECH: Fuser Motor Vendor = (Nidec): CurrentLimit = 75.0
  311.211: FMECH: MtrToFuserMechCurrentCBHandler(): AvgIntegratorValue=15.3
<BLDC_HEALTH_CHECK EngineTime='  311.210' StringId='55' PrinterSideCount='226' RealTime='2026-09-23 08:40' MotorId='FUSER' Behavior='FUSER_RUN_REVERSE' RampTime_ms='590' AvgIntegratorValue='0.0' MaxRampIntegratorValue='17.0' MaxIntegratorValue='0.0' AvgSpeed_RadPerS='0.0' PhaseAdvance='0' RailV='24.9' Vendor_ID='0' />
  311.215: SUPPLIES: Memory: rc=0 
  311.215: SUPPLIES: Memory: WriteMemory: dev=7, devaddr=624, sz=16, src=2150c 
  311.214: ssec: cmd=5, devNum=7, rc=0
  311.218: ssec: wm: devNum=7, encrypt=true, dataSize=0x10, offset=0x270
  311.256: SUPPLIES: Memory: rc=0 
  311.256: SUPPLIES: Memory: WriteMemory: dev=7, devaddr=640, sz=16, src=2151c 
  311.255: ssec: cmd=5, devNum=7, rc=0
  311.260: ssec: wm: devNum=7, encrypt=true, dataSize=0x10, offset=0x280
  311.301: SUPPLIES: Memory: rc=0 
  311.301: SUPPLIES: Memory: WriteMemory: dev=7, devaddr=656, sz=16, src=2152c 
  311.300: ssec: cmd=5, devNum=7, rc=0
  311.305: ssec: wm: devNum=7, encrypt=true, dataSize=0x10, offset=0x290
  311.344: SUPPLIES: Memory: rc=0 
  311.344: SUPPLIES: Memory: WriteMemory: dev=7, devaddr=672, sz=16, src=2153c 
  311.343: ssec: cmd=5, devNum=7, rc=0
  311.348: ssec: wm: devNum=7, encrypt=true, dataSize=0x10, offset=0x2a0
  311.386: SUPPLIES: Memory: rc=0 
  311.386: SUPPLIES: Memory: WriteMemory: dev=7, devaddr=688, sz=16, src=2154c 
  311.385: ssec: cmd=5, devNum=7, rc=0
  311.390: ssec: wm: devNum=7, encrypt=true, dataSize=0x10, offset=0x2b0
  311.394, 0.000, 'FuserMechHome',                   0,        205, 0, 0
  311.414: FMECH: EngToFuserMechEventHandler(): Received event ENG_EVENT_FUSER_MECH_HOME_BREAK                     with arg 0x0
  311.419: FMECH: FmFuserCamStateMachine(): Expected sensor state has been seen in FM_MOTOR_STATE_OPENING_STAGE_CAMMING_RUNNING after running motor for 70 halls. Stopping the motor after 3 halls.
  311.419: FMECH: FmStopMotor(): Requesting fuser motor stop
  311.419, 0.000, 'FuserMtr',                        0,         40, 0, 0
  311.419: FMECH: FmSwitchFuserCamState(): switching state from FM_MOTOR_STATE_OPENING_STAGE_CAMMING_RUNNING to FM_MOTOR_STATE_OPENING_WF_MOTOR_STOP_OR_TIMEOUT
  311.420: HB: J2 HbUpdateMotorRunningStatus() - FUSER IsMotorRunning = 0x0 FilteredSensorIsMade = 0x0 IgnoreTimeout = 0x1 MotorRunningTimer = 99
  311.420: MOTOR: BLDC_ClientShutdownMotor motorID FUSER CMD Distance: 3
  311.429: SUPPLIES: Memory: rc=0 
  311.429: SUPPLIES: Memory: WriteMemory: dev=7, devaddr=704, sz=9, src=2155c 
  311.427: ssec: cmd=5, devNum=7, rc=0
  311.428: HB: J2 HbHangBuster() - FUSER IsMotorRunning = 0x0 FilteredSensorIsMade = 0x0 IgnoreTimeout = 0x1 MotorRunningTimer = 0
  311.433: ssec: wm: devNum=7, encrypt=true, dataSize=0x9, offset=0x2c0
  311.452: MOTOR: BLDC motorID FUSER, Shutdown Condition Met HallCnt: 78 Desired 78
  311.460, 0.000, 'MtrFuser_state',                  5,        169, 0, 0
  311.460, 0.000, 'MtrFuser_position',               121.45,  182, 0, 0
  311.460, 0.000, 'MtrFuser_mmpsec',                   0.00,  115, 0, 0
  311.460: MOTOR: BLDC motorID FUSER, Behavior: FUSER_RUN_REVERSE State: BLDC_STOPPING
  311.470: SUPPLIES: Memory: rc=0 
  311.470: SUPPLIES: Memory: rc=0 
  311.470: SUPPLIES: Memory: MemoryCommoKernelThread; WRITE_MEMORY_CONTENTS complete; MemMgrState: 3, Passed: 1
  311.470: SUPPLIES: MemoryCommoKernelThread exit:  Total Run Time: 552 milliseconds 
  311.472: FMECH: Fuser Motor Vendor = (Nidec): CurrentLimit = 75.0
  311.472: FMECH: MtrToFuserMechCurrentCBHandler(): AvgIntegratorValue=15.1
  311.469: ssec: cmd=5, devNum=7, rc=0
<BLDC_HEALTH_CHECK EngineTime='  311.470' StringId='55' PrinterSideCount='226' RealTime='2026-09-23 08:40' MotorId='FUSER' Behavior='FUSER_RUN_REVERSE' RampTime_ms='590' AvgIntegratorValue='15.1' MaxRampIntegratorValue='17.0' MaxIntegratorValue='15.0' AvgSpeed_RadPerS='104.7' PhaseAdvance='0' RailV='24.9' Vendor_ID='0' />
  311.478: SUPPLIES: Memory: MemMgrNewState() MEM_MGR_WR_W_F_WRITE  --> MEM_MGR_IDLE  
  311.510: mtr_hw.c: line 2686 - Turnoff Mtr FUSER MtrActive 0
  311.510: MOTOR: BLDC motorID FUSER, Behavior: FUSER_RUN_REVERSE State: BLDC_WAIT_TO_REPORT_STOP
  311.772: FUSER: ChangeRequestedFuserControlState(): Changed FUSER_CTRLRQST_NONE -> FUSER_CTRLRQST_STANDBY
  311.772: FUSER: DisableHeatPipe() called...
  311.772: FUSER: FuserAbortBoostedStandbyTemperature() - Aborting Boosted Standby Temperature: Temp = 120
  311.772: FuserHasStoppedTurning() - Fuser Has Stopped turning.
  311.772: FMECH: MtrToFuserMechEventHandler(): Motor stop occurred, motorIsRunning = 0
  311.772: HB: J1 HbUpdateMotorRunningStatus() - FUSER IsMotorRunning = 0x0 FilteredSensorIsMade = 0x0 IgnoreTimeout = 0x1 MotorRunningTimer = 134
<BLDC_MONITOR EngineTime='  311.770'  StringId='52'  PrinterSideCount='226' RealTime='2026-09-23 08:40' MotorId='FUSER' Behavior='FUSER_RUN_REVERSE'  Event='Stop'   DistanceEdges='80' Vendor_ID='0'/>
  311.770: MOTOR: BLDC motorID FUSER STOPPED: Running Hall Counts 80
  311.770, 0.000, 'MtrFuser_state',                  0,        169, 0, 0
  311.770, 0.000, 'MtrFuser_position',               124.88,  182, 0, 0
  311.775: HB: J1 HbHangBuster() - FUSER IsMotorRunning = 0x0 FilteredSensorIsMade = 0x0 IgnoreTimeout = 0x1 MotorRunningTimer = 0
  311.775, 0.000, 'MainTherm_RFT',                 120,         58, 0, 0
  311.775: FUSER: ChangeRequestedFuserControlState(): Changed FUSER_CTRLRQST_STANDBY -> FUSER_CTRLRQST_NONE
  311.770: MOTOR: BLDC motorID FUSER, Behavior: FUSER_RUN_REVERSE State: BLDC_TRANSITION_TO_IDLE
  311.779: FMECH: FmFuserCamStateMachine(): Motor has stopped in FM_MOTOR_STATE_OPENING_WF_MOTOR_STOP_OR_TIMEOUT after running 80 halls
  311.779: FMECH: FuserMechRaiseEvent(): FUSER_MECH_EVENT_FSR_MTR_STOPPED
  311.779: FMECH: FmSwitchFuserCamState(): switching state from FM_MOTOR_STATE_OPENING_WF_MOTOR_STOP_OR_TIMEOUT to FM_MOTOR_STATE_OPENING_STAGE_POST_SLACK_REMOVAL_INIT
  311.780: MOTOR: BLDC motorID FUSER, Behavior: FUSER_RUN_REVERSE State: BLDC_IDLE
  311.789: FMECH: FmLoadParametersForStage(): BUR slack removal is going to run 80 halls from state FM_MOTOR_STATE_OPENING_STAGE_POST_SLACK_REMOVAL_INIT
  311.789: FMECH: FmSwitchFuserCamState(): switching state from FM_MOTOR_STATE_OPENING_STAGE_POST_SLACK_REMOVAL_INIT to FM_MOTOR_STATE_OPENING_STAGE_POST_SLACK_REMOVAL_STOPPED_WF_MIN_FUSER_TEMPERATURE
  311.799: FMECH: FmLoadParametersForStage(): BUR slack removal is going to run 80 halls from state FM_MOTOR_STATE_OPENING_STAGE_POST_SLACK_REMOVAL_STOPPED_WF_MIN_FUSER_TEMPERATURE
  311.799: FMECH: FmRunMotorForStage(): Fuser motor adjusted RPM: 1000, behavior: FUSER_RUN_FORWARD, distance: 80 [halls]
  311.799, 0.000, 'FuserMtr',                     1000,         40, 0, 0
  311.799: FMECH: FmSwitchFuserCamState(): switching state from FM_MOTOR_STATE_OPENING_STAGE_POST_SLACK_REMOVAL_STOPPED_WF_MIN_FUSER_TEMPERATURE to FM_MOTOR_STATE_OPENING_STAGE_POST_SLACK_REMOVAL_RUNNING
  311.802: FUSER: ChangeRequestedFuserControlState(): Changed FUSER_CTRLRQST_NONE -> FUSER_CTRLRQST_STANDBY
  311.802: FUSER: DisableHeatPipe() called...
  311.802: FUSER: FuserBoostStandbyTemperatureForMotorStart() - Setting Boosted Standby Temperature: Temp = 125
  311.802: HB: J1 HbUpdateMotorRunningStatus() - FUSER IsMotorRunning = 0x1 FilteredSensorIsMade = 0x0 IgnoreTimeout = 0x1 MotorRunningTimer = 0
  311.800: HB: J2 HbUpdateMotorRunningStatus() - FUSER IsMotorRunning = 0x1 FilteredSensorIsMade = 0x0 IgnoreTimeout = 0x1 MotorRunningTimer = 0
  311.800, 0.000, 'MtrFuser_mmpsec',                   0.00,  115, 0, 0
  311.800: MOTOR: BLDC_StartMotor motorID FUSER Behavior: FUSER_RUN_FORWARD CMD Distance: 80 PMI: 0 CMP: 0 Commutation Mode: 3 CMD RPM: 850 NominalRadPerSec=    104.72
  311.805, 0.000, 'MainTherm_RFT',                 125,         58, 0, 0
  311.805: FUSER: ChangeRequestedFuserControlState(): Changed FUSER_CTRLRQST_STANDBY -> FUSER_CTRLRQST_NONE
<BLDC_MONITOR EngineTime='  311.800'  StringId='52'  PrinterSideCount='226' RealTime='2026-09-23 08:40' MotorId='FUSER' Behavior='FUSER_RUN_FORWARD'  Event='Start'  DistanceEdges='0' Vendor_ID='0'/>
  311.801: mtr_hw.c: line 2578 - Turnon Mtr FUSER
  311.801, 0.000, 'MtrFuser_state',                  5,        169, 0, 0
  311.801, 0.000, 'MtrFuser_position',                 0.00,  182, 0, 0
  311.801: MOTOR: BLDC motorID FUSER, Behavior: FUSER_RUN_FORWARD State: BLDC_WAIT_FOR_START_DELAY
  311.801: MOTOR: BLDC motorID FUSER New MinHallPeriod = 0, RPM = 0
  311.810, 0.000, 'MtrFuser_mmpsec',                 109.36,  115, 0, 0
  311.810: mtr_hw.c: line 2578 - Turnon Mtr FUSER
  311.810: MOTOR: BLDC motorID FUSER, Behavior: FUSER_RUN_FORWARD State: BLDC_START_AFTER_ENABLED
  311.820: mtr_hw.c: line 2289 - Turnon Mtr FUSER
  311.820: MOTOR: BLDC motorID FUSER, Behavior: FUSER_RUN_FORWARD State: BLDC_ENCODER_SIGNAL_STABILIZE
  311.870: MOTOR: BLDC motorID FUSER, Behavior: FUSER_RUN_FORWARD State: BLDC_WF_ENCODER_COUNT
  311.890: MOTOR: BLDC motorID FUSER EncoderCount: 7
  311.890: MOTOR: BLDC motorID FUSER, Behavior: FUSER_RUN_FORWARD State: BLDC_TEST_SPEED_USING_ENCODER
  311.900: MOTOR: BLDC motorID FUSER Hall_Period: 150948 ValidCLEntry: 116707 RPM: 650 ValidCLRPM: 841
  311.910: MOTOR: BLDC motorID FUSER Hall_Period: 131661 ValidCLEntry: 116707 RPM: 745 ValidCLRPM: 841
  311.920: MOTOR: BLDC motorID FUSER Hall_Period: 116946 ValidCLEntry: 116707 RPM: 839 ValidCLRPM: 841
  311.930: MOTOR: BLDC motorID FUSER Hall_Period: 104886 ValidCLEntry: 116707 RPM: 935 ValidCLRPM: 841
  311.930: MOTOR: BLDC motorID FUSER, Behavior: FUSER_RUN_FORWARD State: BLDC_CL_RAMP
  311.940: MOTOR: BLDC motorID FUSER CL SPEED CONTROL ACTIVE
  311.940, 0.000, 'MtrFuser_mmpsec',                 130.91,  115, 0, 0
  312.010, 0.000, 'MiddleTherm_AFT',               114,         67, 0, 0
  312.037: BUR sensor iterations 6, Object temp 59, Body temp 37
  312.525: FUSER: FsrConUpdateNextState for 0 changed FUSER_CTRLSTATE_COOLING -> FUSER_CTRLSTATE_STEADY_STATE
  312.525: FUSER: FsrConSwitchToNextState for 0 changed FUSER_CTRLSTATE_COOLING -> FUSER_CTRLSTATE_STEADY_STATE
  312.525, 0.000, 'FuserConMainState',               3,        161, 0, 0
  312.530: FUSER: InitController_PID() - RequestedPower = 0: InitialIntegral = 0: Kp = 15: Kin = 2: Kis = 5: Kd = 5: iie = 255
  312.530: FUSER: InitController_LUT() / InitController_PID() - Fuser control gain mode for 0 is FUSER_CONTROL_GAINMODE_STANDBY, Uses Phase Control: 1
  312.530: FUSER: InitController_PID() - Fuser PID Control -- Gains: Kp=15,Kin=2,Kids=5,Kd=5,IIE=0
  312.829: MOTOR: BLDC motorID FUSER, Shutdown Condition Met HallCnt: 80 Desired 80
  312.830, 0.000, 'MtrFuser_mmpsec',                   0.00,  115, 0, 0
  312.830: MOTOR: BLDC motorID FUSER, Behavior: FUSER_RUN_FORWARD State: BLDC_STOPPING
  312.841: FMECH: Fuser Motor Vendor = (Nidec): CurrentLimit = 75.0
  312.841: FMECH: MtrToFuserMechCurrentCBHandler(): AvgIntegratorValue=14.1
<BLDC_HEALTH_CHECK EngineTime='  312.840' StringId='55' PrinterSideCount='226' RealTime='2026-09-23 08:40' MotorId='FUSER' Behavior='FUSER_RUN_FORWARD' RampTime_ms='0' AvgIntegratorValue='14.1' MaxRampIntegratorValue='17.0' MaxIntegratorValue='0.0' AvgSpeed_RadPerS='100.9' PhaseAdvance='0' RailV='24.9' Vendor_ID='0' />
  312.890: mtr_hw.c: line 2686 - Turnoff Mtr FUSER MtrActive 0
  312.890: MOTOR: BLDC motorID FUSER, Behavior: FUSER_RUN_FORWARD State: BLDC_WAIT_TO_REPORT_STOP
  313.057: BUR sensor iterations 6, Object temp 58, Body temp 37
  313.152: FUSER: ChangeRequestedFuserControlState(): Changed FUSER_CTRLRQST_NONE -> FUSER_CTRLRQST_STANDBY
  313.152: FUSER: DisableHeatPipe() called...
  313.152: FUSER: FuserAbortBoostedStandbyTemperature() - Aborting Boosted Standby Temperature: Temp = 120
  313.152: FuserHasStoppedTurning() - Fuser Has Stopped turning.
  313.152, 0.000, 'FuserMtr',                        0,         40, 0, 0
  313.152: FMECH: MtrToFuserMechEventHandler(): Motor stop occurred, motorIsRunning = 0
  313.152: HB: J1 HbUpdateMotorRunningStatus() - FUSER IsMotorRunning = 0x0 FilteredSensorIsMade = 0x0 IgnoreTimeout = 0x1 MotorRunningTimer = 135
<BLDC_MONITOR EngineTime='  313.150'  StringId='52'  PrinterSideCount='226' RealTime='2026-09-23 08:40' MotorId='FUSER' Behavior='FUSER_RUN_FORWARD'  Event='Stop'   DistanceEdges='82' Vendor_ID='0'/>
  313.150: MOTOR: BLDC motorID FUSER STOPPED: Running Hall Counts 82
  313.150, 0.000, 'MtrFuser_state',                  0,        169, 0, 0
  313.155: HB: J1 HbHangBuster() - FUSER IsMotorRunning = 0x0 FilteredSensorIsMade = 0x0 IgnoreTimeout = 0x1 MotorRunningTimer = 0
  313.155, 0.000, 'MainTherm_RFT',                 120,         58, 0, 0
  313.155: FUSER: FsrConUpdateNextState for 0 changed FUSER_CTRLSTATE_STEADY_STATE -> FUSER_CTRLSTATE_COOLING
  313.155: FUSER: ChangeRequestedFuserControlState(): Changed FUSER_CTRLRQST_STANDBY -> FUSER_CTRLRQST_NONE
  313.155: FUSER: FsrConSwitchToNextState for 0 changed FUSER_CTRLSTATE_STEADY_STATE -> FUSER_CTRLSTATE_COOLING
  313.155, 0.000, 'FuserConMainState',               2,        161, 0, 0
  313.150, 0.000, 'MtrFuser_position',               127.28,  182, 0, 0
  313.150: MOTOR: BLDC motorID FUSER, Behavior: FUSER_RUN_FORWARD State: BLDC_TRANSITION_TO_IDLE
  313.159: FMECH: FmStopMotor(): Requesting fuser motor stop
  313.159: FMECH: FmSwitchFuserCamState(): switching state from FM_MOTOR_STATE_OPENING_STAGE_POST_SLACK_REMOVAL_RUNNING to FM_MOTOR_STATE_OPENING_STAGE_POST_SLACK_REMOVAL_WF_MOTOR_STOP
  313.160: FUSER: InitController_LUT() / InitController_PID() - Fuser control gain mode for 0 is FUSER_CONTROL_GAINMODE_STANDBY, Uses Phase Control: 1
  313.160: FUSER: InitController_PID() - Fuser PID Control -- Gains: Kp=15,Kin=2,Kids=5,Kd=5,IIE=0
  313.160: MOTOR: BLDC motorID FUSER, Behavior: FUSER_RUN_FORWARD State: BLDC_IDLE
  313.160: HB: J2 HbUpdateMotorRunningStatus() - FUSER IsMotorRunning = 0x0 FilteredSensorIsMade = 0x0 IgnoreTimeout = 0x1 MotorRunningTimer = 136
  313.160: MOTOR: BLDC_ClientShutdownMotor motorID FUSER CMD Distance: 0
  313.169: FMECH: FmFuserCamStateMachine(): Motor has run 82 of required 80 halls, going to state FM_MOTOR_STATE_OPENING_WF_MOTOR_STOP_OR_TIMEOUT
  313.169: FMECH: FmSwitchFuserCamState(): switching state from FM_MOTOR_STATE_OPENING_STAGE_POST_SLACK_REMOVAL_WF_MOTOR_STOP to FM_MOTOR_STATE_OPENING_WF_MOTOR_STOP_OR_TIMEOUT
  313.168: HB: J2 HbHangBuster() - FUSER IsMotorRunning = 0x0 FilteredSensorIsMade = 0x0 IgnoreTimeout = 0x1 MotorRunningTimer = 0
  313.172: FMECH: MtrToFuserMechEventHandler(): Motor stop occurred, motorIsRunning = 0
  313.179: FMECH: FmFuserCamStateMachine(): Motor has stopped in FM_MOTOR_STATE_OPENING_WF_MOTOR_STOP_OR_TIMEOUT after running 82 halls
  313.179: FMECH: FuserMechRaiseEvent(): FUSER_MECH_EVENT_FSR_MTR_STOPPED
  313.179: FMECH: FmFuserCamStateMachine(): Nip open operation took 2730 ms (ending in state FM_MOTOR_STATE_OPENING_WF_MOTOR_STOP_OR_TIMEOUT)
  313.179: FMECH: FmSetOpTimer(): Op timer set to 0ms in state FM_MOTOR_STATE_OPENING_WF_MOTOR_STOP_OR_TIMEOUT
  313.179: FMECH: FuserMechRaiseEvent(): FUSER_MECH_EVENT_CAM_POS_OPEN
  313.179: FUSER: FuserUpdateMechPosition(): FUSER_MECH_OPENING (max power 50%) -> FUSER_MECH_OPEN (max power 50%), LLV_Offset = 15
  313.179: FMECH: FmSwitchFuserNipPosition(): switching nip position from FM_NIP_POS_CLOSED_LOW_PRESSURE to FM_NIP_POS_OPEN
  313.179: FMECH: FmSwitchFuserCamState(): switching state from FM_MOTOR_STATE_OPENING_WF_MOTOR_STOP_OR_TIMEOUT to FM_MOTOR_STATE_OPEN_STOPPED
  313.698: SUPPLIES: Memory: MemoryCommoKernelThread; WRITE_MEMORY_CONTENTS; MemMgrState = 0
  313.698: SUPPLIES: Memory: WriteMemory: dev=7, devaddr=512, sz=16, src=2149c 
  313.698: SUPPLIES: Memory: MemManSubmitWork(): work=WRITE_MEMORY_CONTENTS  struct=2 rc=0 MemMgrState=MEM_MGR_IDLE  
  313.698: SUPPLIES: Memory: MemMgrNewState() MEM_MGR_IDLE  --> MEM_MGR_WR_W_F_WRITE  
  313.702: ssec: wm: devNum=7, encrypt=true, dataSize=0x10, offset=0x200
  313.741: SUPPLIES: Memory: rc=0 
  313.741: SUPPLIES: Memory: WriteMemory: dev=7, devaddr=528, sz=16, src=214ac 
  313.740: ssec: cmd=5, devNum=7, rc=0
  313.745: ssec: wm: devNum=7, encrypt=true, dataSize=0x10, offset=0x210
  313.782: SUPPLIES: Memory: rc=0 
  313.782: SUPPLIES: Memory: WriteMemory: dev=7, devaddr=544, sz=16, src=214bc 
  313.781: ssec: cmd=5, devNum=7, rc=0
  313.786: ssec: wm: devNum=7, encrypt=true, dataSize=0x10, offset=0x220
  313.827: SUPPLIES: Memory: rc=0 
  313.827: SUPPLIES: Memory: WriteMemory: dev=7, devaddr=560, sz=16, src=214cc 
  313.826: ssec: cmd=5, devNum=7, rc=0
  313.831: ssec: wm: devNum=7, encrypt=true, dataSize=0x10, offset=0x230
  313.869: SUPPLIES: Memory: rc=0 
  313.869: SUPPLIES: Memory: WriteMemory: dev=7, devaddr=576, sz=16, src=214dc 
  313.868: ssec: cmd=5, devNum=7, rc=0
  313.873: ssec: wm: devNum=7, encrypt=true, dataSize=0x10, offset=0x240
  313.912: SUPPLIES: Memory: rc=0 
  313.912: SUPPLIES: Memory: WriteMemory: dev=7, devaddr=592, sz=16, src=214ec 
  313.910: ssec: cmd=5, devNum=7, rc=0
  313.915: ssec: wm: devNum=7, encrypt=true, dataSize=0x10, offset=0x250
  313.954: SUPPLIES: Memory: rc=0 
  313.954: SUPPLIES: Memory: WriteMemory: dev=7, devaddr=608, sz=16, src=214fc 
  313.953: ssec: cmd=5, devNum=7, rc=0
  313.958: ssec: wm: devNum=7, encrypt=true, dataSize=0x10, offset=0x260
  313.996: SUPPLIES: Memory: rc=0 
  313.996: SUPPLIES: Memory: WriteMemory: dev=7, devaddr=624, sz=16, src=2150c 
  313.995: ssec: cmd=5, devNum=7, rc=0
  314.000: ssec: wm: devNum=7, encrypt=true, dataSize=0x10, offset=0x270
  314.037: SUPPLIES: Memory: rc=0 
  314.037: SUPPLIES: Memory: WriteMemory: dev=7, devaddr=640, sz=16, src=2151c 
  314.036: ssec: cmd=5, devNum=7, rc=0
  314.040: ssec: wm: devNum=7, encrypt=true, dataSize=0x10, offset=0x280
  314.077: ssec: cmd=5, devNum=7, rc=0
  314.079: SUPPLIES: Memory: rc=0 
  314.079: SUPPLIES: Memory: WriteMemory: dev=7, devaddr=656, sz=16, src=2152c 
  314.083: ssec: wm: devNum=7, encrypt=true, dataSize=0x10, offset=0x290
  314.124: SUPPLIES: Memory: rc=0 
  314.124: SUPPLIES: Memory: WriteMemory: dev=7, devaddr=672, sz=16, src=2153c 
  314.123: ssec: cmd=5, devNum=7, rc=0
  314.128: ssec: wm: devNum=7, encrypt=true, dataSize=0x10, offset=0x2a0
  314.165: SUPPLIES: Memory: rc=0 
  314.165: SUPPLIES: Memory: WriteMemory: dev=7, devaddr=688, sz=16, src=2154c 
  314.164: ssec: cmd=5, devNum=7, rc=0
  314.168: ssec: wm: devNum=7, encrypt=true, dataSize=0x10, offset=0x2b0
  314.206: SUPPLIES: Memory: rc=0 
  314.206: SUPPLIES: Memory: WriteMemory: dev=7, devaddr=704, sz=9, src=2155c 
  314.205: ssec: cmd=5, devNum=7, rc=0
  314.210: ssec: wm: devNum=7, encrypt=true, dataSize=0x9, offset=0x2c0
  314.249: SUPPLIES: Memory: rc=0 
  314.249: SUPPLIES: Memory: rc=0 
  314.249: SUPPLIES: Memory: MemoryCommoKernelThread; WRITE_MEMORY_CONTENTS complete; MemMgrState: 3, Passed: 1
  314.249: SUPPLIES: MemoryCommoKernelThread exit:  Total Run Time: 551 milliseconds 
  314.247: ssec: cmd=5, devNum=7, rc=0
  314.258: SUPPLIES: Memory: MemMgrNewState() MEM_MGR_WR_W_F_WRITE  --> MEM_MGR_IDLE  
  315.187: WeatherThread: Calc Temp: 24.41 C, Calc RH: 49.89 (percent)
  315.197: WeatherThread: Filtered Temp: 24.41 C, Filtered RH: 49.89 (percent), Filtered Average RH: 49.06 (percent)
  316.021: ssec: cmd=27, devNum=255, rc=0
  316.875, 0.000, 'EdgeTherm_AFT',                  95,         63, 0, 0
  317.875, 0.000, 'MainTherm_AFT',                 129,         57, 0, 0
  317.875: FUSER: FsrConUpdateNextState for 0 changed FUSER_CTRLSTATE_COOLING -> FUSER_CTRLSTATE_STEADY_STATE
  317.875: FUSER: FsrConSwitchToNextState for 0 changed FUSER_CTRLSTATE_COOLING -> FUSER_CTRLSTATE_STEADY_STATE
  317.875, 0.000, 'FuserConMainState',               3,        161, 0, 0
  317.880: FUSER: InitController_PID() - RequestedPower = 0: InitialIntegral = 0: Kp = 15: Kin = 2: Kis = 5: Kd = 5: iie = 255
  317.880: FUSER: InitController_LUT() / InitController_PID() - Fuser control gain mode for 0 is FUSER_CONTROL_GAINMODE_STANDBY, Uses Phase Control: 1
  317.880: FUSER: InitController_PID() - Fuser PID Control -- Gains: Kp=15,Kin=2,Kids=5,Kd=5,IIE=0
  321.340, 0.000, 'MiddleTherm_AFT',               104,         67, 0, 0
  324.787: BUR sensor iterations 6, Object temp 59, Body temp 37
  325.297: BUR sensor iterations 6, Object temp 58, Body temp 37
  325.897: WeatherThread: Calc Temp: 24.41 C, Calc RH: 49.93 (percent)
  325.907: WeatherThread: RH History update: minute sample count 6, buffer count 34, buffer index 34, value stored 50.0
  325.907: WeatherThread: Filtered Temp: 24.41 C, Filtered RH: 49.93 (percent), Filtered Average RH: 49.09 (percent)
  326.021: ssec: cmd=27, devNum=255, rc=0
  326.317: BUR sensor iterations 6, Object temp 59, Body temp 37
  330.074: PhSetThermalBlackTopMarginAdjustment() - TopMarginAdjustMm = -0.003937: MmPerHsyncs = 0.042328
  334.215, 0.000, 'MainTherm2_AFT',                118,        222, 0, 0
  335.085, 0.000, 'MainTherm_AFT',                 119,         57, 0, 0
  336.005, 0.000, 'EdgeTherm_AFT',                  85,         63, 0, 0
  336.021: ssec: cmd=27, devNum=255, rc=0
  336.607: WeatherThread: Calc Temp: 24.40 C, Calc RH: 49.90 (percent)
  336.617: WeatherThread: Filtered Temp: 24.40 C, Filtered RH: 49.90 (percent), Filtered Average RH: 49.09 (percent)
  338.125, 0.000, 'FuserMainPwrPercentReq',         10,         68, 0, 0
  339.870, 0.000, 'FuserMainPwrPercentAct',         33,        230, 0, 0
  339.970, 0.000, 'FuserMainPwrPercentAct',          0,        230, 0, 0
  340.120, 0.000, 'FuserMainPwrPercentReq',          0,         68, 0, 0
  341.985, 0.000, 'FuserMainPwrPercentReq',         10,         68, 0, 0
  343.865, 0.000, 'FuserMainPwrPercentAct',         33,        230, 0, 0
  343.915, 0.000, 'FuserMainPwrPercentAct',          0,        230, 0, 0
  345.595, 0.000, 'FuserMainPwrPercentAct',         33,        230, 0, 0
  345.640, 0.000, 'FuserMainPwrPercentAct',          0,        230, 0, 0
  346.021: ssec: cmd=27, devNum=255, rc=0
  347.317: WeatherThread: Calc Temp: 24.40 C, Calc RH: 49.96 (percent)
  347.327: WeatherThread: Filtered Temp: 24.40 C, Filtered RH: 49.96 (percent), Filtered Average RH: 49.09 (percent)
  347.505, 0.000, 'FuserMainPwrPercentAct',         33,        230, 0, 0
  347.555, 0.000, 'FuserMainPwrPercentAct',          0,        230, 0, 0
  349.545, 0.000, 'FuserMainPwrPercentAct',         33,        230, 0, 0
  349.595, 0.000, 'FuserMainPwrPercentAct',          0,        230, 0, 0
  351.990, 0.000, 'FuserMainPwrPercentAct',         33,        230, 0, 0
  352.040, 0.000, 'FuserMainPwrPercentAct',          0,        230, 0, 0
  353.685, 0.000, 'FuserMainPwrPercentAct',         33,        230, 0, 0
  353.735, 0.000, 'FuserMainPwrPercentAct',          0,        230, 0, 0
  354.877: BUR sensor iterations 6, Object temp 60, Body temp 37
  355.387: BUR sensor iterations 6, Object temp 59, Body temp 37
  355.795, 0.000, 'FuserMainPwrPercentAct',         33,        230, 0, 0
  355.845, 0.000, 'FuserMainPwrPercentAct',          0,        230, 0, 0
  355.897: BUR sensor iterations 6, Object temp 60, Body temp 37
  356.021: ssec: cmd=27, devNum=255, rc=0
  356.906: ssec: su: forceAuth=true
  356.914: ssec: sn: n=0x01, s=0x01, ss=0x04, f=0x02
  356.914: ssec: sn: n=0x01, d=0xa000316c, iq=0xb634, qu=0xb634, au=0x3c5d44b, mu=0x3c5d44b
  356.914: ssec: sn: n=0x02, s=0x01, ss=0x04, f=0x02
  356.914: ssec: sn: n=0x02, d=0xa0002de2, iq=0xabca, qu=0xabca, au=0x235cd5, mu=0x235cd5
  356.914: ssec: sn: n=0x03, s=0x01, ss=0x04, f=0x02
  356.915: ssec: sn: n=0x03, d=0xa00034a1, iq=0xb634, qu=0xb634, au=0xc8ee6, mu=0xc8ee6
  356.915: ssec: sn: n=0x04, s=0x01, ss=0x04, f=0x02
  356.915: ssec: sn: n=0x04, d=0xa0003c2d, iq=0xc86c, qu=0xc86c, au=0x1e3e804, mu=0x1e3e804
  356.915: ssec: sn: n=0x05, s=0x01, ss=0x04, f=0x00
  356.915: ssec: sn: n=0x05, d=0xa000557e, iq=0xea10, qu=0xd3b6, au=0x170f0, mu=0x170f0
  356.915: ssec: sn: n=0x06, s=0x01, ss=0x04, f=0x00
  356.915: ssec: sn: n=0x06, d=0xa0005a44, iq=0xea10, qu=0xd823, au=0x165c8, mu=0x165c3
  356.915: ssec: sn: n=0x07, s=0x01, ss=0x04, f=0x00
  356.915: ssec: sn: n=0x07, d=0xa00050e6, iq=0xf58a, qu=0xc550, au=0x170f3, mu=0x170f0
  356.915: ssec: gats: 
  357.060: ssec: gats: 
  357.067: ssec: atc:
  357.129: ssec: gats: 
  357.134: ssec: san: 
  357.139: ssec: sav: devNum=6
  357.199: ssec: sn: dn=0, st=1
  357.199: ssec: cmd=26, devNum=255, rc=0
  357.470, 0.000, 'FuserMainPwrPercentAct',         33,        230, 0, 0
  357.520, 0.000, 'FuserMainPwrPercentAct',          0,        230, 0, 0
  358.027: WeatherThread: Calc Temp: 24.39 C, Calc RH: 49.97 (percent)
  358.037: WeatherThread: Filtered Temp: 24.39 C, Filtered RH: 49.97 (percent), Filtered Average RH: 49.09 (percent)
  358.562: TpTriggerSetWhiteVectorRefValue: Color = Cyan, New = -137, Old = -138, Valid = 1
  358.562: TpTriggerSetWhiteVectorRefValue: Color = Magenta, New = -137, Old = -138, Valid = 1
  358.562: TpTriggerSetWhiteVectorRefValue: Color = Yellow, New = -137, Old = -138, Valid = 1
  359.580, 0.000, 'FuserMainPwrPercentAct',         33,        230, 0, 0
  359.630, 0.000, 'FuserMainPwrPercentAct',          0,        230, 0, 0
  360.074: PhSetThermalBlackTopMarginAdjustment() - TopMarginAdjustMm = -0.004074: MmPerHsyncs = 0.042328
  360.722: RealTime='2026-09-23 08:41' Count='26' Valid = '1' RealTime_EncodedHex='0x7EA9BA29' RealTime_RefSeconds='843468100'
  361.445, 0.000, 'FuserMainPwrPercentAct',         33,        230, 0, 0
  361.495, 0.000, 'FuserMainPwrPercentAct',          0,        230, 0, 0
  363.185, 0.000, 'FuserMainPwrPercentAct',         33,        230, 0, 0
  363.235, 0.000, 'FuserMainPwrPercentAct',          0,        230, 0, 0
  364.880, 0.000, 'FuserMainPwrPercentAct',         33,        230, 0, 0
  364.930, 0.000, 'FuserMainPwrPercentAct',          0,        230, 0, 0
  365.056: TASK: Message EM_MSG_ET_TO_ET_THERMAL_TIMED_OUT sent to EmThermalTask()
  365.066: TASK: EmThermalTask() status 0x1.  Task NOT Removed.
  365.066: ItuTemp_F 76.800 CavityTemp_F 0.000 Weather Station_F 75.907 Bump_Time_Scalar 1.0000305176
  365.066: PhSetBeltStretchTopMarginAdjustment() - TopMarginAdjustMm = -0.734970: MmPerHsyncs = 0.042328
  365.066: TASK: Message EM_MSG_ET_TO_ET_LOAD_TIMER sent to EmThermalTimerTask()
  365.076: TASK: EmThermalTimerTask() status 0x1.  Task NOT Removed.
  366.021: ssec: cmd=27, devNum=255, rc=0
  366.695, 0.000, 'FuserMainPwrPercentAct',         33,        230, 0, 0
  366.745, 0.000, 'FuserMainPwrPercentAct',          0,        230, 0, 0
  368.455, 0.000, 'FuserMainPwrPercentAct',         33,        230, 0, 0
  368.505, 0.000, 'FuserMainPwrPercentAct',          0,        230, 0, 0
  368.737: WeatherThread: Calc Temp: 24.39 C, Calc RH: 50.00 (percent)
  368.747: WeatherThread: Filtered Temp: 24.39 C, Filtered RH: 50.00 (percent), Filtered Average RH: 49.09 (percent)
  370.230, 0.000, 'FuserMainPwrPercentAct',         33,        230, 0, 0
  370.280, 0.000, 'FuserMainPwrPercentAct',          0,        230, 0, 0
  371.845, 0.000, 'FuserMainPwrPercentAct',         33,        230, 0, 0
  371.895, 0.000, 'FuserMainPwrPercentAct',          0,        230, 0, 0
  373.685, 0.000, 'FuserMainPwrPercentAct',         33,        230, 0, 0
  373.735, 0.000, 'FuserMainPwrPercentAct',          0,        230, 0, 0
  375.215, 0.000, 'FuserMainPwrPercentAct',         33,        230, 0, 0
  375.265, 0.000, 'FuserMainPwrPercentAct',          0,        230, 0, 0
  376.021: ssec: cmd=27, devNum=255, rc=0
  377.045, 0.000, 'FuserMainPwrPercentAct',         33,        230, 0, 0
  377.145, 0.000, 'FuserMainPwrPercentAct',          0,        230, 0, 0
  377.245, 0.000, 'FuserMainPwrPercentReq',          0,         68, 0, 0
  379.447: WeatherThread: Calc Temp: 24.39 C, Calc RH: 50.04 (percent)
  379.457, 0.000, 'Weather Station Temp C',           24.39,  214, 0, 0
  379.457, 0.000, 'Weather Station RH',               50.00,  215, 0, 0
  379.457: WeatherThread: Filtered Temp: 24.39 C, Filtered RH: 50.04 (percent), Filtered Average RH: 49.09 (percent)
  379.650, 0.000, 'FuserMainPwrPercentReq',         11,         68, 0, 0
  380.730, 0.000, 'FuserMainPwrPercentAct',         33,        230, 0, 0
  380.780, 0.000, 'FuserMainPwrPercentAct',          0,        230, 0, 0
  381.995, 0.000, 'FuserMainPwrPercentAct',         33,        230, 0, 0
  382.045, 0.000, 'FuserMainPwrPercentAct',          0,        230, 0, 0
  383.355, 0.000, 'FuserMainPwrPercentAct',         33,        230, 0, 0
  383.405, 0.000, 'FuserMainPwrPercentAct',          0,        230, 0, 0
  384.970, 0.000, 'FuserMainPwrPercentAct',         33,        230, 0, 0
  385.020, 0.000, 'FuserMainPwrPercentAct',          0,        230, 0, 0
  386.021: ssec: cmd=27, devNum=255, rc=0
  386.645, 0.000, 'FuserMainPwrPercentAct',         33,        230, 0, 0
  386.695, 0.000, 'FuserMainPwrPercentAct',          0,        230, 0, 0
  387.616: WeatherThread: GET_WS_NVRAM_DATA: Average RH 49.0
  387.616: Nfy RQST_WRITE_ALL_NVRAM_NFY=0x63 0x00 0x00 0x00
  387.616: EM: Thermal algorithm 843468126 - Write NV: Jseal 31.0 C, RefSeconds 843468127, Cavity 24.8 C, Fan 0 seconds, SlowdownTimer 0 seconds
  387.625: IP: IP_COMMAND_STORE_ALL_BYTES_TO_NVRAM Command  Rcvd - Command Code: 0x6F Data: None 
  387.625: IP: IP_COMMAND_STORE_ALL_BYTES_TO_NVRAM Response Sent - Command Code: 0x6F Data: 0x62001803 0x0000008F 0xFD00021E 0x00E20000 0x00E20000 0x00000000 0x01005F4D 0x463200AA 
  387.940, 0.000, 'FuserMainPwrPercentAct',         33,        230, 0, 0
  387.990, 0.000, 'FuserMainPwrPercentAct',          0,        230, 0, 0
  389.655, 0.000, 'FuserMainPwrPercentAct',         33,        230, 0, 0
  389.705, 0.000, 'FuserMainPwrPercentAct',          0,        230, 0, 0
  390.074: PhSetThermalBlackTopMarginAdjustment() - TopMarginAdjustMm = -0.003937: MmPerHsyncs = 0.042328
  390.157: WeatherThread: Calc Temp: 24.37 C, Calc RH: 50.07 (percent)
  390.167: WeatherThread: RH History update: minute sample count 6, buffer count 35, buffer index 35, value stored 50.0
  390.167: WeatherThread: Filtered Temp: 24.37 C, Filtered RH: 50.07 (percent), Filtered Average RH: 49.11 (percent)
  390.577: BUR sensor iterations 6, Object temp 61, Body temp 37
  391.087: BUR sensor iterations 6, Object temp 60, Body temp 37
  391.180, 0.000, 'FuserMainPwrPercentAct',         33,        230, 0, 0
  391.230, 0.000, 'FuserMainPwrPercentAct',          0,        230, 0, 0
  392.107: BUR sensor iterations 6, Object temp 61, Body temp 37
  392.625, 0.000, 'FuserMainPwrPercentAct',         33,        230, 0, 0
  392.675, 0.000, 'FuserMainPwrPercentAct',          0,        230, 0, 0
  393.130, 0.000, 'NonContactBUR_AFT',              61,         66, 0, 0
  394.320, 0.000, 'FuserMainPwrPercentAct',         33,        230, 0, 0
  394.370, 0.000, 'FuserMainPwrPercentAct',          0,        230, 0, 0
  395.715, 0.000, 'FuserMainPwrPercentAct',         33,        230, 0, 0
  395.765, 0.000, 'FuserMainPwrPercentAct',          0,        230, 0, 0
  396.021: ssec: cmd=27, devNum=255, rc=0
  397.215, 0.000, 'FuserMainPwrPercentAct',         33,        230, 0, 0
  397.260, 0.000, 'FuserMainPwrPercentAct',          0,        230, 0, 0
  398.990, 0.000, 'FuserMainPwrPercentAct',         33,        230, 0, 0
  399.040, 0.000, 'FuserMainPwrPercentAct',          0,        230, 0, 0
  400.250, 0.000, 'FuserMainPwrPercentAct',         33,        230, 0, 0
  400.300, 0.000, 'FuserMainPwrPercentAct',          0,        230, 0, 0
  400.867: WeatherThread: Calc Temp: 24.37 C, Calc RH: 50.11 (percent)
  400.877: WeatherThread: Filtered Temp: 24.37 C, Filtered RH: 50.11 (percent), Filtered Average RH: 49.11 (percent)
  401.700, 0.000, 'FuserMainPwrPercentAct',         33,        230, 0, 0
  401.745, 0.000, 'FuserMainPwrPercentAct',          0,        230, 0, 0
  401.992: TpTriggerSetWhiteVectorRefValue: Color = Black, New = -157, Old = -158, Valid = 1
  403.310, 0.000, 'FuserMainPwrPercentAct',         33,        230, 0, 0
  403.360, 0.000, 'FuserMainPwrPercentAct',          0,        230, 0, 0
  404.805, 0.000, 'FuserMainPwrPercentAct',         33,        230, 0, 0
  404.855, 0.000, 'FuserMainPwrPercentAct',          0,        230, 0, 0
  406.021: ssec: cmd=27, devNum=255, rc=0
  406.215, 0.000, 'FuserMainPwrPercentAct',         33,        230, 0, 0
  406.265, 0.000, 'FuserMainPwrPercentAct',          0,        230, 0, 0
  407.680, 0.000, 'FuserMainPwrPercentAct',         33,        230, 0, 0
  407.730, 0.000, 'FuserMainPwrPercentAct',          0,        230, 0, 0
  409.205, 0.000, 'FuserMainPwrPercentAct',         33,        230, 0, 0
  409.255, 0.000, 'FuserMainPwrPercentAct',          0,        230, 0, 0
  410.620, 0.000, 'FuserMainPwrPercentAct',         33,        230, 0, 0
  410.670, 0.000, 'FuserMainPwrPercentAct',          0,        230, 0, 0
  411.577: WeatherThread: Calc Temp: 24.36 C, Calc RH: 50.17 (percent)
  411.587: WeatherThread: Filtered Temp: 24.36 C, Filtered RH: 50.17 (percent), Filtered Average RH: 49.11 (percent)
  412.065, 0.000, 'FuserMainPwrPercentAct',         33,        230, 0, 0
  412.074: EP: Environment calculation code ran successfully. measured_temperature_Q3 = 75.750000, adjusted_temperature_Q3 = 75.750000, measured_humidity_Q3 = 49.000000, adjusted_humidity_Q3 = 49.000000, ChosenEnv = 4, wet_bulb_temperature_f_Q3 = 504, CalcTime_us=78 
  412.115, 0.000, 'FuserMainPwrPercentAct',          0,        230, 0, 0
  413.540, 0.000, 'FuserMainPwrPercentAct',         33,        230, 0, 0
  413.590, 0.000, 'FuserMainPwrPercentAct',          0,        230, 0, 0
  415.005, 0.000, 'FuserMainPwrPercentAct',         33,        230, 0, 0
  415.055, 0.000, 'FuserMainPwrPercentAct',          0,        230, 0, 0
  416.021: ssec: cmd=27, devNum=255, rc=0
  416.285, 0.000, 'FuserMainPwrPercentAct',         33,        230, 0, 0
  416.335, 0.000, 'FuserMainPwrPercentAct',          0,        230, 0, 0
  417.960, 0.000, 'FuserMainPwrPercentAct',         33,        230, 0, 0
  418.010, 0.000, 'FuserMainPwrPercentAct',          0,        230, 0, 0
  419.205, 0.000, 'FuserMainPwrPercentAct',         33,        230, 0, 0
  419.255, 0.000, 'FuserMainPwrPercentAct',          0,        230, 0, 0
  420.074: PhSetThermalBlackTopMarginAdjustment() - TopMarginAdjustMm = -0.003937: MmPerHsyncs = 0.042328
  420.722: RealTime='2026-09-23 08:42' Count='30' Valid = '1' RealTime_EncodedHex='0x7EA9BA2A' RealTime_RefSeconds='843468160'
  420.820, 0.000, 'FuserMainPwrPercentAct',         33,        230, 0, 0
  420.870, 0.000, 'FuserMainPwrPercentAct',          0,        230, 0, 0
  422.095, 0.000, 'FuserMainPwrPercentAct',         33,        230, 0, 0
  422.145, 0.000, 'FuserMainPwrPercentAct',          0,        230, 0, 0
  422.287: WeatherThread: Calc Temp: 24.36 C, Calc RH: 50.20 (percent)
  422.297: WeatherThread: Filtered Temp: 24.36 C, Filtered RH: 50.20 (percent), Filtered Average RH: 49.11 (percent)
  423.560, 0.000, 'FuserMainPwrPercentAct',         33,        230, 0, 0
  423.610, 0.000, 'FuserMainPwrPercentAct',          0,        230, 0, 0
  425.020, 0.000, 'FuserMainPwrPercentAct',         33,        230, 0, 0
  425.070, 0.000, 'FuserMainPwrPercentAct',          0,        230, 0, 0
  425.086: TASK: Message EM_MSG_ET_TO_ET_THERMAL_TIMED_OUT sent to EmThermalTask()
  425.096: TASK: EmThermalTask() status 0x1.  Task NOT Removed.
  425.096: ItuTemp_F 76.800 CavityTemp_F 0.000 Weather Station_F 75.862 Bump_Time_Scalar 1.0000305176
  425.096: PhSetBeltStretchTopMarginAdjustment() - TopMarginAdjustMm = -0.734970: MmPerHsyncs = 0.042328
  425.096: TASK: Message EM_MSG_ET_TO_ET_LOAD_TIMER sent to EmThermalTimerTask()
  425.106: TASK: EmThermalTimerTask() status 0x1.  Task NOT Removed.
  426.021: ssec: cmd=27, devNum=255, rc=0
  426.415, 0.000, 'FuserMainPwrPercentAct',         33,        230, 0, 0
  426.465, 0.000, 'FuserMainPwrPercentAct',          0,        230, 0, 0
  427.128: ssec: su: forceAuth=true
  427.136: ssec: sn: n=0x01, s=0x01, ss=0x04, f=0x02
  427.136: ssec: sn: n=0x01, d=0xa000316c, iq=0xb634, qu=0xb634, au=0x3c5d44b, mu=0x3c5d44b
  427.136: ssec: sn: n=0x02, s=0x01, ss=0x04, f=0x02
  427.136: ssec: sn: n=0x02, d=0xa0002de2, iq=0xabca, qu=0xabca, au=0x235cd5, mu=0x235cd5
  427.136: ssec: sn: n=0x03, s=0x01, ss=0x04, f=0x02
  427.136: ssec: sn: n=0x03, d=0xa00034a1, iq=0xb634, qu=0xb634, au=0xc8ee6, mu=0xc8ee6
  427.136: ssec: sn: n=0x04, s=0x01, ss=0x04, f=0x02
  427.136: ssec: sn: n=0x04, d=0xa0003c2d, iq=0xc86c, qu=0xc86c, au=0x1e3e804, mu=0x1e3e804
  427.136: ssec: sn: n=0x05, s=0x01, ss=0x04, f=0x00
  427.136: ssec: sn: n=0x05, d=0xa000557e, iq=0xea10, qu=0xd3b6, au=0x170f0, mu=0x170f0
  427.136: ssec: sn: n=0x06, s=0x01, ss=0x04, f=0x00
  427.137: ssec: sn: n=0x06, d=0xa0005a44, iq=0xea10, qu=0xd823, au=0x165c8, mu=0x165c3
  427.137: ssec: sn: n=0x07, s=0x01, ss=0x04, f=0x00
  427.137: ssec: sn: n=0x07, d=0xa00050e6, iq=0xf58a, qu=0xc550, au=0x170f3, mu=0x170f0
  427.137: ssec: gats: 
  427.283: ssec: gats: 
  427.289: ssec: atc:
  427.351: ssec: gats: 
  427.356: ssec: san: 
  427.361: ssec: sav: devNum=5
  427.422: ssec: sn: dn=0, st=1
  427.422: ssec: cmd=26, devNum=255, rc=0
  427.760, 0.000, 'FuserMainPwrPercentAct',         33,        230, 0, 0
  427.810, 0.000, 'FuserMainPwrPercentAct',          0,        230, 0, 0
  429.440, 0.000, 'FuserMainPwrPercentAct',         33,        230, 0, 0
  429.490, 0.000, 'FuserMainPwrPercentAct',          0,        230, 0, 0
  430.650, 0.000, 'FuserMainPwrPercentAct',         33,        230, 0, 0
  430.750, 0.000, 'FuserMainPwrPercentAct',          0,        230, 0, 0
  430.835, 0.000, 'FuserMainPwrPercentReq',          0,         68, 0, 0
  432.997: WeatherThread: Calc Temp: 24.36 C, Calc RH: 50.24 (percent)
  433.007: WeatherThread: Filtered Temp: 24.36 C, Filtered RH: 50.24 (percent), Filtered Average RH: 49.11 (percent)
  433.110, 0.000, 'FuserMainPwrPercentReq',         12,         68, 0, 0
  433.990, 0.000, 'FuserMainPwrPercentAct',         33,        230, 0, 0
  434.040, 0.000, 'FuserMainPwrPercentAct',          0,        230, 0, 0
  435.090, 0.000, 'FuserMainPwrPercentAct',         33,        230, 0, 0
  435.140, 0.000, 'FuserMainPwrPercentAct',          0,        230, 0, 0
  436.021: ssec: cmd=27, devNum=255, rc=0
  436.265, 0.000, 'FuserMainPwrPercentAct',         33,        230, 0, 0
  436.315, 0.000, 'FuserMainPwrPercentAct',          0,        230, 0, 0
  437.710, 0.000, 'FuserMainPwrPercentAct',         33,        230, 0, 0
  437.760, 0.000, 'FuserMainPwrPercentAct',          0,        230, 0, 0
  439.010, 0.000, 'FuserMainPwrPercentAct',         33,        230, 0, 0
  439.060, 0.000, 'FuserMainPwrPercentAct',          0,        230, 0, 0
  440.435, 0.000, 'FuserMainPwrPercentAct',         33,        230, 0, 0
  440.485, 0.000, 'FuserMainPwrPercentAct',          0,        230, 0, 0
  441.800, 0.000, 'FuserMainPwrPercentAct',         33,        230, 0, 0
  441.850, 0.000, 'FuserMainPwrPercentAct',          0,        230, 0, 0
  443.275, 0.000, 'FuserMainPwrPercentAct',         33,        230, 0, 0
  443.325, 0.000, 'FuserMainPwrPercentAct',          0,        230, 0, 0
  443.707: WeatherThread: Calc Temp: 24.36 C, Calc RH: 50.27 (percent)
  443.717: WeatherThread: Filtered Temp: 24.36 C, Filtered RH: 50.27 (percent), Filtered Average RH: 49.11 (percent)
  444.605, 0.000, 'FuserMainPwrPercentAct',         33,        230, 0, 0
  444.655, 0.000, 'FuserMainPwrPercentAct',          0,        230, 0, 0
  445.900, 0.000, 'FuserMainPwrPercentAct',         33,        230, 0, 0
  445.950, 0.000, 'FuserMainPwrPercentAct',          0,        230, 0, 0
  446.021: ssec: cmd=27, devNum=255, rc=0
  447.295, 0.000, 'FuserMainPwrPercentAct',         33,        230, 0, 0
  447.345, 0.000, 'FuserMainPwrPercentAct',          0,        230, 0, 0
  448.675, 0.000, 'FuserMainPwrPercentAct',         33,        230, 0, 0
  448.725, 0.000, 'FuserMainPwrPercentAct',          0,        230, 0, 0
  450.074: PhSetThermalBlackTopMarginAdjustment() - TopMarginAdjustMm = -0.003937: MmPerHsyncs = 0.042328
  450.140, 0.000, 'FuserMainPwrPercentAct',         33,        230, 0, 0
  450.190, 0.000, 'FuserMainPwrPercentAct',          0,        230, 0, 0
  451.365, 0.000, 'FuserMainPwrPercentAct',         33,        230, 0, 0
  451.415, 0.000, 'FuserMainPwrPercentAct',          0,        230, 0, 0
  452.860, 0.000, 'FuserMainPwrPercentAct',         33,        230, 0, 0
  452.910, 0.000, 'FuserMainPwrPercentAct',          0,        230, 0, 0
  454.110, 0.000, 'FuserMainPwrPercentAct',         33,        230, 0, 0
  454.160, 0.000, 'FuserMainPwrPercentAct',          0,        230, 0, 0
  454.417: WeatherThread: Calc Temp: 24.34 C, Calc RH: 50.40 (percent)
  454.427: WeatherThread: RH History update: minute sample count 6, buffer count 36, buffer index 36, value stored 50.0
  454.427, 0.000, 'Weather Station Temp C',           24.36,  214, 0, 0
  454.427, 0.000, 'Weather Station RH',               50.30,  215, 0, 0
  454.427: WeatherThread: Filtered Temp: 24.34 C, Filtered RH: 50.40 (percent), Filtered Average RH: 49.14 (percent)
  455.074: EP: Environment calculation code ran successfully. measured_temperature_Q3 = 75.750000, adjusted_temperature_Q3 = 75.750000, measured_humidity_Q3 = 49.125000, adjusted_humidity_Q3 = 49.125000, ChosenEnv = 4, wet_bulb_temperature_f_Q3 = 504, CalcTime_us=78 
  455.555, 0.000, 'FuserMainPwrPercentAct',         33,        230, 0, 0
  455.605, 0.000, 'FuserMainPwrPercentAct',          0,        230, 0, 0
  456.021: ssec: cmd=27, devNum=255, rc=0
  456.367: BUR sensor iterations 6, Object temp 62, Body temp 37
  456.877: BUR sensor iterations 6, Object temp 61, Body temp 37
  456.930, 0.000, 'FuserMainPwrPercentAct',         33,        230, 0, 0
  456.980, 0.000, 'FuserMainPwrPercentAct',          0,        230, 0, 0
  457.897: BUR sensor iterations 6, Object temp 62, Body temp 37
  458.260, 0.000, 'FuserMainPwrPercentAct',         33,        230, 0, 0
  458.310, 0.000, 'FuserMainPwrPercentAct',          0,        230, 0, 0
  458.407: BUR sensor iterations 6, Object temp 61, Body temp 37
  459.427: BUR sensor iterations 6, Object temp 62, Body temp 37
  459.625, 0.000, 'FuserMainPwrPercentAct',         33,        230, 0, 0
  459.675, 0.000, 'FuserMainPwrPercentAct',          0,        230, 0, 0
  460.447: BUR sensor iterations 6, Object temp 61, Body temp 37
  460.957: BUR sensor iterations 6, Object temp 62, Body temp 37
  461.000, 0.000, 'FuserMainPwrPercentAct',         33,        230, 0, 0
  461.050, 0.000, 'FuserMainPwrPercentAct',          0,        230, 0, 0
  462.465, 0.000, 'FuserMainPwrPercentAct',         33,        230, 0, 0
  462.515, 0.000, 'FuserMainPwrPercentAct',          0,        230, 0, 0
  463.695, 0.000, 'FuserMainPwrPercentAct',         33,        230, 0, 0
  463.745, 0.000, 'FuserMainPwrPercentAct',          0,        230, 0, 0
  465.090, 0.000, 'FuserMainPwrPercentAct',         33,        230, 0, 0
  465.127: WeatherThread: Calc Temp: 24.34 C, Calc RH: 50.43 (percent)
  465.137: WeatherThread: Filtered Temp: 24.34 C, Filtered RH: 50.43 (percent), Filtered Average RH: 49.14 (percent)
  465.140, 0.000, 'FuserMainPwrPercentAct',          0,        230, 0, 0
  466.021: ssec: cmd=27, devNum=255, rc=0
  466.535, 0.000, 'FuserMainPwrPercentAct',         33,        230, 0, 0
  466.585, 0.000, 'FuserMainPwrPercentAct',          0,        230, 0, 0
  467.745, 0.000, 'FuserMainPwrPercentAct',         33,        230, 0, 0
  467.795, 0.000, 'FuserMainPwrPercentAct',          0,        230, 0, 0
  469.325, 0.000, 'FuserMainPwrPercentAct',         33,        230, 0, 0
  469.375, 0.000, 'FuserMainPwrPercentAct',          0,        230, 0, 0
  470.585, 0.000, 'FuserMainPwrPercentAct',         33,        230, 0, 0
  470.685, 0.000, 'FuserMainPwrPercentAct',          0,        230, 0, 0
  470.755, 0.000, 'FuserMainPwrPercentReq',          2,         68, 0, 0
  470.770, 0.000, 'FuserMainPwrPercentReq',          0,         68, 0, 0
  472.895, 0.000, 'FuserMainPwrPercentReq',         12,         68, 0, 0
  473.630, 0.000, 'FuserMainPwrPercentAct',         33,        230, 0, 0
  473.675, 0.000, 'FuserMainPwrPercentAct',          0,        230, 0, 0
  474.890, 0.000, 'FuserMainPwrPercentAct',         33,        230, 0, 0
  474.940, 0.000, 'FuserMainPwrPercentAct',          0,        230, 0, 0
  475.837: WeatherThread: Calc Temp: 24.34 C, Calc RH: 50.53 (percent)
  475.847: WeatherThread: Filtered Temp: 24.34 C, Filtered RH: 50.53 (percent), Filtered Average RH: 49.14 (percent)
  475.905, 0.000, 'FuserMainPwrPercentAct',         33,        230, 0, 0
  475.955, 0.000, 'FuserMainPwrPercentAct',          0,        230, 0, 0
  476.021: ssec: cmd=27, devNum=255, rc=0
  476.732: TpTriggerSetWhiteVectorRefValue: Color = Black, New = -156, Old = -157, Valid = 1
  476.732: TpTriggerSetWhiteVectorRefValue: Color = Cyan, New = -136, Old = -137, Valid = 1
  476.732: TpTriggerSetWhiteVectorRefValue: Color = Magenta, New = -136, Old = -137, Valid = 1
  476.732: TpTriggerSetWhiteVectorRefValue: Color = Yellow, New = -136, Old = -137, Valid = 1
  477.235, 0.000, 'FuserMainPwrPercentAct',         33,        230, 0, 0
  477.280, 0.000, 'FuserMainPwrPercentAct',          0,        230, 0, 0
  478.745, 0.000, 'FuserMainPwrPercentAct',         33,        230, 0, 0
  478.795, 0.000, 'FuserMainPwrPercentAct',          0,        230, 0, 0
  479.855, 0.000, 'FuserMainPwrPercentAct',         33,        230, 0, 0
  479.905, 0.000, 'FuserMainPwrPercentAct',          0,        230, 0, 0
<CODE_VERSION StringId='6' Engine='LS.262.E014' PrinterSideCount='226' RealTime='2026-09-23 08:43' PageStart='True'/>
<CODE_VERSION StringId='6' PrinterSideCount='226' Tray2='A1.02_B5.00' Tray3='A2.01_B5.00' Tray4='A2.02_B5.00' Tray5='A0.00_B0.00' OutputPosition1DeviceType='HorizontalTransportUnit' OutputPosition1Version='A1.01_B2.03__Dev2_A0.00' OutputPosition2DeviceType='StapleHolePunchFinisher' OutputPosition2Version='A0.04_B1.00__Dev2_A0.00' OutputPosition3DeviceType='' OutputPosition3Version='A0.00_B0.00__Dev2_A0.00' Tray2SerialNumber='0' Tray3SerialNumber='0' Tray4SerialNumber='0' Tray5SerialNumber='0' OutputPosition1SerialNumber='0' OutputPosition2SerialNumber='0' OutputPosition3SerialNumber='0'/>
<CODE_VERSION EngineTime='  480.002' StringId='6' PrinterSideCount='226' EngSetting1='0' EngSetting2='0' EngSetting3='0' EngSetting4='0' EngSetting5='0' EngSetting6='0' EngSetting7='0' EngSetting8='0' EngSetting9='0' EngSetting10='0' EngSetting11='0' EngSetting12='0' EngSetting13='0' EngSetting14='0' EngSetting15='0' EngSetting16='0' EngSetting17='0' EngSetting18='0' EngSetting19='0' EngSetting20='0' EngSetting21='0' EngSetting22='0' EngSetting23='0' EngSetting24='0' EngSetting25='0' EngSetting26='0' EngSetting27='1' EngSetting28='0' EngSetting29='0' EngSetting30='0' EngSetting31='0' EngSetting32='0' PageEnd='True'/>
  480.074: PhSetThermalBlackTopMarginAdjustment() - TopMarginAdjustMm = -0.004074: MmPerHsyncs = 0.042328
  480.722: RealTime='2026-09-23 08:43' Count='34' Valid = '1' RealTime_EncodedHex='0x7EA9BA2B' RealTime_RefSeconds='843468220'
  481.355, 0.000, 'FuserMainPwrPercentAct',         33,        230, 0, 0
  481.400, 0.000, 'FuserMainPwrPercentAct',          0,        230, 0, 0
  482.700, 0.000, 'FuserMainPwrPercentAct',         33,        230, 0, 0
  482.750, 0.000, 'FuserMainPwrPercentAct',          0,        230, 0, 0
  483.930, 0.000, 'FuserMainPwrPercentAct',         33,        230, 0, 0
  483.975, 0.000, 'FuserMainPwrPercentAct',          0,        230, 0, 0
  485.116: TASK: Message EM_MSG_ET_TO_ET_THERMAL_TIMED_OUT sent to EmThermalTask()
  485.126: TASK: EmThermalTask() status 0x1.  Task NOT Removed.
  485.126: ItuTemp_F 76.800 CavityTemp_F 0.000 Weather Station_F 75.816 Bump_Time_Scalar 1.0000305176
  485.126: PhSetBeltStretchTopMarginAdjustment() - TopMarginAdjustMm = -0.749969: MmPerHsyncs = 0.042328
  485.126: TASK: Message EM_MSG_ET_TO_ET_LOAD_TIMER sent to EmThermalTimerTask()
  485.136: TASK: EmThermalTimerTask() status 0x1.  Task NOT Removed.
  485.425, 0.000, 'FuserMainPwrPercentAct',         33,        230, 0, 0
  485.475, 0.000, 'FuserMainPwrPercentAct',          0,        230, 0, 0
  486.021: ssec: cmd=27, devNum=255, rc=0
  486.547: WeatherThread: Calc Temp: 24.34 C, Calc RH: 50.57 (percent)
  486.557: WeatherThread: Filtered Temp: 24.34 C, Filtered RH: 50.57 (percent), Filtered Average RH: 49.14 (percent)
  486.670, 0.000, 'FuserMainPwrPercentAct',         33,        230, 0, 0
  486.720, 0.000, 'FuserMainPwrPercentAct',          0,        230, 0, 0
  487.950, 0.000, 'FuserMainPwrPercentAct',         33,        230, 0, 0
  488.000, 0.000, 'FuserMainPwrPercentAct',          0,        230, 0, 0
  489.510, 0.000, 'FuserMainPwrPercentAct',         33,        230, 0, 0
  489.560, 0.000, 'FuserMainPwrPercentAct',          0,        230, 0, 0
  490.790, 0.000, 'FuserMainPwrPercentAct',         33,        230, 0, 0
  490.840, 0.000, 'FuserMainPwrPercentAct',          0,        230, 0, 0
  492.020, 0.000, 'FuserMainPwrPercentAct',         33,        230, 0, 0
  492.070, 0.000, 'FuserMainPwrPercentAct',          0,        230, 0, 0
  493.345, 0.000, 'FuserMainPwrPercentAct',         33,        230, 0, 0
  493.395, 0.000, 'FuserMainPwrPercentAct',          0,        230, 0, 0
  494.725, 0.000, 'FuserMainPwrPercentAct',         33,        230, 0, 0
  494.775, 0.000, 'FuserMainPwrPercentAct',          0,        230, 0, 0
  496.021: ssec: cmd=27, devNum=255, rc=0
  496.040, 0.000, 'FuserMainPwrPercentAct',         33,        230, 0, 0
  496.090, 0.000, 'FuserMainPwrPercentAct',          0,        230, 0, 0
  497.257: WeatherThread: Calc Temp: 24.33 C, Calc RH: 50.67 (percent)
  497.267: WeatherThread: Filtered Temp: 24.33 C, Filtered RH: 50.67 (percent), Filtered Average RH: 49.14 (percent)
  497.350: ssec: su: forceAuth=true
  497.358: ssec: sn: n=0x01, s=0x01, ss=0x04, f=0x02
  497.359: ssec: sn: n=0x01, d=0xa000316c, iq=0xb634, qu=0xb634, au=0x3c5d44b, mu=0x3c5d44b
  497.359: ssec: sn: n=0x02, s=0x01, ss=0x04, f=0x02
  497.359: ssec: sn: n=0x02, d=0xa0002de2, iq=0xabca, qu=0xabca, au=0x235cd5, mu=0x235cd5
  497.359: ssec: sn: n=0x03, s=0x01, ss=0x04, f=0x02
  497.359: ssec: sn: n=0x03, d=0xa00034a1, iq=0xb634, qu=0xb634, au=0xc8ee6, mu=0xc8ee6
  497.359: ssec: sn: n=0x04, s=0x01, ss=0x04, f=0x02
  497.359: ssec: sn: n=0x04, d=0xa0003c2d, iq=0xc86c, qu=0xc86c, au=0x1e3e804, mu=0x1e3e804
  497.359: ssec: sn: n=0x05, s=0x01, ss=0x04, f=0x00
  497.359: ssec: sn: n=0x05, d=0xa000557e, iq=0xea10, qu=0xd3b6, au=0x170f0, mu=0x170f0
  497.359: ssec: sn: n=0x06, s=0x01, ss=0x04, f=0x00
  497.359: ssec: sn: n=0x06, d=0xa0005a44, iq=0xea10, qu=0xd823, au=0x165c8, mu=0x165c3
  497.360: ssec: sn: n=0x07, s=0x01, ss=0x04, f=0x00
  497.360: ssec: sn: n=0x07, d=0xa00050e6, iq=0xf58a, qu=0xc550, au=0x170f3, mu=0x170f0
  497.360: ssec: gats: 
  497.415, 0.000, 'FuserMainPwrPercentAct',         33,        230, 0, 0
  497.465, 0.000, 'FuserMainPwrPercentAct',          0,        230, 0, 0
  497.505: ssec: gats: 
  497.511: ssec: atc:
  497.574: ssec: gats: 
  497.578: ssec: san: 
  497.584: ssec: sav: devNum=4
  497.644: ssec: sn: dn=0, st=1
  497.644: ssec: cmd=26, devNum=255, rc=0
  498.695, 0.000, 'FuserMainPwrPercentAct',         33,        230, 0, 0
  498.745, 0.000, 'FuserMainPwrPercentAct',          0,        230, 0, 0
  500.060, 0.000, 'FuserMainPwrPercentAct',         33,        230, 0, 0
  500.110, 0.000, 'FuserMainPwrPercentAct',          0,        230, 0, 0
  501.390, 0.000, 'FuserMainPwrPercentAct',         33,        230, 0, 0
  501.435, 0.000, 'FuserMainPwrPercentAct',          0,        230, 0, 0
  502.735, 0.000, 'FuserMainPwrPercentAct',         33,        230, 0, 0
  502.785, 0.000, 'FuserMainPwrPercentAct',          0,        230, 0, 0
  504.080, 0.000, 'FuserMainPwrPercentAct',         33,        230, 0, 0
  504.130, 0.000, 'FuserMainPwrPercentAct',          0,        230, 0, 0
  505.410, 0.000, 'FuserMainPwrPercentAct',         33,        230, 0, 0
  505.460, 0.000, 'FuserMainPwrPercentAct',          0,        230, 0, 0
  506.021: ssec: cmd=27, devNum=255, rc=0
  506.705, 0.000, 'FuserMainPwrPercentAct',         33,        230, 0, 0
  506.755, 0.000, 'FuserMainPwrPercentAct',          0,        230, 0, 0
  507.967: WeatherThread: Calc Temp: 24.32 C, Calc RH: 50.73 (percent)
  507.977: WeatherThread: Filtered Temp: 24.32 C, Filtered RH: 50.73 (percent), Filtered Average RH: 49.14 (percent)
  508.085, 0.000, 'FuserMainPwrPercentAct',         33,        230, 0, 0
  508.130, 0.000, 'FuserMainPwrPercentAct',          0,        230, 0, 0
  509.410, 0.000, 'FuserMainPwrPercentAct',         33,        230, 0, 0
  509.460, 0.000, 'FuserMainPwrPercentAct',          0,        230, 0, 0
  510.074: PhSetThermalBlackTopMarginAdjustment() - TopMarginAdjustMm = -0.003937: MmPerHsyncs = 0.042328
  510.705, 0.000, 'FuserMainPwrPercentAct',         33,        230, 0, 0
  510.755, 0.000, 'FuserMainPwrPercentAct',          0,        230, 0, 0
  512.005, 0.000, 'FuserMainPwrPercentAct',         33,        230, 0, 0
  512.055, 0.000, 'FuserMainPwrPercentAct',          0,        230, 0, 0
  513.350, 0.000, 'FuserMainPwrPercentAct',         33,        230, 0, 0
  513.400, 0.000, 'FuserMainPwrPercentAct',          0,        230, 0, 0
  514.760, 0.000, 'FuserMainPwrPercentAct',         33,        230, 0, 0
  514.810, 0.000, 'FuserMainPwrPercentAct',          0,        230, 0, 0
  515.925, 0.000, 'FuserMainPwrPercentAct',         33,        230, 0, 0
  515.975, 0.000, 'FuserMainPwrPercentAct',          0,        230, 0, 0
  516.021: ssec: cmd=27, devNum=255, rc=0
  517.470, 0.000, 'FuserMainPwrPercentAct',         33,        230, 0, 0
  517.520, 0.000, 'FuserMainPwrPercentAct',          0,        230, 0, 0
  518.600, 0.000, 'FuserMainPwrPercentAct',         33,        230, 0, 0
  518.650, 0.000, 'FuserMainPwrPercentAct',          0,        230, 0, 0
  518.677: WeatherThread: Calc Temp: 24.32 C, Calc RH: 50.73 (percent)
  518.687: WeatherThread: RH History update: minute sample count 6, buffer count 37, buffer index 37, value stored 50.5
  518.687: WeatherThread: Filtered Temp: 24.32 C, Filtered RH: 50.73 (percent), Filtered Average RH: 49.17 (percent)
  520.045, 0.000, 'FuserMainPwrPercentAct',         33,        230, 0, 0
  520.095, 0.000, 'FuserMainPwrPercentAct',          0,        230, 0, 0
  521.355, 0.000, 'FuserMainPwrPercentAct',         33,        230, 0, 0
  521.405, 0.000, 'FuserMainPwrPercentAct',          0,        230, 0, 0
  521.420, 0.000, 'FuserMainPwrPercentAct',         33,        230, 0, 0
  521.470, 0.000, 'FuserMainPwrPercentAct',          0,        230, 0, 0
  521.540, 0.000, 'FuserMainPwrPercentReq',          1,         68, 0, 0
  521.555, 0.000, 'FuserMainPwrPercentReq',          0,         68, 0, 0
  523.580, 0.000, 'FuserMainPwrPercentReq',         11,         68, 0, 0
  524.365, 0.000, 'FuserMainPwrPercentAct',         33,        230, 0, 0
  524.415, 0.000, 'FuserMainPwrPercentAct',          0,        230, 0, 0
  525.960, 0.000, 'FuserMainPwrPercentAct',         33,        230, 0, 0
  526.010, 0.000, 'FuserMainPwrPercentAct',          0,        230, 0, 0
  526.021: ssec: cmd=27, devNum=255, rc=0
  526.025, 0.000, 'FuserMainPwrPercentAct',         33,        230, 0, 0
  526.075, 0.000, 'FuserMainPwrPercentAct',          0,        230, 0, 0
  526.240, 0.000, 'FuserMainPwrPercentReq',          0,         68, 0, 0
  527.285, 0.000, 'FuserMainPwrPercentReq',         10,         68, 0, 0
  528.615, 0.000, 'FuserMainPwrPercentAct',         33,        230, 0, 0
  528.715, 0.000, 'FuserMainPwrPercentAct',          0,        230, 0, 0
  528.915, 0.000, 'FuserMainPwrPercentReq',          0,         68, 0, 0
  529.387: WeatherThread: Calc Temp: 24.31 C, Calc RH: 50.79 (percent)
  529.397, 0.000, 'Weather Station Temp C',           24.32,  214, 0, 0
  529.397, 0.000, 'Weather Station RH',               50.75,  215, 0, 0
  529.397: WeatherThread: Filtered Temp: 24.31 C, Filtered RH: 50.79 (percent), Filtered Average RH: 49.17 (percent)
  530.035, 0.000, 'FuserMainPwrPercentReq',         11,         68, 0, 0
  531.250, 0.000, 'FuserMainPwrPercentAct',         33,        230, 0, 0
  531.350, 0.000, 'FuserMainPwrPercentAct',          0,        230, 0, 0
  531.480, 0.000, 'FuserMainPwrPercentReq',          1,         68, 0, 0
  531.500, 0.000, 'FuserMainPwrPercentReq',          0,         68, 0, 0
  532.655, 0.000, 'FuserMainPwrPercentReq',         11,         68, 0, 0
  533.780, 0.000, 'FuserMainPwrPercentAct',         33,        230, 0, 0
  533.830, 0.000, 'FuserMainPwrPercentAct',          0,        230, 0, 0
  533.850, 0.000, 'FuserMainPwrPercentAct',         33,        230, 0, 0
  533.900, 0.000, 'FuserMainPwrPercentAct',          0,        230, 0, 0
  534.065, 0.000, 'FuserMainPwrPercentReq',          0,         68, 0, 0
  535.325, 0.000, 'FuserMainPwrPercentReq',         10,         68, 0, 0
  536.021: ssec: cmd=27, devNum=255, rc=0
  536.405, 0.000, 'FuserMainPwrPercentAct',         33,        230, 0, 0
  536.455, 0.000, 'FuserMainPwrPercentAct',          0,        230, 0, 0
  537.385, 0.000, 'FuserMainPwrPercentAct',         33,        230, 0, 0
  537.435, 0.000, 'FuserMainPwrPercentAct',          0,        230, 0, 0
  538.585, 0.000, 'FuserMainPwrPercentAct',         33,        230, 0, 0
  538.635, 0.000, 'FuserMainPwrPercentAct',          0,        230, 0, 0
  539.960, 0.000, 'FuserMainPwrPercentAct',         33,        230, 0, 0
  540.010, 0.000, 'FuserMainPwrPercentAct',          0,        230, 0, 0
  540.074: PhSetThermalBlackTopMarginAdjustment() - TopMarginAdjustMm = -0.003937: MmPerHsyncs = 0.042328
  540.097: WeatherThread: Calc Temp: 24.31 C, Calc RH: 50.88 (percent)
  540.107: WeatherThread: Filtered Temp: 24.31 C, Filtered RH: 50.88 (percent), Filtered Average RH: 49.17 (percent)
  540.722: RealTime='2026-09-23 08:44' Count='38' Valid = '1' RealTime_EncodedHex='0x7EA9BA2C' RealTime_RefSeconds='843468280'
  541.110, 0.000, 'FuserMainPwrPercentAct',         33,        230, 0, 0
  541.160, 0.000, 'FuserMainPwrPercentAct',          0,        230, 0, 0
  542.770, 0.000, 'FuserMainPwrPercentAct',         33,        230, 0, 0
  542.870, 0.000, 'FuserMainPwrPercentAct',          0,        230, 0, 0
  542.985, 0.000, 'FuserMainPwrPercentReq',          0,         68, 0, 0
  544.580, 0.000, 'FuserMainPwrPercentReq',         10,         68, 0, 0
  545.146: TASK: Message EM_MSG_ET_TO_ET_THERMAL_TIMED_OUT sent to EmThermalTask()
  545.156: TASK: EmThermalTask() status 0x1.  Task NOT Removed.
  545.156: ItuTemp_F 76.800 CavityTemp_F 0.000 Weather Station_F 75.764 Bump_Time_Scalar 1.0000305176
  545.156: PhSetBeltStretchTopMarginAdjustment() - TopMarginAdjustMm = -0.749969: MmPerHsyncs = 0.042328
  545.156: TASK: Message EM_MSG_ET_TO_ET_LOAD_TIMER sent to EmThermalTimerTask()
  545.166: TASK: EmThermalTimerTask() status 0x1.  Task NOT Removed.
  545.645, 0.000, 'FuserMainPwrPercentAct',         33,        230, 0, 0
  545.695, 0.000, 'FuserMainPwrPercentAct',          0,        230, 0, 0
  546.021: ssec: cmd=27, devNum=255, rc=0
  546.605, 0.000, 'FuserMainPwrPercentAct',         33,        230, 0, 0
  546.655, 0.000, 'FuserMainPwrPercentAct',          0,        230, 0, 0
  547.905, 0.000, 'FuserMainPwrPercentAct',         33,        230, 0, 0
  547.950, 0.000, 'FuserMainPwrPercentAct',          0,        230, 0, 0
  549.150, 0.000, 'FuserMainPwrPercentAct',         33,        230, 0, 0
  549.200, 0.000, 'FuserMainPwrPercentAct',          0,        230, 0, 0
  550.495, 0.000, 'FuserMainPwrPercentAct',         33,        230, 0, 0
  550.545, 0.000, 'FuserMainPwrPercentAct',          0,        230, 0, 0
  550.807: WeatherThread: Calc Temp: 24.30 C, Calc RH: 50.88 (percent)
  550.817: WeatherThread: Filtered Temp: 24.30 C, Filtered RH: 50.88 (percent), Filtered Average RH: 49.17 (percent)
  551.805, 0.000, 'FuserMainPwrPercentAct',         33,        230, 0, 0
  551.855, 0.000, 'FuserMainPwrPercentAct',          0,        230, 0, 0
  553.120, 0.000, 'FuserMainPwrPercentAct',         33,        230, 0, 0
  553.170, 0.000, 'FuserMainPwrPercentAct',          0,        230, 0, 0
  554.350, 0.000, 'FuserMainPwrPercentAct',         33,        230, 0, 0
  554.400, 0.000, 'FuserMainPwrPercentAct',          0,        230, 0, 0
  555.795, 0.000, 'FuserMainPwrPercentAct',         33,        230, 0, 0
  555.845, 0.000, 'FuserMainPwrPercentAct',          0,        230, 0, 0
  556.021: ssec: cmd=27, devNum=255, rc=0
  557.070, 0.000, 'FuserMainPwrPercentAct',         33,        230, 0, 0
  557.120, 0.000, 'FuserMainPwrPercentAct',          0,        230, 0, 0
  558.400, 0.000, 'FuserMainPwrPercentAct',         33,        230, 0, 0
  558.450, 0.000, 'FuserMainPwrPercentAct',          0,        230, 0, 0
  559.695, 0.000, 'FuserMainPwrPercentAct',         33,        230, 0, 0
  559.745, 0.000, 'FuserMainPwrPercentAct',          0,        230, 0, 0
  561.075, 0.000, 'FuserMainPwrPercentAct',         33,        230, 0, 0
  561.125, 0.000, 'FuserMainPwrPercentAct',          0,        230, 0, 0
  561.517: WeatherThread: Calc Temp: 24.29 C, Calc RH: 51.05 (percent)
  561.527: WeatherThread: Filtered Temp: 24.29 C, Filtered RH: 51.05 (percent), Filtered Average RH: 49.17 (percent)
  562.074: EP: Environment calculation code ran successfully. measured_temperature_Q3 = 75.625000, adjusted_temperature_Q3 = 75.625000, measured_humidity_Q3 = 49.125000, adjusted_humidity_Q3 = 49.125000, ChosenEnv = 4, wet_bulb_temperature_f_Q3 = 503, CalcTime_us=77 
  562.270, 0.000, 'FuserMainPwrPercentAct',         33,        230, 0, 0
  562.320, 0.000, 'FuserMainPwrPercentAct',          0,        230, 0, 0
  563.765, 0.000, 'FuserMainPwrPercentAct',         33,        230, 0, 0
  563.815, 0.000, 'FuserMainPwrPercentAct',          0,        230, 0, 0
  564.116: EM: Thermal algorithm 843468303 - MotorRunningTimeUpdated: TempCooldownActive 0 gItmMotorRunning 0 JSealTemperature_degCAtMotorOff 31 JSealTemperature 30.9 C, WS Temp 24.3 C
  564.845, 0.000, 'FuserMainPwrPercentAct',         33,        230, 0, 0
  564.895, 0.000, 'FuserMainPwrPercentAct',          0,        230, 0, 0
  566.021: ssec: cmd=27, devNum=255, rc=0
  566.116: EM: Thermal algorithm 843468305 - MotorRunningTimeUpdated: TempCooldownActive 0 gItmMotorRunning 0 JSealTemperature_degCAtMotorOff 31 JSealTemperature 30.9 C, WS Temp 24.3 C
  566.460, 0.000, 'FuserMainPwrPercentAct',         33,        230, 0, 0
  566.510, 0.000, 'FuserMainPwrPercentAct',          0,        230, 0, 0
  567.490, 0.000, 'FuserMainPwrPercentAct',         33,        230, 0, 0
  567.540, 0.000, 'FuserMainPwrPercentAct',          0,        230, 0, 0
  567.573: ssec: su: forceAuth=true
  567.581: ssec: sn: n=0x01, s=0x01, ss=0x04, f=0x02
  567.581: ssec: sn: n=0x01, d=0xa000316c, iq=0xb634, qu=0xb634, au=0x3c5d44b, mu=0x3c5d44b
  567.581: ssec: sn: n=0x02, s=0x01, ss=0x04, f=0x02
  567.581: ssec: sn: n=0x02, d=0xa0002de2, iq=0xabca, qu=0xabca, au=0x235cd5, mu=0x235cd5
  567.581: ssec: sn: n=0x03, s=0x01, ss=0x04, f=0x02
  567.581: ssec: sn: n=0x03, d=0xa00034a1, iq=0xb634, qu=0xb634, au=0xc8ee6, mu=0xc8ee6
  567.581: ssec: sn: n=0x04, s=0x01, ss=0x04, f=0x02
  567.581: ssec: sn: n=0x04, d=0xa0003c2d, iq=0xc86c, qu=0xc86c, au=0x1e3e804, mu=0x1e3e804
  567.581: ssec: sn: n=0x05, s=0x01, ss=0x04, f=0x00
  567.581: ssec: sn: n=0x05, d=0xa000557e, iq=0xea10, qu=0xd3b6, au=0x170f0, mu=0x170f0
  567.581: ssec: sn: n=0x06, s=0x01, ss=0x04, f=0x00
  567.582: ssec: sn: n=0x06, d=0xa0005a44, iq=0xea10, qu=0xd823, au=0x165c8, mu=0x165c3
  567.582: ssec: sn: n=0x07, s=0x01, ss=0x04, f=0x00
  567.582: ssec: sn: n=0x07, d=0xa00050e6, iq=0xf58a, qu=0xc550, au=0x170f3, mu=0x170f0
  567.582: ssec: gats: 
  567.727: ssec: gats: 
  567.734: ssec: atc:
  567.796: ssec: gats: 
  567.800: ssec: san: 
  567.805: ssec: sav: devNum=3
  567.866: ssec: sn: dn=0, st=1
  567.866: ssec: cmd=26, devNum=255, rc=0
  569.100, 0.000, 'FuserMainPwrPercentAct',         33,        230, 0, 0
  569.150, 0.000, 'FuserMainPwrPercentAct',          0,        230, 0, 0
  570.074: PhSetThermalBlackTopMarginAdjustment() - TopMarginAdjustMm = -0.003937: MmPerHsyncs = 0.042328
  570.215, 0.000, 'FuserMainPwrPercentAct',         33,        230, 0, 0
  570.265, 0.000, 'FuserMainPwrPercentAct',          0,        230, 0, 0
  571.490, 0.000, 'FuserMainPwrPercentAct',         33,        230, 0, 0
  571.540, 0.000, 'FuserMainPwrPercentAct',          0,        230, 0, 0
  572.227: WeatherThread: Calc Temp: 24.30 C, Calc RH: 51.05 (percent)
  572.237: WeatherThread: Filtered Temp: 24.30 C, Filtered RH: 51.05 (percent), Filtered Average RH: 49.17 (percent)
  572.955, 0.000, 'FuserMainPwrPercentAct',         33,        230, 0, 0
  573.005, 0.000, 'FuserMainPwrPercentAct',          0,        230, 0, 0
  573.692: TpTriggerSetWhiteVectorRefValue: Color = Black, New = -155, Old = -156, Valid = 1
  573.692: TpTriggerSetWhiteVectorRefValue: Color = Cyan, New = -135, Old = -136, Valid = 1
  573.692: TpTriggerSetWhiteVectorRefValue: Color = Magenta, New = -135, Old = -136, Valid = 1
  573.692: TpTriggerSetWhiteVectorRefValue: Color = Yellow, New = -135, Old = -136, Valid = 1
  574.065, 0.000, 'FuserMainPwrPercentAct',         33,        230, 0, 0
  574.115, 0.000, 'FuserMainPwrPercentAct',          0,        230, 0, 0
  575.480, 0.000, 'FuserMainPwrPercentAct',         33,        230, 0, 0
  575.530, 0.000, 'FuserMainPwrPercentAct',          0,        230, 0, 0
  576.021: ssec: cmd=27, devNum=255, rc=0
  576.116: EM: Thermal algorithm 843468315 - MotorRunningTimeUpdated: TempCooldownActive 0 gItmMotorRunning 0 JSealTemperature_degCAtMotorOff 31 JSealTemperature 30.9 C, WS Temp 24.3 C
  576.860, 0.000, 'FuserMainPwrPercentAct',         33,        230, 0, 0
  576.910, 0.000, 'FuserMainPwrPercentAct',          0,        230, 0, 0
  578.116: EM: Thermal algorithm 843468317 - MotorRunningTimeUpdated: TempCooldownActive 0 gItmMotorRunning 0 JSealTemperature_degCAtMotorOff 31 JSealTemperature 30.9 C, WS Temp 24.3 C
  578.155, 0.000, 'FuserMainPwrPercentAct',         33,        230, 0, 0
  578.205, 0.000, 'FuserMainPwrPercentAct',          0,        230, 0, 0
  579.335, 0.000, 'FuserMainPwrPercentAct',         33,        230, 0, 0
  579.385, 0.000, 'FuserMainPwrPercentAct',          0,        230, 0, 0
  580.116: EM: Thermal algorithm 843468319 - MotorRunningTimeUpdated: TempCooldownActive 0 gItmMotorRunning 0 JSealTemperature_degCAtMotorOff 31 JSealTemperature 30.9 C, WS Temp 24.3 C
  580.760, 0.000, 'FuserMainPwrPercentAct',         33,        230, 0, 0
  580.810, 0.000, 'FuserMainPwrPercentAct',          0,        230, 0, 0
  582.116: EM: Thermal algorithm 843468321 - MotorRunningTimeUpdated: TempCooldownActive 0 gItmMotorRunning 0 JSealTemperature_degCAtMotorOff 31 JSealTemperature 30.9 C, WS Temp 24.3 C
  582.125, 0.000, 'FuserMainPwrPercentAct',         33,        230, 0, 0
  582.175, 0.000, 'FuserMainPwrPercentAct',          0,        230, 0, 0
  582.937: WeatherThread: Calc Temp: 24.28 C, Calc RH: 51.23 (percent)
  582.947: WeatherThread: RH History update: minute sample count 6, buffer count 38, buffer index 38, value stored 51.0
  582.947: WeatherThread: Filtered Temp: 24.28 C, Filtered RH: 51.23 (percent), Filtered Average RH: 49.22 (percent)
  583.235, 0.000, 'FuserMainPwrPercentAct',         33,        230, 0, 0
  583.285, 0.000, 'FuserMainPwrPercentAct',          0,        230, 0, 0
  584.750, 0.000, 'FuserMainPwrPercentAct',         33,        230, 0, 0
  584.800, 0.000, 'FuserMainPwrPercentAct',          0,        230, 0, 0
  585.910, 0.000, 'FuserMainPwrPercentAct',         33,        230, 0, 0
  585.960, 0.000, 'FuserMainPwrPercentAct',          0,        230, 0, 0
  586.021: ssec: cmd=27, devNum=255, rc=0
  586.116: EM: Thermal algorithm 843468325 - MotorRunningTimeUpdated: TempCooldownActive 0 gItmMotorRunning 0 JSealTemperature_degCAtMotorOff 31 JSealTemperature 30.9 C, WS Temp 24.3 C
  587.305, 0.000, 'FuserMainPwrPercentAct',         33,        230, 0, 0
  587.355, 0.000, 'FuserMainPwrPercentAct',          0,        230, 0, 0
  588.685, 0.000, 'FuserMainPwrPercentAct',         33,        230, 0, 0
  588.735, 0.000, 'FuserMainPwrPercentAct',          0,        230, 0, 0
  589.980, 0.000, 'FuserMainPwrPercentAct',         33,        230, 0, 0
  590.030, 0.000, 'FuserMainPwrPercentAct',          0,        230, 0, 0
  590.116: EM: Thermal algorithm 843468329 - MotorRunningTimeUpdated: TempCooldownActive 0 gItmMotorRunning 0 JSealTemperature_degCAtMotorOff 31 JSealTemperature 30.9 C, WS Temp 24.3 C
  591.130, 0.000, 'FuserMainPwrPercentAct',         33,        230, 0, 0
  591.180, 0.000, 'FuserMainPwrPercentAct',          0,        230, 0, 0
  592.625, 0.000, 'FuserMainPwrPercentAct',         33,        230, 0, 0
  592.675, 0.000, 'FuserMainPwrPercentAct',          0,        230, 0, 0
  593.647: WeatherThread: Calc Temp: 24.28 C, Calc RH: 51.23 (percent)
  593.657: WeatherThread: Filtered Temp: 24.28 C, Filtered RH: 51.23 (percent), Filtered Average RH: 49.22 (percent)
  593.855, 0.000, 'FuserMainPwrPercentAct',         33,        230, 0, 0
  593.905, 0.000, 'FuserMainPwrPercentAct',          0,        230, 0, 0
  594.116: EM: Thermal algorithm 843468333 - MotorRunningTimeUpdated: TempCooldownActive 0 gItmMotorRunning 0 JSealTemperature_degCAtMotorOff 31 JSealTemperature 30.9 C, WS Temp 24.3 C
  595.300, 0.000, 'FuserMainPwrPercentAct',         33,        230, 0, 0
  595.350, 0.000, 'FuserMainPwrPercentAct',          0,        230, 0, 0
  596.021: ssec: cmd=27, devNum=255, rc=0
  596.116: EM: Thermal algorithm 843468335 - MotorRunningTimeUpdated: TempCooldownActive 0 gItmMotorRunning 0 JSealTemperature_degCAtMotorOff 31 JSealTemperature 30.9 C, WS Temp 24.3 C
  596.560, 0.000, 'FuserMainPwrPercentAct',         33,        230, 0, 0
  596.610, 0.000, 'FuserMainPwrPercentAct',          0,        230, 0, 0
  597.705, 0.000, 'FuserMainPwrPercentAct',         33,        230, 0, 0
  597.755, 0.000, 'FuserMainPwrPercentAct',          0,        230, 0, 0
  599.185, 0.000, 'FuserMainPwrPercentAct',         33,        230, 0, 0
  599.235, 0.000, 'FuserMainPwrPercentAct',          0,        230, 0, 0
  600.074: PhSetThermalBlackTopMarginAdjustment() - TopMarginAdjustMm = -0.003937: MmPerHsyncs = 0.042328
  600.380, 0.000, 'FuserMainPwrPercentAct',         33,        230, 0, 0
  600.430, 0.000, 'FuserMainPwrPercentAct',          0,        230, 0, 0
  600.722: RealTime='2026-09-23 08:45' Count='42' Valid = '1' RealTime_EncodedHex='0x7EA9BA2D' RealTime_RefSeconds='843468340'
  601.895, 0.000, 'FuserMainPwrPercentAct',         33,        230, 0, 0
  601.945, 0.000, 'FuserMainPwrPercentAct',          0,        230, 0, 0
  602.116: EM: Thermal algorithm 843468341 - MotorRunningTimeUpdated: TempCooldownActive 0 gItmMotorRunning 0 JSealTemperature_degCAtMotorOff 31 JSealTemperature 30.9 C, WS Temp 24.3 C
  602.955, 0.000, 'FuserMainPwrPercentAct',         33,        230, 0, 0
  603.005, 0.000, 'FuserMainPwrPercentAct',          0,        230, 0, 0
  604.116: EM: Thermal algorithm 843468343 - MotorRunningTimeUpdated: TempCooldownActive 0 gItmMotorRunning 0 JSealTemperature_degCAtMotorOff 31 JSealTemperature 30.9 C, WS Temp 24.3 C
  604.357: WeatherThread: Calc Temp: 24.27 C, Calc RH: 51.34 (percent)
  604.367, 0.000, 'Weather Station Temp C',           24.27,  214, 0, 0
  604.367, 0.000, 'Weather Station RH',               51.27,  215, 0, 0
  604.367: WeatherThread: Filtered Temp: 24.27 C, Filtered RH: 51.34 (percent), Filtered Average RH: 49.22 (percent)
  604.385, 0.000, 'FuserMainPwrPercentAct',         33,        230, 0, 0
  604.435, 0.000, 'FuserMainPwrPercentAct',          0,        230, 0, 0
  605.176: TASK: Message EM_MSG_ET_TO_ET_THERMAL_TIMED_OUT sent to EmThermalTask()
  605.186: TASK: EmThermalTask() status 0x1.  Task NOT Removed.
  605.186: ItuTemp_F 76.800 CavityTemp_F 0.000 Weather Station_F 75.693 Bump_Time_Scalar 1.0000305176
  605.186: PhSetBeltStretchTopMarginAdjustment() - TopMarginAdjustMm = -0.749969: MmPerHsyncs = 0.042328
  605.186: TASK: Message EM_MSG_ET_TO_ET_LOAD_TIMER sent to EmThermalTimerTask()
  605.196: TASK: EmThermalTimerTask() status 0x1.  Task NOT Removed.
  605.650, 0.000, 'FuserMainPwrPercentAct',         33,        230, 0, 0
  605.700, 0.000, 'FuserMainPwrPercentAct',          0,        230, 0, 0
  606.021: ssec: cmd=27, devNum=255, rc=0
  607.045, 0.000, 'FuserMainPwrPercentAct',         33,        230, 0, 0
  607.095, 0.000, 'FuserMainPwrPercentAct',          0,        230, 0, 0
  608.325, 0.000, 'FuserMainPwrPercentAct',         33,        230, 0, 0
  608.375, 0.000, 'FuserMainPwrPercentAct',          0,        230, 0, 0
  608.616: EM: Thermal algorithm 843468347 - MotorRunningTimeUpdated: TempCooldownActive 0 gItmMotorRunning 0 JSealTemperature_degCAtMotorOff 31 JSealTemperature 30.9 C, WS Temp 24.3 C
  609.650, 0.000, 'FuserMainPwrPercentAct',         33,        230, 0, 0
  609.700, 0.000, 'FuserMainPwrPercentAct',          0,        230, 0, 0
  610.616: EM: Thermal algorithm 843468349 - MotorRunningTimeUpdated: TempCooldownActive 0 gItmMotorRunning 0 JSealTemperature_degCAtMotorOff 31 JSealTemperature 30.9 C, WS Temp 24.3 C
  611.000, 0.000, 'FuserMainPwrPercentAct',         33,        230, 0, 0
  611.050, 0.000, 'FuserMainPwrPercentAct',          0,        230, 0, 0
  612.175, 0.000, 'FuserMainPwrPercentAct',         33,        230, 0, 0
  612.225, 0.000, 'FuserMainPwrPercentAct',          0,        230, 0, 0
  613.575, 0.000, 'FuserMainPwrPercentAct',         33,        230, 0, 0
  613.625, 0.000, 'FuserMainPwrPercentAct',          0,        230, 0, 0
  614.870, 0.000, 'FuserMainPwrPercentAct',         33,        230, 0, 0
  614.920, 0.000, 'FuserMainPwrPercentAct',          0,        230, 0, 0
  615.067: WeatherThread: Calc Temp: 24.27 C, Calc RH: 51.34 (percent)
  615.077: WeatherThread: Filtered Temp: 24.27 C, Filtered RH: 51.34 (percent), Filtered Average RH: 49.22 (percent)
  616.021: ssec: cmd=27, devNum=255, rc=0
  616.180, 0.000, 'FuserMainPwrPercentAct',         33,        230, 0, 0
  616.230, 0.000, 'FuserMainPwrPercentAct',          0,        230, 0, 0
  617.445, 0.000, 'FuserMainPwrPercentAct',         33,        230, 0, 0
  617.495, 0.000, 'FuserMainPwrPercentAct',          0,        230, 0, 0
  618.616: EM: Thermal algorithm 843468357 - MotorRunningTimeUpdated: TempCooldownActive 0 gItmMotorRunning 0 JSealTemperature_degCAtMotorOff 31 JSealTemperature 30.9 C, WS Temp 24.3 C
  618.825, 0.000, 'FuserMainPwrPercentAct',         33,        230, 0, 0
  618.870, 0.000, 'FuserMainPwrPercentAct',          0,        230, 0, 0
  620.050, 0.000, 'FuserMainPwrPercentAct',         33,        230, 0, 0
  620.100, 0.000, 'FuserMainPwrPercentAct',          0,        230, 0, 0
  620.616: EM: Thermal algorithm 843468359 - MotorRunningTimeUpdated: TempCooldownActive 0 gItmMotorRunning 0 JSealTemperature_degCAtMotorOff 31 JSealTemperature 30.9 C, WS Temp 24.3 C
  621.465, 0.000, 'FuserMainPwrPercentAct',         33,        230, 0, 0
  621.515, 0.000, 'FuserMainPwrPercentAct',          0,        230, 0, 0
  622.645, 0.000, 'FuserMainPwrPercentAct',         33,        230, 0, 0
  622.695, 0.000, 'FuserMainPwrPercentAct',          0,        230, 0, 0
  623.137: BUR sensor iterations 6, Object temp 61, Body temp 37
  623.647: BUR sensor iterations 6, Object temp 62, Body temp 37
  624.040, 0.000, 'FuserMainPwrPercentAct',         33,        230, 0, 0
  624.090, 0.000, 'FuserMainPwrPercentAct',          0,        230, 0, 0
  625.300, 0.000, 'FuserMainPwrPercentAct',         33,        230, 0, 0
  625.350, 0.000, 'FuserMainPwrPercentAct',          0,        230, 0, 0
  625.777: WeatherThread: Calc Temp: 24.26 C, Calc RH: 51.29 (percent)
  625.787: WeatherThread: Filtered Temp: 24.26 C, Filtered RH: 51.29 (percent), Filtered Average RH: 49.22 (percent)
  626.021: ssec: cmd=27, devNum=255, rc=0
  626.616: EM: Thermal algorithm 843468365 - MotorRunningTimeUpdated: TempCooldownActive 0 gItmMotorRunning 0 JSealTemperature_degCAtMotorOff 31 JSealTemperature 30.9 C, WS Temp 24.3 C
  626.695, 0.000, 'FuserMainPwrPercentAct',         33,        230, 0, 0
  626.745, 0.000, 'FuserMainPwrPercentAct',          0,        230, 0, 0
  626.765, 0.000, 'FuserMainPwrPercentAct',         33,        230, 0, 0
  626.815, 0.000, 'FuserMainPwrPercentAct',          0,        230, 0, 0
  626.915, 0.000, 'FuserMainPwrPercentReq',          0,         68, 0, 0
  627.727: BUR sensor iterations 6, Object temp 61, Body temp 37
  628.237: BUR sensor iterations 6, Object temp 62, Body temp 37
  628.965, 0.000, 'FuserMainPwrPercentReq',         12,         68, 0, 0
  629.780, 0.000, 'FuserMainPwrPercentAct',         33,        230, 0, 0
  629.830, 0.000, 'FuserMainPwrPercentAct',          0,        230, 0, 0
  630.074: PhSetThermalBlackTopMarginAdjustment() - TopMarginAdjustMm = -0.003647: MmPerHsyncs = 0.042328
  630.810, 0.000, 'FuserMainPwrPercentAct',         33,        230, 0, 0
  630.860, 0.000, 'FuserMainPwrPercentAct',          0,        230, 0, 0
  631.297: BUR sensor iterations 6, Object temp 61, Body temp 37
  631.807: BUR sensor iterations 6, Object temp 62, Body temp 37
  631.955, 0.000, 'FuserMainPwrPercentAct',         33,        230, 0, 0
  632.005, 0.000, 'FuserMainPwrPercentAct',          0,        230, 0, 0
  633.235, 0.000, 'FuserMainPwrPercentAct',         33,        230, 0, 0
  633.285, 0.000, 'FuserMainPwrPercentAct',          0,        230, 0, 0
  634.357: BUR sensor iterations 6, Object temp 61, Body temp 37
  634.530, 0.000, 'FuserMainPwrPercentAct',         33,        230, 0, 0
  634.580, 0.000, 'FuserMainPwrPercentAct',          0,        230, 0, 0
  634.867: BUR sensor iterations 6, Object temp 62, Body temp 37
  635.377: BUR sensor iterations 6, Object temp 61, Body temp 37
  635.760, 0.000, 'FuserMainPwrPercentAct',         33,        230, 0, 0
  635.810, 0.000, 'FuserMainPwrPercentAct',          0,        230, 0, 0
  636.021: ssec: cmd=27, devNum=255, rc=0
  636.397: BUR sensor iterations 6, Object temp 62, Body temp 37
  636.487: WeatherThread: Calc Temp: 24.25 C, Calc RH: 51.40 (percent)
  636.497: WeatherThread: Filtered Temp: 24.25 C, Filtered RH: 51.40 (percent), Filtered Average RH: 49.22 (percent)
  637.040, 0.000, 'FuserMainPwrPercentAct',         33,        230, 0, 0
  637.090, 0.000, 'FuserMainPwrPercentAct',          0,        230, 0, 0
  637.417: BUR sensor iterations 6, Object temp 61, Body temp 37
  637.795: ssec: su: forceAuth=true
  637.804: ssec: sn: n=0x01, s=0x01, ss=0x04, f=0x02
  637.804: ssec: sn: n=0x01, d=0xa000316c, iq=0xb634, qu=0xb634, au=0x3c5d44b, mu=0x3c5d44b
  637.804: ssec: sn: n=0x02, s=0x01, ss=0x04, f=0x02
  637.804: ssec: sn: n=0x02, d=0xa0002de2, iq=0xabca, qu=0xabca, au=0x235cd5, mu=0x235cd5
  637.804: ssec: sn: n=0x03, s=0x01, ss=0x04, f=0x02
  637.804: ssec: sn: n=0x03, d=0xa00034a1, iq=0xb634, qu=0xb634, au=0xc8ee6, mu=0xc8ee6
  637.804: ssec: sn: n=0x04, s=0x01, ss=0x04, f=0x02
  637.804: ssec: sn: n=0x04, d=0xa0003c2d, iq=0xc86c, qu=0xc86c, au=0x1e3e804, mu=0x1e3e804
  637.804: ssec: sn: n=0x05, s=0x01, ss=0x04, f=0x00
  637.804: ssec: sn: n=0x05, d=0xa000557e, iq=0xea10, qu=0xd3b6, au=0x170f0, mu=0x170f0
  637.804: ssec: sn: n=0x06, s=0x01, ss=0x04, f=0x00
  637.804: ssec: sn: n=0x06, d=0xa0005a44, iq=0xea10, qu=0xd823, au=0x165c8, mu=0x165c3
  637.805: ssec: sn: n=0x07, s=0x01, ss=0x04, f=0x00
  637.805: ssec: sn: n=0x07, d=0xa00050e6, iq=0xf58a, qu=0xc550, au=0x170f3, mu=0x170f0
  637.805: ssec: gats: 
  637.950: ssec: gats: 
  637.956: ssec: atc:
  638.018: ssec: gats: 
  638.022: ssec: san: 
  638.027: ssec: sav: devNum=2
  638.088: ssec: sn: dn=0, st=1
  638.088: ssec: cmd=26, devNum=255, rc=0
  638.335, 0.000, 'FuserMainPwrPercentAct',         33,        230, 0, 0
  638.385, 0.000, 'FuserMainPwrPercentAct',          0,        230, 0, 0
  638.437: BUR sensor iterations 6, Object temp 62, Body temp 37
  638.947: BUR sensor iterations 6, Object temp 61, Body temp 37
  639.780, 0.000, 'FuserMainPwrPercentAct',         33,        230, 0, 0
  639.830, 0.000, 'FuserMainPwrPercentAct',          0,        230, 0, 0
  639.967: BUR sensor iterations 6, Object temp 62, Body temp 37
  640.477: BUR sensor iterations 6, Object temp 61, Body temp 37
  641.125, 0.000, 'FuserMainPwrPercentAct',         33,        230, 0, 0
  641.175, 0.000, 'FuserMainPwrPercentAct',          0,        230, 0, 0
  642.355, 0.000, 'FuserMainPwrPercentAct',         33,        230, 0, 0
  642.405, 0.000, 'FuserMainPwrPercentAct',          0,        230, 0, 0
  643.535, 0.000, 'FuserMainPwrPercentAct',         33,        230, 0, 0
  643.537: BUR sensor iterations 6, Object temp 62, Body temp 37
  643.585, 0.000, 'FuserMainPwrPercentAct',          0,        230, 0, 0
  644.047: BUR sensor iterations 6, Object temp 61, Body temp 37
<JSEAL EngineTime='  644.616' StringId='42'  PrinterSideCount='226' RealTime='2026-09-23 08:46' WeatherStationTemp_degC='24.3' JSealTemp_degC='30.9' MotorTimeOn_JSeal='0' MotorTimeOff='1921616' ItmTemp_degC='24.7' CavityTemp_degC='0.0' PrintheadTemp_degC='33' ProcessSpeed='55ppm' ThermalSpeedLimit='255ppm'  DuplexPrinting='0'/>
  644.616, 0.000, 'JSeal Temp C',                30.876,    34, 0, 0
  644.930, 0.000, 'FuserMainPwrPercentAct',         33,        230, 0, 0
  645.030, 0.000, 'FuserMainPwrPercentAct',          0,        230, 0, 0
  645.080, 0.000, 'FuserMainPwrPercentReq',          2,         68, 0, 0
  645.115, 0.000, 'FuserMainPwrPercentReq',          0,         68, 0, 0
  646.021: ssec: cmd=27, devNum=255, rc=0
  646.087: BUR sensor iterations 6, Object temp 62, Body temp 37
  647.080, 0.000, 'FuserMainPwrPercentReq',         12,         68, 0, 0
  647.107: BUR sensor iterations 6, Object temp 61, Body temp 37
  647.197: WeatherThread: Calc Temp: 24.23 C, Calc RH: 51.49 (percent)
  647.207: WeatherThread: RH History update: minute sample count 6, buffer count 39, buffer index 39, value stored 51.5
  647.207: WeatherThread: Filtered Temp: 24.23 C, Filtered RH: 51.49 (percent), Filtered Average RH: 49.27 (percent)
  647.865, 0.000, 'FuserMainPwrPercentAct',         33,        230, 0, 0
  647.915, 0.000, 'FuserMainPwrPercentAct',          0,        230, 0, 0
  648.074: EP: Environment calculation code ran successfully. measured_temperature_Q3 = 75.625000, adjusted_temperature_Q3 = 75.625000, measured_humidity_Q3 = 49.250000, adjusted_humidity_Q3 = 49.250000, ChosenEnv = 4, wet_bulb_temperature_f_Q3 = 504, CalcTime_us=78 
  649.025, 0.000, 'FuserMainPwrPercentAct',         33,        230, 0, 0
  649.075, 0.000, 'FuserMainPwrPercentAct',          0,        230, 0, 0
  650.140, 0.000, 'FuserMainPwrPercentAct',         33,        230, 0, 0
  650.190, 0.000, 'FuserMainPwrPercentAct',          0,        230, 0, 0
  651.535, 0.000, 'FuserMainPwrPercentAct',         33,        230, 0, 0
  651.585, 0.000, 'FuserMainPwrPercentAct',          0,        230, 0, 0
  652.695, 0.000, 'FuserMainPwrPercentAct',         33,        230, 0, 0
  652.745, 0.000, 'FuserMainPwrPercentAct',          0,        230, 0, 0
  654.025, 0.000, 'FuserMainPwrPercentAct',         33,        230, 0, 0
  654.075, 0.000, 'FuserMainPwrPercentAct',          0,        230, 0, 0
  655.290, 0.000, 'FuserMainPwrPercentAct',         33,        230, 0, 0
  655.340, 0.000, 'FuserMainPwrPercentAct',          0,        230, 0, 0
  656.021: ssec: cmd=27, devNum=255, rc=0
  656.650, 0.000, 'FuserMainPwrPercentAct',         33,        230, 0, 0
  656.700, 0.000, 'FuserMainPwrPercentAct',          0,        230, 0, 0
  657.907: WeatherThread: Calc Temp: 24.21 C, Calc RH: 51.52 (percent)
  657.917: WeatherThread: Filtered Temp: 24.21 C, Filtered RH: 51.52 (percent), Filtered Average RH: 49.27 (percent)
  657.965, 0.000, 'FuserMainPwrPercentAct',         33,        230, 0, 0
  658.015, 0.000, 'FuserMainPwrPercentAct',          0,        230, 0, 0
  658.074: EP: Environment calculation code ran successfully. measured_temperature_Q3 = 75.500000, adjusted_temperature_Q3 = 75.500000, measured_humidity_Q3 = 49.250000, adjusted_humidity_Q3 = 49.250000, ChosenEnv = 4, wet_bulb_temperature_f_Q3 = 503, CalcTime_us=75 
  658.532: TpTriggerSetWhiteVectorRefValue: Color = Cyan, New = -134, Old = -135, Valid = 1
  658.532: TpTriggerSetWhiteVectorRefValue: Color = Magenta, New = -134, Old = -135, Valid = 1
  658.532: TpTriggerSetWhiteVectorRefValue: Color = Yellow, New = -134, Old = -135, Valid = 1
  659.195, 0.000, 'FuserMainPwrPercentAct',         33,        230, 0, 0
  659.245, 0.000, 'FuserMainPwrPercentAct',          0,        230, 0, 0
  660.074: PhSetThermalBlackTopMarginAdjustment() - TopMarginAdjustMm = -0.003647: MmPerHsyncs = 0.042328
  660.570, 0.000, 'FuserMainPwrPercentAct',         33,        230, 0, 0
  660.620, 0.000, 'FuserMainPwrPercentAct',          0,        230, 0, 0
  660.722: RealTime='2026-09-23 08:46' Count='46' Valid = '1' RealTime_EncodedHex='0x7EA9BA2E' RealTime_RefSeconds='843468400'
  661.820, 0.000, 'FuserMainPwrPercentAct',         33,        230, 0, 0
  661.865, 0.000, 'FuserMainPwrPercentAct',          0,        230, 0, 0
  663.215, 0.000, 'FuserMainPwrPercentAct',         33,        230, 0, 0
  663.265, 0.000, 'FuserMainPwrPercentAct',          0,        230, 0, 0
  664.510, 0.000, 'FuserMainPwrPercentAct',         33,        230, 0, 0
  664.560, 0.000, 'FuserMainPwrPercentAct',          0,        230, 0, 0
  665.206: TASK: Message EM_MSG_ET_TO_ET_THERMAL_TIMED_OUT sent to EmThermalTask()
  665.216: TASK: EmThermalTask() status 0x1.  Task NOT Removed.
  665.216: ItuTemp_F 76.600 CavityTemp_F 0.000 Weather Station_F 75.616 Bump_Time_Scalar 1.0000305176
  665.216: PhSetBeltStretchTopMarginAdjustment() - TopMarginAdjustMm = -0.764969: MmPerHsyncs = 0.042328
  665.216: TASK: Message EM_MSG_ET_TO_ET_LOAD_TIMER sent to EmThermalTimerTask()
  665.226: TASK: EmThermalTimerTask() status 0x1.  Task NOT Removed.
  665.670, 0.000, 'FuserMainPwrPercentAct',         33,        230, 0, 0
  665.720, 0.000, 'FuserMainPwrPercentAct',          0,        230, 0, 0
  666.021: ssec: cmd=27, devNum=255, rc=0
  667.185, 0.000, 'FuserMainPwrPercentAct',         33,        230, 0, 0
  667.235, 0.000, 'FuserMainPwrPercentAct',          0,        230, 0, 0
  668.415, 0.000, 'FuserMainPwrPercentAct',         33,        230, 0, 0
  668.465, 0.000, 'FuserMainPwrPercentAct',          0,        230, 0, 0
  668.617: WeatherThread: Calc Temp: 24.21 C, Calc RH: 51.52 (percent)
  668.627: WeatherThread: Filtered Temp: 24.21 C, Filtered RH: 51.52 (percent), Filtered Average RH: 49.27 (percent)
  669.640, 0.000, 'FuserMainPwrPercentAct',         33,        230, 0, 0
  669.642: TpTriggerSetWhiteVectorRefValue: Color = Black, New = -154, Old = -155, Valid = 1
  669.690, 0.000, 'FuserMainPwrPercentAct',          0,        230, 0, 0
  671.005, 0.000, 'FuserMainPwrPercentAct',         33,        230, 0, 0
  671.055, 0.000, 'FuserMainPwrPercentAct',          0,        230, 0, 0
  672.265, 0.000, 'FuserMainPwrPercentAct',         33,        230, 0, 0
  672.315, 0.000, 'FuserMainPwrPercentAct',          0,        230, 0, 0
  673.565, 0.000, 'FuserMainPwrPercentAct',         33,        230, 0, 0
  673.610, 0.000, 'FuserMainPwrPercentAct',          0,        230, 0, 0
  674.860, 0.000, 'FuserMainPwrPercentAct',         33,        230, 0, 0
  674.910, 0.000, 'FuserMainPwrPercentAct',          0,        230, 0, 0
  676.021: ssec: cmd=27, devNum=255, rc=0
  676.255, 0.000, 'FuserMainPwrPercentAct',         33,        230, 0, 0
  676.305, 0.000, 'FuserMainPwrPercentAct',          0,        230, 0, 0
  677.435, 0.000, 'FuserMainPwrPercentAct',         33,        230, 0, 0
  677.485, 0.000, 'FuserMainPwrPercentAct',          0,        230, 0, 0
  678.810, 0.000, 'FuserMainPwrPercentAct',         33,        230, 0, 0
  678.860, 0.000, 'FuserMainPwrPercentAct',          0,        230, 0, 0
  679.327: WeatherThread: Calc Temp: 24.21 C, Calc RH: 51.52 (percent)
  679.337, 0.000, 'Weather Station Temp C',           24.21,  214, 0, 0
  679.337, 0.000, 'Weather Station RH',               51.52,  215, 0, 0
  679.337: WeatherThread: Filtered Temp: 24.21 C, Filtered RH: 51.52 (percent), Filtered Average RH: 49.27 (percent)
  680.190, 0.000, 'FuserMainPwrPercentAct',         33,        230, 0, 0
  680.240, 0.000, 'FuserMainPwrPercentAct',          0,        230, 0, 0
  681.355, 0.000, 'FuserMainPwrPercentAct',         33,        230, 0, 0
  681.405, 0.000, 'FuserMainPwrPercentAct',          0,        230, 0, 0
  682.765, 0.000, 'FuserMainPwrPercentAct',         33,        230, 0, 0
  682.815, 0.000, 'FuserMainPwrPercentAct',          0,        230, 0, 0
  683.960, 0.000, 'FuserMainPwrPercentAct',         33,        230, 0, 0
  684.010, 0.000, 'FuserMainPwrPercentAct',          0,        230, 0, 0
  685.310, 0.000, 'FuserMainPwrPercentAct',         33,        230, 0, 0
  685.355, 0.000, 'FuserMainPwrPercentAct',          0,        230, 0, 0
  686.021: ssec: cmd=27, devNum=255, rc=0
  686.605, 0.000, 'FuserMainPwrPercentAct',         33,        230, 0, 0
  686.655, 0.000, 'FuserMainPwrPercentAct',          0,        230, 0, 0
  687.930, 0.000, 'FuserMainPwrPercentAct',         33,        230, 0, 0
  687.980, 0.000, 'FuserMainPwrPercentAct',          0,        230, 0, 0
  689.280, 0.000, 'FuserMainPwrPercentAct',         33,        230, 0, 0
  689.330, 0.000, 'FuserMainPwrPercentAct',          0,        230, 0, 0
  690.037: WeatherThread: Calc Temp: 24.19 C, Calc RH: 51.55 (percent)
  690.047: WeatherThread: Filtered Temp: 24.19 C, Filtered RH: 51.55 (percent), Filtered Average RH: 49.27 (percent)
  690.074: PhSetThermalBlackTopMarginAdjustment() - TopMarginAdjustMm = -0.003937: MmPerHsyncs = 0.042328
  690.575, 0.000, 'FuserMainPwrPercentAct',         33,        230, 0, 0
  690.625, 0.000, 'FuserMainPwrPercentAct',          0,        230, 0, 0
  691.805, 0.000, 'FuserMainPwrPercentAct',         33,        230, 0, 0
  691.855, 0.000, 'FuserMainPwrPercentAct',          0,        230, 0, 0
  693.250, 0.000, 'FuserMainPwrPercentAct',         33,        230, 0, 0
  693.300, 0.000, 'FuserMainPwrPercentAct',          0,        230, 0, 0
  694.430, 0.000, 'FuserMainPwrPercentAct',         33,        230, 0, 0
  694.480, 0.000, 'FuserMainPwrPercentAct',          0,        230, 0, 0
  695.725, 0.000, 'FuserMainPwrPercentAct',         33,        230, 0, 0
  695.775, 0.000, 'FuserMainPwrPercentAct',          0,        230, 0, 0
  696.021: ssec: cmd=27, devNum=255, rc=0
  697.170, 0.000, 'FuserMainPwrPercentAct',         33,        230, 0, 0
  697.220, 0.000, 'FuserMainPwrPercentAct',          0,        230, 0, 0
  698.330, 0.000, 'FuserMainPwrPercentAct',         33,        230, 0, 0
  698.380, 0.000, 'FuserMainPwrPercentAct',          0,        230, 0, 0
  699.730, 0.000, 'FuserMainPwrPercentAct',         33,        230, 0, 0
  699.775, 0.000, 'FuserMainPwrPercentAct',          0,        230, 0, 0
  700.747: WeatherThread: Calc Temp: 24.19 C, Calc RH: 51.61 (percent)
  700.757: WeatherThread: Filtered Temp: 24.19 C, Filtered RH: 51.61 (percent), Filtered Average RH: 49.27 (percent)
  700.905, 0.000, 'FuserMainPwrPercentAct',         33,        230, 0, 0
  700.955, 0.000, 'FuserMainPwrPercentAct',          0,        230, 0, 0
  702.335, 0.000, 'FuserMainPwrPercentAct',         33,        230, 0, 0
  702.385, 0.000, 'FuserMainPwrPercentAct',          0,        230, 0, 0
  703.550, 0.000, 'FuserMainPwrPercentAct',         33,        230, 0, 0
  703.600, 0.000, 'FuserMainPwrPercentAct',          0,        230, 0, 0
  704.116: WeatherThread: GET_WS_NVRAM_DATA: Average RH 49.5
  704.116: Nfy RQST_WRITE_ALL_NVRAM_NFY=0x63 0x00 0x00 0x00
  704.116: EM: Thermal algorithm 843468443 - Write NV: Jseal 30.9 C, RefSeconds 843468444, Cavity 24.7 C, Fan 0 seconds, SlowdownTimer 0 seconds
  704.125: IP: IP_COMMAND_STORE_ALL_BYTES_TO_NVRAM Command  Rcvd - Command Code: 0x6F Data: None 
  704.125: IP: IP_COMMAND_STORE_ALL_BYTES_TO_NVRAM Response Sent - Command Code: 0x6F Data: 0x63001803 0x0000008F 0xDB00021E 0x00E20000 0x00E20000 0x00000000 0x01009C4E 0x463200AA 
  704.910, 0.000, 'FuserMainPwrPercentAct',         33,        230, 0, 0
  704.960, 0.000, 'FuserMainPwrPercentAct',          0,        230, 0, 0
  706.021: ssec: cmd=27, devNum=255, rc=0
  706.155, 0.000, 'FuserMainPwrPercentAct',         33,        230, 0, 0
  706.205, 0.000, 'FuserMainPwrPercentAct',          0,        230, 0, 0
  707.535, 0.000, 'FuserMainPwrPercentAct',         33,        230, 0, 0
  707.585, 0.000, 'FuserMainPwrPercentAct',          0,        230, 0, 0
  708.017: ssec: su: forceAuth=true
  708.025: ssec: sn: n=0x01, s=0x01, ss=0x04, f=0x02
  708.025: ssec: sn: n=0x01, d=0xa000316c, iq=0xb634, qu=0xb634, au=0x3c5d44b, mu=0x3c5d44b
  708.025: ssec: sn: n=0x02, s=0x01, ss=0x04, f=0x02
  708.025: ssec: sn: n=0x02, d=0xa0002de2, iq=0xabca, qu=0xabca, au=0x235cd5, mu=0x235cd5
  708.025: ssec: sn: n=0x03, s=0x01, ss=0x04, f=0x02
  708.025: ssec: sn: n=0x03, d=0xa00034a1, iq=0xb634, qu=0xb634, au=0xc8ee6, mu=0xc8ee6
  708.025: ssec: sn: n=0x04, s=0x01, ss=0x04, f=0x02
  708.025: ssec: sn: n=0x04, d=0xa0003c2d, iq=0xc86c, qu=0xc86c, au=0x1e3e804, mu=0x1e3e804
  708.025: ssec: sn: n=0x05, s=0x01, ss=0x04, f=0x00
  708.025: ssec: sn: n=0x05, d=0xa000557e, iq=0xea10, qu=0xd3b6, au=0x170f0, mu=0x170f0
  708.025: ssec: sn: n=0x06, s=0x01, ss=0x04, f=0x00
  708.025: ssec: sn: n=0x06, d=0xa0005a44, iq=0xea10, qu=0xd823, au=0x165c8, mu=0x165c3
  708.026: ssec: sn: n=0x07, s=0x01, ss=0x04, f=0x00
  708.026: ssec: sn: n=0x07, d=0xa00050e6, iq=0xf58a, qu=0xc550, au=0x170f3, mu=0x170f0
  708.026: ssec: gats: 
  708.171: ssec: gats: 
  708.178: ssec: atc:
  708.240: ssec: gats: 
  708.244: ssec: san: 
  708.249: ssec: sav: devNum=3
  708.310: ssec: sn: dn=0, st=1
  708.310: ssec: cmd=26, devNum=255, rc=0
  708.730, 0.000, 'FuserMainPwrPercentAct',         33,        230, 0, 0
  708.780, 0.000, 'FuserMainPwrPercentAct',          0,        230, 0, 0
  710.075, 0.000, 'FuserMainPwrPercentAct',         33,        230, 0, 0
  710.125, 0.000, 'FuserMainPwrPercentAct',          0,        230, 0, 0
  711.375, 0.000, 'FuserMainPwrPercentAct',         33,        230, 0, 0
  711.425, 0.000, 'FuserMainPwrPercentAct',          0,        230, 0, 0
  711.457: WeatherThread: Calc Temp: 24.18 C, Calc RH: 51.61 (percent)
  711.467: WeatherThread: RH History update: minute sample count 6, buffer count 40, buffer index 40, value stored 51.5
  711.467: WeatherThread: Filtered Temp: 24.18 C, Filtered RH: 51.61 (percent), Filtered Average RH: 49.33 (percent)
  712.770, 0.000, 'FuserMainPwrPercentAct',         33,        230, 0, 0
  712.820, 0.000, 'FuserMainPwrPercentAct',          0,        230, 0, 0
  714.000, 0.000, 'FuserMainPwrPercentAct',         33,        230, 0, 0
  714.050, 0.000, 'FuserMainPwrPercentAct',          0,        230, 0, 0
  715.325, 0.000, 'FuserMainPwrPercentAct',         33,        230, 0, 0
  715.375, 0.000, 'FuserMainPwrPercentAct',          0,        230, 0, 0
  716.021: ssec: cmd=27, devNum=255, rc=0
  716.655, 0.000, 'FuserMainPwrPercentAct',         33,        230, 0, 0
  716.705, 0.000, 'FuserMainPwrPercentAct',          0,        230, 0, 0
  717.850, 0.000, 'FuserMainPwrPercentAct',         33,        230, 0, 0
  717.900, 0.000, 'FuserMainPwrPercentAct',          0,        230, 0, 0
  719.150, 0.000, 'FuserMainPwrPercentAct',         33,        230, 0, 0
  719.200, 0.000, 'FuserMainPwrPercentAct',          0,        230, 0, 0
<CODE_VERSION StringId='6' Engine='LS.262.E014' PrinterSideCount='226' RealTime='2026-09-23 08:47' PageStart='True'/>
<CODE_VERSION StringId='6' PrinterSideCount='226' Tray2='A1.02_B5.00' Tray3='A2.01_B5.00' Tray4='A2.02_B5.00' Tray5='A0.00_B0.00' OutputPosition1DeviceType='HorizontalTransportUnit' OutputPosition1Version='A1.01_B2.03__Dev2_A0.00' OutputPosition2DeviceType='StapleHolePunchFinisher' OutputPosition2Version='A0.04_B1.00__Dev2_A0.00' OutputPosition3DeviceType='' OutputPosition3Version='A0.00_B0.00__Dev2_A0.00' Tray2SerialNumber='0' Tray3SerialNumber='0' Tray4SerialNumber='0' Tray5SerialNumber='0' OutputPosition1SerialNumber='0' OutputPosition2SerialNumber='0' OutputPosition3SerialNumber='0'/>
<CODE_VERSION EngineTime='  720.002' StringId='6' PrinterSideCount='226' EngSetting1='0' EngSetting2='0' EngSetting3='0' EngSetting4='0' EngSetting5='0' EngSetting6='0' EngSetting7='0' EngSetting8='0' EngSetting9='0' EngSetting10='0' EngSetting11='0' EngSetting12='0' EngSetting13='0' EngSetting14='0' EngSetting15='0' EngSetting16='0' EngSetting17='0' EngSetting18='0' EngSetting19='0' EngSetting20='0' EngSetting21='0' EngSetting22='0' EngSetting23='0' EngSetting24='0' EngSetting25='0' EngSetting26='0' EngSetting27='1' EngSetting28='0' EngSetting29='0' EngSetting30='0' EngSetting31='0' EngSetting32='0' PageEnd='True'/>
  720.074: PhSetThermalBlackTopMarginAdjustment() - TopMarginAdjustMm = -0.003937: MmPerHsyncs = 0.042328
  720.545, 0.000, 'FuserMainPwrPercentAct',         33,        230, 0, 0
  720.595, 0.000, 'FuserMainPwrPercentAct',          0,        230, 0, 0
  720.722: RealTime='2026-09-23 08:47' Count='50' Valid = '1' RealTime_EncodedHex='0x7EA9BA2F' RealTime_RefSeconds='843468460'
  721.820, 0.000, 'FuserMainPwrPercentAct',         33,        230, 0, 0
  721.870, 0.000, 'FuserMainPwrPercentAct',          0,        230, 0, 0
  722.167: WeatherThread: Calc Temp: 24.17 C, Calc RH: 51.61 (percent)
  722.177: WeatherThread: Filtered Temp: 24.17 C, Filtered RH: 51.61 (percent), Filtered Average RH: 49.33 (percent)
  723.170, 0.000, 'FuserMainPwrPercentAct',         33,        230, 0, 0
  723.220, 0.000, 'FuserMainPwrPercentAct',          0,        230, 0, 0
  724.445, 0.000, 'FuserMainPwrPercentAct',         33,        230, 0, 0
  724.495, 0.000, 'FuserMainPwrPercentAct',          0,        230, 0, 0
  725.236: TASK: Message EM_MSG_ET_TO_ET_THERMAL_TIMED_OUT sent to EmThermalTask()
  725.246: TASK: EmThermalTask() status 0x1.  Task NOT Removed.
  725.246: ItuTemp_F 76.600 CavityTemp_F 0.000 Weather Station_F 75.525 Bump_Time_Scalar 1.0000305176
  725.246: PhSetBeltStretchTopMarginAdjustment() - TopMarginAdjustMm = -0.764969: MmPerHsyncs = 0.042328
  725.246: TASK: Message EM_MSG_ET_TO_ET_LOAD_TIMER sent to EmThermalTimerTask()
  725.256: TASK: EmThermalTimerTask() status 0x1.  Task NOT Removed.
  725.795, 0.000, 'FuserMainPwrPercentAct',         33,        230, 0, 0
  725.845, 0.000, 'FuserMainPwrPercentAct',          0,        230, 0, 0
  726.021: ssec: cmd=27, devNum=255, rc=0
  727.020, 0.000, 'FuserMainPwrPercentAct',         33,        230, 0, 0
  727.070, 0.000, 'FuserMainPwrPercentAct',          0,        230, 0, 0
  728.420, 0.000, 'FuserMainPwrPercentAct',         33,        230, 0, 0
  728.470, 0.000, 'FuserMainPwrPercentAct',          0,        230, 0, 0
  729.595, 0.000, 'FuserMainPwrPercentAct',         33,        230, 0, 0
  729.645, 0.000, 'FuserMainPwrPercentAct',          0,        230, 0, 0
  731.045, 0.000, 'FuserMainPwrPercentAct',         33,        230, 0, 0
  731.090, 0.000, 'FuserMainPwrPercentAct',          0,        230, 0, 0
  732.340, 0.000, 'FuserMainPwrPercentAct',         33,        230, 0, 0
  732.390, 0.000, 'FuserMainPwrPercentAct',          0,        230, 0, 0
  732.877: WeatherThread: Calc Temp: 24.16 C, Calc RH: 51.64 (percent)
  732.887: WeatherThread: Filtered Temp: 24.16 C, Filtered RH: 51.64 (percent), Filtered Average RH: 49.33 (percent)
  733.550, 0.000, 'FuserMainPwrPercentAct',         33,        230, 0, 0
  733.600, 0.000, 'FuserMainPwrPercentAct',          0,        230, 0, 0
  734.815, 0.000, 'FuserMainPwrPercentAct',         33,        230, 0, 0
  734.865, 0.000, 'FuserMainPwrPercentAct',          0,        230, 0, 0
  736.021: ssec: cmd=27, devNum=255, rc=0
  736.190, 0.000, 'FuserMainPwrPercentAct',         33,        230, 0, 0
  736.240, 0.000, 'FuserMainPwrPercentAct',          0,        230, 0, 0
  737.390, 0.000, 'FuserMainPwrPercentAct',         33,        230, 0, 0
  737.440, 0.000, 'FuserMainPwrPercentAct',          0,        230, 0, 0
  738.750, 0.000, 'FuserMainPwrPercentAct',         33,        230, 0, 0
  738.800, 0.000, 'FuserMainPwrPercentAct',          0,        230, 0, 0
  740.245, 0.000, 'FuserMainPwrPercentAct',         33,        230, 0, 0
  740.295, 0.000, 'FuserMainPwrPercentAct',          0,        230, 0, 0
  741.490, 0.000, 'FuserMainPwrPercentAct',         33,        230, 0, 0
  741.590, 0.000, 'FuserMainPwrPercentAct',          0,        230, 0, 0
  741.660, 0.000, 'FuserMainPwrPercentReq',          2,         68, 0, 0
  741.690, 0.000, 'FuserMainPwrPercentReq',          0,         68, 0, 0
  743.470, 0.000, 'FuserMainPwrPercentReq',         10,         68, 0, 0
  743.587: WeatherThread: Calc Temp: 24.15 C, Calc RH: 51.64 (percent)
  743.597: WeatherThread: Filtered Temp: 24.15 C, Filtered RH: 51.64 (percent), Filtered Average RH: 49.33 (percent)
  744.074: EP: Environment calculation code ran successfully. measured_temperature_Q3 = 75.375000, adjusted_temperature_Q3 = 75.375000, measured_humidity_Q3 = 49.250000, adjusted_humidity_Q3 = 49.250000, ChosenEnv = 4, wet_bulb_temperature_f_Q3 = 502, CalcTime_us=78 
  744.430, 0.000, 'FuserMainPwrPercentAct',         33,        230, 0, 0
  744.530, 0.000, 'FuserMainPwrPercentAct',          0,        230, 0, 0
  744.715, 0.000, 'FuserMainPwrPercentReq',          0,         68, 0, 0
  746.021: ssec: cmd=27, devNum=255, rc=0
  746.160, 0.000, 'FuserMainPwrPercentReq',         10,         68, 0, 0
  747.055, 0.000, 'FuserMainPwrPercentAct',         33,        230, 0, 0
  747.105, 0.000, 'FuserMainPwrPercentAct',          0,        230, 0, 0
  748.070, 0.000, 'FuserMainPwrPercentAct',         33,        230, 0, 0
  748.120, 0.000, 'FuserMainPwrPercentAct',          0,        230, 0, 0
  749.215, 0.000, 'FuserMainPwrPercentAct',         33,        230, 0, 0
  749.265, 0.000, 'FuserMainPwrPercentAct',          0,        230, 0, 0
  750.074: PhSetThermalBlackTopMarginAdjustment() - TopMarginAdjustMm = -0.003647: MmPerHsyncs = 0.042328
  750.465, 0.000, 'FuserMainPwrPercentAct',         33,        230, 0, 0
  750.515, 0.000, 'FuserMainPwrPercentAct',          0,        230, 0, 0
  751.760, 0.000, 'FuserMainPwrPercentAct',         33,        230, 0, 0
  751.810, 0.000, 'FuserMainPwrPercentAct',          0,        230, 0, 0
  753.070, 0.000, 'FuserMainPwrPercentAct',         33,        230, 0, 0
  753.120, 0.000, 'FuserMainPwrPercentAct',          0,        230, 0, 0
  753.135, 0.000, 'FuserMainPwrPercentAct',         33,        230, 0, 0
  753.185, 0.000, 'FuserMainPwrPercentAct',          0,        230, 0, 0
  753.270, 0.000, 'FuserMainPwrPercentReq',          0,         68, 0, 0
  753.360, 0.000, 'EdgeTherm_AFT',                  95,         63, 0, 0
  754.297: WeatherThread: Calc Temp: 24.14 C, Calc RH: 51.66 (percent)
  754.307, 0.000, 'Weather Station Temp C',           24.15,  214, 0, 0
  754.307, 0.000, 'Weather Station RH',               51.65,  215, 0, 0
  754.307: WeatherThread: Filtered Temp: 24.14 C, Filtered RH: 51.66 (percent), Filtered Average RH: 49.33 (percent)
  755.265, 0.000, 'FuserMainPwrPercentReq',         11,         68, 0, 0
  756.021: ssec: cmd=27, devNum=255, rc=0
  756.110, 0.000, 'FuserMainPwrPercentAct',         33,        230, 0, 0
  756.160, 0.000, 'FuserMainPwrPercentAct',          0,        230, 0, 0
  757.290, 0.000, 'FuserMainPwrPercentAct',         33,        230, 0, 0
  757.340, 0.000, 'FuserMainPwrPercentAct',          0,        230, 0, 0
  758.235, 0.000, 'FuserMainPwrPercentAct',         33,        230, 0, 0
  758.285, 0.000, 'FuserMainPwrPercentAct',          0,        230, 0, 0
  759.615, 0.000, 'FuserMainPwrPercentAct',         33,        230, 0, 0
  759.665, 0.000, 'FuserMainPwrPercentAct',          0,        230, 0, 0
  760.760, 0.000, 'FuserMainPwrPercentAct',         33,        230, 0, 0
  760.810, 0.000, 'FuserMainPwrPercentAct',          0,        230, 0, 0
  762.205, 0.000, 'FuserMainPwrPercentAct',         33,        230, 0, 0
  762.255, 0.000, 'FuserMainPwrPercentAct',          0,        230, 0, 0
  763.385, 0.000, 'FuserMainPwrPercentAct',         33,        230, 0, 0
  763.435, 0.000, 'FuserMainPwrPercentAct',          0,        230, 0, 0
  764.800, 0.000, 'FuserMainPwrPercentAct',         33,        230, 0, 0
  764.850, 0.000, 'FuserMainPwrPercentAct',          0,        230, 0, 0
  765.007: WeatherThread: Calc Temp: 24.14 C, Calc RH: 51.66 (percent)
  765.017: WeatherThread: Filtered Temp: 24.14 C, Filtered RH: 51.66 (percent), Filtered Average RH: 49.33 (percent)
  765.960, 0.000, 'FuserMainPwrPercentAct',         33,        230, 0, 0
  766.010, 0.000, 'FuserMainPwrPercentAct',          0,        230, 0, 0
  766.021: ssec: cmd=27, devNum=255, rc=0
  767.305, 0.000, 'FuserMainPwrPercentAct',         33,        230, 0, 0
  767.355, 0.000, 'FuserMainPwrPercentAct',          0,        230, 0, 0
  768.735, 0.000, 'FuserMainPwrPercentAct',         33,        230, 0, 0
  768.785, 0.000, 'FuserMainPwrPercentAct',          0,        230, 0, 0
  770.000, 0.000, 'FuserMainPwrPercentAct',         33,        230, 0, 0
  770.050, 0.000, 'FuserMainPwrPercentAct',          0,        230, 0, 0
  771.230, 0.000, 'FuserMainPwrPercentAct',         33,        230, 0, 0
  771.280, 0.000, 'FuserMainPwrPercentAct',          0,        230, 0, 0
  772.405, 0.000, 'FuserMainPwrPercentAct',         33,        230, 0, 0
  772.455, 0.000, 'FuserMainPwrPercentAct',          0,        230, 0, 0
  773.850, 0.000, 'FuserMainPwrPercentAct',         33,        230, 0, 0
  773.900, 0.000, 'FuserMainPwrPercentAct',          0,        230, 0, 0
  775.080, 0.000, 'FuserMainPwrPercentAct',         33,        230, 0, 0
  775.130, 0.000, 'FuserMainPwrPercentAct',          0,        230, 0, 0
  775.717: WeatherThread: Calc Temp: 24.13 C, Calc RH: 51.72 (percent)
  775.727: WeatherThread: RH History update: minute sample count 6, buffer count 41, buffer index 41, value stored 51.5
  775.727: WeatherThread: Filtered Temp: 24.13 C, Filtered RH: 51.72 (percent), Filtered Average RH: 49.38 (percent)
  776.021: ssec: cmd=27, devNum=255, rc=0
  776.074: EP: Environment calculation code ran successfully. measured_temperature_Q3 = 75.375000, adjusted_temperature_Q3 = 75.375000, measured_humidity_Q3 = 49.375000, adjusted_humidity_Q3 = 49.375000, ChosenEnv = 4, wet_bulb_temperature_f_Q3 = 502, CalcTime_us=78 
  776.495, 0.000, 'FuserMainPwrPercentAct',         33,        230, 0, 0
  776.545, 0.000, 'FuserMainPwrPercentAct',          0,        230, 0, 0
  777.675, 0.000, 'FuserMainPwrPercentAct',         33,        230, 0, 0
  777.725, 0.000, 'FuserMainPwrPercentAct',          0,        230, 0, 0
  778.239: ssec: su: forceAuth=true
  778.247: ssec: sn: n=0x01, s=0x01, ss=0x04, f=0x02
  778.247: ssec: sn: n=0x01, d=0xa000316c, iq=0xb634, qu=0xb634, au=0x3c5d44b, mu=0x3c5d44b
  778.247: ssec: sn: n=0x02, s=0x01, ss=0x04, f=0x02
  778.247: ssec: sn: n=0x02, d=0xa0002de2, iq=0xabca, qu=0xabca, au=0x235cd5, mu=0x235cd5
  778.247: ssec: sn: n=0x03, s=0x01, ss=0x04, f=0x02
  778.247: ssec: sn: n=0x03, d=0xa00034a1, iq=0xb634, qu=0xb634, au=0xc8ee6, mu=0xc8ee6
  778.247: ssec: sn: n=0x04, s=0x01, ss=0x04, f=0x02
  778.247: ssec: sn: n=0x04, d=0xa0003c2d, iq=0xc86c, qu=0xc86c, au=0x1e3e804, mu=0x1e3e804
  778.247: ssec: sn: n=0x05, s=0x01, ss=0x04, f=0x00
  778.247: ssec: sn: n=0x05, d=0xa000557e, iq=0xea10, qu=0xd3b6, au=0x170f0, mu=0x170f0
  778.247: ssec: sn: n=0x06, s=0x01, ss=0x04, f=0x00
  778.248: ssec: sn: n=0x06, d=0xa0005a44, iq=0xea10, qu=0xd823, au=0x165c8, mu=0x165c3
  778.248: ssec: sn: n=0x07, s=0x01, ss=0x04, f=0x00
  778.248: ssec: sn: n=0x07, d=0xa00050e6, iq=0xf58a, qu=0xc550, au=0x170f3, mu=0x170f0
  778.248: ssec: gats: 
  778.393: ssec: gats: 
  778.400: ssec: atc:
  778.463: ssec: gats: 
  778.467: ssec: san: 
  778.472: ssec: sav: devNum=5
  778.533: ssec: sn: dn=0, st=1
  778.533: ssec: cmd=26, devNum=255, rc=0
  779.070, 0.000, 'FuserMainPwrPercentAct',         33,        230, 0, 0
  779.120, 0.000, 'FuserMainPwrPercentAct',          0,        230, 0, 0
  780.074: PhSetThermalBlackTopMarginAdjustment() - TopMarginAdjustMm = -0.003647: MmPerHsyncs = 0.042328
  780.300, 0.000, 'FuserMainPwrPercentAct',         33,        230, 0, 0
  780.350, 0.000, 'FuserMainPwrPercentAct',          0,        230, 0, 0
  780.722: RealTime='2026-09-23 08:48' Count='54' Valid = '1' RealTime_EncodedHex='0x7EA9BA30' RealTime_RefSeconds='843468520'
  781.625, 0.000, 'FuserMainPwrPercentAct',         33,        230, 0, 0
  781.675, 0.000, 'FuserMainPwrPercentAct',          0,        230, 0, 0
  782.975, 0.000, 'FuserMainPwrPercentAct',         33,        230, 0, 0
  783.020, 0.000, 'FuserMainPwrPercentAct',          0,        230, 0, 0
  784.300, 0.000, 'FuserMainPwrPercentAct',         33,        230, 0, 0
  784.350, 0.000, 'FuserMainPwrPercentAct',          0,        230, 0, 0
  785.266: TASK: Message EM_MSG_ET_TO_ET_THERMAL_TIMED_OUT sent to EmThermalTask()
  785.276: TASK: EmThermalTask() status 0x1.  Task NOT Removed.
  785.276: ItuTemp_F 76.600 CavityTemp_F 0.000 Weather Station_F 75.446 Bump_Time_Scalar 1.0000305176
  785.276: PhSetBeltStretchTopMarginAdjustment() - TopMarginAdjustMm = -0.764969: MmPerHsyncs = 0.042328
  785.276: TASK: Message EM_MSG_ET_TO_ET_LOAD_TIMER sent to EmThermalTimerTask()
  785.286: TASK: EmThermalTimerTask() status 0x1.  Task NOT Removed.
  785.580, 0.000, 'FuserMainPwrPercentAct',         33,        230, 0, 0
  785.630, 0.000, 'FuserMainPwrPercentAct',          0,        230, 0, 0
  785.645, 0.000, 'FuserMainPwrPercentAct',         33,        230, 0, 0
  785.695, 0.000, 'FuserMainPwrPercentAct',          0,        230, 0, 0
  785.780, 0.000, 'FuserMainPwrPercentReq',          0,         68, 0, 0
  786.021: ssec: cmd=27, devNum=255, rc=0
  786.427: WeatherThread: Calc Temp: 24.13 C, Calc RH: 51.72 (percent)
  786.437: WeatherThread: Filtered Temp: 24.13 C, Filtered RH: 51.72 (percent), Filtered Average RH: 49.38 (percent)
  787.705, 0.000, 'FuserMainPwrPercentReq',         11,         68, 0, 0
  787.812: TpTriggerSetWhiteVectorRefValue: Color = Black, New = -153, Old = -154, Valid = 1
  788.590, 0.000, 'FuserMainPwrPercentAct',         33,        230, 0, 0
  788.640, 0.000, 'FuserMainPwrPercentAct',          0,        230, 0, 0
  789.850, 0.000, 'FuserMainPwrPercentAct',         33,        230, 0, 0
  789.900, 0.000, 'FuserMainPwrPercentAct',          0,        230, 0, 0
  790.865, 0.000, 'FuserMainPwrPercentAct',         33,        230, 0, 0
  790.915, 0.000, 'FuserMainPwrPercentAct',          0,        230, 0, 0
  792.045, 0.000, 'FuserMainPwrPercentAct',         33,        230, 0, 0
  792.095, 0.000, 'FuserMainPwrPercentAct',          0,        230, 0, 0
  793.390, 0.000, 'FuserMainPwrPercentAct',         33,        230, 0, 0
  793.440, 0.000, 'FuserMainPwrPercentAct',          0,        230, 0, 0
  794.600, 0.000, 'FuserMainPwrPercentAct',         33,        230, 0, 0
  794.650, 0.000, 'FuserMainPwrPercentAct',          0,        230, 0, 0
  795.965, 0.000, 'FuserMainPwrPercentAct',         33,        230, 0, 0
  796.015, 0.000, 'FuserMainPwrPercentAct',          0,        230, 0, 0
  796.021: ssec: cmd=27, devNum=255, rc=0
  797.137: WeatherThread: Calc Temp: 24.12 C, Calc RH: 51.72 (percent)
  797.147: WeatherThread: Filtered Temp: 24.12 C, Filtered RH: 51.72 (percent), Filtered Average RH: 49.38 (percent)
  797.310, 0.000, 'FuserMainPwrPercentAct',         33,        230, 0, 0
  797.360, 0.000, 'FuserMainPwrPercentAct',          0,        230, 0, 0
  798.520, 0.000, 'FuserMainPwrPercentAct',         33,        230, 0, 0
  798.570, 0.000, 'FuserMainPwrPercentAct',          0,        230, 0, 0
  799.820, 0.000, 'FuserMainPwrPercentAct',         33,        230, 0, 0
  799.865, 0.000, 'FuserMainPwrPercentAct',          0,        230, 0, 0
  801.165, 0.000, 'FuserMainPwrPercentAct',         33,        230, 0, 0
  801.215, 0.000, 'FuserMainPwrPercentAct',          0,        230, 0, 0
  802.510, 0.000, 'FuserMainPwrPercentAct',         33,        230, 0, 0
  802.560, 0.000, 'FuserMainPwrPercentAct',          0,        230, 0, 0
  803.670, 0.000, 'FuserMainPwrPercentAct',         33,        230, 0, 0
  803.720, 0.000, 'FuserMainPwrPercentAct',          0,        230, 0, 0
  805.300, 0.000, 'FuserMainPwrPercentAct',         33,        230, 0, 0
  805.350, 0.000, 'FuserMainPwrPercentAct',          0,        230, 0, 0
  806.021: ssec: cmd=27, devNum=255, rc=0
  806.415, 0.000, 'FuserMainPwrPercentAct',         33,        230, 0, 0
  806.515, 0.000, 'FuserMainPwrPercentAct',          0,        230, 0, 0
  806.595, 0.000, 'FuserMainPwrPercentReq',          0,         68, 0, 0
  807.847: WeatherThread: Calc Temp: 24.11 C, Calc RH: 51.75 (percent)
  807.857: WeatherThread: Filtered Temp: 24.11 C, Filtered RH: 51.75 (percent), Filtered Average RH: 49.38 (percent)
  808.640, 0.000, 'FuserMainPwrPercentReq',         12,         68, 0, 0
  809.305, 0.000, 'FuserMainPwrPercentAct',         33,        230, 0, 0
  809.355, 0.000, 'FuserMainPwrPercentAct',          0,        230, 0, 0
  810.074: PhSetThermalBlackTopMarginAdjustment() - TopMarginAdjustMm = -0.003494: MmPerHsyncs = 0.042328
  810.815, 0.000, 'FuserMainPwrPercentAct',         33,        230, 0, 0
  810.915, 0.000, 'FuserMainPwrPercentAct',          0,        230, 0, 0
  811.080, 0.000, 'FuserMainPwrPercentReq',          0,         68, 0, 0
  812.220, 0.000, 'FuserMainPwrPercentReq',         11,         68, 0, 0
  813.415, 0.000, 'FuserMainPwrPercentAct',         33,        230, 0, 0
  813.515, 0.000, 'FuserMainPwrPercentAct',          0,        230, 0, 0
  813.700, 0.000, 'FuserMainPwrPercentReq',          0,         68, 0, 0
  814.910, 0.000, 'FuserMainPwrPercentReq',         11,         68, 0, 0
  816.005, 0.000, 'FuserMainPwrPercentAct',         33,        230, 0, 0
  816.021: ssec: cmd=27, devNum=255, rc=0
  816.105, 0.000, 'FuserMainPwrPercentAct',          0,        230, 0, 0
  816.270, 0.000, 'FuserMainPwrPercentReq',          0,         68, 0, 0
  817.375, 0.000, 'FuserMainPwrPercentReq',         11,         68, 0, 0
  818.475, 0.000, 'FuserMainPwrPercentAct',         33,        230, 0, 0
  818.525, 0.000, 'FuserMainPwrPercentAct',          0,        230, 0, 0
  818.557: WeatherThread: Calc Temp: 24.10 C, Calc RH: 51.79 (percent)
  818.567: WeatherThread: Filtered Temp: 24.10 C, Filtered RH: 51.79 (percent), Filtered Average RH: 49.38 (percent)
  819.455, 0.000, 'FuserMainPwrPercentAct',         33,        230, 0, 0
  819.555, 0.000, 'FuserMainPwrPercentAct',          0,        230, 0, 0
  819.655, 0.000, 'FuserMainPwrPercentReq',          0,         68, 0, 0
  821.545, 0.000, 'FuserMainPwrPercentReq',         12,         68, 0, 0
  822.280, 0.000, 'FuserMainPwrPercentAct',         33,        230, 0, 0
  822.330, 0.000, 'FuserMainPwrPercentAct',          0,        230, 0, 0
  823.655, 0.000, 'FuserMainPwrPercentAct',         33,        230, 0, 0
  823.755, 0.000, 'FuserMainPwrPercentAct',          0,        230, 0, 0
  823.840, 0.000, 'FuserMainPwrPercentReq',          2,         68, 0, 0
  823.890, 0.000, 'FuserMainPwrPercentReq',          0,         68, 0, 0
  825.050, 0.000, 'FuserMainPwrPercentReq',         10,         68, 0, 0
  826.021: ssec: cmd=27, devNum=255, rc=0
  826.350, 0.000, 'FuserMainPwrPercentAct',         33,        230, 0, 0
  826.450, 0.000, 'FuserMainPwrPercentAct',          0,        230, 0, 0
  828.925, 0.000, 'FuserMainPwrPercentAct',         33,        230, 0, 0
  828.975, 0.000, 'FuserMainPwrPercentAct',          0,        230, 0, 0
  829.267: WeatherThread: Calc Temp: 24.09 C, Calc RH: 51.79 (percent)
  829.277, 0.000, 'Weather Station Temp C',           24.10,  214, 0, 0
  829.277, 0.000, 'Weather Station RH',               51.77,  215, 0, 0
  829.277: WeatherThread: Filtered Temp: 24.09 C, Filtered RH: 51.79 (percent), Filtered Average RH: 49.38 (percent)
  829.805, 0.000, 'FuserMainPwrPercentAct',         33,        230, 0, 0
  829.855, 0.000, 'FuserMainPwrPercentAct',          0,        230, 0, 0
  830.074: EP: Environment calculation code ran successfully. measured_temperature_Q3 = 75.250000, adjusted_temperature_Q3 = 75.250000, measured_humidity_Q3 = 49.375000, adjusted_humidity_Q3 = 49.375000, ChosenEnv = 4, wet_bulb_temperature_f_Q3 = 501, CalcTime_us=78 
  830.935, 0.000, 'FuserMainPwrPercentAct',         33,        230, 0, 0
  830.985, 0.000, 'FuserMainPwrPercentAct',          0,        230, 0, 0
  832.165, 0.000, 'FuserMainPwrPercentAct',         33,        230, 0, 0
  832.210, 0.000, 'FuserMainPwrPercentAct',          0,        230, 0, 0
  833.710, 0.000, 'FuserMainPwrPercentAct',         33,        230, 0, 0
  833.755, 0.000, 'FuserMainPwrPercentAct',          0,        230, 0, 0
  834.885, 0.000, 'FuserMainPwrPercentAct',         33,        230, 0, 0
  834.935, 0.000, 'FuserMainPwrPercentAct',          0,        230, 0, 0
  836.021: ssec: cmd=27, devNum=255, rc=0
  836.215, 0.000, 'FuserMainPwrPercentAct',         33,        230, 0, 0
  836.265, 0.000, 'FuserMainPwrPercentAct',          0,        230, 0, 0
  837.410, 0.000, 'FuserMainPwrPercentAct',         33,        230, 0, 0
  837.460, 0.000, 'FuserMainPwrPercentAct',          0,        230, 0, 0
  838.810, 0.000, 'FuserMainPwrPercentAct',         33,        230, 0, 0
  838.860, 0.000, 'FuserMainPwrPercentAct',          0,        230, 0, 0
  839.977: WeatherThread: Calc Temp: 24.09 C, Calc RH: 51.75 (percent)
  839.987: WeatherThread: RH History update: minute sample count 6, buffer count 42, buffer index 42, value stored 51.5
  839.987: WeatherThread: Filtered Temp: 24.09 C, Filtered RH: 51.75 (percent), Filtered Average RH: 49.43 (percent)
  840.074: PhSetThermalBlackTopMarginAdjustment() - TopMarginAdjustMm = -0.003494: MmPerHsyncs = 0.042328
  840.105, 0.000, 'FuserMainPwrPercentAct',         33,        230, 0, 0
  840.155, 0.000, 'FuserMainPwrPercentAct',          0,        230, 0, 0
  840.722: RealTime='2026-09-23 08:49' Count='58' Valid = '1' RealTime_EncodedHex='0x7EA9BA31' RealTime_RefSeconds='843468580'
  841.285, 0.000, 'FuserMainPwrPercentAct',         33,        230, 0, 0
  841.335, 0.000, 'FuserMainPwrPercentAct',          0,        230, 0, 0
  842.710, 0.000, 'FuserMainPwrPercentAct',         33,        230, 0, 0
  842.760, 0.000, 'FuserMainPwrPercentAct',          0,        230, 0, 0
  843.910, 0.000, 'FuserMainPwrPercentAct',         33,        230, 0, 0
  843.960, 0.000, 'FuserMainPwrPercentAct',          0,        230, 0, 0
  845.296: TASK: Message EM_MSG_ET_TO_ET_THERMAL_TIMED_OUT sent to EmThermalTask()
  845.306: TASK: EmThermalTask() status 0x1.  Task NOT Removed.
  845.306: ItuTemp_F 76.600 CavityTemp_F 0.000 Weather Station_F 75.362 Bump_Time_Scalar 1.0000152588
  845.306: PhSetBeltStretchTopMarginAdjustment() - TopMarginAdjustMm = -0.764969: MmPerHsyncs = 0.042328
  845.306: TASK: Message EM_MSG_ET_TO_ET_LOAD_TIMER sent to EmThermalTimerTask()
  845.316: TASK: EmThermalTimerTask() status 0x1.  Task NOT Removed.
  845.355, 0.000, 'FuserMainPwrPercentAct',         33,        230, 0, 0
  845.405, 0.000, 'FuserMainPwrPercentAct',          0,        230, 0, 0
  846.021: ssec: cmd=27, devNum=255, rc=0
  846.535, 0.000, 'FuserMainPwrPercentAct',         33,        230, 0, 0
  846.585, 0.000, 'FuserMainPwrPercentAct',          0,        230, 0, 0
  847.760, 0.000, 'FuserMainPwrPercentAct',         33,        230, 0, 0
  847.810, 0.000, 'FuserMainPwrPercentAct',          0,        230, 0, 0
  848.462: ssec: su: forceAuth=true
  848.470: ssec: sn: n=0x01, s=0x01, ss=0x04, f=0x02
  848.470: ssec: sn: n=0x01, d=0xa000316c, iq=0xb634, qu=0xb634, au=0x3c5d44b, mu=0x3c5d44b
  848.470: ssec: sn: n=0x02, s=0x01, ss=0x04, f=0x02
  848.470: ssec: sn: n=0x02, d=0xa0002de2, iq=0xabca, qu=0xabca, au=0x235cd5, mu=0x235cd5
  848.470: ssec: sn: n=0x03, s=0x01, ss=0x04, f=0x02
  848.470: ssec: sn: n=0x03, d=0xa00034a1, iq=0xb634, qu=0xb634, au=0xc8ee6, mu=0xc8ee6
  848.470: ssec: sn: n=0x04, s=0x01, ss=0x04, f=0x02
  848.470: ssec: sn: n=0x04, d=0xa0003c2d, iq=0xc86c, qu=0xc86c, au=0x1e3e804, mu=0x1e3e804
  848.470: ssec: sn: n=0x05, s=0x01, ss=0x04, f=0x00
  848.470: ssec: sn: n=0x05, d=0xa000557e, iq=0xea10, qu=0xd3b6, au=0x170f0, mu=0x170f0
  848.470: ssec: sn: n=0x06, s=0x01, ss=0x04, f=0x00
  848.471: ssec: sn: n=0x06, d=0xa0005a44, iq=0xea10, qu=0xd823, au=0x165c8, mu=0x165c3
  848.471: ssec: sn: n=0x07, s=0x01, ss=0x04, f=0x00
  848.471: ssec: sn: n=0x07, d=0xa00050e6, iq=0xf58a, qu=0xc550, au=0x170f3, mu=0x170f0
  848.471: ssec: gats: 
  848.616: ssec: gats: 
  848.623: ssec: atc:
  848.685: ssec: gats: 
  848.689: ssec: san: 
  848.694: ssec: sav: devNum=2
  848.755: ssec: sn: dn=0, st=1
  848.755: ssec: cmd=26, devNum=255, rc=0
  849.160, 0.000, 'FuserMainPwrPercentAct',         33,        230, 0, 0
  849.205, 0.000, 'FuserMainPwrPercentAct',          0,        230, 0, 0
  850.485, 0.000, 'FuserMainPwrPercentAct',         33,        230, 0, 0
  850.535, 0.000, 'FuserMainPwrPercentAct',          0,        230, 0, 0
  850.687: WeatherThread: Calc Temp: 24.08 C, Calc RH: 51.79 (percent)
  850.697: WeatherThread: Filtered Temp: 24.08 C, Filtered RH: 51.79 (percent), Filtered Average RH: 49.43 (percent)
  851.830, 0.000, 'FuserMainPwrPercentAct',         33,        230, 0, 0
  851.880, 0.000, 'FuserMainPwrPercentAct',          0,        230, 0, 0
  853.080, 0.000, 'FuserMainPwrPercentAct',         33,        230, 0, 0
  853.130, 0.000, 'FuserMainPwrPercentAct',          0,        230, 0, 0
  854.290, 0.000, 'FuserMainPwrPercentAct',         33,        230, 0, 0
  854.340, 0.000, 'FuserMainPwrPercentAct',          0,        230, 0, 0
  855.535, 0.000, 'FuserMainPwrPercentAct',         33,        230, 0, 0
  855.585, 0.000, 'FuserMainPwrPercentAct',          0,        230, 0, 0
  856.021: ssec: cmd=27, devNum=255, rc=0
  857.000, 0.000, 'FuserMainPwrPercentAct',         33,        230, 0, 0
  857.050, 0.000, 'FuserMainPwrPercentAct',          0,        230, 0, 0
  858.180, 0.000, 'FuserMainPwrPercentAct',         33,        230, 0, 0
  858.230, 0.000, 'FuserMainPwrPercentAct',          0,        230, 0, 0
  859.575, 0.000, 'FuserMainPwrPercentAct',         33,        230, 0, 0
  859.625, 0.000, 'FuserMainPwrPercentAct',          0,        230, 0, 0
  860.735, 0.000, 'FuserMainPwrPercentAct',         33,        230, 0, 0
  860.785, 0.000, 'FuserMainPwrPercentAct',          0,        230, 0, 0
  861.397: WeatherThread: Calc Temp: 24.08 C, Calc RH: 51.75 (percent)
  861.407: WeatherThread: Filtered Temp: 24.08 C, Filtered RH: 51.75 (percent), Filtered Average RH: 49.43 (percent)
  862.065, 0.000, 'FuserMainPwrPercentAct',         33,        230, 0, 0
  862.115, 0.000, 'FuserMainPwrPercentAct',          0,        230, 0, 0
  863.347: BUR sensor iterations 6, Object temp 60, Body temp 37
  863.360, 0.000, 'FuserMainPwrPercentAct',         33,        230, 0, 0
  863.410, 0.000, 'FuserMainPwrPercentAct',          0,        230, 0, 0
  863.857: BUR sensor iterations 6, Object temp 61, Body temp 37
  864.690, 0.000, 'FuserMainPwrPercentAct',         33,        230, 0, 0
  864.740, 0.000, 'FuserMainPwrPercentAct',          0,        230, 0, 0
  864.755, 0.000, 'FuserMainPwrPercentAct',         33,        230, 0, 0
  864.805, 0.000, 'FuserMainPwrPercentAct',          0,        230, 0, 0
  864.877: BUR sensor iterations 6, Object temp 60, Body temp 37
  864.890, 0.000, 'FuserMainPwrPercentReq',          0,         68, 0, 0
  865.387: BUR sensor iterations 6, Object temp 61, Body temp 37
  866.021: ssec: cmd=27, devNum=255, rc=0
  867.075, 0.000, 'FuserMainPwrPercentReq',         12,         68, 0, 0
  867.955, 0.000, 'FuserMainPwrPercentAct',         33,        230, 0, 0
  868.055, 0.000, 'FuserMainPwrPercentAct',          0,        230, 0, 0
  868.140, 0.000, 'FuserMainPwrPercentReq',          1,         68, 0, 0
  868.240, 0.000, 'FuserMainPwrPercentReq',          0,         68, 0, 0
  869.275, 0.000, 'FuserMainPwrPercentReq',         10,         68, 0, 0
  869.467: BUR sensor iterations 6, Object temp 60, Body temp 37
  869.977: BUR sensor iterations 6, Object temp 61, Body temp 37
  870.074: PhSetThermalBlackTopMarginAdjustment() - TopMarginAdjustMm = -0.003494: MmPerHsyncs = 0.042328
  870.116: EM: Thermal algorithm 843468609 - MotorRunningTimeUpdated: TempCooldownActive 0 gItmMotorRunning 0 JSealTemperature_degCAtMotorOff 31 JSealTemperature 30.8 C, WS Temp 24.1 C
  870.470, 0.000, 'FuserMainPwrPercentAct',         33,        230, 0, 0
  870.520, 0.000, 'FuserMainPwrPercentAct',          0,        230, 0, 0
  871.335, 0.000, 'FuserMainPwrPercentAct',         33,        230, 0, 0
  871.385, 0.000, 'FuserMainPwrPercentAct',          0,        230, 0, 0
  871.507: BUR sensor iterations 6, Object temp 60, Body temp 37
  872.017: BUR sensor iterations 6, Object temp 61, Body temp 37
  872.107: WeatherThread: Calc Temp: 24.08 C, Calc RH: 51.75 (percent)
  872.117: WeatherThread: Filtered Temp: 24.08 C, Filtered RH: 51.75 (percent), Filtered Average RH: 49.43 (percent)
  872.485, 0.000, 'FuserMainPwrPercentAct',         33,        230, 0, 0
  872.530, 0.000, 'FuserMainPwrPercentAct',          0,        230, 0, 0
  873.547: BUR sensor iterations 6, Object temp 60, Body temp 37
  873.616: EM: Thermal algorithm 843468612 - MotorRunningTimeUpdated: TempCooldownActive 0 gItmMotorRunning 0 JSealTemperature_degCAtMotorOff 31 JSealTemperature 30.8 C, WS Temp 24.1 C
  873.660, 0.000, 'FuserMainPwrPercentAct',         33,        230, 0, 0
  873.710, 0.000, 'FuserMainPwrPercentAct',          0,        230, 0, 0
  874.567: BUR sensor iterations 6, Object temp 61, Body temp 37
  875.040, 0.000, 'FuserMainPwrPercentAct',         33,        230, 0, 0
  875.077: BUR sensor iterations 6, Object temp 60, Body temp 37
  875.090, 0.000, 'FuserMainPwrPercentAct',          0,        230, 0, 0
  875.105, 0.000, 'FuserMainPwrPercentAct',         33,        230, 0, 0
  875.155, 0.000, 'FuserMainPwrPercentAct',          0,        230, 0, 0
  875.240, 0.000, 'FuserMainPwrPercentReq',          0,         68, 0, 0
  875.616: EM: Thermal algorithm 843468614 - MotorRunningTimeUpdated: TempCooldownActive 0 gItmMotorRunning 0 JSealTemperature_degCAtMotorOff 31 JSealTemperature 30.8 C, WS Temp 24.1 C
  876.021: ssec: cmd=27, devNum=255, rc=0
  877.275, 0.000, 'FuserMainPwrPercentReq',         11,         68, 0, 0
  877.627: BUR sensor iterations 6, Object temp 61, Body temp 37
  878.090, 0.000, 'FuserMainPwrPercentAct',         33,        230, 0, 0
  878.137: BUR sensor iterations 6, Object temp 60, Body temp 37
  878.140, 0.000, 'FuserMainPwrPercentAct',          0,        230, 0, 0
  879.157: BUR sensor iterations 6, Object temp 61, Body temp 37
  879.250, 0.000, 'FuserMainPwrPercentAct',         33,        230, 0, 0
  879.300, 0.000, 'FuserMainPwrPercentAct',          0,        230, 0, 0
  879.667: BUR sensor iterations 6, Object temp 60, Body temp 37
  880.177: BUR sensor iterations 6, Object temp 61, Body temp 37
  880.365, 0.000, 'FuserMainPwrPercentAct',         33,        230, 0, 0
  880.415, 0.000, 'FuserMainPwrPercentAct',          0,        230, 0, 0
  880.687: BUR sensor iterations 6, Object temp 60, Body temp 37
  881.197: BUR sensor iterations 6, Object temp 61, Body temp 37
  881.660, 0.000, 'FuserMainPwrPercentAct',         33,        230, 0, 0
  881.707: BUR sensor iterations 6, Object temp 60, Body temp 37
  881.710, 0.000, 'FuserMainPwrPercentAct',          0,        230, 0, 0
  882.817: WeatherThread: Calc Temp: 24.06 C, Calc RH: 51.75 (percent)
  882.827: WeatherThread: Filtered Temp: 24.06 C, Filtered RH: 51.75 (percent), Filtered Average RH: 49.43 (percent)
  882.890, 0.000, 'FuserMainPwrPercentAct',         33,        230, 0, 0
  882.990, 0.000, 'FuserMainPwrPercentAct',          0,        230, 0, 0
  883.075, 0.000, 'FuserMainPwrPercentReq',          0,         68, 0, 0
  884.695, 0.000, 'FuserMainPwrPercentReq',         10,         68, 0, 0
  885.616: EM: Thermal algorithm 843468624 - MotorRunningTimeUpdated: TempCooldownActive 0 gItmMotorRunning 0 JSealTemperature_degCAtMotorOff 31 JSealTemperature 30.8 C, WS Temp 24.1 C
  885.825, 0.000, 'FuserMainPwrPercentAct',         33,        230, 0, 0
  885.920, 0.000, 'FuserMainPwrPercentAct',          0,        230, 0, 0
  886.021: ssec: cmd=27, devNum=255, rc=0
  886.055, 0.000, 'FuserMainPwrPercentReq',          0,         68, 0, 0
  887.616: EM: Thermal algorithm 843468626 - MotorRunningTimeUpdated: TempCooldownActive 0 gItmMotorRunning 0 JSealTemperature_degCAtMotorOff 31 JSealTemperature 30.8 C, WS Temp 24.1 C
  887.665, 0.000, 'FuserMainPwrPercentReq',         12,         68, 0, 0
  888.350, 0.000, 'FuserMainPwrPercentAct',         33,        230, 0, 0
  888.400, 0.000, 'FuserMainPwrPercentAct',          0,        230, 0, 0
  889.795, 0.000, 'FuserMainPwrPercentAct',         33,        230, 0, 0
  889.867: BUR sensor iterations 6, Object temp 61, Body temp 37
  889.895, 0.000, 'FuserMainPwrPercentAct',          0,        230, 0, 0
  889.975, 0.000, 'FuserMainPwrPercentReq',          2,         68, 0, 0
  890.010, 0.000, 'FuserMainPwrPercentReq',          0,         68, 0, 0
  890.377: BUR sensor iterations 6, Object temp 60, Body temp 37
  891.120, 0.000, 'FuserMainPwrPercentReq',         10,         68, 0, 0
  892.370, 0.000, 'FuserMainPwrPercentAct',         33,        230, 0, 0
  892.420, 0.000, 'FuserMainPwrPercentAct',          0,        230, 0, 0
  892.927: BUR sensor iterations 6, Object temp 61, Body temp 37
  893.300, 0.000, 'FuserMainPwrPercentAct',         33,        230, 0, 0
  893.400, 0.000, 'FuserMainPwrPercentAct',          0,        230, 0, 0
  893.437: BUR sensor iterations 6, Object temp 60, Body temp 37
  893.515, 0.000, 'FuserMainPwrPercentReq',          0,         68, 0, 0
  893.527: WeatherThread: Calc Temp: 24.06 C, Calc RH: 51.79 (percent)
  893.537: WeatherThread: Filtered Temp: 24.06 C, Filtered RH: 51.79 (percent), Filtered Average RH: 49.43 (percent)
  895.360, 0.000, 'FuserMainPwrPercentReq',         12,         68, 0, 0
  896.021: ssec: cmd=27, devNum=255, rc=0!=
  896.255, 0.000, 'FuserMainPwrPercentAct',          0,        230, 0, 0
  897.185, 0.000, 'FuserMainPwrPercentAct',         33,        230, 0, 0
  897.235, 0.000, 'FuserMainPwrPercentAct',          0,        230, 0, 0
  898.400, 0.000, 'FuserMainPwrPercentAct',         33,        230, 0, 0
  898.450, 0.000, 'FuserMainPwrPercentAct',          0,        230, 0, 0
  899.560, 0.000, 'FuserMainPwrPercentAct',         33,        230, 0, 0
  899.610, 0.000, 'FuserMainPwrPercentAct',          0,        230, 0, 0
  900.074: PhSetThermalBlackTopMarginAdjustment() - TopMarginAdjustMm = -0.003494: MmPerHsyncs = 0.042328
  900.722: RealTime='2026-09-23 08:50' Count='62' Valid = '1' RealTime_EncodedHex='0x7EA9BA32' RealTime_RefSeconds='843468640'
  901.005, 0.000, 'FuserMainPwrPercentAct',         33,        230, 0, 0
  901.055, 0.000, 'FuserMainPwrPercentAct',          0,        230, 0, 0
  902.155, 0.000, 'FuserMainPwrPercentAct',         33,        230, 0, 0
  902.205, 0.000, 'FuserMainPwrPercentAct',          0,        230, 0, 0
  903.530, 0.000, 'FuserMainPwrPercentAct',         33,        230, 0, 0
  903.580, 0.000, 'FuserMainPwrPercentAct',          0,        230, 0, 0
  904.237: WeatherThread: Calc Temp: 24.06 C, Calc RH: 51.75 (percent)
  904.247: WeatherThread: RH History update: minute sample count 6, buffer count 43, buffer index 43, value stored 52.0
  904.247, 0.000, 'Weather Station Temp C',           24.06,  214, 0, 0
  904.247, 0.000, 'Weather Station RH',               51.76,  215, 0, 0
  904.247: WeatherThread: Filtered Temp: 24.06 C, Filtered RH: 51.75 (percent), Filtered Average RH: 49.49 (percent)
  904.760, 0.000, 'FuserMainPwrPercentAct',         33,        230, 0, 0
  904.810, 0.000, 'FuserMainPwrPercentAct',          0,        230, 0, 0
  905.326: TASK: Message EM_MSG_ET_TO_ET_THERMAL_TIMED_OUT sent to EmThermalTask()
  905.336: TASK: EmThermalTask() status 0x1.  Task NOT Removed.
  905.336: ItuTemp_F 76.500 CavityTemp_F 0.000 Weather Station_F 75.316 Bump_Time_Scalar 1.0000152588
  905.336: PhSetBeltStretchTopMarginAdjustment() - TopMarginAdjustMm = -0.764969: MmPerHsyncs = 0.042328
  905.336: TASK: Message EM_MSG_ET_TO_ET_LOAD_TIMER sent to EmThermalTimerTask()
  905.346: TASK: EmThermalTimerTask() status 0x1.  Task NOT Removed.
  906.021: ssec: cmd=27, devNum=255, rc=0
  906.125, 0.000, 'FuserMainPwrPercentAct',         33,        230, 0, 0
  906.175, 0.000, 'FuserMainPwrPercentAct',          0,        230, 0, 0
  907.335, 0.000, 'FuserMainPwrPercentAct',         33,        230, 0, 0
  907.385, 0.000, 'FuserMainPwrPercentAct',          0,        230, 0, 0
  908.700, 0.000, 'FuserMainPwrPercentAct',         33,        230, 0, 0
  908.750, 0.000, 'FuserMainPwrPercentAct',          0,        230, 0, 0
  909.910, 0.000, 'FuserMainPwrPercentAct',         33,        230, 0, 0
  909.960, 0.000, 'FuserMainPwrPercentAct',          0,        230, 0, 0
  911.305, 0.000, 'FuserMainPwrPercentAct',         33,        230, 0, 0
  911.355, 0.000, 'FuserMainPwrPercentAct',          0,        230, 0, 0
  912.505, 0.000, 'FuserMainPwrPercentAct',         33,        230, 0, 0
  912.555, 0.000, 'FuserMainPwrPercentAct',          0,        230, 0, 0
  913.865, 0.000, 'FuserMainPwrPercentAct',         33,        230, 0, 0
  913.915, 0.000, 'FuserMainPwrPercentAct',          0,        230, 0, 0
  914.947: WeatherThread: Calc Temp: 24.05 C, Calc RH: 51.75 (percent)
  914.957: WeatherThread: Filtered Temp: 24.05 C, Filtered RH: 51.75 (percent), Filtered Average RH: 49.49 (percent)
  915.080, 0.000, 'FuserMainPwrPercentAct',         33,        230, 0, 0
  915.130, 0.000, 'FuserMainPwrPercentAct',          0,        230, 0, 0
  916.021: ssec: cmd=27, devNum=255, rc=0
  916.390, 0.000, 'FuserMainPwrPercentAct',         33,        230, 0, 0
  916.440, 0.000, 'FuserMainPwrPercentAct',          0,        230, 0, 0
  917.685, 0.000, 'FuserMainPwrPercentAct',         33,        230, 0, 0
  917.735, 0.000, 'FuserMainPwrPercentAct',          0,        230, 0, 0
  918.684: ssec: su: forceAuth=true
  918.692: ssec: sn: n=0x01, s=0x01, ss=0x04, f=0x02
  918.692: ssec: sn: n=0x01, d=0xa000316c, iq=0xb634, qu=0xb634, au=0x3c5d44b, mu=0x3c5d44b
  918.692: ssec: sn: n=0x02, s=0x01, ss=0x04, f=0x02
  918.692: ssec: sn: n=0x02, d=0xa0002de2, iq=0xabca, qu=0xabca, au=0x235cd5, mu=0x235cd5
  918.692: ssec: sn: n=0x03, s=0x01, ss=0x04, f=0x02
  918.693: ssec: sn: n=0x03, d=0xa00034a1, iq=0xb634, qu=0xb634, au=0xc8ee6, mu=0xc8ee6
  918.693: ssec: sn: n=0x04, s=0x01, ss=0x04, f=0x02
  918.693: ssec: sn: n=0x04, d=0xa0003c2d, iq=0xc86c, qu=0xc86c, au=0x1e3e804, mu=0x1e3e804
  918.693: ssec: sn: n=0x05, s=0x01, ss=0x04, f=0x00
  918.693: ssec: sn: n=0x05, d=0xa000557e, iq=0xea10, qu=0xd3b6, au=0x170f0, mu=0x170f0
  918.693: ssec: sn: n=0x06, s=0x01, ss=0x04, f=0x00
  918.693: ssec: sn: n=0x06, d=0xa0005a44, iq=0xea10, qu=0xd823, au=0x165c8, mu=0x165c3
  918.693: ssec: sn: n=0x07, s=0x01, ss=0x04, f=0x00
  918.693: ssec: sn: n=0x07, d=0xa00050e6, iq=0xf58a, qu=0xc550, au=0x170f3, mu=0x170f0
  918.693: ssec: gats: 
  918.838: ssec: gats: 
  918.845: ssec: atc:
  918.907: ssec: gats: 
  918.911: ssec: san: 
  918.917: ssec: sav: devNum=6
  918.977: ssec: sn: dn=0, st=1
  918.977: ssec: cmd=26, devNum=255, rc=0
  919.015, 0.000, 'FuserMainPwrPercentAct',         33,        230, 0, 0
  919.065, 0.000, 'FuserMainPwrPercentAct',          0,        230, 0, 0
  920.260, 0.000, 'FuserMainPwrPercentAct',         33,        230, 0, 0
  920.310, 0.000, 'FuserMainPwrPercentAct',          0,        230, 0, 0
  921.590, 0.000, 'FuserMainPwrPercentAct',         33,        230, 0, 0
  921.640, 0.000, 'FuserMainPwrPercentAct',          0,        230, 0, 0
  922.116: EM: Thermal algorithm 843468661 - MotorRunningTimeUpdated: TempCooldownActive 0 gItmMotorRunning 0 JSealTemperature_degCAtMotorOff 31 JSealTemperature 30.8 C, WS Temp 24.1 C
  922.835, 0.000, 'FuserMainPwrPercentAct',         33,        230, 0, 0
  922.885, 0.000, 'FuserMainPwrPercentAct',          0,        230, 0, 0
  924.116: EM: Thermal algorithm 843468663 - MotorRunningTimeUpdated: TempCooldownActive 0 gItmMotorRunning 0 JSealTemperature_degCAtMotorOff 31 JSealTemperature 30.8 C, WS Temp 24.1 C
  924.230, 0.000, 'FuserMainPwrPercentAct',         33,        230, 0, 0
  924.280, 0.000, 'FuserMainPwrPercentAct',          0,        230, 0, 0
  925.430, 0.000, 'FuserMainPwrPercentAct',         33,        230, 0, 0
  925.480, 0.000, 'FuserMainPwrPercentAct',          0,        230, 0, 0
  925.657: WeatherThread: Calc Temp: 24.05 C, Calc RH: 51.75 (percent)
  925.667: WeatherThread: Filtered Temp: 24.05 C, Filtered RH: 51.75 (percent), Filtered Average RH: 49.49 (percent)
  926.021: ssec: cmd=27, devNum=255, rc=0
  926.740, 0.000, 'FuserMainPwrPercentAct',         33,        230, 0, 0
  926.790, 0.000, 'FuserMainPwrPercentAct',          0,        230, 0, 0
  928.055, 0.000, 'FuserMainPwrPercentAct',         33,        230, 0, 0
  928.105, 0.000, 'FuserMainPwrPercentAct',          0,        230, 0, 0
  929.285, 0.000, 'FuserMainPwrPercentAct',         33,        230, 0, 0
  929.335, 0.000, 'FuserMainPwrPercentAct',          0,        230, 0, 0
  930.074: PhSetThermalBlackTopMarginAdjustment() - TopMarginAdjustMm = -0.003494: MmPerHsyncs = 0.042328
  930.730, 0.000, 'FuserMainPwrPercentAct',         33,        230, 0, 0
  930.780, 0.000, 'FuserMainPwrPercentAct',          0,        230, 0, 0
  931.810, 0.000, 'FuserMainPwrPercentAct',         33,        230, 0, 0
  931.860, 0.000, 'FuserMainPwrPercentAct',          0,        230, 0, 0
  933.370, 0.000, 'FuserMainPwrPercentAct',         33,        230, 0, 0
  933.420, 0.000, 'FuserMainPwrPercentAct',          0,        230, 0, 0
  934.530, 0.000, 'FuserMainPwrPercentAct',         33,        230, 0, 0
  934.630, 0.000, 'FuserMainPwrPercentAct',          0,        230, 0, 0
  934.700, 0.000, 'FuserMainPwrPercentReq',          2,         68, 0, 0
  934.715, 0.000, 'FuserMainPwrPercentReq',          0,         68, 0, 0
  936.021: ssec: cmd=27, devNum=255, rc=0
  936.367: WeatherThread: Calc Temp: 24.05 C, Calc RH: 51.75 (percent)
  936.377: WeatherThread: Filtered Temp: 24.05 C, Filtered RH: 51.75 (percent), Filtered Average RH: 49.49 (percent)
  936.640, 0.000, 'FuserMainPwrPercentReq',         11,         68, 0, 0
  937.425, 0.000, 'FuserMainPwrPercentAct',         33,        230, 0, 0
  937.475, 0.000, 'FuserMainPwrPercentAct',          0,        230, 0, 0
  938.935, 0.000, 'FuserMainPwrPercentAct',         33,        230, 0, 0
  939.035, 0.000, 'FuserMainPwrPercentAct',          0,        230, 0, 0
  939.185, 0.000, 'FuserMainPwrPercentReq',          0,         68, 0, 0
  940.315, 0.000, 'FuserMainPwrPercentReq',         11,         68, 0, 0
  941.375, 0.000, 'FuserMainPwrPercentAct',         33,        230, 0, 0
  941.425, 0.000, 'FuserMainPwrPercentAct',          0,        230, 0, 0
  942.116: EM: Thermal algorithm 843468681 - MotorRunningTimeUpdated: TempCooldownActive 0 gItmMotorRunning 0 JSealTemperature_degCAtMotorOff 31 JSealTemperature 30.8 C, WS Temp 24.1 C
  942.355, 0.000, 'FuserMainPwrPercentAct',         33,        230, 0, 0
  942.405, 0.000, 'FuserMainPwrPercentAct',          0,        230, 0, 0
  943.485, 0.000, 'FuserMainPwrPercentAct',         33,        230, 0, 0
  943.535, 0.000, 'FuserMainPwrPercentAct',          0,        230, 0, 0
  944.116: EM: Thermal algorithm 843468683 - MotorRunningTimeUpdated: TempCooldownActive 0 gItmMotorRunning 0 JSealTemperature_degCAtMotorOff 31 JSealTemperature 30.8 C, WS Temp 24.1 C
  944.780, 0.000, 'FuserMainPwrPercentAct',         33,        230, 0, 0
  944.830, 0.000, 'FuserMainPwrPercentAct',          0,        230, 0, 0
  946.021: ssec: cmd=27, devNum=255, rc=0
  946.160, 0.000, 'FuserMainPwrPercentAct',         33,        230, 0, 0
  946.210, 0.000, 'FuserMainPwrPercentAct',          0,        230, 0, 0
  947.077: WeatherThread: Calc Temp: 24.05 C, Calc RH: 51.72 (percent)
  947.087: WeatherThread: Filtered Temp: 24.05 C, Filtered RH: 51.72 (percent), Filtered Average RH: 49.49 (percent)
  947.405, 0.000, 'FuserMainPwrPercentAct',         33,        230, 0, 0
  947.455, 0.000, 'FuserMainPwrPercentAct',          0,        230, 0, 0
  948.705, 0.000, 'FuserMainPwrPercentAct',         33,        230, 0, 0
  948.755, 0.000, 'FuserMainPwrPercentAct',          0,        230, 0, 0
  950.050, 0.000, 'FuserMainPwrPercentAct',         33,        230, 0, 0
  950.100, 0.000, 'FuserMainPwrPercentAct',          0,        230, 0, 0
  951.230, 0.000, 'FuserMainPwrPercentAct',         33,        230, 0, 0
  951.280, 0.000, 'FuserMainPwrPercentAct',          0,        230, 0, 0
  952.625, 0.000, 'FuserMainPwrPercentAct',         33,        230, 0, 0
  952.675, 0.000, 'FuserMainPwrPercentAct',          0,        230, 0, 0
  953.805, 0.000, 'FuserMainPwrPercentAct',         33,        230, 0, 0
  953.855, 0.000, 'FuserMainPwrPercentAct',          0,        230, 0, 0
  955.315, 0.000, 'FuserMainPwrPercentAct',         33,        230, 0, 0
  955.365, 0.000, 'FuserMainPwrPercentAct',          0,        230, 0, 0
  956.021: ssec: cmd=27, devNum=255, rc=0
  956.430, 0.000, 'FuserMainPwrPercentAct',         33,        230, 0, 0
  956.480, 0.000, 'FuserMainPwrPercentAct',          0,        230, 0, 0
  957.705, 0.000, 'FuserMainPwrPercentAct',         33,        230, 0, 0
  957.755, 0.000, 'FuserMainPwrPercentAct',          0,        230, 0, 0
  957.787: WeatherThread: Calc Temp: 24.05 C, Calc RH: 51.72 (percent)
  957.797: WeatherThread: Filtered Temp: 24.05 C, Filtered RH: 51.72 (percent), Filtered Average RH: 49.49 (percent)
  959.135, 0.000, 'FuserMainPwrPercentAct',         33,        230, 0, 0
  959.185, 0.000, 'FuserMainPwrPercentAct',          0,        230, 0, 0
  959.200, 0.000, 'FuserMainPwrPercentAct',         33,        230, 0, 0
  959.250, 0.000, 'FuserMainPwrPercentAct',          0,        230, 0, 0
  959.335, 0.000, 'FuserMainPwrPercentReq',          0,         68, 0, 0
<CODE_VERSION StringId='6' Engine='LS.262.E014' PrinterSideCount='226' RealTime='2026-09-23 08:51' PageStart='True'/>
<CODE_VERSION StringId='6' PrinterSideCount='226' Tray2='A1.02_B5.00' Tray3='A2.01_B5.00' Tray4='A2.02_B5.00' Tray5='A0.00_B0.00' OutputPosition1DeviceType='HorizontalTransportUnit' OutputPosition1Version='A1.01_B2.03__Dev2_A0.00' OutputPosition2DeviceType='StapleHolePunchFinisher' OutputPosition2Version='A0.04_B1.00__Dev2_A0.00' OutputPosition3DeviceType='' OutputPosition3Version='A0.00_B0.00__Dev2_A0.00' Tray2SerialNumber='0' Tray3SerialNumber='0' Tray4SerialNumber='0' Tray5SerialNumber='0' OutputPosition1SerialNumber='0' OutputPosition2SerialNumber='0' OutputPosition3SerialNumber='0'/>
<CODE_VERSION EngineTime='  960.002' StringId='6' PrinterSideCount='226' EngSetting1='0' EngSetting2='0' EngSetting3='0' EngSetting4='0' EngSetting5='0' EngSetting6='0' EngSetting7='0' EngSetting8='0' EngSetting9='0' EngSetting10='0' EngSetting11='0' EngSetting12='0' EngSetting13='0' EngSetting14='0' EngSetting15='0' EngSetting16='0' EngSetting17='0' EngSetting18='0' EngSetting19='0' EngSetting20='0' EngSetting21='0' EngSetting22='0' EngSetting23='0' EngSetting24='0' EngSetting25='0' EngSetting26='0' EngSetting27='1' EngSetting28='0' EngSetting29='0' EngSetting30='0' EngSetting31='0' EngSetting32='0' PageEnd='True'/>
  960.074: PhSetThermalBlackTopMarginAdjustment() - TopMarginAdjustMm = -0.003494: MmPerHsyncs = 0.042328
  960.722: RealTime='2026-09-23 08:51' Count='66' Valid = '1' RealTime_EncodedHex='0x7EA9BA33' RealTime_RefSeconds='843468700'
  961.215, 0.000, 'FuserMainPwrPercentReq',         12,         68, 0, 0
  961.945, 0.000, 'FuserMainPwrPercentAct',         33,        230, 0, 0
  961.995, 0.000, 'FuserMainPwrPercentAct',          0,        230, 0, 0
  963.520, 0.000, 'FuserMainPwrPercentAct',         33,        230, 0, 0
  963.620, 0.000, 'FuserMainPwrPercentAct',          0,        230, 0, 0
  963.705, 0.000, 'FuserMainPwrPercentReq',          2,         68, 0, 0
  963.755, 0.000, 'FuserMainPwrPercentReq',          0,         68, 0, 0
  964.915, 0.000, 'FuserMainPwrPercentReq',         11,         68, 0, 0
  965.356: TASK: Message EM_MSG_ET_TO_ET_THERMAL_TIMED_OUT sent to EmThermalTask()
  965.366: TASK: EmThermalTask() status 0x1.  Task NOT Removed.
  965.366: ItuTemp_F 76.500 CavityTemp_F 0.000 Weather Station_F 75.297 Bump_Time_Scalar 1.0000152588
  965.366: PhSetBeltStretchTopMarginAdjustment() - TopMarginAdjustMm = -0.764969: MmPerHsyncs = 0.042328
  965.366: TASK: Message EM_MSG_ET_TO_ET_LOAD_TIMER sent to EmThermalTimerTask()
  965.376: TASK: EmThermalTimerTask() status 0x1.  Task NOT Removed.
  965.900, 0.000, 'FuserMainPwrPercentAct',         33,        230, 0, 0
  965.945, 0.000, 'FuserMainPwrPercentAct',          0,        230, 0, 0
  966.021: ssec: cmd=27, devNum=255, rc=0
  966.975, 0.000, 'FuserMainPwrPercentAct',         33,        230, 0, 0
  967.025, 0.000, 'FuserMainPwrPercentAct',          0,        230, 0, 0
  968.055, 0.000, 'FuserMainPwrPercentAct',         33,        230, 0, 0
  968.105, 0.000, 'FuserMainPwrPercentAct',          0,        230, 0, 0
  968.497: WeatherThread: Calc Temp: 24.05 C, Calc RH: 51.72 (percent)
  968.507: WeatherThread: RH History update: minute sample count 6, buffer count 44, buffer index 44, value stored 51.5
  968.507: WeatherThread: Filtered Temp: 24.05 C, Filtered RH: 51.72 (percent), Filtered Average RH: 49.53 (percent)
  969.074: EP: Environment calculation code ran successfully. measured_temperature_Q3 = 75.250000, adjusted_temperature_Q3 = 75.250000, measured_humidity_Q3 = 49.500000, adjusted_humidity_Q3 = 49.500000, ChosenEnv = 4, wet_bulb_temperature_f_Q3 = 502, CalcTime_us=78 
  969.355, 0.000, 'FuserMainPwrPercentAct',         33,        230, 0, 0
  969.405, 0.000, 'FuserMainPwrPercentAct',          0,        230, 0, 0
  970.800, 0.000, 'FuserMainPwrPercentAct',         33,        230, 0, 0
  970.850, 0.000, 'FuserMainPwrPercentAct',          0,        230, 0, 0
  971.960, 0.000, 'FuserMainPwrPercentAct',         33,        230, 0, 0
  972.010, 0.000, 'FuserMainPwrPercentAct',          0,        230, 0, 0
  973.275, 0.000, 'FuserMainPwrPercentAct',         33,        230, 0, 0
  973.325, 0.000, 'FuserMainPwrPercentAct',          0,        230, 0, 0
  974.485, 0.000, 'FuserMainPwrPercentAct',         33,        230, 0, 0
  974.535, 0.000, 'FuserMainPwrPercentAct',          0,        230, 0, 0
  975.880, 0.000, 'FuserMainPwrPercentAct',         33,        230, 0, 0
  975.930, 0.000, 'FuserMainPwrPercentAct',          0,        230, 0, 0
  976.021: ssec: cmd=27, devNum=255, rc=0
  977.210, 0.000, 'FuserMainPwrPercentAct',         33,        230, 0, 0
  977.260, 0.000, 'FuserMainPwrPercentAct',          0,        230, 0, 0
  978.475, 0.000, 'FuserMainPwrPercentAct',         33,        230, 0, 0
  978.525, 0.000, 'FuserMainPwrPercentAct',          0,        230, 0, 0
  979.207: WeatherThread: Calc Temp: 24.05 C, Calc RH: 51.69 (percent)
  979.217, 0.000, 'Weather Station Temp C',           24.05,  214, 0, 0
  979.217, 0.000, 'Weather Station RH',               51.71,  215, 0, 0
  979.217: WeatherThread: Filtered Temp: 24.05 C, Filtered RH: 51.69 (percent), Filtered Average RH: 49.53 (percent)
  979.585, 0.000, 'FuserMainPwrPercentAct',         33,        230, 0, 0
  979.635, 0.000, 'FuserMainPwrPercentAct',          0,        230, 0, 0
  981.200, 0.000, 'FuserMainPwrPercentAct',         33,        230, 0, 0
  981.250, 0.000, 'FuserMainPwrPercentAct',          0,        230, 0, 0
  982.330, 0.000, 'FuserMainPwrPercentAct',         33,        230, 0, 0
  982.380, 0.000, 'FuserMainPwrPercentAct',          0,        230, 0, 0
  983.655, 0.000, 'FuserMainPwrPercentAct',         33,        230, 0, 0
  983.705, 0.000, 'FuserMainPwrPercentAct',          0,        230, 0, 0
  984.383: INFO serial_transport::packet_reader: rx seq 0x0d CRC 0x18a0 len 23 accept cur 0x0d
  984.383: INFO printengine_lxk::node_tree::engine: Call: mirrorSettings(get)
  984.426: INFO serial_transport::packet_reader: rx seq 0x0e CRC 0xafaf len 42 accept cur 0x0e
  984.447: INFO serial_transport::packet_reader: rx ack 0x02
  984.459: INFO serial_transport::packet_reader: rx ack 0x03
  984.471: INFO serial_transport::packet_reader: rx ack 0x04
  984.482: INFO serial_transport::packet_reader: rx ack 0x05
  984.487: INFO printengine_lxk::node_tree::engine: Call: set("Status", "PowerState", "requested", "Sleep")
  984.524: WARN serial_transport::packet_reader: rx seq 0x0e CRC 0xafaf len 42 drop (dup already consumed) cur 0x0f
  984.621: WARN serial_transport::packet_reader: rx seq 0x0e CRC 0xafaf len 42 drop (dup already consumed) cur 0x0f
  984.955, 0.000, 'FuserMainPwrPercentAct',         33,        230, 0, 0
  985.005, 0.000, 'FuserMainPwrPercentAct',          0,        230, 0, 0
  985.215: WARN serial_transport::packet_writer: Dropping packet with seq 0x0e. Last sent ack: Some(Seq(13))
  985.215: WARN serial_transport::packet_writer: Dropping packet with seq 0x0e. Last sent ack: Some(Seq(13))
  985.216: INFO printengine_lxk::engine: PM: Running task
  985.216: INFO printengine_lxk::engine: PM: Idle state in Awake
  985.217: INFO printengine_lxk::engine: PM: engine can sleep
  985.217: INFO printengine_lxk::engine: PM: attempting to enter Sleep state
  985.217: IP: IP_COMMAND_REQUEST_LOW_POWER_MODE Command  Rcvd - Command Code: 0x31 Data: 0x01000000 0x00 
  985.217: BeginLowPowerTransition_hdlr LOW_POWER_PREPARE, requested_state = 1, requested transition = 0, requested_maintenance = 0
  985.217: BeginLowPowerTransition_hdlr LOW_POWER_SLEEP_STATE
  985.217: FUSER: fsrDriverRequest: IS_FUSER_DRIVER_PREPARED_TO_SLEEP
  985.217: FAN: fanDriverRequest: IS_FAN_DRIVER_PREPARED_TO_SLEEP
  985.217: phDriverRequest: IS_PH_DRIVER_PREPARED_TO_SLEEP
  985.217: FMECH: FmDriverRequest(): Received request FUSER_MECH_REQUEST_IS_FM_DRIVER_PREPARED_FOR_SLEEP with arg = 0xc70c and callback = 0x0
  985.217: IP: IP_COMMAND_REQUEST_LOW_POWER_MODE Response Sent - Command Code: 0x31 Data: 0x0000 
  985.217: INFO printengine_lxk::engine: PM: maintenance is 0x0
  985.217: INFO printengine_lxk::engine::powerstate: PM: Arming timer for 50s
  985.225: INFO serial_transport::packet_reader: rx ack 0x06
  985.225: INFO serial_transport::packet_reader: rx ack 0x07
  985.226: Nfy EARLY_START_READY_NFY=0x21 0x00 0x00 0x00
  985.226: FUSER: EngToFuserEvent() - Received event ENG_EVENT_GOING_TO_POWER_SAVER                      (9) 
  985.226: FMECH: FmDriverRequest(): FUSER_MECH_QUERY_READY_FOR_LOW_POWER: Ready for switch value changed from 0 to 1!
  985.226: FUSER: ChangeRequestedFuserControlState(): Changed FUSER_CTRLRQST_NONE -> FUSER_CTRLRQST_OFF
  985.226: FUSER: FuserExitingStandbyMode() - Context = 5
  985.226: FMECH: EngToFuserMechEventHandler(): Received event ENG_EVENT_GOING_TO_POWER_SAVER                      with arg 0x0
  985.226: FMECH: FmResetPageQueue(): Resetting page queue
  985.226: FMECH: EngToFuserMechEventHandler(): ENG_EVENT_GOING_TO_POWER_SAVER                     : Mech has cam: 1, nip can only open in sleep entry for soft power off: 0, requested sleep state: 255, is motor in lightspeed state: 0
  985.226: FMECH: FmDriverRequest(): Received request FUSER_MECH_REQUEST_NIP_OPEN with arg = 0x0 and callback = 0x0
  985.226: FMECH: FmRequestNipOpen(): Nip open requested
  985.226: EM: J1 Engine Manager State: STANDBY_STATE                                     -> TRANSITION_TO_POWER_SAVER_STATE                  
  985.229: FMECH: FuserMechRaiseEvent(): FUSER_MECH_EVENT_CAM_POS_OPEN
  985.229: FMECH: FmFuserCamStateMachine(): Ignoring openNipRequested in state FM_MOTOR_STATE_OPEN_STOPPED as nip is already open
  985.230, 0.000, 'MainTherm_RFT',                   0,         58, 0, 0
  985.230, 0.000, 'MainTherm_DFT',                   0,         59, 0, 0
  985.230: FUSER: DisableFuser(): Fuser Power Disabled for FUSER_CONTROL_HEATER_MAIN with urgency level FUSER_DISABLE_URGENCY_NORMAL: HW_FuserIsOn() = 1
  985.230: FUSER: DisableFuser(): Fuser Power Disabled for FUSER_CONTROL_HEATER_MAIN with urgency level FUSER_DISABLE_URGENCY_NORMAL: HW_FuserIsOn() = 1
  985.230: FUSER: DisableFuser(): Fuser Power Disabled for FUSER_CONTROL_HEATER_SECONDARY with urgency level FUSER_DISABLE_URGENCY_NORMAL: HW_FuserIsOn() = 1
  985.230: FUSER: DisableFuser(): Fuser Power Disabled for FUSER_CONTROL_HEATER_SECONDARY with urgency level FUSER_DISABLE_URGENCY_NORMAL: HW_FuserIsOn() = 1
  985.230: FUSER: FsrConUpdateNextState for 0 changed FUSER_CTRLSTATE_STEADY_STATE -> FUSER_CTRLSTATE_OFF
  985.230: FUSER: FsrConCalcControlOutput() - Setting IntegerHalfCycleControlAllowed to TRUE for heater 0
  985.230: FUSER: ChangeRequestedFuserControlState(): Changed FUSER_CTRLRQST_OFF -> FUSER_CTRLRQST_NONE
  985.230: FUSER: DisableFuser(): Fuser Power Disabled for FUSER_CONTROL_HEATER_MAIN with urgency level FUSER_DISABLE_URGENCY_NORMAL: HW_FuserIsOn() = 1
  985.230: FUSER: DisableFuser(): Fuser Power Disabled for FUSER_CONTROL_HEATER_MAIN with urgency level FUSER_DISABLE_URGENCY_NORMAL: HW_FuserIsOn() = 1
  985.230: FUSER: FsrConSwitchToNextState for 0 changed FUSER_CTRLSTATE_STEADY_STATE -> FUSER_CTRLSTATE_OFF
  985.230, 0.000, 'FuserConMainState',               0,        161, 0, 0
  985.230: FUSER: SetFuserHTCHeaterState(): FUSER_HTC_HEATER_CONTROL_POR -> FUSER_HTC_HEATER_CONTROL_STEADY_STATE; Edge Thermistor Actual Temperature: 92; Secondary Thermistor Actual Temperature: 116; Main Thermistor Target Temperature: 0
  985.234: FUSER: FuserZeroCrossHeaterEventHandler() - heat source FUSER_HEATER_BELT_SLAB_1 disabled
  985.234: FUSER: FuserZeroCrossHeaterEventHandler(): Updating fuser output mode: FUSER_HWMODE_MULTICYCLEPHASE -> FUSER_HWMODE_NONE for FUSER_CONTROL_HEATER_MAIN on FUSER_HEATER_BELT_SLAB_1
  985.235, 0.000, 'FuserMainPwrPercentReq',          0,         68, 0, 0
  985.235: FUSER: InitController_LUT() / InitController_PID() - Fuser control gain mode for 0 is FUSER_CONTROL_GAINMODE_STANDBY, Uses Phase Control: 1
  985.235: FUSER: InitController_PID() - Fuser PID Control -- Gains: Kp=15,Kin=2,Kids=5,Kd=5,IIE=69
  985.236: EP: Request = EP_REQUEST_HVPS_ENABLE_OFF
  985.236: EP: Control change: EP_CONTROL_LOCATION_CHARGE_DC_BLACK -> EP_CONTROL_LEVEL_OFF
  985.236: EP: Control change: EP_CONTROL_LOCATION_CHARGE_DC_CMY -> EP_CONTROL_LEVEL_OFF
  985.236: EP: Control change: EP_CONTROL_LOCATION_DEVELOPER_DC_BLACK -> EP_CONTROL_LEVEL_ZERO_VOLT
  985.236: EP: Control change: EP_CONTROL_LOCATION_DEVELOPER_DC_CYAN -> EP_CONTROL_LEVEL_ZERO_VOLT
  985.236: EP: Control change: EP_CONTROL_LOCATION_DEVELOPER_DC_MAGENTA -> EP_CONTROL_LEVEL_ZERO_VOLT
  985.236: EP: Control change: EP_CONTROL_LOCATION_DEVELOPER_DC_YELLOW -> EP_CONTROL_LEVEL_ZERO_VOLT
  985.236: ELAMP: ReportEraseLampCurrentSamplePwm: RequestType = 0, Pwm = 0.000000
  985.236: EP: Control change: EP_CONTROL_LOCATION_ERASE_LAMP_BLACK -> EP_CONTROL_LEVEL_OFF
  985.236: ELAMP: ReportEraseLampCurrentSamplePwm: RequestType = 0, Pwm = 0.000000
  985.236: EP: Control change: EP_CONTROL_LOCATION_ERASE_LAMP_CMY -> EP_CONTROL_LEVEL_OFF
  985.236, 0.000, 'EP_XFER1_BLACK',               -900,        100, 0, 0
  985.236: EP: Control change: EP_CONTROL_LOCATION_XFER1_BLACK -> EP_CONTROL_LEVEL_ZERO_VOLT
  985.236, 0.000, 'EP_XFER1_CYAN',                -900,        101, 0, 0
  985.236: EP: Control change: EP_CONTROL_LOCATION_XFER1_CMY -> EP_CONTROL_LEVEL_ZERO_VOLT
  985.236, 0.000, 'EP_XFER2_VOLTAGE',                0,        104, 0, 0
  985.236: EP: Control change: EP_CONTROL_LOCATION_XFER2 -> EP_CONTROL_LEVEL_ZERO_VOLT
  985.236: MOTOR: BLDC_ClientShutdownMotor motorID K_ITM CMD Distance: 0
  985.236: EP: Control change: EP_CONTROL_LOCATION_PC_MOTOR_K_ITM -> EP_CONTROL_LEVEL_OFF
  985.236: MOTOR: BLDC_ClientShutdownMotor motorID CMY_PC CMD Distance: 0
  985.236: EP: Control change: EP_CONTROL_LOCATION_PC_MOTOR_CMY -> EP_CONTROL_LEVEL_OFF
  985.236: phDriverRequest: PH_WRITE_BLOCK_LASER_SERVO_FLAG
  985.236: EP: Blocking laser servo
  985.236: EP: Control change: EP_CONTROL_LOCATION_ENABLE_HVPS -> EP_CONTROL_LEVEL_OFF
  985.236: EM: J1 Engine Manager State: TRANSITION_TO_POWER_SAVER_STATE                   -> POWER_SAVER_STATE                                
  985.246: FUSER: EngToFuserEvent() - Received event ENG_EVENT_GOING_TO_SLEEP                            (37) 
  985.246: FUSER: EngineIsEnteringSleepState() called.
  985.246: SUPPLIES: SupplyDriver Rx ENG_EVENT_GOING_TO_SLEEP.  RequestedSleepType = 0 = SC_TARGET_SLEEP  
  985.246: WeatherThread: GET_WS_NVRAM_DATA: Average RH 49.5
  985.246: Nfy RQST_WRITE_ALL_NVRAM_NFY=0x63 0x00 0x00 0x00
  985.246: EM: Thermal algorithm 843468724 - Write NV: Jseal 30.8 C, RefSeconds 843468725, Cavity 24.6 C, Fan 0 seconds, SlowdownTimer 0 seconds
  985.246: Nfy RQST_WRITE_ALL_NVRAM_NFY=0x63 0x00 0x00 0x00
  985.246: FMECH: EngToFuserMechEventHandler(): Received event ENG_EVENT_GOING_TO_SLEEP                            with arg 0x2ade4
  985.246: FMECH: FmResetPageQueue(): Resetting page queue
  985.246: FMECH: EngToFuserMechEventHandler(): ENG_EVENT_GOING_TO_SLEEP                           : Mech has cam: 1, nip can only open in sleep entry for soft power off: 0, requested sleep state: 1, is motor in lightspeed state: 0
  985.246: FMECH: FmDriverRequest(): Received request FUSER_MECH_REQUEST_NIP_OPEN with arg = 0x0 and callback = 0x0
  985.246: FMECH: FmRequestNipOpen(): Nip open requested
  985.246: EP: Engine event: name = ENG_EVENT_GOING_TO_SLEEP                           , num = 37
  985.246: Nfy RQST_WRITE_ALL_NVRAM_NFY=0x63 0x00 0x00 0x00
  985.246: EM: J1 Engine Manager State: POWER_SAVER_STATE                                 -> TRANSITION_TO_SLEEP_STATE                        
  985.247: PickElevate State: PE_SLEEP_STATE
  985.248: SUPPLY_CONSUMPTION; Image Kit - Color; ConsumptionNewState = SUPPLY_W_F_USAGE_DATA_RDY; Supply ID Index = 25; Current Level = 100; XY = 0x00; EW = 255; Near Low = 10; Low = 5; Near EOL = 1; EOL = 0; PostEOL_Lvl = 0; EOL HardStop Setting = 0 
  985.248: SUPPLY_CONSUMPTION; Image Kit - Black; ConsumptionNewState = SUPPLY_W_F_USAGE_DATA_RDY; Supply ID Index = 15; Current Level = 77; XY = 0x00; EW = 255; Near Low = 10; Low = 5; Near EOL = 1; EOL = 0; PostEOL_Lvl = 0; EOL HardStop Setting = 0 
  985.248: SUPPLY_CONSUMPTION; ITU; ConsumptionNewState = SUPPLY_W_F_USAGE_DATA_RDY; Supply ID = 5; Current Level = 100; XY = 0x00; EW = 255; Near Low = 255; Low = 255; Near EOL = 255; EOL = 255; HardStop Setting = 0
  985.248: SUPPLIES; Manager; Msg Rcvd= SUPPLY_MSG_SUBSYSTEMS_POR_CC_ACTIONS_COMPLETE; Supply = ITM; 
  985.248: SUPPLY_CONSUMPTION; Bottle - Black; ConsumptionNewState = SUPPLY_W_F_USAGE_DATA_RDY; Supply ID Index = 4; Current Level = 72; XY = 0x00; EW = 255; Near Low = 30; Low = 20; Near EOL = 1; EOL = 0; EolHardStop=0 AeolHardStop=1
  985.248: SUPPLY_CONSUMPTION; Bottle - Cyan; ConsumptionNewState = SUPPLY_W_F_USAGE_DATA_RDY; Supply ID Index = 3; Current Level = 77; XY = 0x00; EW = 255; Near Low = 30; Low = 20; Near EOL = 1; EOL = 0; EolHardStop=0 AeolHardStop=1
  985.248: SUPPLY_CONSUMPTION; Bottle - Magenta; ConsumptionNewState = SUPPLY_W_F_USAGE_DATA_RDY; Supply ID Index = 2; Current Level = 83; XY = 0x00; EW = 255; Near Low = 30; Low = 20; Near EOL = 1; EOL = 0; EolHardStop=0 AeolHardStop=1
  985.248: SUPPLY_CONSUMPTION; Bottle - Yellow; ConsumptionNewState = SUPPLY_W_F_USAGE_DATA_RDY; Supply ID Index = 1; Current Level = 85; XY = 0x00; EW = 255; Near Low = 30; Low = 20; Near EOL = 1; EOL = 0; EolHardStop=0 AeolHardStop=1
  985.248: SUPPLY_CONSUMPTION; WTB; ConsumptionNewState=SUPPLY_W_F_USAGE_DATA_RDY SupplyID=8 CurrentLevel=100 XY=0x00 EW=255 NearLow=255 Low=255 NearEOL=2 EOL=0 HardStopSetting=1 PgsRemaining=10000
  985.248: SUPPLY_CONSUMPTION; Fuser; ConsumptionNewState = SUPPLY_W_F_USAGE_DATA_RDY; Supply ID Index = 6; Current Level = 76; XY = 0x00; EW = 255; Near Low = 10; Low = 5; Near EOL = 1; EOL = 0; HardStop Setting = 0
  985.248: SUPPLIES: FuserWithMemorySetMemoryStatus() MemoryPorCcSuccess==FALSE 
  985.248: SUPPLIES: SupplyMgrNewState: 2 --> 10 
  985.248: SUPPLIES: Memory: MemoryCommoKernelThread; UPDATE_MACHINE_STATE; MemMgrState = 0
  985.248: SUPPLIES: Memory: begin ss_sec_machine_state(event=4) 
  985.248: SUPPLIES: Memory: MemManSubmitWork(): work=UPDATE_MACHINE_STATE  struct=2 rc=0 MemMgrState=MEM_MGR_IDLE  
  985.248: SUPPLIES: Memory: MemMgrNewState() MEM_MGR_IDLE  --> MEM_MGR_WF_MACHINE_STATE  
  985.249: FMECH: FuserMechRaiseEvent(): FUSER_MECH_EVENT_CAM_POS_OPEN
  985.249: FMECH: FmFuserCamStateMachine(): Ignoring openNipRequested in state FM_MOTOR_STATE_OPEN_STOPPED as nip is already open
  985.249: FAN: EngToFanEvent() - Event: ENG_EVENT_GOING_TO_SLEEP                           
  985.250: SUPPLIES: Memory: rc=0 
  985.250: SUPPLIES: Memory: MemoryCommoKernelThread; UPDATE_MACHINE_STATE complete; MemMgrState = 17
  985.250: FUSER: HW_EnableDisableZCInterrupt() - Enable ZC Interrupt = 1
  985.250: FUSER: FuserChangeEWCState(): FUSER_EWC_STATE_PROCESS_REQUESTS -> FUSER_EWC_STATE_CHECK_FOR_STUCK_RELAY
  985.250: FUSER: ChangeNWMState(): NWM_FULL_SPEED -> NWM_WF_FIC
  985.250: ssec: ms: state=4
  985.250: ssec: cmd=17, devNum=255, rc=0
  985.251: FAN: MainFan: Speed Update: 0 RPM; FanOperatingEngineState: FAN_ENGINE_STATE_POWER_SAVER           ; TemperatureIndex: 0; TemperatureArraySize: 1; EnginePrintModeIndex: 0; EnginePrintModeArraySize: 1; EngineQuietModeIndex: 0; EngineQuietModeArraySize: 1; FuserTechnologyIndex: 0; FuserTechnologyArraySize: 1; EngineThermalModeIndex: 0; EngineThermalModeArraySize: 5; EngineSleepModeIndex: 0; EngineSleepModeArraySize: 1; StateDurationIndex: 0; RampupAttemptsReset: 0; MachineType: MFP;
  985.255: IP: IP_COMMAND_STORE_ALL_BYTES_TO_NVRAM Command  Rcvd - Command Code: 0x6F Data: None 
  985.255: IP: IP_COMMAND_STORE_ALL_BYTES_TO_NVRAM Response Sent - Command Code: 0x6F Data: 0x63001803 0x0000008F 0xC900021E 0x00E20000 0x00E20000 0x00000000 0x0100B54F 0x463200AA 
  985.251: FAN: CartFan: Speed Update: 0 RPM; FanOperatingEngineState: FAN_ENGINE_STATE_POWER_SAVER           ; TemperatureIndex: 0; TemperatureArraySize: 1; EnginePrintModeIndex: 0; EnginePrintModeArraySize: 1; EngineQuietModeIndex: 0; EngineQuietModeArraySize: 1; FuserTechnologyIndex: 0; FuserTechnologyArraySize: 1; EngineThermalModeIndex: 0; EngineThermalModeArraySize: 5; EngineSleepModeIndex: 0; EngineSleepModeArraySize: 1; StateDurationIndex: 0; RampupAttemptsReset: 0; MachineType: MFP;
  985.256: FMECH: FmDriverRequest(): FUSER_MECH_QUERY_READY_FOR_SLEEP: Ready for switch value changed from 0 to 1!
  985.258: SUPPLIES: Memory: MemMgrNewState() MEM_MGR_WF_MACHINE_STATE  --> MEM_MGR_IDLE  
  985.251: FAN: CartFan2: Speed Update: 0 RPM; FanOperatingEngineState: FAN_ENGINE_STATE_POWER_SAVER           ; TemperatureIndex: 0; TemperatureArraySize: 1; EnginePrintModeIndex: 0; EnginePrintModeArraySize: 1; EngineQuietModeIndex: 0; EngineQuietModeArraySize: 1; FuserTechnologyIndex: 0; FuserTechnologyArraySize: 1; EngineThermalModeIndex: 0; EngineThermalModeArraySize: 5; EngineSleepModeIndex: 0; EngineSleepModeArraySize: 1; StateDurationIndex: 0; RampupAttemptsReset: 0; MachineType: MFP;
  985.251: FAN: LVPSFan: Speed Update: 0 RPM; FanOperatingEngineState: FAN_ENGINE_STATE_POWER_SAVER           ; TemperatureIndex: 0; TemperatureArraySize: 1; EnginePrintModeIndex: 0; EnginePrintModeArraySize: 1; EngineQuietModeIndex: 0; EngineQuietModeArraySize: 1; FuserTechnologyIndex: 0; FuserTechnologyArraySize: 1; EngineThermalModeIndex: 0; EngineThermalModeArraySize: 5; EngineSleepModeIndex: 0; EngineSleepModeArraySize: 1; StateDurationIndex: 0; RampupAttemptsReset: 0; MachineType: MFP;
  985.251: FAN: _FanSetNewPWM() [File: fanctl.c; Line: 2514] - LVPSFan; FanPwm: 0
  985.251: FAN: FanEventHdlr(): FAN_EVENT_OPERATING_UPDATE
<FAN EngineTime='  985.251' StringId='67' PrinterSideCount='226' StartTime='2026-09-23 08:35' RealTime='2026-09-23 08:51' FanName='LVPSFan' FanPWM='0' RequestedSpeed='0' MeasuredSpeed='0' StateTransition='TurningOff' />
  985.265: FUSER: Raw Fuser relay status changed from 0 to 1
  985.265: FUSER: RawTemperature at Raw Relay Change = 121
  985.251: FAN: BlowerFan: Speed Update: 0 RPM; FanOperatingEngineState: FAN_ENGINE_STATE_POWER_SAVER           ; TemperatureIndex: 0; TemperatureArraySize: 1; EnginePrintModeIndex: 0; EnginePrintModeArraySize: 1; EngineQuietModeIndex: 0; EngineQuietModeArraySize: 1; FuserTechnologyIndex: 0; FuserTechnologyArraySize: 1; EngineThermalModeIndex: 0; EngineThermalModeArraySize: 5; EngineSleepModeIndex: 0; EngineSleepModeArraySize: 1; StateDurationIndex: 0; RampupAttemptsReset: 0; MachineType: MFP;
  985.256: Option Manager State: OPT_MGR_TRANSITION_TO_SLEEP
  985.268: SUPPLIES: Memory: MemoryCommoKernelThread; WRITE_MEMORY_CONTENTS; MemMgrState = 0
  985.268: SUPPLIES: Memory: WriteMemory: dev=7, devaddr=512, sz=16, src=2149c 
  985.268: SUPPLIES: Memory: MemManSubmitWork(): work=WRITE_MEMORY_CONTENTS  struct=2 rc=0 MemMgrState=MEM_MGR_IDLE  
  985.268: SUPPLIES: Memory: MemMgrNewState() MEM_MGR_IDLE  --> MEM_MGR_PREP_TO_SLEEP_WF_WRITE  
  985.270: IP: IP_COMMAND_STORE_ALL_BYTES_TO_NVRAM Command  Rcvd - Command Code: 0x6F Data: None 
  985.270: IP: IP_COMMAND_STORE_ALL_BYTES_TO_NVRAM Response Sent - Command Code: 0x6F Data: 0x63001803 0x0000008F 0xC900021E 0x00E20000 0x00E20000 0x00000000 0x0100B54F 0x463200AA 
  985.275: IP: IP_COMMAND_STORE_ALL_BYTES_TO_NVRAM Command  Rcvd - Command Code: 0x6F Data: None 
  985.275: IP: IP_COMMAND_STORE_ALL_BYTES_TO_NVRAM Response Sent - Command Code: 0x6F Data: 0x63001803 0x0000008F 0xC900021E 0x00E20000 0x00E20000 0x00000000 0x0100B54F 0x463200AA 
  985.273: ssec: wm: devNum=7, encrypt=true, dataSize=0x10, offset=0x200
  985.285: FUSER: Filtered Fuser relay status changed from 0 to 1
  985.285: FUSER: Raw Temperature at Filtered Relay Change = 121
  985.310: SUPPLIES: Memory: rc=0 
  985.310: SUPPLIES: Memory: WriteMemory: dev=7, devaddr=528, sz=16, src=214ac 
  985.310: ssec: cmd=5, devNum=7, rc=0
  985.315: ssec: wm: devNum=7, encrypt=true, dataSize=0x10, offset=0x210
  985.353: SUPPLIES: Memory: rc=0 
  985.353: SUPPLIES: Memory: WriteMemory: dev=7, devaddr=544, sz=16, src=214bc 
  985.353: ssec: cmd=5, devNum=7, rc=0
  985.357: ssec: wm: devNum=7, encrypt=true, dataSize=0x10, offset=0x220
  985.390: FUSER: FuserChangeEWCState(): FUSER_EWC_STATE_CHECK_FOR_STUCK_RELAY -> FUSER_EWC_STATE_DETERMINE_IF_STUCK_RELAY
  985.393: SUPPLIES: Memory: rc=0 
  985.393: SUPPLIES: Memory: WriteMemory: dev=7, devaddr=560, sz=16, src=214cc 
  985.393: ssec: cmd=5, devNum=7, rc=0
  985.397: ssec: wm: devNum=7, encrypt=true, dataSize=0x10, offset=0x230
  985.412: TpTriggerProcessTriggers: PolledEngineAtStandby = 0, FeedErrorStatus = 0 , 
  985.437: SUPPLIES: Memory: rc=0 
  985.437: SUPPLIES: Memory: WriteMemory: dev=7, devaddr=576, sz=16, src=214dc 
  985.437: ssec: cmd=5, devNum=7, rc=0
  985.440: FUSER: FuserEWCStateMachine() - Fuser Stuck Relay Check: ZeroCross Count = 0
  985.440: FUSER: FuserChangeEWCState(): FUSER_EWC_STATE_DETERMINE_IF_STUCK_RELAY -> FUSER_EWC_STATE_RESUME_NORMAL_RELAY_OPERATION
  985.442: ssec: wm: devNum=7, encrypt=true, dataSize=0x10, offset=0x240
  985.445: FUSER: FuserChangeEWCState(): FUSER_EWC_STATE_RESUME_NORMAL_RELAY_OPERATION -> FUSER_EWC_STATE_PROCESS_REQUESTS
  985.450: FUSER: FuserEWCStateMachine(): gFuserIsPresent = 1: gCoverOpen = 0: gFuserRelayIsOpen = 1: Fuser Pins = 1
  985.450: FUSER: FuserChangeEWCState(): FUSER_EWC_STATE_PROCESS_REQUESTS -> FUSER_EWC_STATE_WF_RELAY_ON_FUSER_PRESENT_AND_COVER_CLOSED
  985.479: SUPPLIES: Memory: rc=0 
  985.479: SUPPLIES: Memory: WriteMemory: dev=7, devaddr=592, sz=16, src=214ec 
  985.479: ssec: cmd=5, devNum=7, rc=0
  985.484: ssec: wm: devNum=7, encrypt=true, dataSize=0x10, offset=0x250
  985.520: SUPPLIES: Memory: rc=0 
  985.520: SUPPLIES: Memory: WriteMemory: dev=7, devaddr=608, sz=16, src=214fc 
  985.520: ssec: cmd=5, devNum=7, rc=0
  985.525: ssec: wm: devNum=7, encrypt=true, dataSize=0x10, offset=0x260
  985.563: SUPPLIES: Memory: rc=0 
  985.563: SUPPLIES: Memory: WriteMemory: dev=7, devaddr=624, sz=16, src=2150c 
  985.563: ssec: cmd=5, devNum=7, rc=0
  985.568: ssec: wm: devNum=7, encrypt=true, dataSize=0x10, offset=0x270
  985.605: SUPPLIES: Memory: rc=0 
  985.605: SUPPLIES: Memory: WriteMemory: dev=7, devaddr=640, sz=16, src=2151c 
  985.605: ssec: cmd=5, devNum=7, rc=0
  985.610: ssec: wm: devNum=7, encrypt=true, dataSize=0x10, offset=0x280
  985.647: SUPPLIES: Memory: rc=0 
  985.647: SUPPLIES: Memory: WriteMemory: dev=7, devaddr=656, sz=16, src=2152c 
  985.647: ssec: cmd=5, devNum=7, rc=0
  985.652: ssec: wm: devNum=7, encrypt=true, dataSize=0x10, offset=0x290
  985.688: SUPPLIES: Memory: rc=0 
  985.688: SUPPLIES: Memory: WriteMemory: dev=7, devaddr=672, sz=16, src=2153c 
  985.687: ssec: cmd=5, devNum=7, rc=0
  985.693: ssec: wm: devNum=7, encrypt=true, dataSize=0x10, offset=0x2a0
  985.717: WeatherThread: Calc Temp: 24.05 C, Calc RH: 51.69 (percent)
  985.727: WeatherThread: Filtered Temp: 24.05 C, Filtered RH: 51.69 (percent), Filtered Average RH: 49.53 (percent)
  985.733: SUPPLIES: Memory: rc=0 
  985.733: SUPPLIES: Memory: WriteMemory: dev=7, devaddr=688, sz=16, src=2154c 
  985.733: ssec: cmd=5, devNum=7, rc=0
  985.737: ssec: wm: devNum=7, encrypt=true, dataSize=0x10, offset=0x2b0
  985.756: Option Manager State: OPT_MGR_W_F_ENG_AT_SLEEP
  985.774: SUPPLIES: Memory: rc=0 
  985.774: SUPPLIES: Memory: WriteMemory: dev=7, devaddr=704, sz=9, src=2155c 
  985.774: ssec: cmd=5, devNum=7, rc=0
  985.779: ssec: wm: devNum=7, encrypt=true, dataSize=0x9, offset=0x2c0
  985.816: SUPPLIES: Memory: rc=0 
  985.816: SUPPLIES: Memory: rc=0 
  985.816: SUPPLIES: Memory: MemoryCommoKernelThread; WRITE_MEMORY_CONTENTS complete; MemMgrState: 13, Passed: 1
  985.816: SUPPLIES: MemoryCommoKernelThread exit:  Total Run Time: 548 milliseconds 
  985.816: ssec: cmd=5, devNum=7, rc=0
  985.818: SUPPLIES: Memory: MemoryCommoKernelThread, Action=WORKTASK_SHUTDOWN_FOR_SLEEP_ACTIONS , MemMgrState=13 
  985.818: SUPPLIES: Memory: sending Security Pause command 
  985.818: SUPPLIES: Memory: MemManSubmitWork(): work=WORKTASK_SHUTDOWN_FOR_SLEEP_ACTIONS  struct=2 rc=0 MemMgrState=MEM_MGR_PREP_TO_SLEEP_WF_WRITE  
  985.818: SUPPLIES: Memory: MemMgrNewState() MEM_MGR_PREP_TO_SLEEP_WF_WRITE  --> MEM_MGR_PREP_TO_SLEEP_WF_SHUTDOWN  
  985.820: ssec: su: forceAuth=true
  985.827: ssec: pa: n=0x01, s=0x01, ss=0x04, f=0x02
  985.827: ssec: pa: n=0x01, d=0xa000316c, iq=0xb634, qu=0xb634, au=0x3c5d44b, mu=0x3c5d44b
  985.827: ssec: pa: n=0x02, s=0x01, ss=0x04, f=0x02
  985.827: ssec: pa: n=0x02, d=0xa0002de2, iq=0xabca, qu=0xabca, au=0x235cd5, mu=0x235cd5
  985.827: ssec: pa: n=0x03, s=0x01, ss=0x04, f=0x02
  985.828: ssec: pa: n=0x03, d=0xa00034a1, iq=0xb634, qu=0xb634, au=0xc8ee6, mu=0xc8ee6
  985.828: ssec: pa: n=0x04, s=0x01, ss=0x04, f=0x02
  985.828: ssec: pa: n=0x04, d=0xa0003c2d, iq=0xc86c, qu=0xc86c, au=0x1e3e804, mu=0x1e3e804
  985.828: ssec: pa: n=0x05, s=0x01, ss=0x04, f=0x00
  985.828: ssec: pa: n=0x05, d=0xa000557e, iq=0xea10, qu=0xd3b6, au=0x170f0, mu=0x170f0
  985.828: ssec: pa: n=0x06, s=0x01, ss=0x04, f=0x00
  985.828: ssec: pa: n=0x06, d=0xa0005a44, iq=0xea10, qu=0xd823, au=0x165c8, mu=0x165c3
  985.828: ssec: pa: n=0x07, s=0x01, ss=0x04, f=0x00
  985.828: ssec: pa: n=0x07, d=0xa00050e6, iq=0xf58a, qu=0xc550, au=0x170f3, mu=0x170f0
  985.828: ssec: gats: 
  985.974: ssec: atc:
  986.006: SUPPLIES: Manager: QUERY_ENTER_SLEEP_STATUS response: 0, MemShutdn: 0, NvShutdn: 1, SleepType: 0 
  986.036: ssec: gats: 
  986.040: ssec: san: 
  986.045: ssec: sav: devNum=1
  986.106: SUPPLIES: Memory: SendSsSecurityPause() rc = 0 
  986.106: SUPPLIES: CalcSecuritySleepDelay: DelaySecsRequired=0, Algo=1, SsSecurityEnabled=1, LastUsageSent=0, ElapsedTime=986106 
  986.106: SUPPLIES: Memory: SendSsPowerDownCmd()
  986.106: ssec: pa: dn=0, st=1
  986.108: SUPPLIES: Memory: Disable_I2C_BusPower: Delay: 150mS 
  986.106: ssec: cmd=15, devNum=255, rc=0
  986.108: ssec: pd
  986.108: ssec: cmd=2, devNum=255, rc=0
  986.112: MEB status change: 1
  986.258: SUPPLIES: Memory: Disable_I2C_BusPower delay complete 
  986.269: SUPPLIES: Memory: MemManSetAbortMemoryCond: Abort Type = 0 
  986.269: Nfy SUPPLY_DATA_INVALIDATED_NFY=0x86 0x00 0x00 0x00
  986.269: SUPPLIES: Supply Event: SUPPLY_EVENT_SUPPLY_DATA_INVALIDATED
  986.269: SUPPLIES: SupplyDataInvalidatedHandler event 
  986.269: TpSupplyEventHandler: SUPPLY_EVENT_SUPPLY_DATA_INVALIDATED: gSuppliesReady = 0, original_gSuppliesReady = 1, gTpMachineState = 0 gIgnoringIrInDiags = 0
  986.269: SUPPLIES: Memory: MemoryCommoKernelThread; WORKTASK_SHUTDOWN_FOR_SLEEP_ACTIONS  Action complete; MemMgrState = 14
  986.269: SUPPLIES: MemoryCommoKernelThread exit:  Total Run Time: 451 milliseconds 
  986.275: INFO printengine_lxk::node_tree::engine::rpc: Notify SuppliesBranchRemoved
  986.278: SUPPLIES: Memory: MemMgrNewState() MEM_MGR_PREP_TO_SLEEP_WF_SHUTDOWN  --> MEM_MGR_SLEEP  
  986.280: INFO serial_transport::packet_reader: rx ack 0x08
  986.286: SUPPLIES: Manager: QUERY_ENTER_SLEEP_STATUS response: 1, MemShutdn: 1, NvShutdn: 1, SleepType: 0 
  986.286: phDriverRequest: PH_START_RELAY_CONTROL_SEQUENCE
  986.286: PhRelayControlChangeState() - 0->2
  986.286: PhStartSafeRelaySequence() - Sequence = 3
  986.292: +5V_Switched: 0 ADC rail: 1
  986.297: MPF Lift: CAM sensor 1
  986.305: PhRelayControlChangeState() - 2->0
  986.306: FUSER: EngToFuserEvent() - Received event ENG_EVENT_AT_SLEEP                                  (41) 
  986.306: FUSER: DisableFuser(): Fuser Power Disabled for FUSER_CONTROL_HEATER_MAIN with urgency level FUSER_DISABLE_URGENCY_ASAP: HW_FuserIsOn() = 0
  986.306: FUSER: DisableFuser(): Fuser Power Disabled for FUSER_CONTROL_HEATER_MAIN with urgency level FUSER_DISABLE_URGENCY_ASAP: HW_FuserIsOn() = 0
  986.306: FUSER: DisableFuser(): Fuser Power Disabled for FUSER_CONTROL_HEATER_SECONDARY with urgency level FUSER_DISABLE_URGENCY_ASAP: HW_FuserIsOn() = 0
  986.306: FUSER: DisableFuser(): Fuser Power Disabled for FUSER_CONTROL_HEATER_SECONDARY with urgency level FUSER_DISABLE_URGENCY_ASAP: HW_FuserIsOn() = 0
  986.306: FMECH: EngToFuserMechEventHandler(): Received event ENG_EVENT_AT_SLEEP                                  with arg 0x0
  986.306: hwEngineSleepEventHandler: ENG_EVENT_ENTER_SLEEP
  986.306: ceh - J1 wtb received event 41
  986.306: Nfy CALIBRATION_DATA_INVALID_NFY=0x75 0x01 0x00 0x00
  986.306: TP: TpTriggerSetRippingBlockedFlag: Resolution = 600     Mask = 0x20 BlockRipping = 1 StatusChange = 1 RippingIsBlocked_updated = 0x20 RippingIsBlocked_original = 0x00 ClearPending = 0x00, 
  986.306: TP: TpTriggerSetRippingBlockedFlag: Resolution = 1200    Mask = 0x20 BlockRipping = 1 StatusChange = 0 RippingIsBlocked_updated = 0x22 RippingIsBlocked_original = 0x02 ClearPending = 0x00, 
  986.306: Nfy CALIBRATION_DATA_INVALID_NFY=0x75 0x01 0x01 0x00
  986.306: TP: TpTriggerSetRippingBlockedFlag: Resolution = 600_STO Mask = 0x20 BlockRipping = 1 StatusChange = 1 RippingIsBlocked_updated = 0x20 RippingIsBlocked_original = 0x00 ClearPending = 0x00, 
  986.306: SetLVPSPowerOverride:  enable? 0, requester 0, EngineIsUsing24V 0 ClientIsUsing24V 0
  986.306: EM: J1 Engine Manager State: TRANSITION_TO_SLEEP_STATE                         -> SLEEP_STATE                                      
  986.306: Nfy LOW_POWER_TRANSITION_NFY=0x31 0x01 0x00 0x00
  986.306: TASK: Message EM_MSG_ET_TO_ET_THERMAL_ENTER_SLEEP sent to EmThermalTask()
  986.309: FAN: EngToFanEvent() - Event: ENG_EVENT_AT_SLEEP                                 
  986.309: hwEngineSleepEventHandler: ENG_EVENT_ENTER_SLEEP
  986.309: ceh - wtb received event 41
  986.314: Old Pos Sensors State: 0002 New Pos Sensors State: 0003
  986.315: INFO printengine_lxk::node_tree::engine::rpc: Notify CalibrationValidUpdate(Calibration600Dpi, false)
  986.316: Option Manager State: OPT_MGR_SLEEP_COMMO_OFF
  986.316: TASK: EmThermalTask() status 0x1.  Task NOT Removed.
  986.316: EM: EmThermalChangeState() - EM_THERMAL_STATE_RUN -> EM_THERMAL_STATE_SLEEP
  986.324: INFO serial_transport::packet_reader: rx ack 0x09
  986.325: INFO printengine_lxk::node_tree::engine::rpc: Notify CalibrationValidUpdate(Calibration600DpiStochastic, false)
  986.334: INFO serial_transport::packet_reader: rx ack 0x0a
  986.335: INFO printengine_lxk::engine: PM: LowPowerTransition Notify: 1 0
  986.335: INFO printengine_lxk::engine: PM: Running task
  986.335: INFO printengine_lxk::engine: PM: Received continue with prepare for Sleep
  986.335: IP: IP_COMMAND_REQUEST_LOW_POWER_MODE Command  Rcvd - Command Code: 0x31 Data: 0x01020000 0x00 
  986.335: BeginLowPowerTransition_hdlr LOW_POWER_PENDING, requested_state = 1, requested transition = 2, requested_maintenance = 0
  986.335: BeginLowPowerTransition_hdlr LOW_POWER_SLEEP_STATE
  986.335: Nfy LOW_POWER_TRANSITION_NFY=0x31 0x01 0x02 0x00
  986.335: IP: IP_COMMAND_REQUEST_LOW_POWER_MODE Response Sent - Command Code: 0x31 Data: 0x0000 
  986.335: INFO printengine_lxk::engine::powerstate: PM: Arming timer for 50s
  986.345: INFO printengine_lxk::engine: PM: LowPowerTransition Notify: 1 2
  986.345: INFO printengine_lxk::engine: PM: Running task
  986.345: INFO printengine_lxk::engine: PM: WaitForCompletion for Sleep
  986.345: WARN printengine_lxk::engine: PM: failed to enable engine_utility RTPM Error { kind: Unsupported, message: "operation not suppor
  986.345: ted on this platform" }
  986.939: INFO printengine_lxk::engine: PM: Running task
  986.939: INFO printengine_lxk::engine: PM: Idle state in Sleep
  986.939: INFO printengine_lxk::engine: PM: engine can sleep
  986.939: INFO printengine_lxk::node_tree::engine::rpc: Notify ActualPowerState(Sleep)
  986.947: INFO serial_transport::packet_reader: rx ack 0x0b
  987.932: +5V/+25V Pgood: 0
  987.932: +5V/+25V Pgood: 0
  987.937: +5V/+25V Pgood: 0
  988.989: INFO serial_transport::packet_reader: rx seq 0x0f CRC 0x50e1 len 45 accept cur 0x0f
  988.990: INFO printengine_lxk::node_tree::engine: Call: set("Status", "PowerState", "requested", "PowerOff")
  989.087: WARN serial_transport::packet_reader: rx seq 0x0f CRC 0x50e1 len 45 drop (dup already consumed) cur 0x00
  989.185: WARN serial_transport::packet_reader: rx seq 0x0f CRC 0x50e1 len 45 drop (dup already consumed) cur 0x00
  989.585: WARN serial_transport::packet_writer: Dropping packet with seq 0x0f. Last sent ack: Some(Seq(14))
  989.585: WARN serial_transport::packet_writer: Dropping packet with seq 0x0f. Last sent ack: Some(Seq(14))
  989.585: INFO printengine_lxk::engine: PM: Running task
  989.585: INFO printengine_lxk::engine: PM: Idle state in Sleep
  989.585: INFO printengine_lxk::engine: PM: PowerOff requested, initiate transition
  989.585: IP: IP_COMMAND_REQUEST_LOW_POWER_MODE Command  Rcvd - Command Code: 0x31 Data: 0x02000000 0x00 
  989.585: BeginLowPowerTransition_hdlr LOW_POWER_PREPARE, requested_state = 2, requested transition = 0, requested_maintenance = 0
  989.585: BeginLowPowerTransition_hdlr LOW_POWER_HIBERNATE_STATE
  989.585: Nfy RQST_WRITE_ALL_NVRAM_NFY=0x63 0x00 0x00 0x00
  989.585: IP: IP_COMMAND_REQUEST_LOW_POWER_MODE Response Sent - Command Code: 0x31 Data: 0x0000 
  989.586: SUPPLIES: SupplyDriver Rx ENG_EVENT_GOING_TO_DEEP_SLEEP 
  989.586: FUSER: EngToFuserEvent() - Received event ENG_EVENT_GOING_TO_DEEP_SLEEP                       (97) 
  989.586: Nfy RQST_WRITE_ALL_NVRAM_NFY=0x63 0x00 0x00 0x00
  989.586: EM: J1 Engine Manager State: SLEEP_STATE                                       -> TRANSITION_TO_DEEP_SLEEP_STATE                   
  989.586: INFO printengine_lxk::engine: PM: maintenance is 0x0
  989.586: INFO printengine_lxk::engine::powerstate: PM: Arming timer for 50s
  989.586: INFO printengine_lxk::engine: PM: engine can sleep
  989.586: INFO printengine_lxk::engine::powerstate: PM: Elapsed time: 0.0s Current timer duration: 50s
  989.586: INFO printengine_lxk::engine::powerstate: PM: Elapsed time: 0.0s Current timer duration: 50s
  989.590: INFO serial_transport::packet_reader: rx ack 0x0c
  989.595: IP: IP_COMMAND_STORE_ALL_BYTES_TO_NVRAM Command  Rcvd - Command Code: 0x6F Data: None 
  989.595: IP: IP_COMMAND_STORE_ALL_BYTES_TO_NVRAM Response Sent - Command Code: 0x6F Data: 0x63001803 0x0000008F 0xC900021E 0x00E20000 0x00E20000 0x00000000 0x0100B94F 0x463200AA 
  989.596: SUPPLIES: SupplyMgr External Request: SUPPLY_RQST_QRY_MAX_TIME_TO_SLEEP_MS 
  989.596: SUPPLIES: Manager: QUERY_ENTER_DEEP_SLEEP_STATUS response: 1, MemShutdn: 1, SupplyMgrState: 10 
  989.596: SUPPLIES: SupplyDriver Rx ENG_EVENT_AT_DEEP_SLEEP 
  989.596: SetLVPSPowerOverride:  enable? 0, requester 0, EngineIsUsing24V 0 ClientIsUsing24V 0
  989.596: EM: J1 Engine Manager State: TRANSITION_TO_DEEP_SLEEP_STATE                    -> DEEP_SLEEP_STATE                                 
  989.596: Nfy LOW_POWER_TRANSITION_NFY=0x31 0x02 0x00 0x00
  989.613: IP: IP_COMMAND_STORE_ALL_BYTES_TO_NVRAM Command  Rcvd - Command Code: 0x6F Data: None 
  989.613: IP: IP_COMMAND_STORE_ALL_BYTES_TO_NVRAM Response Sent - Command Code: 0x6F Data: 0x63001803 0x0000008F 0xC900021E 0x00E20000 0x00E20000 0x00000000 0x0100B94F 0x463200AA 
  989.615: INFO printengine_lxk::engine: PM: LowPowerTransition Notify: 2 0
  989.615: INFO printengine_lxk::engine: PM: Running task
  989.615: INFO printengine_lxk::engine: PM: Received continue with prepare for Hibernate
  989.615: IP: IP_COMMAND_REQUEST_LOW_POWER_MODE Command  Rcvd - Command Code: 0x31 Data: 0x02020000 0x00 
  989.615: BeginLowPowerTransition_hdlr LOW_POWER_PENDING, requested_state = 2, requested transition = 2, requested_maintenance = 0
  989.615: BeginLowPowerTransition_hdlr LOW_POWER_HIBERNATE_STATE
  989.615: Nfy LOW_POWER_TRANSITION_NFY=0x31 0x02 0x02 0x00
  989.615: IP: IP_COMMAND_REQUEST_LOW_POWER_MODE Response Sent - Command Code: 0x31 Data: 0x0000 
  989.615: INFO printengine_lxk::engine::powerstate: PM: Arming timer for 50s
  989.625: INFO printengine_lxk::engine: PM: LowPowerTransition Notify: 2 2
  989.625: INFO printengine_lxk::engine: PM: Running task
  989.625: INFO printengine_lxk::engine: PM: WaitForCompletion for Sleep
  989.625: WARN printengine_lxk::engine: PM: failed to enable engine_utility RTPM Error { kind: Unsupported, message: "operation not suppor
  989.625: ted on this platform" }
  990.074: PhSetThermalBlackTopMarginAdjustment() - TopMarginAdjustMm = -0.003494: MmPerHsyncs = 0.042328
  990.219: INFO printengine_lxk::engine: PM: Running task
  990.219: INFO printengine_lxk::engine: PM: Idle state in Hibernate
  990.219: INFO printengine
Starbucks:  Connection Closed
